<?xml version='1.0' encoding='utf-8'?>
<COLLADA xmlns="http://www.collada.org/2005/11/COLLADASchema" version="1.4.1">
  <asset>
    <contributor>
      <author>Blender User</author>
      <authoring_tool>Blender 2.79.0 commit date:2017-09-11, commit time:10:43, hash:5bd8ac9</authoring_tool>
    </contributor>
    <created>2020-01-29T14:15:32</created>
    <modified>2020-01-29T14:15:32</modified>
    <unit name="meter" meter="1" />
    <up_axis>Z_UP</up_axis>
  </asset>
  <library_images />
  <library_effects>
    <effect id="Material_007-effect">
      <profile_COMMON>
        <technique sid="common">
          <phong>
            <emission>
              <color sid="emission">1 1 1 1</color>
            </emission>
            <ambient>
              <color sid="ambient">0 0 0 1</color>
            </ambient>
            <diffuse>
              <color sid="diffuse">1 1 1 1</color>
            </diffuse>
            <specular>
              <color sid="specular">0.5 0.5 0.5 1</color>
            </specular>
            <shininess>
              <float sid="shininess">50</float>
            </shininess>
            <index_of_refraction>
              <float sid="index_of_refraction">1</float>
            </index_of_refraction>
          </phong>
        </technique>
      </profile_COMMON>
    </effect>
    <effect id="Material_008-effect">
      <profile_COMMON>
        <technique sid="common">
          <phong>
            <emission>
              <color sid="emission">1 1 1 1</color>
            </emission>
            <ambient>
              <color sid="ambient">0 0 0 1</color>
            </ambient>
            <diffuse>
              <color sid="diffuse">1 1 1 1</color>
            </diffuse>
            <specular>
              <color sid="specular">0.5 0.5 0.5 1</color>
            </specular>
            <shininess>
              <float sid="shininess">50</float>
            </shininess>
            <index_of_refraction>
              <float sid="index_of_refraction">1</float>
            </index_of_refraction>
          </phong>
        </technique>
      </profile_COMMON>
    </effect>
    <effect id="Material_009-effect">
      <profile_COMMON>
        <technique sid="common">
          <phong>
            <emission>
              <color sid="emission">1 1 1 1</color>
            </emission>
            <ambient>
              <color sid="ambient">0 0 0 1</color>
            </ambient>
            <diffuse>
              <color sid="diffuse">1 1 1 1</color>
            </diffuse>
            <specular>
              <color sid="specular">0.5 0.5 0.5 1</color>
            </specular>
            <shininess>
              <float sid="shininess">50</float>
            </shininess>
            <index_of_refraction>
              <float sid="index_of_refraction">1</float>
            </index_of_refraction>
          </phong>
        </technique>
      </profile_COMMON>
    </effect>
  </library_effects>
  <library_materials>
    <material id="Material_007-material" name="Material_007">
      <instance_effect url="#Material_007-effect" />
    </material>
    <material id="Material_008-material" name="Material_008">
      <instance_effect url="#Material_008-effect" />
    </material>
    <material id="Material_009-material" name="Material_009">
      <instance_effect url="#Material_009-effect" />
    </material>
  </library_materials>
  <library_geometries>
    <geometry id="Racecar_Back_Cover_Left_Image-mesh" name="Racecar Back Cover Left Image">
      <mesh>
        <source id="Racecar_Back_Cover_Left_Image-mesh-positions">
          <float_array id="Racecar_Back_Cover_Left_Image-mesh-positions-array" count="2466">
-0.082062 0.061808 0.029255 -0.081295 0.062038 0.028037 -0.082325 0.061823 0.029179 -0.086056 0.062814 0.023918 -0.087056 0.062629 0.024900 -0.084037 0.062713 0.024453 -0.081305 0.061539 0.030687 -0.081867 0.061670 0.029990 -0.091572 0.061348 0.031698 -0.093209 0.060154 0.038035 -0.093283 0.059912 0.039319 -0.079430 0.061188 0.032548 -0.055909 0.063273 0.021480 -0.061525 0.064171 0.016716 -0.056464 0.063108 0.022356 -0.082323 0.061806 0.029269 -0.088850 0.062231 0.027012 -0.089642 0.062020 0.028133 -0.066962 0.062100 0.027707 -0.066584 0.061974 0.028374 -0.057290 0.062486 0.025658 -0.079917 0.061635 0.030175 -0.079889 0.061789 0.029356 -0.080701 0.061692 0.029873 -0.067423 0.063089 0.022456 -0.067582 0.062981 0.023032 -0.057232 0.062746 0.024277 -0.078889 0.061605 0.030337 -0.079047 0.061643 0.030131 -0.079276 0.061598 0.030372 -0.067210 0.063196 0.021890 -0.066943 0.063300 0.021337 -0.058928 0.064355 0.015737 -0.060277 0.064269 0.016196 -0.057126 0.062831 0.023828 -0.065357 0.063691 0.019265 -0.056941 0.062921 0.023350 -0.062986 0.064027 0.017478 -0.064266 0.063867 0.018331 -0.067731 0.062759 0.024210 -0.067720 0.062646 0.024810 -0.078905 0.061589 0.030420 -0.082545 0.062303 0.026627 -0.078032 0.060986 0.033623 -0.092848 0.059051 0.043893 -0.074064 0.058374 0.047485 -0.092801 0.060638 0.035469 -0.080648 0.061402 0.031412 -0.092472 0.060877 0.034197 -0.068719 0.057357 0.052884 -0.075597 0.055473 0.062882 -0.074171 0.055394 0.063301 -0.080577 0.055833 0.060973 -0.078861 0.055697 0.061693 -0.072897 0.058189 0.048469 -0.072872 0.060457 0.036430 -0.074743 0.060619 0.035569 -0.070087 0.058395 0.047372 -0.071379 0.058260 0.048091 -0.070239 0.058230 0.048249 -0.070362 0.058587 0.046351 -0.072131 0.058288 0.047942 -0.073985 0.058376 0.047473 -0.070496 0.058786 0.045299 -0.070486 0.058973 0.044305 -0.069833 0.059332 0.042400 -0.070114 0.059235 0.042915 -0.069483 0.059424 0.041912 -0.070863 0.060310 0.037209 -0.069061 0.059511 0.041450 -0.068729 0.060180 0.037901 -0.068566 0.059593 0.041012 -0.067997 0.059672 0.040597 -0.067353 0.059746 0.040203 -0.066478 0.060067 0.038500 -0.066631 0.059816 0.039830 -0.065247 0.060007 0.038819 -0.065083 0.059940 0.039170 -0.064835 0.059957 0.039085 -0.064733 0.059972 0.039000 -0.065852 0.061105 0.032987 -0.064293 0.060892 0.034120 -0.065159 0.061179 0.032594 -0.070326 0.059132 0.043459 -0.073020 0.058332 0.047705 -0.069755 0.058217 0.048320 -0.076466 0.060795 0.034632 -0.088805 0.057213 0.053647 -0.074080 0.058366 0.047525 -0.090183 0.057473 0.052268 -0.073929 0.058336 0.047687 -0.082270 0.055978 0.060200 -0.083878 0.056129 0.059400 -0.085557 0.056701 0.056364 -0.085342 0.056280 0.058596 -0.068751 0.057366 0.052835 -0.071868 0.058062 0.049140 -0.067232 0.055667 0.061852 -0.068568 0.057346 0.052943 -0.060777 0.053117 0.075388 -0.061051 0.053221 0.074833 -0.063039 0.053139 0.075272 -0.055640 0.052969 0.076175 -0.054833 0.052771 0.077222 -0.054312 0.052978 0.076127 -0.070814 0.057954 0.049714 -0.069705 0.057862 0.050200 -0.068426 0.057384 0.052741 -0.068512 0.057785 0.050611 -0.067731 0.057400 0.052652 -0.067206 0.057719 0.050959 -0.066685 0.057426 0.052518 -0.065758 0.057664 0.051253 -0.065573 0.057464 0.052315 -0.064576 0.057508 0.052078 -0.064138 0.057616 0.051507 -0.063875 0.057552 0.051847 -0.063348 0.057596 0.051615 -0.072962 0.055343 0.063572 -0.067933 0.057319 0.053081 -0.065455 0.057254 0.053428 -0.072040 0.055313 0.063733 -0.053542 0.053684 0.072376 -0.056785 0.053566 0.073004 -0.056360 0.053380 0.073989 -0.054099 0.055997 0.060102 -0.056268 0.054943 0.065697 -0.054641 0.055012 0.065330 -0.055249 0.056271 0.058645 -0.054674 0.056120 0.059449 -0.062499 0.055073 0.065005 -0.060662 0.057223 0.053594 -0.056323 0.056637 0.056706 -0.056781 0.056839 0.055632 -0.057161 0.057047 0.054529 -0.055806 0.056445 0.057720 -0.062984 0.055128 0.064714 -0.057449 0.057227 0.053573 -0.062132 0.054978 0.065511 -0.061788 0.054807 0.066417 -0.043647 0.057009 0.054729 -0.043920 0.057403 0.052636 -0.044797 0.057390 0.052706 -0.048035 0.057000 0.054776 -0.048268 0.056791 0.055884 -0.046255 0.056805 0.055811 -0.053546 0.055908 0.060573 -0.045587 0.056816 0.055752 -0.046900 0.057196 0.053737 -0.062307 0.055032 0.065220 -0.048413 0.056947 0.055057 -0.048828 0.056911 0.055248 -0.052386 0.055105 0.064836 -0.053034 0.055859 0.060832 -0.052502 0.055839 0.060940 -0.051874 0.055831 0.060980 -0.050101 0.055213 0.064259 -0.051158 0.055837 0.060951 -0.047933 0.055331 0.063637 -0.050360 0.055855 0.060857 -0.044297 0.055571 0.062364 -0.046457 0.056048 0.059829 -0.046029 0.055449 0.063011 -0.044106 0.056215 0.058944 -0.044912 0.056151 0.059283 -0.042441 0.055728 0.061526 -0.043883 0.056242 0.058799 -0.043727 0.056272 0.058643 -0.041196 0.055847 0.060895 -0.040958 0.055884 0.060701 -0.040893 0.055915 0.060535 -0.047566 0.057085 0.054327 -0.040824 0.056011 0.060029 -0.049410 0.056878 0.055423 -0.049853 0.056787 0.055909 -0.040642 0.056138 0.059351 -0.043463 0.056353 0.058214 -0.042235 0.056696 0.056392 -0.042885 0.056529 0.057275 -0.040094 0.056398 0.057971 -0.038429 0.056831 0.055675 -0.039841 0.057135 0.054062 -0.040715 0.056998 0.054787 -0.037580 0.056991 0.054826 -0.038890 0.057262 0.053386 -0.037858 0.057380 0.052759 -0.036436 0.057186 0.053791 -0.036744 0.057490 0.052177 -0.035235 0.057363 0.052849 -0.035506 0.057592 0.051633 -0.033731 0.057557 0.051819 -0.036864 0.060214 0.037718 -0.040629 0.060793 0.034645 -0.039905 0.060182 0.037891 -0.032679 0.057785 0.050609 -0.034064 0.057697 0.051079 -0.031674 0.057802 0.050519 -0.031608 0.057840 0.050317 -0.031213 0.057856 0.050235 -0.047063 0.060135 0.038138 -0.046567 0.060902 0.034068 -0.048350 0.060971 0.033701 -0.039104 0.056685 0.056448 -0.044194 0.060850 0.034340 -0.041513 0.056852 0.055563 -0.022962 0.058496 0.046837 -0.025643 0.058828 0.045074 -0.024085 0.058405 0.047321 -0.043440 0.060147 0.038075 -0.039646 0.056544 0.057196 -0.040386 0.056275 0.058624 -0.022296 0.058560 0.046497 -0.021934 0.058615 0.046207 -0.021723 0.058677 0.045874 -0.048538 0.055927 0.060471 -0.066265 0.055032 0.065224 -0.066888 0.055391 0.063317 -0.070353 0.054846 0.066211 -0.056177 0.054931 0.065759 -0.058675 0.054099 0.070173 -0.058459 0.054062 0.070368 -0.055884 0.054916 0.065837 -0.053692 0.053422 0.073770 -0.055975 0.053180 0.075052 -0.057246 0.053734 0.072115 -0.053581 0.054616 0.067431 -0.053507 0.054344 0.068872 -0.053690 0.054828 0.066307 -0.054568 0.054864 0.066116 -0.058076 0.053971 0.070855 -0.053486 0.053989 0.070756 -0.053945 0.053190 0.075000 -0.055196 0.052691 0.077645 -0.055060 0.052707 0.077561 -0.066537 0.053965 0.070885 -0.063058 0.053921 0.071118 -0.064124 0.054235 0.069454 -0.059158 0.052903 0.076520 -0.058915 0.053113 0.075406 -0.060708 0.053118 0.075380 -0.064978 0.054512 0.067982 -0.071157 0.055062 0.065064 -0.058788 0.053357 0.074111 -0.060521 0.053376 0.074015 -0.060552 0.053243 0.074716 -0.059832 0.052586 0.078204 -0.061551 0.052674 0.077736 -0.061231 0.052538 0.078458 -0.060946 0.052418 0.079097 -0.060769 0.052368 0.079363 -0.060527 0.052400 0.079195 -0.060188 0.052480 0.078770 -0.059543 0.052697 0.077615 -0.061954 0.052818 0.076972 -0.064547 0.053516 0.073271 -0.061987 0.053579 0.072934 -0.067132 0.055564 0.062398 -0.064474 0.055282 0.063898 -0.063680 0.055194 0.064363 -0.063461 0.057229 0.053562 -0.077180 0.055576 0.062337 -0.085676 0.056681 0.056469 -0.086180 0.056667 0.056546 -0.087221 0.056507 0.057395 -0.087153 0.056667 0.056546 -0.085544 0.056714 0.056295 -0.087261 0.056961 0.054985 -0.092936 0.058979 0.044272 -0.094233 0.058633 0.046111 -0.092835 0.058983 0.044253 -0.093111 0.058989 0.044222 -0.093620 0.059039 0.043955 -0.094231 0.059119 0.043532 -0.094925 0.058964 0.044353 -0.094812 0.059213 0.043032 -0.088437 0.056672 0.056518 -0.092483 0.058024 0.049341 -0.091406 0.057742 0.050837 -0.095308 0.059300 0.042571 -0.095435 0.059313 0.042499 -0.095485 0.059303 0.042554 -0.095353 0.059199 0.043107 -0.092973 0.059196 0.043121 -0.093168 0.059432 0.041867 -0.093270 0.059671 0.040598 -0.092062 0.061115 0.032939 -0.093047 0.060396 0.036750 -0.093422 0.058320 0.047770 -0.091004 0.061577 0.030481 -0.090360 0.061802 0.029291 -0.082238 0.061773 0.029445 -0.087988 0.062434 0.025933 -0.083597 0.062577 0.025177 -0.084412 0.062848 0.023737 -0.084713 0.062955 0.023169 -0.084895 0.062999 0.022933 -0.061373 0.054526 0.067908 -0.060918 0.054125 0.070039 -0.069363 0.054602 0.067504 -0.065674 0.054772 0.066604 -0.060623 0.053721 0.072181 -0.058731 0.053972 0.070848 -0.058753 0.053666 0.072471 -0.060644 0.053148 0.075221 -0.065362 0.055399 0.063277 -0.066955 0.055636 0.062014 -0.066285 0.055535 0.062550 -0.041206 0.057414 0.052579 -0.041704 0.057282 0.053280 -0.040629 0.057407 0.052619 -0.046202 0.057285 0.053262 -0.050354 0.056825 0.055707 -0.050525 0.056796 0.055859 -0.050541 0.056808 0.055797 -0.054207 0.061465 0.031076 -0.056027 0.060291 0.037309 -0.052968 0.061313 0.031886 -0.045078 0.056833 0.055661 -0.044680 0.056859 0.055525 -0.045493 0.057351 0.052914 -0.044341 0.056895 0.055333 -0.054383 0.060229 0.037637 -0.052680 0.060180 0.037901 -0.051568 0.061178 0.032601 -0.061886 0.060651 0.035401 -0.061649 0.061012 0.033482 -0.063138 0.060766 0.034786 -0.042718 0.057154 0.053959 -0.060542 0.060545 0.035963 -0.060884 0.061001 0.033543 -0.042513 0.057412 0.052589 -0.057606 0.060365 0.036919 -0.060319 0.061001 0.033540 -0.050301 0.060146 0.038080 -0.050023 0.061064 0.033209 -0.067483 0.062361 0.026322 -0.067635 0.062500 0.025586 -0.066122 0.061850 0.029036 -0.057281 0.062322 0.026532 -0.064060 0.061444 0.031188 -0.063223 0.061318 0.031857 -0.057224 0.062216 0.027090 -0.056483 0.061914 0.028693 -0.061241 0.061092 0.033056 -0.062639 0.061047 0.033299 -0.063822 0.061103 0.033000 -0.051628 0.060160 0.038006 -0.034758 0.060698 0.035150 -0.034176 0.060229 0.037641 -0.032666 0.060648 0.035414 -0.031973 0.060221 0.037683 -0.031323 0.060204 0.037771 -0.031006 0.060592 0.035714 -0.030690 0.060175 0.037927 -0.029728 0.060115 0.038241 -0.029681 0.060524 0.036071 -0.028222 0.059956 0.039085 -0.027643 0.060341 0.037045 -0.028928 0.060045 0.038614 -0.027538 0.059842 0.039694 -0.026734 0.060217 0.037705 -0.025598 0.060021 0.038744 -0.026164 0.060125 0.038191 -0.024483 0.059776 0.040044 -0.026829 0.059696 0.040470 -0.025788 0.059393 0.042075 -0.026244 0.059545 0.041267 -0.023398 0.059484 0.041593 -0.027598 0.058348 0.047623 -0.025518 0.058292 0.047922 -0.027004 0.058465 0.046999 -0.021590 0.058757 0.045449 -0.021631 0.058848 0.044969 -0.021875 0.058970 0.044319 -0.025994 0.058707 0.045716 -0.026450 0.058586 0.046361 -0.025401 0.058947 0.044445 -0.025296 0.059022 0.044045 -0.022351 0.059147 0.043383 -0.025268 0.059081 0.043732 -0.025324 0.059146 0.043385 -0.025468 0.059240 0.042886 -0.028593 0.060442 0.036508 -0.059112 0.060449 0.036469 -0.055267 0.061634 0.030179 -0.066343 0.061248 0.032229 -0.066539 0.061212 0.032420 -0.057072 0.062128 0.027560 -0.064928 0.061597 0.030376 -0.065572 0.061725 0.029700 -0.062317 0.061206 0.032455 -0.056781 0.062014 0.028166 -0.066830 0.061269 0.032117 -0.056130 0.061818 0.029206 -0.067260 0.062228 0.027026 -0.067685 0.062871 0.023617 -0.066252 0.063501 0.020270 -0.055184 0.063440 0.020593 -0.057472 0.064430 0.015339 -0.054195 0.063634 0.019567 -0.055900 0.064494 0.015001 -0.052797 0.063875 0.018289 -0.054207 0.064547 0.014721 -0.051242 0.064099 0.017099 -0.052386 0.064589 0.014499 -0.050431 0.064620 0.014332 -0.049332 0.064332 0.015859 -0.048334 0.064641 0.014220 -0.046868 0.064602 0.014430 -0.046885 0.064652 0.014163 -0.046358 0.064655 0.014144 -0.082325 0.060349 0.028901 -0.081295 0.060564 0.027759 -0.082062 0.060334 0.028977 -0.084037 0.061239 0.024175 -0.087056 0.061155 0.024622 -0.086056 0.061340 0.023640 -0.091572 0.059874 0.031420 -0.081867 0.060196 0.029712 -0.081305 0.060065 0.030410 -0.079430 0.059714 0.032270 -0.093283 0.058438 0.039041 -0.093209 0.058680 0.037757 -0.056464 0.061634 0.022078 -0.061525 0.062697 0.016438 -0.055909 0.061799 0.021202 -0.089642 0.060546 0.027855 -0.088850 0.060757 0.026734 -0.082323 0.060332 0.028992 -0.057290 0.061012 0.025380 -0.066584 0.060500 0.028097 -0.066962 0.060626 0.027430 -0.080701 0.060218 0.029595 -0.079889 0.060315 0.029078 -0.079917 0.060161 0.029897 -0.057232 0.061272 0.023999 -0.067582 0.061507 0.022754 -0.067423 0.061615 0.022178 -0.079276 0.060124 0.030094 -0.079047 0.060169 0.029854 -0.078889 0.060131 0.030059 -0.066943 0.061826 0.021059 -0.067210 0.061722 0.021613 -0.060277 0.062795 0.015918 -0.058928 0.062881 0.015459 -0.065357 0.062217 0.018987 -0.057126 0.061357 0.023551 -0.064266 0.062393 0.018053 -0.062986 0.062553 0.017200 -0.056941 0.061447 0.023073 -0.067720 0.061172 0.024532 -0.067731 0.061285 0.023932 -0.078905 0.060115 0.030142 -0.082545 0.060830 0.026350 -0.074064 0.056900 0.047207 -0.092848 0.057577 0.043615 -0.078032 0.059511 0.033345 -0.092472 0.059403 0.033919 -0.080648 0.059928 0.031134 -0.092801 0.059164 0.035191 -0.074171 0.053920 0.063023 -0.075597 0.053999 0.062604 -0.068719 0.055882 0.052607 -0.072897 0.056714 0.048191 -0.078861 0.054223 0.061415 -0.080577 0.054359 0.060695 -0.074743 0.059145 0.035292 -0.072872 0.058983 0.036152 -0.070239 0.056756 0.047971 -0.071379 0.056786 0.047813 -0.070087 0.056921 0.047094 -0.072131 0.056814 0.047664 -0.070362 0.057113 0.046074 -0.070486 0.057499 0.044027 -0.070496 0.057312 0.045021 -0.073985 0.056902 0.047196 -0.070114 0.057761 0.042638 -0.069833 0.057858 0.042122 -0.070863 0.058836 0.036931 -0.069483 0.057950 0.041634 -0.068729 0.058705 0.037623 -0.069061 0.058037 0.041172 -0.067997 0.058198 0.040319 -0.068566 0.058119 0.040735 -0.067353 0.058272 0.039926 -0.066631 0.058342 0.039552 -0.066478 0.058593 0.038223 -0.064835 0.058482 0.038807 -0.065083 0.058466 0.038893 -0.065247 0.058532 0.038542 -0.064733 0.058498 0.038723 -0.065159 0.059705 0.032317 -0.064293 0.059418 0.033842 -0.065852 0.059631 0.032709 -0.070326 0.057658 0.043181 -0.073020 0.056858 0.047427 -0.069755 0.056742 0.048042 -0.076466 0.059321 0.034354 -0.090183 0.055999 0.051990 -0.074080 0.056892 0.047247 -0.088805 0.055739 0.053370 -0.082270 0.054504 0.059922 -0.073929 0.056862 0.047410 -0.085342 0.054806 0.058319 -0.085557 0.055227 0.056086 -0.083878 0.054655 0.059122 -0.071868 0.056588 0.048863 -0.068751 0.055892 0.052558 -0.068568 0.055872 0.052665 -0.067232 0.054193 0.061574 -0.063039 0.051665 0.074994 -0.061051 0.051747 0.074555 -0.060777 0.051643 0.075110 -0.054312 0.051503 0.075849 -0.054833 0.051297 0.076944 -0.055640 0.051494 0.075897 -0.070814 0.056480 0.049436 -0.069705 0.056388 0.049923 -0.068512 0.056311 0.050334 -0.068426 0.055910 0.052463 -0.067206 0.056245 0.050681 -0.067731 0.055926 0.052374 -0.065758 0.056190 0.050976 -0.066685 0.055951 0.052241 -0.064576 0.056034 0.051801 -0.065573 0.055990 0.052037 -0.064138 0.056142 0.051229 -0.063875 0.056078 0.051569 -0.063348 0.056122 0.051338 -0.072962 0.053869 0.063294 -0.065455 0.055780 0.053150 -0.067933 0.055845 0.052804 -0.072040 0.053839 0.063455 -0.056360 0.051906 0.073711 -0.056785 0.052092 0.072727 -0.053542 0.052210 0.072099 -0.054641 0.053538 0.065052 -0.056268 0.053469 0.065419 -0.054099 0.054523 0.059824 -0.054674 0.054646 0.059171 -0.055249 0.054797 0.058367 -0.062499 0.053599 0.064728 -0.056781 0.055365 0.055354 -0.056323 0.055163 0.056428 -0.060662 0.055749 0.053316 -0.057161 0.055573 0.054251 -0.062984 0.053654 0.064436 -0.055806 0.054971 0.057443 -0.057449 0.055753 0.053296 -0.061788 0.053333 0.066139 -0.062132 0.053504 0.065234 -0.044797 0.055916 0.052428 -0.043920 0.055929 0.052358 -0.043647 0.055535 0.054451 -0.046255 0.055331 0.055534 -0.048268 0.055317 0.055606 -0.048035 0.055526 0.054498 -0.053546 0.054434 0.060295 -0.046900 0.055722 0.053460 -0.045587 0.055342 0.055474 -0.062307 0.053558 0.064942 -0.048828 0.055437 0.054970 -0.048413 0.055473 0.054779 -0.053034 0.054385 0.060555 -0.052386 0.053631 0.064559 -0.052502 0.054365 0.060663 -0.051874 0.054357 0.060702 -0.051158 0.054363 0.060674 -0.050101 0.053740 0.063981 -0.050360 0.054380 0.060579 -0.047933 0.053857 0.063360 -0.046029 0.053975 0.062733 -0.046457 0.054574 0.059551 -0.044297 0.054097 0.062086 -0.042441 0.054254 0.061249 -0.044912 0.054677 0.059005 -0.044106 0.054741 0.058666 -0.043727 0.054797 0.058366 -0.043883 0.054768 0.058522 -0.040893 0.054441 0.060257 -0.040958 0.054410 0.060423 -0.041196 0.054373 0.060617 -0.047566 0.055611 0.054050 -0.040824 0.054536 0.059751 -0.049853 0.055313 0.055631 -0.049410 0.055404 0.055146 -0.043463 0.054878 0.057936 -0.040642 0.054664 0.059073 -0.040094 0.054924 0.057694 -0.042885 0.055055 0.056997 -0.042235 0.055222 0.056114 -0.040715 0.055524 0.054509 -0.039841 0.055661 0.053784 -0.038429 0.055357 0.055397 -0.038890 0.055788 0.053109 -0.037580 0.055517 0.054548 -0.037858 0.055906 0.052481 -0.036436 0.055712 0.053513 -0.036744 0.056016 0.051900 -0.035235 0.055889 0.052571 -0.035506 0.056118 0.051355 -0.033731 0.056083 0.051541 -0.039905 0.058707 0.037613 -0.040629 0.059319 0.034367 -0.036864 0.058740 0.037440 -0.034064 0.056223 0.050801 -0.032679 0.056311 0.050331 -0.031608 0.056366 0.050039 -0.031674 0.056328 0.050242 -0.031213 0.056382 0.049957 -0.048350 0.059497 0.033424 -0.046567 0.059428 0.033790 -0.047063 0.058661 0.037860 -0.039104 0.055211 0.056170 -0.044194 0.059376 0.034063 -0.041513 0.055378 0.055285 -0.024085 0.056931 0.047044 -0.025643 0.057354 0.044796 -0.022962 0.057022 0.046559 -0.043440 0.058673 0.037797 -0.039646 0.055070 0.056919 -0.040386 0.054801 0.058346 -0.021723 0.057203 0.045596 -0.021934 0.057140 0.045930 -0.022296 0.057086 0.046219 -0.048538 0.054453 0.060193 -0.070353 0.053372 0.065933 -0.066888 0.053917 0.063040 -0.066265 0.053558 0.064946 -0.058459 0.052588 0.070091 -0.058675 0.052625 0.069896 -0.056177 0.053457 0.065482 -0.055884 0.053442 0.065559 -0.055975 0.051706 0.074774 -0.053692 0.051948 0.073493 -0.057246 0.052259 0.071837 -0.053507 0.052870 0.068594 -0.053581 0.053142 0.067153 -0.054568 0.053390 0.065838 -0.053690 0.053354 0.066029 -0.053486 0.052515 0.070478 -0.058076 0.052497 0.070577 -0.053945 0.051716 0.074722 -0.055060 0.051233 0.077284 -0.055196 0.051217 0.077368 -0.064124 0.052761 0.069176 -0.063058 0.052447 0.070840 -0.066537 0.052491 0.070608 -0.060708 0.051644 0.075102 -0.058915 0.051639 0.075129 -0.059158 0.051429 0.076242 -0.064978 0.053038 0.067704 -0.071157 0.053588 0.064786 -0.060552 0.051769 0.074438 -0.060521 0.051901 0.073737 -0.058788 0.051883 0.073833 -0.061231 0.051064 0.078180 -0.061551 0.051200 0.077459 -0.059832 0.051112 0.077927 -0.060527 0.050925 0.078917 -0.060769 0.050894 0.079085 -0.060946 0.050944 0.078819 -0.060188 0.051006 0.078492 -0.059543 0.051223 0.077337 -0.061954 0.051344 0.076694 -0.061987 0.052105 0.072656 -0.064547 0.052042 0.072993 -0.067132 0.054090 0.062121 -0.063680 0.053720 0.064085 -0.064474 0.053808 0.063620 -0.063461 0.055755 0.053284 -0.077180 0.054101 0.062060 -0.085676 0.055207 0.056191 -0.087221 0.055033 0.057117 -0.086180 0.055193 0.056268 -0.087153 0.055193 0.056268 -0.085544 0.055240 0.056017 -0.087261 0.055487 0.054708 -0.092835 0.057509 0.043975 -0.094233 0.057159 0.045833 -0.092936 0.057505 0.043994 -0.093111 0.057515 0.043945 -0.093620 0.057565 0.043678 -0.094925 0.057490 0.044076 -0.094231 0.057645 0.043254 -0.094812 0.057739 0.042755 -0.088437 0.055198 0.056240 -0.091406 0.056268 0.050559 -0.092483 0.056550 0.049063 -0.095485 0.057829 0.042276 -0.095435 0.057839 0.042221 -0.095308 0.057826 0.042293 -0.095353 0.057725 0.042829 -0.092973 0.057722 0.042844 -0.093168 0.057958 0.041589 -0.093270 0.058197 0.040320 -0.092062 0.059640 0.032661 -0.093047 0.058922 0.036472 -0.093422 0.056846 0.047492 -0.091004 0.060103 0.030203 -0.082238 0.060299 0.029167 -0.090360 0.060328 0.029013 -0.087988 0.060960 0.025655 -0.083597 0.061103 0.024900 -0.084412 0.061374 0.023459 -0.084713 0.061481 0.022892 -0.084895 0.061526 0.022656 -0.060918 0.052651 0.069761 -0.061373 0.053052 0.067631 -0.069363 0.053128 0.067226 -0.065674 0.053298 0.066327 -0.058731 0.052498 0.070571 -0.060623 0.052247 0.071903 -0.058753 0.052192 0.072193 -0.060644 0.051674 0.074943 -0.065362 0.053924 0.062999 -0.066955 0.054162 0.061737 -0.066285 0.054061 0.062273 -0.040629 0.055932 0.052341 -0.041704 0.055808 0.053002 -0.041206 0.055940 0.052301 -0.046202 0.055811 0.052984 -0.050525 0.055322 0.055582 -0.050354 0.055351 0.055429 -0.050541 0.055334 0.055520 -0.052968 0.059839 0.031609 -0.056027 0.058817 0.037031 -0.054207 0.059991 0.030798 -0.045078 0.055359 0.055383 -0.044680 0.055385 0.055248 -0.045493 0.055877 0.052636 -0.044341 0.055421 0.055056 -0.051568 0.059704 0.032323 -0.052680 0.058705 0.037623 -0.054383 0.058755 0.037359 -0.063138 0.059292 0.034508 -0.061649 0.059538 0.033205 -0.061886 0.059177 0.035123 -0.042718 0.055680 0.053681 -0.060884 0.059527 0.033265 -0.060542 0.059071 0.035685 -0.042513 0.055938 0.052311 -0.060319 0.059527 0.033262 -0.057606 0.058891 0.036641 -0.050023 0.059589 0.032931 -0.050301 0.058672 0.037803 -0.067635 0.061026 0.025308 -0.067483 0.060887 0.026044 -0.057281 0.060848 0.026254 -0.066122 0.060376 0.028758 -0.057224 0.060742 0.026813 -0.063223 0.059844 0.031579 -0.064060 0.059970 0.030910 -0.061241 0.059618 0.032778 -0.056483 0.060440 0.028416 -0.063822 0.059629 0.032723 -0.062639 0.059573 0.033021 -0.051628 0.058686 0.037728 -0.034758 0.059224 0.034872 -0.032666 0.059174 0.035136 -0.034176 0.058755 0.037363 -0.031006 0.059118 0.035436 -0.031323 0.058730 0.037494 -0.031973 0.058746 0.037406 -0.029681 0.059050 0.035793 -0.029728 0.058641 0.037964 -0.030690 0.058701 0.037649 -0.028928 0.058571 0.038337 -0.027643 0.058867 0.036767 -0.028222 0.058482 0.038808 -0.026734 0.058742 0.037427 -0.027538 0.058368 0.039416 -0.026164 0.058651 0.037913 -0.025598 0.058547 0.038466 -0.026829 0.058222 0.040192 -0.024483 0.058302 0.039766 -0.026244 0.058071 0.040989 -0.025788 0.057919 0.041797 -0.023398 0.058010 0.041316 -0.027004 0.056991 0.046721 -0.025518 0.056818 0.047644 -0.027598 0.056874 0.047345 -0.021631 0.057374 0.044692 -0.021590 0.057283 0.045171 -0.021875 0.057496 0.044041 -0.025994 0.057233 0.045438 -0.026450 0.057112 0.046083 -0.025401 0.057473 0.044167 -0.025296 0.057548 0.043767 -0.022351 0.057673 0.043105 -0.025324 0.057672 0.043108 -0.025268 0.057607 0.043454 -0.025468 0.057766 0.042608 -0.028593 0.058968 0.036230 -0.059112 0.058975 0.036192 -0.055267 0.060160 0.029901 -0.066343 0.059774 0.031951 -0.066539 0.059738 0.032143 -0.057072 0.060654 0.027282 -0.064928 0.060123 0.030098 -0.065572 0.060251 0.029422 -0.056781 0.060540 0.027888 -0.062317 0.059732 0.032178 -0.066830 0.059795 0.031840 -0.056130 0.060344 0.028928 -0.067260 0.060754 0.026748 -0.067685 0.061397 0.023339 -0.066252 0.062027 0.019992 -0.055184 0.061966 0.020315 -0.057472 0.062956 0.015062 -0.054195 0.062160 0.019289 -0.055900 0.063020 0.014723 -0.052797 0.062400 0.018011 -0.054207 0.063073 0.014444 -0.051242 0.062625 0.016822 -0.052386 0.063115 0.014221 -0.050431 0.063146 0.014054 -0.049332 0.062858 0.015582 -0.048334 0.063167 0.013942 -0.046868 0.063128 0.014152 -0.046885 0.063178 0.013886 -0.046358 0.063181 0.013866
</float_array>
          <technique_common>
            <accessor source="#Racecar_Back_Cover_Left_Image-mesh-positions-array" count="822" stride="3">
              <param name="X" type="float" />
              <param name="Y" type="float" />
              <param name="Z" type="float" />
            </accessor>
          </technique_common>
        </source>
        <source id="Racecar_Back_Cover_Left_Image-mesh-normals">
          <float_array id="Racecar_Back_Cover_Left_Image-mesh-normals-array" count="4908">
0.000000 0.000983 0.000185 0.000000 0.000983 0.000185 0.000000 0.000983 0.000185 0.000000 0.000983 0.000185 0.000000 0.000983 0.000185 -0.000000 0.000983 0.000185 0.000000 0.000983 0.000185 0.000000 0.000983 0.000185 0.000000 0.000983 0.000185 0.000000 0.000983 0.000185 -0.000000 0.000983 0.000185 -0.000000 0.000983 0.000185 -0.000000 0.000983 0.000185 -0.000000 0.000983 0.000185 0.000000 0.000983 0.000185 0.000000 0.000983 0.000185 -0.000000 0.000983 0.000185 -0.000000 0.000983 0.000185 0.000000 0.000983 0.000185 0.000000 0.000983 0.000185 0.000000 0.000983 0.000185 -0.000000 0.000983 0.000185 -0.000000 0.000983 0.000185 0.000000 0.000983 0.000185 0.000000 0.000983 0.000185 0.000000 0.000983 0.000185 -0.000000 0.000983 0.000185 0.000000 0.000983 0.000185 -0.000000 0.000983 0.000185 0.000000 0.000983 0.000185 -0.000000 0.000983 0.000185 0.000000 0.000983 0.000185 0.000000 0.000983 0.000185 -0.000000 0.000983 0.000185 0.000000 0.000983 0.000185 0.000000 0.000983 0.000185 -0.000000 0.000983 0.000185 0.000000 0.000983 0.000185 -0.000000 0.000983 0.000185 0.000000 0.000983 0.000185 -0.000000 0.000983 0.000185 0.000000 0.000983 0.000185 -0.000000 0.000983 0.000185 -0.000000 0.000983 0.000185 -0.000000 0.000983 0.000185 0.000000 0.000983 0.000185 -0.000000 0.000983 0.000185 -0.000000 0.000983 0.000185 -0.000000 0.000983 0.000185 0.000000 0.000983 0.000185 0.000000 0.000983 0.000186 -0.000000 0.000983 0.000185 0.000000 0.000983 0.000185 -0.000000 0.000983 0.000185 -0.000000 0.000983 0.000185 0.000000 0.000983 0.000185 -0.000000 0.000983 0.000185 0.000000 0.000983 0.000185 0.000000 0.000983 0.000185 -0.000000 0.000983 0.000185 0.000000 0.000983 0.000185 -0.000000 0.000983 0.000185 -0.000000 0.000983 0.000185 -0.000000 0.000983 0.000185 -0.000000 0.000983 0.000185 -0.000000 0.000983 0.000185 0.000000 0.000983 0.000185 -0.000000 0.000983 0.000185 -0.000000 0.000983 0.000185 0.000000 0.000983 0.000185 -0.000000 0.000983 0.000185 0.000000 0.000983 0.000185 0.000000 0.000983 0.000185 -0.000000 0.000983 0.000185 -0.000000 0.000983 0.000185 0.000000 0.000983 0.000185 -0.000000 0.000983 0.000185 -0.000000 0.000983 0.000185 -0.000000 0.000983 0.000185 -0.000000 0.000983 0.000185 -0.000000 0.000983 0.000185 0.000000 0.000983 0.000185 0.000000 0.000983 0.000185 0.000000 0.000983 0.000185 0.000000 0.000983 0.000185 0.000000 0.000983 0.000185 0.000000 0.000983 0.000185 -0.000000 0.000983 0.000185 -0.000000 0.000983 0.000185 -0.000000 0.000983 0.000185 0.000000 0.000983 0.000185 0.000000 0.000983 0.000185 -0.000000 0.000983 0.000185 -0.000000 0.000983 0.000185 0.000000 0.000983 0.000185 0.000000 0.000983 0.000185 -0.000000 0.000983 0.000185 -0.000000 0.000983 0.000185 0.000000 0.000983 0.000185 -0.000000 0.000983 0.000185 -0.000000 0.000983 0.000185 0.000000 0.000983 0.000185 -0.000000 0.000983 0.000185 -0.000000 0.000983 0.000185 -0.000000 0.000983 0.000185 0.000000 0.000983 0.000185 -0.000000 0.000983 0.000185 0.000000 0.000983 0.000185 -0.000000 0.000983 0.000185 0.000000 0.000983 0.000185 0.000000 0.000983 0.000185 0.000000 0.000983 0.000185 -0.000000 0.000983 0.000185 0.000000 0.000983 0.000185 0.000000 0.000983 0.000185 -0.000000 0.000983 0.000185 -0.000000 0.000983 0.000185 0.000000 0.000983 0.000185 -0.000000 0.000983 0.000185 -0.000000 0.000983 0.000185 0.000000 0.000983 0.000185 -0.000000 0.000983 0.000185 -0.000000 0.000983 0.000185 -0.000000 0.000983 0.000185 0.000000 0.000983 0.000185 -0.000000 0.000983 0.000185 -0.000000 0.000983 0.000185 0.000000 0.000983 0.000185 0.000000 0.000983 0.000185 0.000000 0.000983 0.000185 -0.000000 0.000983 0.000185 -0.000000 0.000983 0.000185 -0.000000 0.000983 0.000185 -0.000000 0.000983 0.000185 0.000000 0.000983 0.000185 0.000000 0.000983 0.000185 0.000000 0.000983 0.000185 0.000000 0.000983 0.000185 -0.000000 0.000983 0.000185 -0.000000 0.000983 0.000185 -0.000000 0.000983 0.000185 -0.000000 0.000983 0.000185 0.000000 0.000983 0.000185 0.000000 0.000983 0.000185 0.000000 0.000983 0.000185 0.000000 0.000983 0.000185 -0.000000 0.000983 0.000185 -0.000000 0.000983 0.000185 0.000000 0.000983 0.000185 -0.000000 0.000983 0.000185 -0.000000 0.000983 0.000185 0.000000 0.000983 0.000185 0.000000 0.000983 0.000185 -0.000000 0.000983 0.000185 0.000000 0.000983 0.000185 -0.000000 0.000983 0.000185 0.000000 0.000983 0.000185 0.000000 0.000983 0.000185 -0.000000 0.000983 0.000185 -0.000001 0.000983 0.000185 -0.000000 0.000983 0.000185 -0.000000 0.000983 0.000185 -0.000000 0.000983 0.000185 0.000000 0.000983 0.000185 -0.000000 0.000983 0.000185 0.000000 0.000983 0.000185 0.000000 0.000983 0.000185 0.000000 0.000983 0.000185 0.000000 0.000983 0.000185 -0.000000 0.000983 0.000185 -0.000000 0.000983 0.000185 0.000000 0.000983 0.000185 0.000000 0.000983 0.000185 0.000000 0.000983 0.000185 0.000000 0.000983 0.000185 -0.000000 0.000983 0.000185 -0.000000 0.000983 0.000185 0.000000 0.000983 0.000185 0.000000 0.000983 0.000185 0.000000 0.000983 0.000185 -0.000000 0.000983 0.000185 -0.000000 0.000983 0.000185 0.000000 0.000983 0.000185 0.000000 0.000983 0.000185 -0.000000 0.000983 0.000185 0.000000 0.000983 0.000185 -0.000000 0.000983 0.000185 0.000000 0.000983 0.000185 0.000000 0.000983 0.000185 0.000000 0.000983 0.000185 -0.000000 0.000983 0.000185 -0.000001 0.000983 0.000185 -0.000000 0.000983 0.000185 0.000000 0.000983 0.000185 -0.000000 0.000983 0.000185 0.000000 0.000983 0.000185 -0.000000 0.000983 0.000185 0.000000 0.000983 0.000185 -0.000000 0.000983 0.000185 0.000000 0.000983 0.000185 0.000001 0.000983 0.000186 -0.000000 0.000983 0.000185 -0.000000 0.000983 0.000185 -0.000000 0.000983 0.000185 -0.000000 0.000983 0.000185 -0.000000 0.000983 0.000185 -0.000000 0.000983 0.000185 -0.000000 0.000983 0.000185 0.000000 0.000983 0.000185 0.000000 0.000983 0.000185 -0.000000 0.000983 0.000185 -0.000000 0.000983 0.000185 -0.000000 0.000983 0.000185 -0.000000 0.000983 0.000185 0.000000 0.000983 0.000185 -0.000000 0.000983 0.000185 0.000000 0.000983 0.000185 0.000000 0.000983 0.000185 0.000000 0.000983 0.000185 0.000000 0.000983 0.000185 -0.000000 0.000983 0.000185 -0.000000 0.000983 0.000185 -0.000000 0.000983 0.000185 0.000000 0.000983 0.000185 0.000000 0.000983 0.000185 -0.000000 0.000983 0.000185 -0.000000 0.000983 0.000185 -0.000000 0.000983 0.000185 -0.000000 0.000983 0.000185 0.000000 0.000983 0.000185 -0.000000 0.000983 0.000185 -0.000000 0.000983 0.000186 -0.000000 0.000983 0.000185 0.000000 0.000983 0.000185 -0.000000 0.000983 0.000185 -0.000000 0.000983 0.000185 -0.000000 0.000983 0.000185 -0.000000 0.000983 0.000185 -0.000000 0.000983 0.000185 0.000000 0.000983 0.000185 0.000000 0.000983 0.000185 0.000000 0.000983 0.000185 0.000000 0.000983 0.000185 0.000000 0.000983 0.000185 0.000000 0.000983 0.000185 -0.000000 0.000983 0.000185 -0.000000 0.000983 0.000185 0.000000 0.000983 0.000185 0.000000 0.000983 0.000185 0.000000 0.000983 0.000185 0.000000 0.000983 0.000185 -0.000000 0.000983 0.000185 -0.000000 0.000983 0.000185 -0.000000 0.000983 0.000185 0.000000 0.000983 0.000185 -0.000000 0.000983 0.000185 0.000000 0.000983 0.000185 0.000000 0.000983 0.000185 0.000000 0.000983 0.000185 0.000000 0.000983 0.000185 0.000000 0.000983 0.000185 0.000000 0.000983 0.000185 -0.000000 0.000983 0.000185 -0.000000 0.000983 0.000185 -0.000000 0.000983 0.000185 -0.000000 0.000983 0.000185 0.000000 0.000983 0.000185 0.000000 0.000983 0.000185 0.000000 0.000983 0.000185 0.000000 0.000983 0.000185 -0.000000 0.000983 0.000185 -0.000000 0.000983 0.000185 0.000000 0.000983 0.000185 0.000000 0.000983 0.000185 -0.000000 0.000983 0.000185 0.000000 0.000983 0.000185 -0.000000 0.000983 0.000185 -0.000000 0.000983 0.000185 0.000000 0.000983 0.000185 -0.000000 0.000983 0.000185 0.000000 0.000983 0.000185 0.000000 0.000983 0.000185 0.000001 0.000983 0.000186 -0.000000 0.000983 0.000185 0.000000 0.000983 0.000185 -0.000000 0.000983 0.000185 0.000000 0.000983 0.000185 0.000000 0.000983 0.000185 -0.000000 0.000983 0.000185 0.000000 0.000983 0.000185 0.000000 0.000983 0.000185 -0.000000 0.000983 0.000185 -0.000000 0.000983 0.000185 0.000000 0.000983 0.000185 0.000000 0.000983 0.000185 0.000000 0.000983 0.000185 0.000000 0.000983 0.000185 0.000000 0.000983 0.000185 -0.000000 0.000983 0.000185 0.000000 0.000983 0.000185 0.000000 0.000983 0.000185 0.000000 0.000983 0.000185 -0.000000 0.000983 0.000185 0.000000 0.000983 0.000185 0.000000 0.000983 0.000185 0.000000 0.000983 0.000185 0.000000 0.000983 0.000185 -0.000000 0.000983 0.000185 -0.000000 0.000983 0.000185 0.000000 0.000983 0.000185 0.000000 0.000983 0.000185 0.000000 0.000983 0.000185 -0.000000 0.000983 0.000185 0.000000 0.000983 0.000185 0.000000 0.000983 0.000185 0.000000 0.000983 0.000185 -0.000000 0.000983 0.000185 0.000000 0.000983 0.000185 -0.000000 0.000983 0.000185 0.000000 0.000983 0.000185 0.000000 0.000983 0.000185 -0.000000 0.000983 0.000185 0.000000 0.000983 0.000185 -0.000000 0.000983 0.000185 0.000000 0.000983 0.000185 -0.000000 0.000983 0.000185 -0.000000 0.000983 0.000185 0.000000 0.000983 0.000185 0.000000 0.000983 0.000185 -0.000000 0.000983 0.000185 0.000000 0.000983 0.000185 0.000000 0.000983 0.000185 0.000000 0.000983 0.000185 0.000000 0.000983 0.000185 0.000000 0.000983 0.000185 0.000000 0.000983 0.000185 0.000000 0.000983 0.000185 0.000000 0.000983 0.000185 0.000000 0.000983 0.000185 0.000000 0.000983 0.000185 -0.000000 0.000983 0.000185 0.000000 0.000983 0.000185 -0.000000 0.000983 0.000185 -0.000000 0.000983 0.000185 -0.000000 0.000983 0.000185 -0.000000 0.000983 0.000185 0.000000 0.000983 0.000185 -0.000000 0.000983 0.000185 -0.000000 0.000983 0.000185 -0.000000 0.000983 0.000185 0.000000 0.000983 0.000185 0.000000 0.000983 0.000185 0.000000 0.000983 0.000185 -0.000000 0.000983 0.000185 -0.000000 0.000983 0.000185 0.000000 0.000983 0.000185 0.000000 0.000983 0.000185 0.000000 0.000983 0.000185 0.000000 0.000983 0.000185 -0.000000 0.000983 0.000185 0.000000 0.000983 0.000185 -0.000000 0.000983 0.000185 -0.000000 0.000983 0.000185 0.000000 0.000983 0.000185 0.000000 0.000983 0.000185 0.000000 0.000983 0.000185 -0.000000 0.000983 0.000185 -0.000000 0.000983 0.000185 -0.000000 0.000983 0.000185 -0.000000 0.000983 0.000185 -0.000000 0.000983 0.000185 0.000000 0.000983 0.000185 0.000000 0.000983 0.000185 -0.000000 0.000983 0.000185 -0.000000 0.000983 0.000185 -0.000000 0.000983 0.000185 0.000000 0.000983 0.000185 -0.000000 0.000983 0.000185 -0.000000 0.000983 0.000185 -0.000000 0.000983 0.000185 -0.000000 0.000983 0.000185 0.000000 0.000983 0.000185 0.000000 0.000983 0.000185 0.000000 0.000983 0.000185 -0.000000 0.000983 0.000185 0.000000 0.000983 0.000185 -0.000000 0.000983 0.000185 0.000000 0.000983 0.000185 -0.000000 0.000983 0.000185 0.000000 0.000983 0.000185 -0.000000 0.000983 0.000185 0.000000 0.000983 0.000185 -0.000000 0.000983 0.000185 -0.000000 0.000983 0.000185 0.000000 0.000983 0.000185 -0.000000 0.000983 0.000185 0.000000 0.000983 0.000185 0.000000 0.000983 0.000185 0.000000 0.000983 0.000185 -0.000000 0.000983 0.000185 -0.000000 0.000983 0.000185 0.000000 0.000983 0.000185 0.000000 0.000983 0.000185 -0.000000 0.000983 0.000185 0.000000 0.000983 0.000185 -0.000000 0.000983 0.000185 0.000000 0.000983 0.000185 0.000000 -0.000983 -0.000185 0.000000 -0.000983 -0.000185 0.000000 -0.000983 -0.000185 0.000000 -0.000983 -0.000185 0.000000 -0.000983 -0.000185 -0.000000 -0.000983 -0.000185 -0.000000 -0.000983 -0.000185 0.000000 -0.000983 -0.000185 0.000000 -0.000983 -0.000185 -0.000000 -0.000983 -0.000185 -0.000000 -0.000983 -0.000185 0.000000 -0.000983 -0.000185 -0.000000 -0.000983 -0.000185 0.000000 -0.000983 -0.000185 0.000000 -0.000983 -0.000185 -0.000000 -0.000983 -0.000185 -0.000000 -0.000983 -0.000185 -0.000000 -0.000983 -0.000185 0.000000 -0.000983 -0.000185 -0.000000 -0.000983 -0.000185 0.000000 -0.000983 -0.000185 -0.000000 -0.000983 -0.000185 -0.000000 -0.000983 -0.000185 -0.000000 -0.000983 -0.000185 -0.000000 -0.000983 -0.000185 0.000000 -0.000983 -0.000185 0.000000 -0.000983 -0.000185 0.000000 -0.000983 -0.000185 0.000000 -0.000983 -0.000185 0.000000 -0.000983 -0.000185 -0.000000 -0.000983 -0.000185 -0.000000 -0.000983 -0.000185 0.000000 -0.000983 -0.000185 -0.000000 -0.000983 -0.000185 0.000000 -0.000983 -0.000185 -0.000000 -0.000983 -0.000185 0.000000 -0.000983 -0.000185 0.000000 -0.000983 -0.000185 0.000000 -0.000983 -0.000185 -0.000000 -0.000983 -0.000185 0.000000 -0.000983 -0.000185 -0.000000 -0.000983 -0.000185 0.000000 -0.000983 -0.000185 -0.000000 -0.000983 -0.000185 0.000000 -0.000983 -0.000185 -0.000000 -0.000983 -0.000185 0.000000 -0.000983 -0.000185 0.000000 -0.000983 -0.000185 0.000000 -0.000983 -0.000185 -0.000000 -0.000983 -0.000185 -0.000000 -0.000983 -0.000186 -0.000000 -0.000983 -0.000185 -0.000000 -0.000983 -0.000185 0.000000 -0.000983 -0.000185 -0.000000 -0.000983 -0.000185 0.000000 -0.000983 -0.000185 0.000000 -0.000983 -0.000185 -0.000000 -0.000983 -0.000185 0.000000 -0.000983 -0.000185 0.000000 -0.000983 -0.000185 0.000000 -0.000983 -0.000185 0.000000 -0.000983 -0.000185 -0.000000 -0.000983 -0.000185 -0.000000 -0.000983 -0.000185 0.000000 -0.000983 -0.000185 -0.000000 -0.000983 -0.000185 0.000000 -0.000983 -0.000185 -0.000000 -0.000983 -0.000185 0.000000 -0.000983 -0.000185 0.000000 -0.000983 -0.000185 -0.000000 -0.000983 -0.000185 0.000000 -0.000983 -0.000185 -0.000000 -0.000983 -0.000185 -0.000000 -0.000983 -0.000185 -0.000000 -0.000983 -0.000185 0.000000 -0.000983 -0.000185 0.000000 -0.000983 -0.000185 -0.000000 -0.000983 -0.000185 -0.000000 -0.000983 -0.000185 0.000000 -0.000983 -0.000185 -0.000000 -0.000983 -0.000185 0.000000 -0.000983 -0.000185 0.000000 -0.000983 -0.000185 -0.000000 -0.000983 -0.000185 -0.000000 -0.000983 -0.000185 0.000000 -0.000983 -0.000185 -0.000000 -0.000983 -0.000185 0.000000 -0.000983 -0.000185 0.000000 -0.000983 -0.000185 0.000000 -0.000983 -0.000185 -0.000000 -0.000983 -0.000185 -0.000000 -0.000983 -0.000185 0.000000 -0.000983 -0.000185 -0.000000 -0.000983 -0.000185 -0.000000 -0.000983 -0.000185 0.000000 -0.000983 -0.000185 0.000000 -0.000983 -0.000185 0.000000 -0.000983 -0.000185 -0.000000 -0.000983 -0.000185 -0.000000 -0.000983 -0.000185 0.000000 -0.000983 -0.000185 0.000000 -0.000983 -0.000185 0.000000 -0.000983 -0.000185 0.000000 -0.000983 -0.000185 0.000000 -0.000983 -0.000185 -0.000000 -0.000983 -0.000185 -0.000000 -0.000983 -0.000185 0.000000 -0.000983 -0.000185 -0.000000 -0.000983 -0.000185 0.000000 -0.000983 -0.000185 0.000000 -0.000983 -0.000185 -0.000000 -0.000983 -0.000185 -0.000000 -0.000983 -0.000185 -0.000000 -0.000983 -0.000185 0.000000 -0.000983 -0.000185 0.000000 -0.000983 -0.000185 -0.000000 -0.000983 -0.000185 -0.000000 -0.000983 -0.000185 0.000000 -0.000983 -0.000185 -0.000000 -0.000983 -0.000185 -0.000000 -0.000983 -0.000185 0.000000 -0.000983 -0.000185 -0.000000 -0.000983 -0.000185 0.000000 -0.000983 -0.000185 -0.000000 -0.000983 -0.000185 -0.000000 -0.000983 -0.000185 0.000000 -0.000983 -0.000185 0.000000 -0.000983 -0.000185 -0.000000 -0.000983 -0.000185 0.000000 -0.000983 -0.000185 -0.000000 -0.000983 -0.000185 0.000000 -0.000983 -0.000185 0.000000 -0.000983 -0.000185 -0.000000 -0.000983 -0.000185 -0.000000 -0.000983 -0.000185 -0.000000 -0.000983 -0.000185 0.000000 -0.000983 -0.000185 -0.000000 -0.000983 -0.000185 0.000000 -0.000983 -0.000185 -0.000000 -0.000983 -0.000185 -0.000000 -0.000983 -0.000185 -0.000000 -0.000983 -0.000185 -0.000000 -0.000983 -0.000186 0.000000 -0.000983 -0.000185 0.000000 -0.000983 -0.000185 -0.000000 -0.000983 -0.000185 -0.000000 -0.000983 -0.000185 0.000000 -0.000983 -0.000185 -0.000000 -0.000983 -0.000185 -0.000000 -0.000983 -0.000185 0.000000 -0.000983 -0.000185 -0.000000 -0.000983 -0.000185 0.000001 -0.000983 -0.000185 -0.000000 -0.000983 -0.000185 -0.000000 -0.000983 -0.000185 -0.000000 -0.000983 -0.000185 -0.000000 -0.000983 -0.000185 -0.000000 -0.000983 -0.000185 0.000000 -0.000983 -0.000185 -0.000000 -0.000983 -0.000185 -0.000000 -0.000983 -0.000185 0.000000 -0.000983 -0.000185 0.000000 -0.000983 -0.000185 0.000000 -0.000983 -0.000185 -0.000000 -0.000983 -0.000185 -0.000000 -0.000983 -0.000185 -0.000000 -0.000983 -0.000185 -0.000000 -0.000983 -0.000185 -0.000000 -0.000983 -0.000185 0.000000 -0.000983 -0.000185 -0.000000 -0.000983 -0.000185 -0.000000 -0.000983 -0.000185 -0.000000 -0.000983 -0.000185 0.000000 -0.000983 -0.000185 -0.000000 -0.000983 -0.000185 -0.000000 -0.000983 -0.000185 -0.000000 -0.000983 -0.000185 0.000000 -0.000983 -0.000185 0.000000 -0.000983 -0.000185 -0.000000 -0.000983 -0.000185 -0.000000 -0.000983 -0.000185 0.000000 -0.000983 -0.000185 0.000000 -0.000983 -0.000185 -0.000000 -0.000983 -0.000185 0.000000 -0.000983 -0.000185 -0.000000 -0.000983 -0.000185 -0.000000 -0.000983 -0.000185 -0.000000 -0.000983 -0.000185 0.000000 -0.000983 -0.000185 0.000000 -0.000983 -0.000185 0.000000 -0.000983 -0.000185 -0.000001 -0.000983 -0.000186 0.000000 -0.000983 -0.000185 0.000000 -0.000983 -0.000185 0.000000 -0.000983 -0.000185 0.000000 -0.000983 -0.000185 -0.000000 -0.000983 -0.000185 -0.000000 -0.000983 -0.000185 -0.000000 -0.000983 -0.000185 -0.000000 -0.000983 -0.000185 0.000000 -0.000983 -0.000185 -0.000000 -0.000983 -0.000185 0.000000 -0.000983 -0.000185 0.000000 -0.000983 -0.000185 -0.000000 -0.000983 -0.000185 0.000000 -0.000983 -0.000185 0.000000 -0.000983 -0.000185 0.000000 -0.000983 -0.000185 -0.000000 -0.000983 -0.000185 -0.000000 -0.000983 -0.000185 -0.000000 -0.000983 -0.000185 0.000000 -0.000983 -0.000185 0.000000 -0.000983 -0.000185 -0.000000 -0.000983 -0.000186 -0.000000 -0.000983 -0.000185 -0.000000 -0.000983 -0.000185 0.000000 -0.000983 -0.000185 -0.000000 -0.000983 -0.000185 -0.000000 -0.000983 -0.000185 -0.000000 -0.000983 -0.000185 -0.000000 -0.000983 -0.000185 0.000000 -0.000983 -0.000185 0.000000 -0.000983 -0.000185 0.000000 -0.000983 -0.000185 0.000000 -0.000983 -0.000185 0.000000 -0.000983 -0.000185 -0.000000 -0.000983 -0.000185 -0.000000 -0.000983 -0.000185 -0.000000 -0.000983 -0.000185 0.000000 -0.000983 -0.000185 0.000000 -0.000983 -0.000185 -0.000000 -0.000983 -0.000184 -0.000000 -0.000983 -0.000185 0.000000 -0.000983 -0.000185 0.000000 -0.000983 -0.000185 0.000000 -0.000983 -0.000185 0.000000 -0.000983 -0.000185 0.000000 -0.000983 -0.000185 0.000000 -0.000983 -0.000185 -0.000000 -0.000983 -0.000185 -0.000000 -0.000983 -0.000185 0.000000 -0.000983 -0.000185 0.000000 -0.000983 -0.000185 0.000000 -0.000983 -0.000185 0.000000 -0.000983 -0.000185 -0.000000 -0.000983 -0.000185 -0.000000 -0.000983 -0.000185 0.000000 -0.000983 -0.000185 0.000000 -0.000983 -0.000185 -0.000000 -0.000983 -0.000185 -0.000000 -0.000983 -0.000185 0.000000 -0.000983 -0.000185 0.000000 -0.000983 -0.000185 0.000000 -0.000983 -0.000185 0.000000 -0.000983 -0.000185 0.000000 -0.000983 -0.000185 0.000000 -0.000983 -0.000185 0.000000 -0.000983 -0.000185 -0.000000 -0.000983 -0.000185 -0.000000 -0.000983 -0.000185 0.000000 -0.000983 -0.000185 0.000000 -0.000983 -0.000185 -0.000000 -0.000983 -0.000185 -0.000000 -0.000983 -0.000185 -0.000000 -0.000983 -0.000185 0.000000 -0.000983 -0.000185 -0.000000 -0.000983 -0.000185 0.000000 -0.000983 -0.000185 -0.000000 -0.000983 -0.000185 0.000000 -0.000983 -0.000185 -0.000000 -0.000983 -0.000185 -0.000000 -0.000983 -0.000185 0.000000 -0.000983 -0.000185 0.000000 -0.000983 -0.000185 0.000000 -0.000983 -0.000185 0.000000 -0.000983 -0.000185 -0.000000 -0.000983 -0.000185 -0.000000 -0.000983 -0.000185 -0.000000 -0.000983 -0.000185 -0.000000 -0.000983 -0.000185 0.000000 -0.000983 -0.000185 0.000000 -0.000983 -0.000185 -0.000000 -0.000983 -0.000186 -0.000000 -0.000983 -0.000185 0.000000 -0.000983 -0.000185 -0.000000 -0.000983 -0.000185 0.000000 -0.000983 -0.000185 -0.000000 -0.000983 -0.000185 -0.000000 -0.000983 -0.000185 -0.000000 -0.000983 -0.000185 0.000000 -0.000983 -0.000185 0.000000 -0.000983 -0.000185 0.000000 -0.000983 -0.000185 -0.000000 -0.000983 -0.000185 0.000000 -0.000983 -0.000185 0.000000 -0.000983 -0.000185 -0.000000 -0.000983 -0.000185 0.000000 -0.000983 -0.000185 -0.000000 -0.000983 -0.000185 0.000000 -0.000983 -0.000185 0.000000 -0.000983 -0.000185 -0.000000 -0.000983 -0.000185 0.000000 -0.000983 -0.000185 0.000000 -0.000983 -0.000185 0.000000 -0.000983 -0.000185 0.000000 -0.000983 -0.000185 0.000000 -0.000983 -0.000185 -0.000000 -0.000983 -0.000185 -0.000000 -0.000983 -0.000185 0.000000 -0.000983 -0.000185 0.000000 -0.000983 -0.000185 -0.000000 -0.000983 -0.000185 0.000000 -0.000983 -0.000185 -0.000000 -0.000983 -0.000185 0.000000 -0.000983 -0.000185 0.000000 -0.000983 -0.000185 0.000000 -0.000983 -0.000185 0.000000 -0.000983 -0.000185 0.000000 -0.000983 -0.000185 -0.000001 -0.000983 -0.000185 0.000000 -0.000983 -0.000185 0.000000 -0.000983 -0.000185 -0.000000 -0.000983 -0.000185 -0.000000 -0.000983 -0.000185 0.000000 -0.000983 -0.000185 -0.000000 -0.000983 -0.000185 -0.000000 -0.000983 -0.000185 -0.000000 -0.000983 -0.000185 0.000000 -0.000983 -0.000185 -0.000000 -0.000983 -0.000185 0.000000 -0.000983 -0.000185 -0.000000 -0.000983 -0.000185 0.000000 -0.000983 -0.000185 0.000000 -0.000983 -0.000185 -0.000000 -0.000983 -0.000185 0.000000 -0.000983 -0.000185 -0.000000 -0.000983 -0.000185 0.000000 -0.000983 -0.000185 -0.000000 -0.000983 -0.000185 -0.000000 -0.000983 -0.000185 0.000000 -0.000983 -0.000185 -0.000000 -0.000983 -0.000185 0.000000 -0.000983 -0.000185 0.000000 -0.000983 -0.000185 -0.000000 -0.000983 -0.000185 -0.000000 -0.000983 -0.000185 -0.000000 -0.000983 -0.000185 -0.000000 -0.000983 -0.000185 0.000000 -0.000983 -0.000185 -0.000000 -0.000983 -0.000185 0.000000 -0.000983 -0.000185 -0.000000 -0.000983 -0.000185 0.000000 -0.000983 -0.000185 -0.000000 -0.000983 -0.000185 -0.000000 -0.000983 -0.000185 0.000000 -0.000983 -0.000185 0.000000 -0.000983 -0.000185 0.000000 -0.000983 -0.000185 0.000000 -0.000983 -0.000185 -0.000000 -0.000983 -0.000185 0.000000 -0.000983 -0.000185 0.000000 -0.000983 -0.000185 -0.000000 -0.000983 -0.000185 0.000000 -0.000983 -0.000185 0.000000 -0.000983 -0.000185 -0.000000 -0.000983 -0.000185 0.000000 -0.000983 -0.000185 0.000000 -0.000983 -0.000185 -0.000000 -0.000983 -0.000185 -0.000000 -0.000983 -0.000185 -0.000000 -0.000983 -0.000185 -0.000000 -0.000983 -0.000185 0.000000 -0.000983 -0.000185 -0.000000 -0.000983 -0.000185 -0.000000 -0.000983 -0.000185 -0.000000 -0.000983 -0.000185 0.000000 -0.000983 -0.000185 -0.000000 -0.000983 -0.000185 0.000000 -0.000983 -0.000185 -0.000000 -0.000983 -0.000185 -0.000000 -0.000983 -0.000185 0.000000 -0.000983 -0.000185 0.000000 -0.000983 -0.000185 0.000000 -0.000983 -0.000185 -0.000000 -0.000983 -0.000185 -0.000000 -0.000983 -0.000185 0.000000 -0.000983 -0.000185 0.000000 -0.000983 -0.000185 0.000000 -0.000983 -0.000185 -0.000000 -0.000983 -0.000185 0.000000 -0.000983 -0.000185 -0.000000 -0.000983 -0.000185 0.000000 -0.000983 -0.000185 -0.000000 -0.000983 -0.000185 -0.000000 -0.000983 -0.000185 0.000000 -0.000983 -0.000185 0.000000 -0.000983 -0.000185 -0.000000 -0.000983 -0.000185 -0.000000 -0.000983 -0.000185 -0.000000 -0.000983 -0.000185 -0.000000 -0.000983 -0.000185 0.000000 -0.000983 -0.000185 0.000000 -0.000983 -0.000185 -0.000000 -0.000983 -0.000185 0.000000 -0.000983 -0.000185 0.000000 -0.000983 -0.000185 0.000000 -0.000983 -0.000185 0.000886 0.000086 -0.000455 0.000886 0.000086 -0.000455 0.000889 0.000085 -0.000450 0.000889 0.000085 -0.000450 0.000859 0.000095 -0.000503 0.000859 0.000095 -0.000503 0.000814 0.000107 -0.000570 0.000814 0.000108 -0.000571 0.000754 0.000122 -0.000645 0.000754 0.000122 -0.000645 0.000690 0.000134 -0.000711 0.000690 0.000134 -0.000711 0.000684 0.000135 -0.000717 0.000684 0.000135 -0.000717 0.000797 0.000112 -0.000593 0.000797 0.000112 -0.000594 0.000981 -0.000036 0.000190 0.000981 -0.000036 0.000190 -0.000130 -0.000184 0.000974 -0.000130 -0.000184 0.000974 -0.000299 -0.000177 0.000938 -0.000299 -0.000177 0.000938 -0.000365 -0.000172 0.000915 -0.000365 -0.000172 0.000915 -0.000419 -0.000168 0.000892 -0.000419 -0.000168 0.000892 -0.000282 -0.000178 0.000943 -0.000282 -0.000178 0.000943 0.001000 0.000004 -0.000021 0.001000 0.000004 -0.000021 0.000904 0.000079 -0.000421 0.000904 0.000079 -0.000421 0.000831 0.000103 -0.000547 0.000831 0.000103 -0.000547 0.000784 0.000115 -0.000610 0.000784 0.000115 -0.000610 0.000747 0.000123 -0.000654 0.000747 0.000123 -0.000654 0.000688 0.000134 -0.000713 0.000688 0.000134 -0.000713 0.000617 0.000146 -0.000774 0.000617 0.000146 -0.000774 0.000548 0.000155 -0.000822 0.000548 0.000155 -0.000822 0.000484 0.000162 -0.000860 0.000484 0.000162 -0.000860 0.000424 0.000168 -0.000890 0.000424 0.000168 -0.000890 0.000367 0.000172 -0.000914 0.000367 0.000172 -0.000914 0.000313 0.000176 -0.000933 0.000313 0.000176 -0.000933 0.000262 0.000179 -0.000949 0.000262 0.000179 -0.000949 0.000255 0.000179 -0.000950 0.000255 0.000179 -0.000950 0.000338 0.000174 -0.000925 0.000338 0.000174 -0.000925 0.000645 -0.000142 0.000751 0.000644 -0.000142 0.000751 0.000331 -0.000175 0.000927 0.000331 -0.000175 0.000927 0.000398 -0.000170 0.000902 0.000398 -0.000170 0.000902 0.000466 -0.000164 0.000869 0.000466 -0.000164 0.000869 0.000528 -0.000157 0.000835 0.000528 -0.000157 0.000835 0.000596 -0.000149 0.000789 0.000596 -0.000149 0.000789 0.000669 -0.000138 0.000730 0.000669 -0.000138 0.000730 0.000744 -0.000124 0.000656 0.000744 -0.000124 0.000656 0.000817 -0.000107 0.000566 0.000817 -0.000107 0.000566 0.000881 -0.000087 0.000464 0.000881 -0.000087 0.000464 0.000934 -0.000066 0.000352 0.000934 -0.000066 0.000352 0.000983 -0.000034 0.000180 0.000983 -0.000034 0.000180 0.001000 -0.000002 0.000010 0.001000 -0.000002 0.000010 0.000992 0.000023 -0.000123 0.000992 0.000023 -0.000123 0.000967 0.000047 -0.000251 0.000967 0.000047 -0.000251 0.000945 0.000060 -0.000320 0.000945 0.000060 -0.000320 -0.000147 -0.000183 0.000972 -0.000147 -0.000183 0.000972 -0.000140 -0.000183 0.000973 -0.000140 -0.000183 0.000973 -0.000198 -0.000181 0.000963 -0.000198 -0.000182 0.000963 -0.000262 -0.000179 0.000948 -0.000262 -0.000179 0.000948 -0.000237 -0.000180 0.000955 -0.000237 -0.000180 0.000955 0.000151 -0.000183 0.000971 0.000151 -0.000183 0.000971 0.000926 -0.000070 0.000370 0.000926 -0.000070 0.000371 0.000739 0.000125 -0.000662 0.000739 0.000125 -0.000662 0.000610 0.000147 -0.000779 0.000610 0.000147 -0.000779 0.000553 0.000154 -0.000818 0.000553 0.000154 -0.000818 0.000484 0.000162 -0.000860 0.000484 0.000162 -0.000860 0.000408 0.000169 -0.000897 0.000408 0.000169 -0.000897 0.000331 0.000175 -0.000927 0.000331 0.000175 -0.000927 0.000261 0.000179 -0.000949 0.000261 0.000179 -0.000949 0.000203 0.000181 -0.000962 0.000203 0.000181 -0.000962 0.000157 0.000183 -0.000970 0.000157 0.000183 -0.000970 0.000139 0.000183 -0.000973 0.000139 0.000183 -0.000973 0.000408 -0.000169 0.000897 0.000408 -0.000169 0.000897 0.000319 -0.000175 0.000931 0.000319 -0.000176 0.000931 0.000234 -0.000180 0.000955 0.000235 -0.000180 0.000955 0.000183 -0.000182 0.000966 0.000183 -0.000182 0.000966 0.000129 -0.000184 0.000975 0.000129 -0.000184 0.000975 0.000130 -0.000184 0.000974 0.000130 -0.000184 0.000974 0.000283 -0.000178 0.000942 0.000283 -0.000178 0.000942 0.000838 0.000101 -0.000536 0.000838 0.000101 -0.000536 0.000366 0.000172 -0.000915 0.000366 0.000172 -0.000915 0.000217 0.000181 -0.000959 0.000217 0.000181 -0.000959 0.000141 0.000183 -0.000973 0.000141 0.000183 -0.000973 0.000068 0.000185 -0.000980 0.000068 0.000185 -0.000980 0.000012 0.000185 -0.000983 0.000012 0.000185 -0.000983 -0.000006 0.000185 -0.000983 -0.000006 0.000185 -0.000983 0.000959 0.000053 -0.000279 0.000959 0.000053 -0.000279 0.000947 0.000059 -0.000315 0.000947 0.000059 -0.000315 0.000922 0.000072 -0.000380 0.000922 0.000072 -0.000380 0.000894 0.000083 -0.000440 0.000894 0.000083 -0.000440 0.000861 0.000094 -0.000500 0.000861 0.000094 -0.000500 0.000818 0.000106 -0.000565 0.000818 0.000107 -0.000565 0.000756 0.000121 -0.000643 0.000756 0.000121 -0.000643 0.000655 0.000140 -0.000742 0.000655 0.000140 -0.000742 0.000458 0.000165 -0.000874 0.000458 0.000165 -0.000874 0.000202 0.000181 -0.000963 0.000202 0.000181 -0.000963 0.000064 0.000185 -0.000981 0.000064 0.000185 -0.000981 -0.000040 0.000185 -0.000982 -0.000040 0.000185 -0.000982 -0.000120 0.000184 -0.000976 -0.000120 0.000184 -0.000976 -0.000211 0.000181 -0.000961 -0.000211 0.000181 -0.000961 -0.000299 0.000177 -0.000938 -0.000299 0.000177 -0.000938 -0.000338 0.000174 -0.000925 -0.000338 0.000174 -0.000925 -0.000393 0.000170 -0.000904 -0.000393 0.000170 -0.000904 -0.000551 0.000155 -0.000820 -0.000551 0.000155 -0.000820 -0.000713 0.000130 -0.000689 -0.000713 0.000130 -0.000689 -0.000857 0.000096 -0.000507 -0.000857 0.000096 -0.000507 -0.000855 0.000096 -0.000509 -0.000855 0.000096 -0.000509 -0.000810 0.000108 -0.000576 -0.000810 0.000108 -0.000576 -0.000759 0.000120 -0.000639 -0.000759 0.000120 -0.000639 -0.000704 0.000132 -0.000698 -0.000704 0.000132 -0.000698 -0.000645 0.000142 -0.000751 -0.000645 0.000141 -0.000751 -0.000586 0.000150 -0.000797 -0.000586 0.000150 -0.000797 -0.000526 0.000157 -0.000836 -0.000526 0.000157 -0.000836 -0.000469 0.000164 -0.000868 -0.000469 0.000163 -0.000868 -0.000408 0.000169 -0.000897 -0.000408 0.000169 -0.000897 -0.000364 0.000172 -0.000915 -0.000364 0.000172 -0.000915 -0.000326 0.000175 -0.000929 -0.000326 0.000175 -0.000929 -0.000268 0.000178 -0.000947 -0.000268 0.000178 -0.000947 -0.000206 0.000181 -0.000962 -0.000207 0.000181 -0.000961 0.000532 -0.000157 0.000832 0.000533 -0.000157 0.000832 0.000541 -0.000156 0.000827 0.000541 -0.000156 0.000827 0.000572 -0.000152 0.000806 0.000572 -0.000152 0.000806 0.000624 -0.000145 0.000768 0.000624 -0.000145 0.000768 0.000677 -0.000136 0.000723 0.000677 -0.000136 0.000723 0.000713 -0.000130 0.000689 0.000713 -0.000130 0.000689 0.000759 -0.000121 0.000640 0.000759 -0.000121 0.000640 0.000815 -0.000107 0.000570 0.000815 -0.000107 0.000570 0.000869 -0.000092 0.000486 0.000869 -0.000092 0.000486 0.000916 -0.000074 0.000395 0.000916 -0.000074 0.000395 0.000945 -0.000061 0.000321 0.000945 -0.000061 0.000321 0.000967 -0.000047 0.000250 0.000967 -0.000047 0.000250 0.000991 -0.000025 0.000130 0.000991 -0.000025 0.000130 0.000932 -0.000067 0.000355 0.000932 -0.000067 0.000355 0.000638 -0.000143 0.000757 0.000638 -0.000143 0.000757 0.000459 -0.000165 0.000873 0.000459 -0.000164 0.000873 0.000417 -0.000168 0.000893 0.000417 -0.000168 0.000893 0.000355 -0.000173 0.000919 0.000355 -0.000173 0.000919 0.000318 -0.000176 0.000932 0.000318 -0.000176 0.000932 0.000280 -0.000178 0.000943 0.000280 -0.000178 0.000943 0.000249 -0.000179 0.000952 0.000249 -0.000179 0.000952 0.000218 -0.000181 0.000959 0.000217 -0.000181 0.000959 0.000223 -0.000181 0.000958 0.000224 -0.000180 0.000958 0.000572 0.000152 -0.000806 0.000572 0.000152 -0.000806 0.000260 0.000179 -0.000949 0.000260 0.000179 -0.000949 0.000211 0.000181 -0.000961 0.000211 0.000181 -0.000961 0.000216 0.000181 -0.000960 0.000216 0.000181 -0.000960 0.000995 0.000018 -0.000094 0.000995 0.000018 -0.000094 0.000999 0.000009 -0.000049 0.000999 0.000009 -0.000049 0.001000 0.000002 -0.000011 0.001000 0.000002 -0.000011 0.000999 -0.000006 0.000034 0.000999 -0.000006 0.000034 0.000994 -0.000019 0.000103 0.000994 -0.000019 0.000103 0.000980 -0.000037 0.000195 0.000980 -0.000037 0.000195 0.000953 -0.000056 0.000299 0.000953 -0.000056 0.000299 0.000906 -0.000078 0.000416 0.000906 -0.000078 0.000416 0.000836 -0.000102 0.000540 0.000836 -0.000102 0.000540 0.000532 -0.000157 0.000832 0.000531 -0.000157 0.000832 -0.000959 -0.000053 0.000280 -0.000959 -0.000053 0.000280 -0.000959 -0.000052 0.000277 -0.000959 -0.000052 0.000277 -0.000942 -0.000062 0.000329 -0.000942 -0.000062 0.000329 -0.000920 -0.000072 0.000384 -0.000920 -0.000072 0.000384 -0.000891 -0.000084 0.000445 -0.000891 -0.000084 0.000445 -0.000839 -0.000101 0.000534 -0.000839 -0.000101 0.000534 -0.000791 -0.000113 0.000601 -0.000791 -0.000113 0.000601 -0.000677 -0.000136 0.000723 -0.000677 -0.000136 0.000724 0.000997 -0.000015 0.000079 0.000997 -0.000015 0.000079 0.001000 -0.000002 0.000013 0.001000 -0.000002 0.000013 0.001000 -0.000004 0.000021 0.001000 -0.000004 0.000021 0.000995 -0.000018 0.000094 0.000995 -0.000018 0.000094 0.000978 -0.000039 0.000207 0.000978 -0.000039 0.000207 0.000945 -0.000060 0.000321 0.000945 -0.000060 0.000321 0.000901 -0.000080 0.000427 0.000901 -0.000080 0.000427 0.000851 -0.000097 0.000516 0.000851 -0.000097 0.000516 0.000787 -0.000114 0.000607 0.000787 -0.000114 0.000607 0.000577 -0.000151 0.000802 0.000577 -0.000151 0.000802 -0.000836 -0.000102 0.000539 -0.000836 -0.000102 0.000539 -0.000916 -0.000074 0.000394 -0.000916 -0.000074 0.000394 -0.000917 -0.000074 0.000393 -0.000917 -0.000074 0.000393 -0.000888 -0.000085 0.000452 -0.000888 -0.000085 0.000452 -0.000847 -0.000098 0.000522 -0.000847 -0.000098 0.000522 -0.000804 -0.000110 0.000585 -0.000804 -0.000110 0.000585 -0.000773 -0.000117 0.000623 -0.000773 -0.000117 0.000623 -0.000773 -0.000118 0.000624 -0.000773 -0.000117 0.000624 -0.000799 -0.000111 0.000591 -0.000799 -0.000111 0.000591 -0.000824 -0.000105 0.000557 -0.000824 -0.000105 0.000557 -0.000837 -0.000101 0.000537 -0.000837 -0.000101 0.000537 -0.000175 -0.000182 0.000968 -0.000175 -0.000182 0.000968 -0.000222 -0.000181 0.000958 -0.000222 -0.000181 0.000958 -0.000287 -0.000177 0.000941 -0.000287 -0.000177 0.000941 -0.000330 -0.000175 0.000928 -0.000330 -0.000175 0.000928 -0.000364 -0.000172 0.000915 -0.000364 -0.000172 0.000915 -0.000393 -0.000170 0.000904 -0.000393 -0.000170 0.000904 -0.000421 -0.000168 0.000891 -0.000421 -0.000168 0.000891 -0.000452 -0.000165 0.000877 -0.000452 -0.000165 0.000877 -0.000488 -0.000162 0.000858 -0.000487 -0.000162 0.000858 -0.000545 -0.000155 0.000824 -0.000546 -0.000155 0.000824 -0.000591 -0.000149 0.000792 -0.000591 -0.000149 0.000792 0.000022 0.000185 -0.000982 0.000022 0.000185 -0.000982 0.000000 0.000185 -0.000983 0.000000 0.000185 -0.000983 -0.000155 0.000183 -0.000971 -0.000155 0.000183 -0.000971 -0.000667 0.000138 -0.000732 -0.000667 0.000138 -0.000732 -0.000983 0.000034 -0.000183 -0.000983 0.000034 -0.000183 -0.000613 -0.000146 0.000777 -0.000613 -0.000146 0.000776 -0.000662 -0.000139 0.000737 -0.000662 -0.000139 0.000737 -0.000713 -0.000130 0.000689 -0.000713 -0.000130 0.000689 -0.000766 -0.000119 0.000632 -0.000766 -0.000119 0.000632 -0.000816 -0.000107 0.000567 -0.000816 -0.000107 0.000567 -0.000862 -0.000094 0.000498 -0.000862 -0.000094 0.000498 -0.000901 -0.000080 0.000426 -0.000901 -0.000080 0.000426 -0.000933 -0.000067 0.000354 -0.000933 -0.000067 0.000354 -0.000947 -0.000059 0.000315 -0.000947 -0.000059 0.000314 -0.000974 -0.000042 0.000223 -0.000974 -0.000042 0.000223 -0.000752 0.000122 -0.000648 -0.000752 0.000122 -0.000648 0.000497 0.000161 -0.000853 0.000497 0.000161 -0.000853 0.000688 0.000134 -0.000713 0.000688 0.000134 -0.000713 0.000658 0.000139 -0.000740 0.000658 0.000139 -0.000740 0.000577 0.000151 -0.000803 0.000577 0.000151 -0.000803 0.000471 0.000163 -0.000867 0.000471 0.000163 -0.000867 0.000277 0.000178 -0.000944 0.000277 0.000178 -0.000944 -0.000192 0.000182 -0.000964 -0.000192 0.000182 -0.000964 -0.000999 -0.000007 0.000036 -0.000999 -0.000007 0.000036 -0.000987 -0.000029 0.000155 -0.000987 -0.000029 0.000155 -0.000989 -0.000028 0.000148 -0.000989 -0.000028 0.000148 -0.000997 -0.000015 0.000078 -0.000997 -0.000015 0.000078 -0.001000 -0.000002 0.000010 -0.001000 -0.000002 0.000010 -0.000998 0.000011 -0.000056 -0.000998 0.000011 -0.000056 -0.000992 0.000023 -0.000121 -0.000992 0.000023 -0.000121 -0.000983 0.000034 -0.000182 -0.000983 0.000034 -0.000182 -0.000969 0.000046 -0.000242 -0.000969 0.000046 -0.000242 -0.000952 0.000056 -0.000300 -0.000952 0.000056 -0.000300 -0.000932 0.000067 -0.000356 -0.000932 0.000067 -0.000356 -0.000909 0.000077 -0.000409 -0.000909 0.000077 -0.000409 -0.000883 0.000087 -0.000461 -0.000883 0.000087 -0.000461 -0.000854 0.000096 -0.000512 -0.000854 0.000096 -0.000512 -0.000822 0.000106 -0.000560 -0.000822 0.000106 -0.000560 -0.000786 0.000114 -0.000607 -0.000786 0.000114 -0.000607 -0.000748 0.000123 -0.000652 -0.000748 0.000123 -0.000652 -0.000707 0.000131 -0.000695 -0.000707 0.000131 -0.000695 -0.000653 0.000140 -0.000744 -0.000653 0.000140 -0.000744 0.000798 0.000112 -0.000592 0.000798 0.000112 -0.000592 0.000967 0.000047 -0.000249 0.000967 0.000047 -0.000249 0.000952 0.000057 -0.000300 0.000952 0.000057 -0.000300 0.000922 0.000072 -0.000381 0.000922 0.000072 -0.000381 0.000896 0.000082 -0.000437 0.000896 0.000082 -0.000437 0.000869 0.000092 -0.000487 0.000869 0.000092 -0.000487 0.000846 0.000099 -0.000523 0.000846 0.000099 -0.000523 0.000865 0.000093 -0.000493 0.000865 0.000093 -0.000493 0.000900 0.000081 -0.000428 0.000900 0.000081 -0.000428 0.000899 0.000081 -0.000430 0.000899 0.000081 -0.000430 -0.000109 0.000184 -0.000977 -0.000108 0.000184 -0.000977 -0.000931 0.000068 -0.000359 -0.000931 0.000068 -0.000359 -0.000984 0.000032 -0.000173 -0.000984 0.000033 -0.000173 -0.000999 0.000008 -0.000043 -0.000999 0.000008 -0.000043 -0.000999 -0.000010 0.000053 -0.000999 -0.000010 0.000053 -0.000991 -0.000025 0.000132 -0.000991 -0.000025 0.000132 -0.000979 -0.000038 0.000202 -0.000979 -0.000038 0.000202 -0.000965 -0.000049 0.000259 -0.000965 -0.000049 0.000259 -0.000937 -0.000065 0.000344 -0.000937 -0.000065 0.000344 -0.000861 -0.000094 0.000500 -0.000861 -0.000094 0.000500 -0.000750 -0.000122 0.000650 -0.000750 -0.000122 0.000650 -0.000523 -0.000158 0.000838 -0.000523 -0.000158 0.000838 -0.000456 -0.000165 0.000874 -0.000456 -0.000165 0.000874 -0.000512 -0.000159 0.000844 -0.000512 -0.000159 0.000844 -0.000580 -0.000151 0.000801 -0.000580 -0.000151 0.000801 -0.000625 -0.000145 0.000767 -0.000625 -0.000144 0.000767 -0.000632 -0.000143 0.000762 -0.000632 -0.000144 0.000762 -0.000512 -0.000159 0.000844 -0.000512 -0.000159 0.000844 0.000984 0.000033 -0.000174 0.000984 0.000033 -0.000174 0.000530 -0.000157 0.000833 0.000530 -0.000157 0.000833 0.000563 -0.000153 0.000812 0.000563 -0.000153 0.000812 0.000645 -0.000142 0.000751 0.000645 -0.000141 0.000751 0.000663 -0.000139 0.000736 0.000663 -0.000139 0.000736 0.000500 -0.000160 0.000851 0.000500 -0.000160 0.000851 0.000327 -0.000175 0.000929 0.000327 -0.000175 0.000929 0.000180 -0.000182 0.000967 0.000180 -0.000182 0.000967 0.000090 -0.000184 0.000979 0.000090 -0.000184 0.000979 0.000037 -0.000185 0.000982 0.000037 -0.000185 0.000982 0.000016 -0.000185 0.000983 0.000016 -0.000185 0.000983 -0.000075 -0.000185 0.000980 -0.000075 -0.000185 0.000980 -0.000971 -0.000044 0.000234 -0.000971 -0.000044 0.000234 -0.000444 0.000166 -0.000881 -0.000444 0.000166 -0.000881 -0.000292 0.000177 -0.000940 -0.000292 0.000177 -0.000940 -0.000294 0.000177 -0.000939 -0.000294 0.000177 -0.000939 -0.000423 0.000168 -0.000891 -0.000423 0.000168 -0.000891 -0.000603 0.000148 -0.000784 -0.000603 0.000148 -0.000784 -0.000698 0.000133 -0.000704 -0.000698 0.000133 -0.000704 -0.000670 0.000138 -0.000730 -0.000670 0.000137 -0.000730 -0.000569 0.000152 -0.000808 -0.000569 0.000152 -0.000808 -0.000447 0.000166 -0.000879 -0.000447 0.000166 -0.000879 -0.000290 0.000177 -0.000940 -0.000290 0.000177 -0.000940 -0.000082 0.000185 -0.000979 -0.000082 0.000185 -0.000979 -0.000034 0.000185 -0.000982 -0.000034 0.000185 -0.000982 -0.000008 0.000185 -0.000983 -0.000008 0.000185 -0.000983 0.000071 0.000185 -0.000980 0.000071 0.000185 -0.000980 0.000508 -0.000159 0.000846 0.000508 -0.000159 0.000846 0.000551 -0.000154 0.000820 0.000551 -0.000154 0.000820 0.000614 -0.000146 0.000775 0.000614 -0.000146 0.000775 0.000681 -0.000136 0.000719 0.000681 -0.000136 0.000719 0.000726 -0.000127 0.000676 0.000726 -0.000127 0.000676 0.000780 -0.000116 0.000615 0.000780 -0.000116 0.000615 0.000849 -0.000098 0.000519 0.000849 -0.000098 0.000519 0.000904 -0.000079 0.000419 0.000904 -0.000079 0.000419 0.000935 -0.000066 0.000349 0.000935 -0.000066 0.000349 0.000974 -0.000042 0.000221 0.000974 -0.000042 0.000221 0.000999 -0.000008 0.000041 0.000999 -0.000008 0.000041 0.001000 0.000002 -0.000010 0.001000 0.000002 -0.000010 0.000995 0.000018 -0.000098 0.000995 0.000018 -0.000098 0.000953 0.000056 -0.000298 0.000953 0.000056 -0.000298 0.000904 0.000079 -0.000420 0.000904 0.000079 -0.000420 0.000875 0.000090 -0.000476 0.000875 0.000090 -0.000476 0.000828 0.000104 -0.000551 0.000828 0.000104 -0.000551 0.000754 0.000122 -0.000646 0.000754 0.000122 -0.000646 0.000653 0.000140 -0.000745 0.000653 0.000140 -0.000745 0.000554 0.000154 -0.000818 0.000554 0.000154 -0.000818 0.000461 0.000164 -0.000872 0.000461 0.000164 -0.000872 0.000372 0.000172 -0.000912 0.000372 0.000172 -0.000912 0.000287 0.000177 -0.000941 0.000287 0.000177 -0.000941 0.000205 0.000181 -0.000962 0.000205 0.000181 -0.000962 0.000116 0.000184 -0.000976 0.000116 0.000184 -0.000976 0.000087 0.000184 -0.000979 0.000087 0.000185 -0.000979 0.000087 0.000184 -0.000979 0.000087 0.000184 -0.000979 0.000127 0.000184 -0.000975 0.000127 0.000184 -0.000975 0.000181 0.000182 -0.000966 0.000181 0.000182 -0.000966 0.000265 0.000179 -0.000948 0.000265 0.000179 -0.000948 0.000378 0.000171 -0.000910 0.000378 0.000171 -0.000910 0.000499 0.000160 -0.000852 0.000499 0.000160 -0.000852 0.000594 0.000149 -0.000790 0.000594 0.000149 -0.000790 0.000655 0.000140 -0.000742 0.000655 0.000140 -0.000742 0.000705 0.000131 -0.000697 0.000705 0.000131 -0.000697 0.000765 0.000119 -0.000633 0.000765 0.000119 -0.000633 0.000824 0.000105 -0.000557 0.000824 0.000105 -0.000557 0.000867 0.000092 -0.000490 0.000867 0.000092 -0.000490 0.000895 0.000083 -0.000439 0.000895 0.000083 -0.000439 0.000938 0.000064 -0.000340 0.000938 0.000064 -0.000340 0.000996 0.000015 -0.000082 0.000996 0.000015 -0.000082 0.000956 -0.000055 0.000290 0.000956 -0.000055 0.000290 0.000850 -0.000098 0.000518 0.000850 -0.000098 0.000518 0.000632 -0.000144 0.000762 0.000632 -0.000144 0.000762 0.000461 -0.000164 0.000872 0.000461 -0.000164 0.000872 0.000402 -0.000170 0.000900 0.000402 -0.000170 0.000900 0.000392 -0.000170 0.000904 0.000392 -0.000170 0.000904 -0.000145 -0.000183 0.000972 -0.000145 -0.000183 0.000972 -0.000730 0.000126 -0.000671 -0.000730 0.000126 -0.000671 -0.000761 0.000120 -0.000638 -0.000761 0.000120 -0.000638 -0.000821 0.000106 -0.000561 -0.000821 0.000106 -0.000561 -0.000881 0.000088 -0.000465 -0.000881 0.000088 -0.000465 -0.000936 0.000065 -0.000347 -0.000936 0.000065 -0.000347 -0.000968 0.000046 -0.000247 -0.000968 0.000046 -0.000247 -0.000996 0.000016 -0.000085 -0.000996 0.000016 -0.000085 -0.000988 -0.000029 0.000153 -0.000988 -0.000029 0.000153 -0.000962 -0.000051 0.000269 -0.000962 -0.000051 0.000269 -0.000932 -0.000067 0.000355 -0.000932 -0.000067 0.000355 -0.000875 -0.000090 0.000476 -0.000875 -0.000090 0.000476 -0.000811 -0.000108 0.000575 -0.000811 -0.000108 0.000575 -0.000744 -0.000124 0.000657 -0.000744 -0.000124 0.000657 -0.000671 -0.000137 0.000728 -0.000671 -0.000137 0.000728 -0.000562 -0.000153 0.000813 -0.000562 -0.000153 0.000813 -0.000429 -0.000167 0.000888 -0.000429 -0.000167 0.000888 -0.000316 -0.000176 0.000932 -0.000316 -0.000176 0.000932 -0.000242 -0.000180 0.000954 -0.000242 -0.000180 0.000954 -0.000136 -0.000183 0.000974 -0.000136 -0.000183 0.000974 -0.000020 -0.000185 0.000983 -0.000020 -0.000185 0.000982 0.000029 -0.000185 0.000982 0.000029 -0.000185 0.000982 0.000058 -0.000185 0.000981 0.000058 -0.000185 0.000981 0.000053 -0.000185 0.000981 0.000053 -0.000185 0.000981 0.000018 -0.000185 0.000983 0.000018 -0.000185 0.000983 -0.000018 -0.000185 0.000983 -0.000018 -0.000185 0.000983 -0.000057 -0.000185 0.000981 -0.000057 -0.000185 0.000981 -0.000101 -0.000184 0.000978 -0.000101 -0.000184 0.000978 -0.000156 -0.000183 0.000971 -0.000156 -0.000183 0.000971 -0.000199 -0.000181 0.000963 -0.000199 -0.000181 0.000963 -0.000244 -0.000180 0.000953 -0.000244 -0.000180 0.000953 -0.000290 -0.000177 0.000940 -0.000290 -0.000177 0.000940 -0.000339 -0.000174 0.000924 -0.000339 -0.000174 0.000924 -0.000391 -0.000170 0.000904 -0.000391 -0.000170 0.000904 -0.000447 -0.000166 0.000879 -0.000447 -0.000166 0.000879 -0.000506 -0.000160 0.000848 -0.000506 -0.000160 0.000848 -0.000595 -0.000149 0.000790 -0.000595 -0.000149 0.000790 -0.000643 -0.000142 0.000753 -0.000643 -0.000142 0.000753 -0.000726 -0.000127 0.000675 -0.000726 -0.000127 0.000675 0.000227 0.000180 -0.000957 0.000227 0.000180 -0.000957 0.000300 0.000177 -0.000938 0.000300 0.000177 -0.000938 0.000295 0.000177 -0.000939 0.000295 0.000177 -0.000939 0.000249 0.000179 -0.000952 0.000249 0.000179 -0.000952 0.000185 0.000182 -0.000966 0.000185 0.000182 -0.000966 0.000080 0.000185 -0.000980 0.000080 0.000185 -0.000980 -0.000006 0.000185 -0.000983 -0.000006 0.000185 -0.000983 -0.000471 -0.000163 0.000867 -0.000471 -0.000163 0.000867 -0.000494 -0.000161 0.000854 -0.000494 -0.000161 0.000854 -0.000558 -0.000154 0.000816 -0.000558 -0.000154 0.000816 -0.000631 -0.000144 0.000762 -0.000631 -0.000144 0.000762 -0.000689 -0.000134 0.000712 -0.000690 -0.000134 0.000712 -0.000730 -0.000127 0.000671 -0.000730 -0.000127 0.000671 -0.000776 -0.000117 0.000620 -0.000776 -0.000117 0.000620 -0.000824 -0.000105 0.000556 -0.000824 -0.000105 0.000556 -0.000874 -0.000090 0.000478 -0.000874 -0.000090 0.000478 -0.000918 -0.000073 0.000389 -0.000918 -0.000073 0.000389 -0.000955 -0.000055 0.000292 -0.000955 -0.000055 0.000292 -0.000980 -0.000037 0.000195 -0.000980 -0.000037 0.000195 -0.000994 -0.000020 0.000105 -0.000994 -0.000020 0.000105 -0.001000 -0.000003 0.000018 -0.001000 -0.000003 0.000018 -0.000997 0.000014 -0.000075 -0.000997 0.000014 -0.000075 -0.000985 0.000032 -0.000167 -0.000985 0.000032 -0.000167 -0.000965 0.000048 -0.000257 -0.000965 0.000048 -0.000257 -0.000938 0.000064 -0.000342 -0.000938 0.000064 -0.000342 -0.000904 0.000079 -0.000421 -0.000904 0.000079 -0.000421 -0.000844 0.000099 -0.000528 -0.000844 0.000099 -0.000528 -0.000753 0.000122 -0.000647 -0.000753 0.000122 -0.000647 -0.000657 0.000140 -0.000741 -0.000657 0.000140 -0.000741 -0.000561 0.000153 -0.000813 -0.000561 0.000153 -0.000813 -0.000469 0.000164 -0.000868 -0.000469 0.000164 -0.000868 -0.000391 0.000170 -0.000905 -0.000391 0.000170 -0.000905 -0.000327 0.000175 -0.000929 -0.000327 0.000175 -0.000929 -0.000268 0.000178 -0.000947 -0.000268 0.000178 -0.000947 -0.000214 0.000181 -0.000960 -0.000214 0.000181 -0.000960 -0.000166 0.000183 -0.000969 -0.000166 0.000183 -0.000969 -0.000124 0.000184 -0.000975 -0.000123 0.000184 -0.000975 -0.000087 0.000184 -0.000979 -0.000087 0.000184 -0.000979 -0.000054 0.000185 -0.000981 -0.000054 0.000185 -0.000981 -0.000039 0.000185 -0.000982 -0.000039 0.000185 -0.000982 -0.000037 0.000185 -0.000982 -0.000038 0.000185 -0.000982 0.000495 -0.000161 0.000854 0.000495 -0.000161 0.000854
</float_array>
          <technique_common>
            <accessor source="#Racecar_Back_Cover_Left_Image-mesh-normals-array" count="1636" stride="3">
              <param name="X" type="float" />
              <param name="Y" type="float" />
              <param name="Z" type="float" />
            </accessor>
          </technique_common>
        </source>
        <vertices id="Racecar_Back_Cover_Left_Image-mesh-vertices">
          <input semantic="POSITION" source="#Racecar_Back_Cover_Left_Image-mesh-positions" />
        </vertices>
        <triangles material="Material_007-material" count="1636">
          <input semantic="VERTEX" source="#Racecar_Back_Cover_Left_Image-mesh-vertices" offset="0" />
          <input semantic="NORMAL" source="#Racecar_Back_Cover_Left_Image-mesh-normals" offset="1" />
          <p>0 0 1 0 2 0 3 1 4 1 5 1 6 2 7 2 8 2 9 3 10 3 11 3 12 4 13 4 14 4 15 5 16 5 17 5 18 6 19 6 20 6 21 7 22 7 23 7 24 8 25 8 26 8 27 9 28 9 29 9 30 10 26 10 31 10 32 11 33 11 12 11 26 12 34 12 35 12 36 13 37 13 38 13 26 14 39 14 40 14 27 15 29 15 41 15 28 16 21 16 29 16 28 17 22 17 21 17 22 18 1 18 23 18 23 19 1 19 0 19 1 20 42 20 2 20 43 21 44 21 45 21 46 22 47 22 48 22 49 23 50 23 51 23 52 24 53 24 54 24 55 25 56 25 45 25 57 26 58 26 59 26 60 27 61 27 58 27 62 28 63 28 64 28 65 29 55 29 66 29 67 30 68 30 65 30 69 31 70 31 68 31 71 32 72 32 70 32 70 33 72 33 73 33 74 34 73 34 75 34 76 35 77 35 78 35 79 36 76 36 78 36 80 37 81 37 82 37 76 38 75 38 77 38 74 39 70 39 73 39 76 40 74 40 75 40 69 41 71 41 70 41 67 42 69 42 68 42 65 43 68 43 55 43 66 44 55 44 83 44 83 45 45 45 64 45 62 46 84 46 63 46 84 47 61 47 60 47 63 48 84 48 60 48 57 49 60 49 58 49 64 50 45 50 62 50 59 51 85 51 57 51 83 52 55 52 45 52 45 53 56 53 86 53 87 54 88 54 89 54 43 55 45 55 86 55 90 56 91 56 52 56 92 57 93 57 94 57 53 58 95 58 96 58 97 59 98 59 49 59 99 60 100 60 101 60 102 61 103 61 104 61 96 62 95 62 105 62 105 63 95 63 106 63 95 64 107 64 108 64 108 65 109 65 110 65 110 66 111 66 112 66 112 67 113 67 114 67 115 68 112 68 114 68 116 69 115 69 114 69 116 70 117 70 115 70 112 71 111 71 113 71 110 72 109 72 111 72 108 73 107 73 109 73 97 74 49 74 118 74 106 75 95 75 108 75 119 76 97 76 120 76 118 77 121 77 97 77 122 78 123 78 124 78 125 79 126 79 127 79 128 80 126 80 129 80 128 81 130 81 126 81 131 82 132 82 133 82 134 83 131 83 133 83 130 84 135 84 136 84 134 85 137 85 131 85 138 86 139 86 126 86 140 87 141 87 142 87 125 88 129 88 126 88 143 89 144 89 145 89 146 90 125 90 127 90 145 91 147 91 148 91 138 92 126 92 149 92 144 93 150 93 151 93 152 94 153 94 127 94 127 95 153 95 146 95 153 96 152 96 154 96 154 97 152 97 155 97 155 98 156 98 157 98 156 99 158 99 159 99 160 100 161 100 162 100 163 101 164 101 165 101 166 102 165 102 167 102 168 103 169 103 170 103 145 104 148 104 171 104 172 105 167 105 168 105 144 106 173 106 174 106 175 107 176 107 167 107 177 108 178 108 179 108 180 109 181 109 182 109 183 110 184 110 180 110 183 111 185 111 184 111 180 112 184 112 181 112 185 113 183 113 186 113 187 114 185 114 186 114 188 115 187 115 186 115 188 116 189 116 187 116 188 117 190 117 189 117 191 118 192 118 193 118 190 119 194 119 195 119 196 120 197 120 194 120 196 121 198 121 197 121 199 122 200 122 201 122 202 123 180 123 182 123 200 124 199 124 203 124 204 125 202 125 182 125 205 126 206 126 207 126 208 127 192 127 203 127 190 128 196 128 194 128 189 129 190 129 195 129 204 130 209 130 202 130 209 131 177 131 179 131 204 132 177 132 209 132 179 133 178 133 210 133 210 134 178 134 176 134 175 135 210 135 176 135 172 136 175 136 167 136 172 137 168 137 170 137 167 138 165 138 168 138 166 139 163 139 165 139 165 140 164 140 160 140 160 141 164 141 161 141 211 142 212 142 213 142 162 143 161 143 214 143 158 144 162 144 214 144 159 145 158 145 214 145 157 146 156 146 159 146 155 147 152 147 156 147 215 148 216 148 217 148 218 149 219 149 220 149 221 150 218 150 220 150 222 151 124 151 223 151 218 152 126 152 219 152 123 153 122 153 224 153 225 154 221 154 226 154 227 155 228 155 225 155 225 156 228 156 221 156 226 157 229 157 230 157 231 158 222 158 223 158 232 159 233 159 103 159 102 160 232 160 103 160 223 161 102 161 104 161 231 162 223 162 104 162 234 163 235 163 236 163 237 164 238 164 239 164 236 165 240 165 234 165 122 166 124 166 222 166 230 167 224 167 122 167 230 168 229 168 224 168 226 169 220 169 229 169 226 170 221 170 220 170 241 171 217 171 216 171 242 172 243 172 244 172 245 173 246 173 247 173 248 174 249 174 250 174 247 175 248 175 251 175 248 176 250 176 251 176 245 177 247 177 251 177 252 178 246 178 245 178 252 179 253 179 246 179 252 180 99 180 253 180 252 181 239 181 99 181 237 182 239 182 252 182 254 183 255 183 235 183 241 184 216 184 256 184 257 185 258 185 132 185 97 186 259 186 120 186 97 187 121 187 256 187 97 188 119 188 98 188 118 189 49 189 51 189 49 190 260 190 50 190 49 191 95 191 260 191 260 192 95 192 53 192 53 193 96 193 54 193 261 194 94 194 93 194 52 195 54 195 90 195 262 196 263 196 94 196 262 197 264 197 263 197 265 198 92 198 91 198 88 199 266 199 265 199 267 200 268 200 269 200 267 201 270 201 268 201 268 202 270 202 271 202 269 203 89 203 88 203 272 204 273 204 271 204 272 205 274 205 273 205 263 206 264 206 275 206 87 207 266 207 88 207 261 208 262 208 94 208 92 209 265 209 93 209 265 210 90 210 88 210 91 211 90 211 265 211 269 212 276 212 277 212 278 213 279 213 280 213 45 214 44 214 269 214 281 215 278 215 280 215 43 216 282 216 44 216 43 217 283 217 282 217 43 218 11 218 284 218 47 219 285 219 48 219 47 220 6 220 285 220 11 221 47 221 46 221 11 222 286 222 9 222 274 223 278 223 281 223 46 224 286 224 11 224 273 225 274 225 281 225 283 226 43 226 284 226 271 227 273 227 268 227 269 228 268 228 287 228 276 229 269 229 287 229 277 230 89 230 269 230 45 231 269 231 88 231 284 232 11 232 10 232 6 233 8 233 285 233 7 234 288 234 8 234 289 235 288 235 290 235 288 236 7 236 290 236 15 237 289 237 290 237 15 238 17 238 289 238 2 239 16 239 15 239 2 240 291 240 16 240 2 241 42 241 291 241 291 242 42 242 292 242 4 243 291 243 292 243 5 244 4 244 292 244 293 245 3 245 5 245 293 246 294 246 3 246 3 247 294 247 295 247 296 248 297 248 219 248 121 249 241 249 256 249 298 250 215 250 217 250 298 251 299 251 215 251 298 252 240 252 299 252 298 253 234 253 240 253 300 254 301 254 297 254 243 255 302 255 300 255 254 256 235 256 234 256 301 257 219 257 297 257 101 258 255 258 254 258 101 259 100 259 255 259 242 260 302 260 243 260 253 261 99 261 101 261 238 262 244 262 303 262 239 263 238 263 303 263 238 264 242 264 244 264 300 265 302 265 301 265 296 266 219 266 126 266 139 267 296 267 126 267 126 268 130 268 149 268 128 269 135 269 130 269 135 270 132 270 258 270 135 271 258 271 136 271 131 272 304 272 257 272 131 273 257 273 132 273 259 274 304 274 131 274 259 275 97 275 305 275 259 276 306 276 304 276 259 277 305 277 306 277 307 278 308 278 309 278 310 279 148 279 147 279 144 280 151 280 173 280 174 281 311 281 312 281 312 282 311 282 313 282 174 283 173 283 311 283 314 284 315 284 316 284 150 285 144 285 143 285 143 286 145 286 171 286 317 287 310 287 147 287 317 288 318 288 310 288 310 289 318 289 319 289 319 290 318 290 320 290 140 291 319 291 320 291 321 292 322 292 323 292 140 293 142 293 319 293 324 294 325 294 326 294 327 295 141 295 140 295 328 296 329 296 324 296 327 297 330 297 141 297 331 298 314 298 332 298 327 299 308 299 330 299 333 300 201 300 334 300 330 301 308 301 307 301 335 302 20 302 336 302 20 303 337 303 338 303 339 304 340 304 341 304 342 305 343 305 332 305 81 306 344 306 345 306 346 307 334 307 323 307 347 308 192 308 191 308 348 309 349 309 347 309 350 310 351 310 352 310 353 311 354 311 355 311 356 312 357 312 358 312 359 313 360 313 356 313 361 314 362 314 359 314 363 315 361 315 364 315 365 316 363 316 366 316 365 317 367 317 363 317 368 318 369 318 370 318 371 319 372 319 213 319 372 320 211 320 213 320 372 321 373 321 211 321 211 322 373 322 205 322 374 323 369 323 207 323 374 324 375 324 369 324 376 325 205 325 373 325 375 326 370 326 369 326 374 327 207 327 206 327 206 328 205 328 376 328 373 329 377 329 376 329 373 330 378 330 377 330 379 331 378 331 380 331 377 332 378 332 379 332 380 333 367 333 381 333 378 334 367 334 380 334 381 335 367 335 365 335 363 336 364 336 366 336 361 337 359 337 364 337 362 338 360 338 359 338 360 339 357 339 356 339 382 340 358 340 357 340 382 341 355 341 354 341 382 342 354 342 358 342 352 343 353 343 355 343 352 344 351 344 353 344 349 345 350 345 352 345 348 346 350 346 349 346 191 347 348 347 347 347 208 348 193 348 192 348 208 349 203 349 199 349 333 350 199 350 201 350 333 351 334 351 346 351 346 352 323 352 322 352 323 353 316 353 321 353 321 354 316 354 315 354 315 355 314 355 331 355 332 356 328 356 383 356 314 357 384 357 332 357 344 358 81 358 326 358 82 359 81 359 345 359 82 360 385 360 80 360 80 361 385 361 386 361 341 362 340 362 387 362 388 363 341 363 338 363 337 364 389 364 338 364 390 365 391 365 387 365 385 366 392 366 386 366 342 367 391 367 343 367 332 368 393 368 342 368 393 369 332 369 384 369 344 370 326 370 325 370 329 371 325 371 324 371 332 372 329 372 328 372 391 373 390 373 343 373 331 374 332 374 383 374 340 375 390 375 387 375 341 376 388 376 339 376 388 377 338 377 389 377 20 378 19 378 337 378 18 379 20 379 394 379 394 380 20 380 335 380 20 381 26 381 336 381 336 382 26 382 40 382 26 383 395 383 39 383 26 384 25 384 395 384 30 385 24 385 26 385 31 386 26 386 396 386 396 387 26 387 35 387 35 388 34 388 38 388 38 389 34 389 36 389 37 390 36 390 14 390 13 391 37 391 14 391 33 392 13 392 12 392 32 393 12 393 397 393 398 394 32 394 397 394 399 395 398 395 397 395 399 396 400 396 398 396 399 397 401 397 400 397 400 398 401 398 402 398 402 399 401 399 403 399 404 400 402 400 403 400 405 401 404 401 403 401 406 402 405 402 403 402 406 403 407 403 405 403 406 404 408 404 407 404 407 405 408 405 409 405 409 406 408 406 410 406 411 407 412 407 413 407 414 408 415 408 416 408 417 409 418 409 419 409 420 410 421 410 422 410 423 411 424 411 425 411 426 412 427 412 428 412 429 413 430 413 431 413 432 414 433 414 434 414 435 415 436 415 437 415 438 416 439 416 440 416 441 417 435 417 442 417 425 418 443 418 444 418 445 419 446 419 435 419 447 420 448 420 449 420 450 421 451 421 435 421 452 422 438 422 440 422 438 423 434 423 439 423 434 424 433 424 439 424 432 425 412 425 433 425 413 426 412 426 432 426 411 427 453 427 412 427 454 428 455 428 456 428 457 429 458 429 459 429 460 430 461 430 462 430 463 431 464 431 465 431 454 432 466 432 467 432 468 433 469 433 470 433 469 434 471 434 472 434 473 435 474 435 475 435 476 436 467 436 477 436 477 437 478 437 479 437 478 438 480 438 481 438 480 439 482 439 483 439 484 440 482 440 480 440 485 441 484 441 486 441 487 442 488 442 489 442 487 443 489 443 490 443 491 444 492 444 493 444 488 445 485 445 489 445 484 446 480 446 486 446 485 447 486 447 489 447 480 448 483 448 481 448 478 449 481 449 479 449 467 450 478 450 477 450 494 451 467 451 476 451 473 452 454 452 494 452 474 453 495 453 475 453 472 454 471 454 495 454 472 455 495 455 474 455 469 456 472 456 470 456 475 457 454 457 473 457 470 458 496 458 468 458 454 459 467 459 494 459 497 460 466 460 454 460 498 461 499 461 500 461 497 462 454 462 456 462 465 463 501 463 502 463 503 464 504 464 505 464 506 465 507 465 464 465 462 466 508 466 509 466 510 467 511 467 512 467 513 468 514 468 515 468 516 469 507 469 506 469 517 470 507 470 516 470 518 471 519 471 507 471 520 472 521 472 518 472 522 473 523 473 520 473 524 474 525 474 522 474 524 475 522 475 526 475 524 476 526 476 527 476 526 477 528 477 527 477 525 478 523 478 522 478 523 479 521 479 520 479 521 480 519 480 518 480 529 481 462 481 509 481 518 482 507 482 517 482 530 483 509 483 531 483 509 484 532 484 529 484 533 485 534 485 535 485 536 486 537 486 538 486 539 487 537 487 540 487 537 488 541 488 540 488 542 489 543 489 544 489 542 490 544 490 545 490 546 491 547 491 541 491 544 492 548 492 545 492 537 493 549 493 550 493 551 494 552 494 553 494 537 495 539 495 538 495 554 496 555 496 556 496 536 497 538 497 557 497 558 498 559 498 554 498 560 499 537 499 550 499 561 500 562 500 555 500 536 501 563 501 564 501 557 502 563 502 536 502 565 503 564 503 563 503 566 504 564 504 565 504 567 505 568 505 566 505 569 506 570 506 568 506 571 507 572 507 573 507 574 508 575 508 576 508 577 509 574 509 578 509 579 510 580 510 581 510 582 511 558 511 554 511 581 512 577 512 583 512 584 513 585 513 555 513 577 514 586 514 587 514 588 515 589 515 590 515 591 516 592 516 593 516 593 517 594 517 595 517 594 518 596 518 595 518 592 519 594 519 593 519 597 520 595 520 596 520 597 521 596 521 598 521 597 522 598 522 599 522 598 523 600 523 599 523 600 524 601 524 599 524 602 525 603 525 604 525 605 526 606 526 601 526 606 527 607 527 608 527 607 528 609 528 608 528 610 529 611 529 612 529 591 530 593 530 613 530 614 531 612 531 611 531 591 532 613 532 615 532 616 533 617 533 618 533 614 534 603 534 619 534 606 535 608 535 601 535 605 536 601 536 600 536 613 537 620 537 615 537 588 538 590 538 620 538 620 539 590 539 615 539 621 540 589 540 588 540 586 541 589 541 621 541 586 542 621 542 587 542 577 543 587 543 583 543 579 544 581 544 583 544 581 545 574 545 577 545 574 546 576 546 578 546 573 547 575 547 574 547 572 548 575 548 573 548 622 549 623 549 624 549 625 550 572 550 571 550 625 551 571 551 570 551 625 552 570 552 569 552 569 553 568 553 567 553 568 554 564 554 566 554 626 555 627 555 628 555 629 556 630 556 631 556 629 557 631 557 632 557 633 558 533 558 634 558 630 559 537 559 631 559 635 560 535 560 534 560 636 561 632 561 637 561 637 562 638 562 639 562 632 563 638 563 637 563 640 564 641 564 636 564 633 565 634 565 642 565 514 566 643 566 644 566 514 567 644 567 515 567 513 568 515 568 633 568 513 569 633 569 642 569 645 570 646 570 647 570 648 571 649 571 650 571 647 572 651 572 645 572 634 573 533 573 535 573 535 574 635 574 640 574 635 575 641 575 640 575 641 576 629 576 636 576 629 577 632 577 636 577 627 578 626 578 652 578 653 579 654 579 655 579 656 580 657 580 658 580 659 581 660 581 661 581 662 582 661 582 656 582 662 583 659 583 661 583 662 584 656 584 658 584 658 585 657 585 663 585 657 586 664 586 663 586 664 587 512 587 663 587 512 588 648 588 663 588 663 589 648 589 650 589 646 590 665 590 666 590 667 591 627 591 652 591 543 592 668 592 669 592 530 593 670 593 509 593 667 594 532 594 509 594 508 595 531 595 509 595 460 596 462 596 529 596 461 597 671 597 462 597 671 598 507 598 462 598 464 599 507 599 671 599 463 600 506 600 464 600 504 601 503 601 672 601 502 602 463 602 465 602 503 603 673 603 674 603 673 604 675 604 674 604 501 605 505 605 676 605 676 606 677 606 499 606 678 607 679 607 680 607 679 608 681 608 680 608 682 609 681 609 679 609 499 610 498 610 678 610 682 611 683 611 684 611 683 612 685 612 684 612 686 613 675 613 673 613 499 614 677 614 500 614 503 615 674 615 672 615 504 616 676 616 505 616 499 617 502 617 676 617 676 618 502 618 501 618 687 619 688 619 678 619 689 620 690 620 691 620 678 621 455 621 454 621 689 622 691 622 692 622 455 623 693 623 456 623 693 624 694 624 456 624 695 625 420 625 456 625 457 626 696 626 458 626 696 627 419 627 458 627 459 628 458 628 420 628 422 629 697 629 420 629 692 630 691 630 685 630 420 631 697 631 459 631 692 632 685 632 683 632 695 633 456 633 694 633 679 634 683 634 682 634 698 635 679 635 678 635 698 636 678 636 688 636 678 637 498 637 687 637 499 638 678 638 454 638 421 639 420 639 695 639 696 640 417 640 419 640 417 641 699 641 418 641 700 642 699 642 701 642 700 643 418 643 699 643 700 644 701 644 428 644 701 645 426 645 428 645 428 646 427 646 411 646 427 647 702 647 411 647 702 648 453 648 411 648 703 649 453 649 702 649 703 650 702 650 415 650 703 651 415 651 414 651 414 652 416 652 704 652 416 653 705 653 704 653 706 654 705 654 416 654 630 655 707 655 708 655 667 656 652 656 532 656 626 657 628 657 709 657 628 658 710 658 709 658 710 659 651 659 709 659 651 660 647 660 709 660 707 661 711 661 712 661 712 662 713 662 654 662 647 663 646 663 666 663 707 664 630 664 711 664 666 665 665 665 510 665 665 666 511 666 510 666 654 667 713 667 655 667 510 668 512 668 664 668 714 669 653 669 649 669 714 670 649 670 648 670 653 671 655 671 649 671 711 672 713 672 712 672 537 673 630 673 708 673 537 674 708 674 549 674 560 675 541 675 537 675 541 676 547 676 540 676 668 677 543 677 547 677 546 678 668 678 547 678 669 679 715 679 544 679 543 680 669 680 544 680 544 681 715 681 670 681 716 682 509 682 670 682 715 683 717 683 670 683 717 684 716 684 670 684 718 685 719 685 720 685 559 686 558 686 721 686 585 687 561 687 555 687 722 688 723 688 584 688 724 689 723 689 722 689 723 690 585 690 584 690 725 691 726 691 727 691 556 692 555 692 562 692 582 693 554 693 556 693 559 694 721 694 728 694 721 695 729 695 728 695 730 696 729 696 721 696 731 697 729 697 730 697 731 698 730 698 553 698 732 699 733 699 734 699 730 700 551 700 553 700 735 701 736 701 737 701 553 702 552 702 738 702 737 703 739 703 740 703 552 704 741 704 738 704 742 705 727 705 743 705 741 706 719 706 738 706 744 707 610 707 745 707 720 708 719 708 741 708 746 709 429 709 747 709 748 710 749 710 429 710 750 711 751 711 752 711 742 712 753 712 754 712 755 713 756 713 492 713 732 714 744 714 757 714 604 715 603 715 758 715 758 716 759 716 760 716 761 717 762 717 763 717 764 718 765 718 766 718 767 719 768 719 769 719 769 720 770 720 771 720 771 721 772 721 773 721 774 722 773 722 775 722 776 723 775 723 777 723 775 724 778 724 777 724 779 725 780 725 781 725 622 726 782 726 783 726 622 727 624 727 782 727 624 728 784 728 782 728 618 729 784 729 624 729 616 730 780 730 785 730 780 731 786 731 785 731 784 732 618 732 787 732 780 733 779 733 786 733 617 734 616 734 785 734 787 735 618 735 617 735 787 736 788 736 784 736 788 737 789 737 784 737 790 738 789 738 791 738 791 739 789 739 788 739 792 740 778 740 790 740 790 741 778 741 789 741 777 742 778 742 792 742 776 743 774 743 775 743 774 744 771 744 773 744 771 745 770 745 772 745 769 746 768 746 770 746 768 747 767 747 793 747 765 748 764 748 793 748 767 749 765 749 793 749 764 750 766 750 761 750 766 751 762 751 761 751 761 752 763 752 759 752 759 753 763 753 760 753 758 754 760 754 604 754 603 755 602 755 619 755 612 756 614 756 619 756 610 757 612 757 745 757 757 758 744 758 745 758 733 759 732 759 757 759 734 760 725 760 732 760 726 761 725 761 734 761 743 762 727 762 726 762 794 763 740 763 742 763 742 764 795 764 727 764 735 765 492 765 756 765 755 766 492 766 491 766 493 767 796 767 491 767 797 768 796 768 493 768 798 769 751 769 750 769 748 770 750 770 799 770 748 771 800 771 749 771 798 772 801 772 802 772 797 773 803 773 796 773 753 774 801 774 754 774 754 775 804 775 742 775 795 776 742 776 804 776 736 777 735 777 756 777 737 778 736 778 739 778 740 779 739 779 742 779 753 780 802 780 801 780 794 781 742 781 743 781 798 782 802 782 751 782 752 783 799 783 750 783 800 784 748 784 799 784 749 785 430 785 429 785 805 786 429 786 431 786 747 787 429 787 805 787 746 788 435 788 429 788 450 789 435 789 746 789 451 790 806 790 435 790 806 791 436 791 435 791 435 792 437 792 442 792 807 793 435 793 441 793 445 794 435 794 807 794 447 795 446 795 445 795 449 796 446 796 447 796 423 797 449 797 448 797 423 798 448 798 424 798 425 799 424 799 443 799 808 800 425 800 444 800 808 801 444 801 809 801 808 802 809 802 810 802 809 803 811 803 810 803 811 804 812 804 810 804 813 805 812 805 811 805 814 806 812 806 813 806 814 807 813 807 815 807 814 808 815 808 816 808 814 809 816 809 817 809 816 810 818 810 817 810 818 811 819 811 817 811 820 812 819 812 818 812 821 813 819 813 820 813 293 814 705 814 294 814 293 815 704 815 705 815 5 816 704 816 293 816 5 817 414 817 704 817 292 818 414 818 5 818 292 819 703 819 414 819 42 820 703 820 292 820 42 821 453 821 703 821 1 822 453 822 42 822 1 823 412 823 453 823 22 824 412 824 1 824 22 825 433 825 412 825 28 826 433 826 22 826 28 827 439 827 433 827 27 828 439 828 28 828 27 829 440 829 439 829 41 830 440 830 27 830 41 831 452 831 440 831 29 832 452 832 41 832 29 833 438 833 452 833 21 834 438 834 29 834 21 835 434 835 438 835 23 836 434 836 21 836 23 837 432 837 434 837 0 838 432 838 23 838 0 839 413 839 432 839 2 840 413 840 0 840 2 841 411 841 413 841 15 842 411 842 2 842 15 843 428 843 411 843 290 844 428 844 15 844 290 845 700 845 428 845 7 846 700 846 290 846 7 847 418 847 700 847 6 848 418 848 7 848 6 849 419 849 418 849 47 850 419 850 6 850 47 851 458 851 419 851 11 852 458 852 47 852 11 853 420 853 458 853 43 854 420 854 11 854 43 855 456 855 420 855 86 856 456 856 43 856 86 857 497 857 456 857 56 858 497 858 86 858 56 859 466 859 497 859 55 860 466 860 56 860 55 861 467 861 466 861 68 862 467 862 55 862 68 863 478 863 467 863 70 864 478 864 68 864 70 865 480 865 478 865 74 866 480 866 70 866 74 867 486 867 480 867 76 868 486 868 74 868 76 869 489 869 486 869 79 870 489 870 76 870 79 871 490 871 489 871 78 872 490 872 79 872 78 873 487 873 490 873 77 874 487 874 78 874 77 875 488 875 487 875 75 876 488 876 77 876 75 877 485 877 488 877 73 878 485 878 75 878 73 879 484 879 485 879 72 880 484 880 73 880 72 881 482 881 484 881 71 882 482 882 72 882 71 883 483 883 482 883 69 884 483 884 71 884 69 885 481 885 483 885 67 886 481 886 69 886 67 887 479 887 481 887 65 888 479 888 67 888 65 889 477 889 479 889 66 890 477 890 65 890 66 891 476 891 477 891 83 892 476 892 66 892 83 893 494 893 476 893 64 894 494 894 83 894 64 895 473 895 494 895 63 896 473 896 64 896 63 897 474 897 473 897 60 898 474 898 63 898 60 899 472 899 474 899 57 900 472 900 60 900 57 901 470 901 472 901 85 902 470 902 57 902 85 903 496 903 470 903 59 904 496 904 85 904 59 905 468 905 496 905 58 906 468 906 59 906 58 907 469 907 468 907 61 908 469 908 58 908 61 909 471 909 469 909 84 910 471 910 61 910 84 911 495 911 471 911 62 912 495 912 84 912 62 913 475 913 495 913 45 914 475 914 62 914 45 915 454 915 475 915 88 916 454 916 45 916 88 917 499 917 454 917 90 918 499 918 88 918 90 919 502 919 499 919 54 920 502 920 90 920 54 921 463 921 502 921 96 922 463 922 54 922 96 923 506 923 463 923 105 924 506 924 96 924 105 925 516 925 506 925 106 926 516 926 105 926 106 927 517 927 516 927 108 928 517 928 106 928 108 929 518 929 517 929 110 930 518 930 108 930 110 931 520 931 518 931 112 932 520 932 110 932 112 933 522 933 520 933 115 934 522 934 112 934 115 935 526 935 522 935 117 936 526 936 115 936 117 937 528 937 526 937 116 938 528 938 117 938 116 939 527 939 528 939 114 940 527 940 116 940 114 941 524 941 527 941 113 942 524 942 114 942 113 943 525 943 524 943 111 944 525 944 113 944 111 945 523 945 525 945 109 946 523 946 111 946 109 947 521 947 523 947 107 948 521 948 109 948 107 949 519 949 521 949 95 950 519 950 107 950 95 951 507 951 519 951 49 952 507 952 95 952 49 953 462 953 507 953 98 954 462 954 49 954 98 955 508 955 462 955 119 956 508 956 98 956 119 957 531 957 508 957 120 958 531 958 119 958 120 959 530 959 531 959 259 960 530 960 120 960 259 961 670 961 530 961 131 962 670 962 259 962 131 963 544 963 670 963 137 964 544 964 131 964 137 965 548 965 544 965 134 966 548 966 137 966 134 967 545 967 548 967 133 968 545 968 134 968 133 969 542 969 545 969 132 970 542 970 133 970 132 971 543 971 542 971 135 972 543 972 132 972 135 973 547 973 543 973 128 974 547 974 135 974 128 975 540 975 547 975 129 976 540 976 128 976 129 977 539 977 540 977 125 978 539 978 129 978 125 979 538 979 539 979 146 980 538 980 125 980 146 981 557 981 538 981 153 982 557 982 146 982 153 983 563 983 557 983 154 984 563 984 153 984 154 985 565 985 563 985 155 986 565 986 154 986 155 987 566 987 565 987 157 988 566 988 155 988 157 989 567 989 566 989 159 990 567 990 157 990 159 991 569 991 567 991 214 992 569 992 159 992 214 993 625 993 569 993 161 994 625 994 214 994 161 995 572 995 625 995 164 996 572 996 161 996 164 997 575 997 572 997 163 998 575 998 164 998 163 999 576 999 575 999 166 1000 576 1000 163 1000 166 1001 578 1001 576 1001 167 1002 578 1002 166 1002 167 1003 577 1003 578 1003 176 1004 577 1004 167 1004 176 1005 586 1005 577 1005 178 1006 586 1006 176 1006 178 1007 589 1007 586 1007 177 1008 589 1008 178 1008 177 1009 590 1009 589 1009 204 1010 590 1010 177 1010 204 1011 615 1011 590 1011 182 1012 615 1012 204 1012 182 1013 591 1013 615 1013 181 1014 591 1014 182 1014 181 1015 592 1015 591 1015 184 1016 592 1016 181 1016 184 1017 594 1017 592 1017 185 1018 594 1018 184 1018 185 1019 596 1019 594 1019 187 1020 596 1020 185 1020 187 1021 598 1021 596 1021 189 1022 598 1022 187 1022 189 1023 600 1023 598 1023 195 1024 600 1024 189 1024 195 1025 605 1025 600 1025 194 1026 605 1026 195 1026 194 1027 606 1027 605 1027 197 1028 606 1028 194 1028 197 1029 607 1029 606 1029 198 1030 607 1030 197 1030 198 1031 609 1031 607 1031 196 1032 609 1032 198 1032 196 1033 608 1033 609 1033 190 1034 608 1034 196 1034 190 1035 601 1035 608 1035 188 1036 601 1036 190 1036 188 1037 599 1037 601 1037 186 1038 599 1038 188 1038 186 1039 597 1039 599 1039 183 1040 597 1040 186 1040 183 1041 595 1041 597 1041 180 1042 595 1042 183 1042 180 1043 593 1043 595 1043 202 1044 593 1044 180 1044 202 1045 613 1045 593 1045 209 1046 613 1046 202 1046 209 1047 620 1047 613 1047 179 1048 620 1048 209 1048 179 1049 588 1049 620 1049 210 1050 588 1050 179 1050 210 1051 621 1051 588 1051 175 1052 621 1052 210 1052 175 1053 587 1053 621 1053 172 1054 587 1054 175 1054 172 1055 583 1055 587 1055 170 1056 583 1056 172 1056 170 1057 579 1057 583 1057 169 1058 579 1058 170 1058 169 1059 580 1059 579 1059 168 1060 580 1060 169 1060 168 1061 581 1061 580 1061 165 1062 581 1062 168 1062 165 1063 574 1063 581 1063 160 1064 574 1064 165 1064 160 1065 573 1065 574 1065 162 1066 573 1066 160 1066 162 1067 571 1067 573 1067 158 1068 571 1068 162 1068 158 1069 570 1069 571 1069 156 1070 570 1070 158 1070 156 1071 568 1071 570 1071 152 1072 568 1072 156 1072 152 1073 564 1073 568 1073 127 1074 564 1074 152 1074 127 1075 536 1075 564 1075 126 1076 536 1076 127 1076 126 1077 537 1077 536 1077 218 1078 537 1078 126 1078 218 1079 631 1079 537 1079 221 1080 631 1080 218 1080 221 1081 632 1081 631 1081 228 1082 632 1082 221 1082 228 1083 638 1083 632 1083 227 1084 638 1084 228 1084 227 1085 639 1085 638 1085 225 1086 639 1086 227 1086 225 1087 637 1087 639 1087 226 1088 637 1088 225 1088 226 1089 636 1089 637 1089 230 1090 636 1090 226 1090 230 1091 640 1091 636 1091 122 1092 640 1092 230 1092 122 1093 535 1093 640 1093 222 1094 535 1094 122 1094 222 1095 634 1095 535 1095 231 1096 634 1096 222 1096 231 1097 642 1097 634 1097 104 1098 642 1098 231 1098 104 1099 513 1099 642 1099 103 1100 513 1100 104 1100 103 1101 514 1101 513 1101 233 1102 514 1102 103 1102 233 1103 643 1103 514 1103 232 1104 643 1104 233 1104 232 1105 644 1105 643 1105 102 1106 644 1106 232 1106 102 1107 515 1107 644 1107 223 1108 515 1108 102 1108 223 1109 633 1109 515 1109 124 1110 633 1110 223 1110 124 1111 533 1111 633 1111 123 1112 533 1112 124 1112 123 1113 534 1113 533 1113 224 1114 534 1114 123 1114 224 1115 635 1115 534 1115 229 1116 635 1116 224 1116 229 1117 641 1117 635 1117 220 1118 641 1118 229 1118 220 1119 629 1119 641 1119 219 1120 629 1120 220 1120 219 1121 630 1121 629 1121 301 1122 630 1122 219 1122 301 1123 711 1123 630 1123 302 1124 711 1124 301 1124 302 1125 713 1125 711 1125 242 1126 713 1126 302 1126 242 1127 655 1127 713 1127 238 1128 655 1128 242 1128 238 1129 649 1129 655 1129 237 1130 649 1130 238 1130 237 1131 650 1131 649 1131 252 1132 650 1132 237 1132 252 1133 663 1133 650 1133 245 1134 663 1134 252 1134 245 1135 658 1135 663 1135 251 1136 658 1136 245 1136 251 1137 662 1137 658 1137 250 1138 662 1138 251 1138 250 1139 659 1139 662 1139 249 1140 659 1140 250 1140 249 1141 660 1141 659 1141 248 1142 660 1142 249 1142 248 1143 661 1143 660 1143 247 1144 661 1144 248 1144 247 1145 656 1145 661 1145 246 1146 656 1146 247 1146 246 1147 657 1147 656 1147 253 1148 657 1148 246 1148 253 1149 664 1149 657 1149 101 1150 664 1150 253 1150 101 1151 510 1151 664 1151 254 1152 510 1152 101 1152 254 1153 666 1153 510 1153 234 1154 666 1154 254 1154 234 1155 647 1155 666 1155 298 1156 647 1156 234 1156 298 1157 709 1157 647 1157 217 1158 709 1158 298 1158 217 1159 626 1159 709 1159 241 1160 626 1160 217 1160 241 1161 652 1161 626 1161 121 1162 652 1162 241 1162 121 1163 532 1163 652 1163 118 1164 532 1164 121 1164 118 1165 529 1165 532 1165 51 1166 529 1166 118 1166 51 1167 460 1167 529 1167 50 1168 460 1168 51 1168 50 1169 461 1169 460 1169 260 1170 461 1170 50 1170 260 1171 671 1171 461 1171 53 1172 671 1172 260 1172 53 1173 464 1173 671 1173 52 1174 464 1174 53 1174 52 1175 465 1175 464 1175 91 1176 465 1176 52 1176 91 1177 501 1177 465 1177 92 1178 501 1178 91 1178 92 1179 505 1179 501 1179 94 1180 505 1180 92 1180 94 1181 503 1181 505 1181 263 1182 503 1182 94 1182 263 1183 673 1183 503 1183 275 1184 673 1184 263 1184 275 1185 686 1185 673 1185 264 1186 686 1186 275 1186 264 1187 675 1187 686 1187 262 1188 675 1188 264 1188 262 1189 674 1189 675 1189 261 1190 674 1190 262 1190 261 1191 672 1191 674 1191 93 1192 672 1192 261 1192 93 1193 504 1193 672 1193 265 1194 504 1194 93 1194 265 1195 676 1195 504 1195 266 1196 676 1196 265 1196 266 1197 677 1197 676 1197 87 1198 677 1198 266 1198 87 1199 500 1199 677 1199 89 1200 500 1200 87 1200 89 1201 498 1201 500 1201 277 1202 498 1202 89 1202 277 1203 687 1203 498 1203 276 1204 687 1204 277 1204 276 1205 688 1205 687 1205 287 1206 688 1206 276 1206 287 1207 698 1207 688 1207 268 1208 698 1208 287 1208 268 1209 679 1209 698 1209 273 1210 679 1210 268 1210 273 1211 683 1211 679 1211 281 1212 683 1212 273 1212 281 1213 692 1213 683 1213 280 1214 692 1214 281 1214 280 1215 689 1215 692 1215 279 1216 689 1216 280 1216 279 1217 690 1217 689 1217 278 1218 690 1218 279 1218 278 1219 691 1219 690 1219 274 1220 691 1220 278 1220 274 1221 685 1221 691 1221 272 1222 685 1222 274 1222 272 1223 684 1223 685 1223 271 1224 684 1224 272 1224 271 1225 682 1225 684 1225 270 1226 682 1226 271 1226 270 1227 681 1227 682 1227 267 1228 681 1228 270 1228 267 1229 680 1229 681 1229 269 1230 680 1230 267 1230 269 1231 678 1231 680 1231 44 1232 678 1232 269 1232 44 1233 455 1233 678 1233 282 1234 455 1234 44 1234 282 1235 693 1235 455 1235 283 1236 693 1236 282 1236 283 1237 694 1237 693 1237 284 1238 694 1238 283 1238 284 1239 695 1239 694 1239 10 1240 695 1240 284 1240 10 1241 421 1241 695 1241 9 1242 421 1242 10 1242 9 1243 422 1243 421 1243 286 1244 422 1244 9 1244 286 1245 697 1245 422 1245 46 1246 697 1246 286 1246 46 1247 459 1247 697 1247 48 1248 459 1248 46 1248 48 1249 457 1249 459 1249 285 1250 457 1250 48 1250 285 1251 696 1251 457 1251 8 1252 696 1252 285 1252 8 1253 417 1253 696 1253 288 1254 417 1254 8 1254 288 1255 699 1255 417 1255 289 1256 699 1256 288 1256 289 1257 701 1257 699 1257 17 1258 701 1258 289 1258 17 1259 426 1259 701 1259 16 1260 426 1260 17 1260 16 1261 427 1261 426 1261 291 1262 427 1262 16 1262 291 1263 702 1263 427 1263 4 1264 702 1264 291 1264 4 1265 415 1265 702 1265 3 1266 415 1266 4 1266 3 1267 416 1267 415 1267 295 1268 416 1268 3 1268 295 1269 706 1269 416 1269 294 1270 706 1270 295 1270 294 1271 705 1271 706 1271 216 1272 627 1272 256 1272 667 1273 256 1273 627 1273 215 1274 628 1274 216 1274 627 1275 216 1275 628 1275 299 1276 710 1276 215 1276 628 1277 215 1277 710 1277 240 1278 651 1278 299 1278 710 1279 299 1279 651 1279 236 1280 645 1280 240 1280 651 1281 240 1281 645 1281 235 1282 646 1282 236 1282 645 1283 236 1283 646 1283 255 1284 665 1284 235 1284 646 1285 235 1285 665 1285 100 1286 511 1286 255 1286 665 1287 255 1287 511 1287 99 1288 512 1288 100 1288 511 1289 100 1289 512 1289 239 1290 648 1290 99 1290 512 1291 99 1291 648 1291 303 1292 714 1292 239 1292 648 1293 239 1293 714 1293 244 1294 653 1294 303 1294 714 1295 303 1295 653 1295 243 1296 654 1296 244 1296 653 1297 244 1297 654 1297 300 1298 712 1298 243 1298 654 1299 243 1299 712 1299 297 1300 707 1300 300 1300 712 1301 300 1301 707 1301 296 1302 708 1302 297 1302 707 1303 297 1303 708 1303 139 1304 549 1304 296 1304 708 1305 296 1305 549 1305 138 1306 550 1306 139 1306 549 1307 139 1307 550 1307 149 1308 560 1308 138 1308 550 1309 138 1309 560 1309 130 1310 541 1310 149 1310 560 1311 149 1311 541 1311 136 1312 546 1312 130 1312 541 1313 130 1313 546 1313 258 1314 668 1314 136 1314 546 1315 136 1315 668 1315 257 1316 669 1316 258 1316 668 1317 258 1317 669 1317 304 1318 715 1318 257 1318 669 1319 257 1319 715 1319 306 1320 717 1320 304 1320 715 1321 304 1321 717 1321 305 1322 716 1322 306 1322 717 1323 306 1323 716 1323 97 1324 509 1324 305 1324 716 1325 305 1325 509 1325 256 1326 667 1326 97 1326 509 1327 97 1327 667 1327 308 1328 718 1328 309 1328 308 1329 719 1329 718 1329 327 1330 719 1330 308 1330 327 1331 738 1331 719 1331 140 1332 738 1332 327 1332 140 1333 553 1333 738 1333 320 1334 553 1334 140 1334 320 1335 731 1335 553 1335 318 1336 731 1336 320 1336 318 1337 729 1337 731 1337 317 1338 729 1338 318 1338 317 1339 728 1339 729 1339 147 1340 728 1340 317 1340 147 1341 559 1341 728 1341 145 1342 559 1342 147 1342 145 1343 554 1343 559 1343 144 1344 554 1344 145 1344 144 1345 555 1345 554 1345 174 1346 555 1346 144 1346 174 1347 584 1347 555 1347 312 1348 584 1348 174 1348 312 1349 722 1349 584 1349 313 1350 722 1350 312 1350 313 1351 724 1351 722 1351 311 1352 724 1352 313 1352 311 1353 723 1353 724 1353 173 1354 723 1354 311 1354 173 1355 585 1355 723 1355 151 1356 585 1356 173 1356 151 1357 561 1357 585 1357 150 1358 561 1358 151 1358 150 1359 562 1359 561 1359 143 1360 562 1360 150 1360 143 1361 556 1361 562 1361 171 1362 556 1362 143 1362 171 1363 582 1363 556 1363 148 1364 582 1364 171 1364 148 1365 558 1365 582 1365 310 1366 558 1366 148 1366 310 1367 721 1367 558 1367 319 1368 721 1368 310 1368 319 1369 730 1369 721 1369 142 1370 730 1370 319 1370 142 1371 551 1371 730 1371 141 1372 551 1372 142 1372 141 1373 552 1373 551 1373 330 1374 552 1374 141 1374 330 1375 741 1375 552 1375 307 1376 741 1376 330 1376 307 1377 720 1377 741 1377 309 1378 720 1378 307 1378 309 1379 718 1379 720 1379 406 1380 819 1380 408 1380 406 1381 817 1381 819 1381 403 1382 817 1382 406 1382 403 1383 814 1383 817 1383 401 1384 814 1384 403 1384 401 1385 812 1385 814 1385 399 1386 812 1386 401 1386 399 1387 810 1387 812 1387 397 1388 810 1388 399 1388 397 1389 808 1389 810 1389 12 1390 808 1390 397 1390 12 1391 425 1391 808 1391 14 1392 425 1392 12 1392 14 1393 423 1393 425 1393 36 1394 423 1394 14 1394 36 1395 449 1395 423 1395 34 1396 449 1396 36 1396 34 1397 446 1397 449 1397 26 1398 446 1398 34 1398 26 1399 435 1399 446 1399 20 1400 435 1400 26 1400 20 1401 429 1401 435 1401 338 1402 429 1402 20 1402 338 1403 748 1403 429 1403 341 1404 748 1404 338 1404 341 1405 750 1405 748 1405 387 1406 750 1406 341 1406 387 1407 798 1407 750 1407 391 1408 798 1408 387 1408 391 1409 801 1409 798 1409 342 1410 801 1410 391 1410 342 1411 754 1411 801 1411 393 1412 754 1412 342 1412 393 1413 804 1413 754 1413 384 1414 804 1414 393 1414 384 1415 795 1415 804 1415 314 1416 795 1416 384 1416 314 1417 727 1417 795 1417 316 1418 727 1418 314 1418 316 1419 725 1419 727 1419 323 1420 725 1420 316 1420 323 1421 732 1421 725 1421 334 1422 732 1422 323 1422 334 1423 744 1423 732 1423 201 1424 744 1424 334 1424 201 1425 610 1425 744 1425 200 1426 610 1426 201 1426 200 1427 611 1427 610 1427 203 1428 611 1428 200 1428 203 1429 614 1429 611 1429 192 1430 614 1430 203 1430 192 1431 603 1431 614 1431 347 1432 603 1432 192 1432 347 1433 758 1433 603 1433 349 1434 758 1434 347 1434 349 1435 759 1435 758 1435 352 1436 759 1436 349 1436 352 1437 761 1437 759 1437 355 1438 761 1438 352 1438 355 1439 764 1439 761 1439 382 1440 764 1440 355 1440 382 1441 793 1441 764 1441 357 1442 793 1442 382 1442 357 1443 768 1443 793 1443 360 1444 768 1444 357 1444 360 1445 770 1445 768 1445 362 1446 770 1446 360 1446 362 1447 772 1447 770 1447 361 1448 772 1448 362 1448 361 1449 773 1449 772 1449 363 1450 773 1450 361 1450 363 1451 775 1451 773 1451 367 1452 775 1452 363 1452 367 1453 778 1453 775 1453 378 1454 778 1454 367 1454 378 1455 789 1455 778 1455 373 1456 789 1456 378 1456 373 1457 784 1457 789 1457 372 1458 784 1458 373 1458 372 1459 782 1459 784 1459 371 1460 782 1460 372 1460 371 1461 783 1461 782 1461 213 1462 783 1462 371 1462 213 1463 622 1463 783 1463 212 1464 622 1464 213 1464 212 1465 623 1465 622 1465 211 1466 623 1466 212 1466 211 1467 624 1467 623 1467 205 1468 624 1468 211 1468 205 1469 618 1469 624 1469 207 1470 618 1470 205 1470 207 1471 616 1471 618 1471 369 1472 616 1472 207 1472 369 1473 780 1473 616 1473 368 1474 780 1474 369 1474 368 1475 781 1475 780 1475 370 1476 781 1476 368 1476 370 1477 779 1477 781 1477 375 1478 779 1478 370 1478 375 1479 786 1479 779 1479 374 1480 786 1480 375 1480 374 1481 785 1481 786 1481 206 1482 785 1482 374 1482 206 1483 617 1483 785 1483 376 1484 617 1484 206 1484 376 1485 787 1485 617 1485 377 1486 787 1486 376 1486 377 1487 788 1487 787 1487 379 1488 788 1488 377 1488 379 1489 791 1489 788 1489 380 1490 791 1490 379 1490 380 1491 790 1491 791 1491 381 1492 790 1492 380 1492 381 1493 792 1493 790 1493 365 1494 792 1494 381 1494 365 1495 777 1495 792 1495 366 1496 777 1496 365 1496 366 1497 776 1497 777 1497 364 1498 776 1498 366 1498 364 1499 774 1499 776 1499 359 1500 774 1500 364 1500 359 1501 771 1501 774 1501 356 1502 771 1502 359 1502 356 1503 769 1503 771 1503 358 1504 769 1504 356 1504 358 1505 767 1505 769 1505 354 1506 767 1506 358 1506 354 1507 765 1507 767 1507 353 1508 765 1508 354 1508 353 1509 766 1509 765 1509 351 1510 766 1510 353 1510 351 1511 762 1511 766 1511 350 1512 762 1512 351 1512 350 1513 763 1513 762 1513 348 1514 763 1514 350 1514 348 1515 760 1515 763 1515 191 1516 760 1516 348 1516 191 1517 604 1517 760 1517 193 1518 604 1518 191 1518 193 1519 602 1519 604 1519 208 1520 602 1520 193 1520 208 1521 619 1521 602 1521 199 1522 619 1522 208 1522 199 1523 612 1523 619 1523 333 1524 612 1524 199 1524 333 1525 745 1525 612 1525 346 1526 745 1526 333 1526 346 1527 757 1527 745 1527 322 1528 757 1528 346 1528 322 1529 733 1529 757 1529 321 1530 733 1530 322 1530 321 1531 734 1531 733 1531 315 1532 734 1532 321 1532 315 1533 726 1533 734 1533 331 1534 726 1534 315 1534 331 1535 743 1535 726 1535 383 1536 743 1536 331 1536 383 1537 794 1537 743 1537 328 1538 794 1538 383 1538 328 1539 740 1539 794 1539 324 1540 740 1540 328 1540 324 1541 737 1541 740 1541 326 1542 737 1542 324 1542 326 1543 735 1543 737 1543 81 1544 735 1544 326 1544 81 1545 492 1545 735 1545 80 1546 492 1546 81 1546 80 1547 493 1547 492 1547 386 1548 493 1548 80 1548 386 1549 797 1549 493 1549 392 1550 797 1550 386 1550 392 1551 803 1551 797 1551 385 1552 803 1552 392 1552 385 1553 796 1553 803 1553 82 1554 796 1554 385 1554 82 1555 491 1555 796 1555 345 1556 491 1556 82 1556 345 1557 755 1557 491 1557 344 1558 755 1558 345 1558 344 1559 756 1559 755 1559 325 1560 756 1560 344 1560 325 1561 736 1561 756 1561 329 1562 736 1562 325 1562 329 1563 739 1563 736 1563 332 1564 739 1564 329 1564 332 1565 742 1565 739 1565 343 1566 742 1566 332 1566 343 1567 753 1567 742 1567 390 1568 753 1568 343 1568 390 1569 802 1569 753 1569 340 1570 802 1570 390 1570 340 1571 751 1571 802 1571 339 1572 751 1572 340 1572 339 1573 752 1573 751 1573 388 1574 752 1574 339 1574 388 1575 799 1575 752 1575 389 1576 799 1576 388 1576 389 1577 800 1577 799 1577 337 1578 800 1578 389 1578 337 1579 749 1579 800 1579 19 1580 749 1580 337 1580 19 1581 430 1581 749 1581 18 1582 430 1582 19 1582 18 1583 431 1583 430 1583 394 1584 431 1584 18 1584 394 1585 805 1585 431 1585 335 1586 805 1586 394 1586 335 1587 747 1587 805 1587 336 1588 747 1588 335 1588 336 1589 746 1589 747 1589 40 1590 746 1590 336 1590 40 1591 450 1591 746 1591 39 1592 450 1592 40 1592 39 1593 451 1593 450 1593 395 1594 451 1594 39 1594 395 1595 806 1595 451 1595 25 1596 806 1596 395 1596 25 1597 436 1597 806 1597 24 1598 436 1598 25 1598 24 1599 437 1599 436 1599 30 1600 437 1600 24 1600 30 1601 442 1601 437 1601 31 1602 442 1602 30 1602 31 1603 441 1603 442 1603 396 1604 441 1604 31 1604 396 1605 807 1605 441 1605 35 1606 807 1606 396 1606 35 1607 445 1607 807 1607 38 1608 445 1608 35 1608 38 1609 447 1609 445 1609 37 1610 447 1610 38 1610 37 1611 448 1611 447 1611 13 1612 448 1612 37 1612 13 1613 424 1613 448 1613 33 1614 424 1614 13 1614 33 1615 443 1615 424 1615 32 1616 443 1616 33 1616 32 1617 444 1617 443 1617 398 1618 444 1618 32 1618 398 1619 809 1619 444 1619 400 1620 809 1620 398 1620 400 1621 811 1621 809 1621 402 1622 811 1622 400 1622 402 1623 813 1623 811 1623 404 1624 813 1624 402 1624 404 1625 815 1625 813 1625 405 1626 815 1626 404 1626 405 1627 816 1627 815 1627 407 1628 816 1628 405 1628 407 1629 818 1629 816 1629 409 1630 818 1630 407 1630 409 1631 820 1631 818 1631 410 1632 820 1632 409 1632 410 1633 821 1633 820 1633 408 1634 821 1634 410 1634 408 1635 819 1635 821 1635</p>
        </triangles>
      </mesh>
    </geometry>
    <geometry id="Racecar_Back_Cover_Right_Image-mesh" name="Racecar Back Cover Right Image">
      <mesh>
        <source id="Racecar_Back_Cover_Right_Image-mesh-positions">
          <float_array id="Racecar_Back_Cover_Right_Image-mesh-positions-array" count="2466">
-0.082062 -0.060334 0.028977 -0.081295 -0.060564 0.027759 -0.082325 -0.060349 0.028901 -0.086056 -0.061340 0.023640 -0.087056 -0.061155 0.024622 -0.084037 -0.061239 0.024175 -0.081305 -0.060065 0.030410 -0.081867 -0.060196 0.029712 -0.091572 -0.059874 0.031420 -0.093209 -0.058680 0.037757 -0.093283 -0.058438 0.039041 -0.079430 -0.059714 0.032270 -0.055909 -0.061799 0.021202 -0.061525 -0.062697 0.016438 -0.056464 -0.061634 0.022078 -0.082323 -0.060332 0.028992 -0.088850 -0.060757 0.026734 -0.089642 -0.060546 0.027855 -0.066962 -0.060626 0.027430 -0.066584 -0.060500 0.028097 -0.057290 -0.061012 0.025380 -0.079917 -0.060161 0.029897 -0.079889 -0.060315 0.029078 -0.080701 -0.060218 0.029595 -0.067423 -0.061615 0.022178 -0.067582 -0.061507 0.022754 -0.057232 -0.061272 0.023999 -0.078889 -0.060131 0.030059 -0.079047 -0.060169 0.029854 -0.079276 -0.060124 0.030094 -0.067210 -0.061722 0.021613 -0.066943 -0.061826 0.021059 -0.058928 -0.062881 0.015459 -0.060277 -0.062795 0.015918 -0.057126 -0.061357 0.023551 -0.065357 -0.062217 0.018987 -0.056941 -0.061447 0.023073 -0.062986 -0.062553 0.017200 -0.064266 -0.062393 0.018053 -0.067731 -0.061285 0.023932 -0.067720 -0.061172 0.024532 -0.078905 -0.060115 0.030142 -0.082545 -0.060830 0.026350 -0.078032 -0.059511 0.033345 -0.092848 -0.057577 0.043615 -0.074064 -0.056900 0.047207 -0.092801 -0.059164 0.035191 -0.080648 -0.059928 0.031134 -0.092472 -0.059403 0.033919 -0.068719 -0.055882 0.052607 -0.075597 -0.053999 0.062604 -0.074171 -0.053920 0.063023 -0.080577 -0.054359 0.060695 -0.078861 -0.054223 0.061415 -0.072897 -0.056714 0.048191 -0.072872 -0.058983 0.036152 -0.074743 -0.059145 0.035292 -0.070087 -0.056921 0.047094 -0.071379 -0.056786 0.047813 -0.070239 -0.056756 0.047971 -0.070362 -0.057113 0.046074 -0.072131 -0.056814 0.047664 -0.073985 -0.056902 0.047196 -0.070496 -0.057312 0.045021 -0.070486 -0.057499 0.044027 -0.069833 -0.057858 0.042122 -0.070114 -0.057761 0.042638 -0.069483 -0.057950 0.041634 -0.070863 -0.058836 0.036931 -0.069061 -0.058037 0.041172 -0.068729 -0.058705 0.037623 -0.068566 -0.058119 0.040735 -0.067997 -0.058198 0.040319 -0.067353 -0.058272 0.039926 -0.066478 -0.058593 0.038223 -0.066631 -0.058342 0.039552 -0.065247 -0.058532 0.038542 -0.065083 -0.058466 0.038893 -0.064835 -0.058482 0.038807 -0.064733 -0.058498 0.038723 -0.065852 -0.059631 0.032709 -0.064293 -0.059418 0.033842 -0.065159 -0.059705 0.032317 -0.070326 -0.057658 0.043181 -0.073020 -0.056858 0.047427 -0.069755 -0.056742 0.048042 -0.076466 -0.059321 0.034354 -0.088805 -0.055739 0.053370 -0.074080 -0.056892 0.047247 -0.090183 -0.055999 0.051990 -0.073929 -0.056862 0.047410 -0.082270 -0.054504 0.059922 -0.083878 -0.054655 0.059122 -0.085557 -0.055227 0.056086 -0.085342 -0.054806 0.058319 -0.068751 -0.055892 0.052558 -0.071868 -0.056588 0.048863 -0.067232 -0.054193 0.061574 -0.068568 -0.055872 0.052665 -0.060777 -0.051643 0.075110 -0.061051 -0.051747 0.074555 -0.063039 -0.051665 0.074994 -0.055640 -0.051494 0.075897 -0.054833 -0.051297 0.076944 -0.054312 -0.051503 0.075849 -0.070814 -0.056480 0.049436 -0.069705 -0.056388 0.049923 -0.068426 -0.055910 0.052463 -0.068512 -0.056311 0.050334 -0.067731 -0.055926 0.052374 -0.067206 -0.056245 0.050681 -0.066685 -0.055951 0.052241 -0.065758 -0.056190 0.050976 -0.065573 -0.055990 0.052037 -0.064576 -0.056034 0.051801 -0.064138 -0.056142 0.051229 -0.063875 -0.056078 0.051569 -0.063348 -0.056122 0.051338 -0.072962 -0.053869 0.063294 -0.067933 -0.055845 0.052804 -0.065455 -0.055780 0.053150 -0.072040 -0.053839 0.063455 -0.053542 -0.052210 0.072099 -0.056785 -0.052092 0.072727 -0.056360 -0.051906 0.073711 -0.054099 -0.054523 0.059824 -0.056268 -0.053469 0.065419 -0.054641 -0.053538 0.065052 -0.055249 -0.054797 0.058367 -0.054674 -0.054646 0.059171 -0.062499 -0.053599 0.064728 -0.060662 -0.055749 0.053316 -0.056323 -0.055163 0.056428 -0.056781 -0.055365 0.055354 -0.057161 -0.055573 0.054251 -0.055806 -0.054971 0.057443 -0.062984 -0.053654 0.064436 -0.057449 -0.055753 0.053296 -0.062132 -0.053504 0.065234 -0.061788 -0.053333 0.066139 -0.043647 -0.055535 0.054451 -0.043920 -0.055929 0.052358 -0.044797 -0.055916 0.052428 -0.048035 -0.055526 0.054498 -0.048268 -0.055317 0.055606 -0.046255 -0.055331 0.055534 -0.053546 -0.054434 0.060295 -0.045587 -0.055342 0.055474 -0.046900 -0.055722 0.053460 -0.062307 -0.053558 0.064942 -0.048413 -0.055473 0.054779 -0.048828 -0.055437 0.054970 -0.052386 -0.053631 0.064559 -0.053034 -0.054385 0.060555 -0.052502 -0.054365 0.060663 -0.051874 -0.054357 0.060702 -0.050101 -0.053740 0.063981 -0.051158 -0.054363 0.060674 -0.047933 -0.053857 0.063360 -0.050360 -0.054380 0.060579 -0.044297 -0.054097 0.062086 -0.046457 -0.054574 0.059551 -0.046029 -0.053975 0.062733 -0.044106 -0.054741 0.058666 -0.044912 -0.054677 0.059005 -0.042441 -0.054254 0.061249 -0.043883 -0.054768 0.058522 -0.043727 -0.054797 0.058366 -0.041196 -0.054373 0.060617 -0.040958 -0.054410 0.060423 -0.040893 -0.054441 0.060257 -0.047566 -0.055611 0.054050 -0.040824 -0.054536 0.059751 -0.049410 -0.055404 0.055146 -0.049853 -0.055313 0.055631 -0.040642 -0.054664 0.059073 -0.043463 -0.054878 0.057936 -0.042235 -0.055222 0.056114 -0.042885 -0.055055 0.056997 -0.040094 -0.054924 0.057694 -0.038429 -0.055357 0.055397 -0.039841 -0.055661 0.053784 -0.040715 -0.055524 0.054509 -0.037580 -0.055517 0.054548 -0.038890 -0.055788 0.053109 -0.037858 -0.055906 0.052481 -0.036436 -0.055712 0.053513 -0.036744 -0.056016 0.051900 -0.035235 -0.055889 0.052571 -0.035506 -0.056118 0.051355 -0.033731 -0.056083 0.051541 -0.036864 -0.058740 0.037440 -0.040629 -0.059319 0.034367 -0.039905 -0.058707 0.037613 -0.032679 -0.056311 0.050331 -0.034064 -0.056223 0.050801 -0.031674 -0.056328 0.050242 -0.031608 -0.056366 0.050039 -0.031213 -0.056382 0.049957 -0.047063 -0.058661 0.037860 -0.046567 -0.059428 0.033790 -0.048350 -0.059497 0.033424 -0.039104 -0.055211 0.056170 -0.044194 -0.059376 0.034063 -0.041513 -0.055378 0.055285 -0.022962 -0.057022 0.046559 -0.025643 -0.057354 0.044796 -0.024085 -0.056931 0.047044 -0.043440 -0.058673 0.037797 -0.039646 -0.055070 0.056919 -0.040386 -0.054801 0.058346 -0.022296 -0.057086 0.046219 -0.021934 -0.057140 0.045930 -0.021723 -0.057203 0.045596 -0.048538 -0.054453 0.060193 -0.066265 -0.053558 0.064946 -0.066888 -0.053917 0.063040 -0.070353 -0.053372 0.065933 -0.056177 -0.053457 0.065482 -0.058675 -0.052625 0.069896 -0.058459 -0.052588 0.070091 -0.055884 -0.053442 0.065559 -0.053692 -0.051948 0.073493 -0.055975 -0.051706 0.074774 -0.057246 -0.052259 0.071837 -0.053581 -0.053142 0.067153 -0.053507 -0.052870 0.068594 -0.053690 -0.053354 0.066029 -0.054568 -0.053390 0.065838 -0.058076 -0.052497 0.070577 -0.053486 -0.052515 0.070478 -0.053945 -0.051716 0.074722 -0.055196 -0.051217 0.077368 -0.055060 -0.051233 0.077284 -0.066537 -0.052491 0.070608 -0.063058 -0.052447 0.070840 -0.064124 -0.052761 0.069176 -0.059158 -0.051429 0.076242 -0.058915 -0.051639 0.075129 -0.060708 -0.051644 0.075102 -0.064978 -0.053038 0.067704 -0.071157 -0.053588 0.064786 -0.058788 -0.051883 0.073833 -0.060521 -0.051901 0.073737 -0.060552 -0.051769 0.074438 -0.059832 -0.051112 0.077927 -0.061551 -0.051200 0.077459 -0.061231 -0.051064 0.078180 -0.060946 -0.050944 0.078819 -0.060769 -0.050894 0.079085 -0.060527 -0.050925 0.078917 -0.060188 -0.051006 0.078492 -0.059543 -0.051223 0.077337 -0.061954 -0.051344 0.076694 -0.064547 -0.052042 0.072993 -0.061987 -0.052105 0.072656 -0.067132 -0.054090 0.062121 -0.064474 -0.053808 0.063620 -0.063680 -0.053720 0.064085 -0.063461 -0.055755 0.053284 -0.077180 -0.054101 0.062060 -0.085676 -0.055207 0.056191 -0.086180 -0.055193 0.056268 -0.087221 -0.055033 0.057117 -0.087153 -0.055193 0.056268 -0.085544 -0.055240 0.056017 -0.087261 -0.055487 0.054708 -0.092936 -0.057505 0.043994 -0.094233 -0.057159 0.045833 -0.092835 -0.057509 0.043975 -0.093111 -0.057515 0.043945 -0.093620 -0.057565 0.043678 -0.094231 -0.057645 0.043254 -0.094925 -0.057490 0.044076 -0.094812 -0.057739 0.042755 -0.088437 -0.055198 0.056240 -0.092483 -0.056550 0.049063 -0.091406 -0.056268 0.050559 -0.095308 -0.057826 0.042293 -0.095435 -0.057839 0.042221 -0.095485 -0.057829 0.042276 -0.095353 -0.057725 0.042829 -0.092973 -0.057722 0.042844 -0.093168 -0.057958 0.041589 -0.093270 -0.058197 0.040320 -0.092062 -0.059640 0.032661 -0.093047 -0.058922 0.036472 -0.093422 -0.056846 0.047492 -0.091004 -0.060103 0.030203 -0.090360 -0.060328 0.029013 -0.082238 -0.060299 0.029167 -0.087988 -0.060960 0.025655 -0.083597 -0.061103 0.024900 -0.084412 -0.061374 0.023459 -0.084713 -0.061481 0.022892 -0.084895 -0.061526 0.022656 -0.061373 -0.053052 0.067631 -0.060918 -0.052651 0.069761 -0.069363 -0.053128 0.067226 -0.065674 -0.053298 0.066327 -0.060623 -0.052247 0.071903 -0.058731 -0.052498 0.070571 -0.058753 -0.052192 0.072193 -0.060644 -0.051674 0.074943 -0.065362 -0.053924 0.062999 -0.066955 -0.054162 0.061737 -0.066285 -0.054061 0.062273 -0.041206 -0.055940 0.052301 -0.041704 -0.055808 0.053002 -0.040629 -0.055932 0.052341 -0.046202 -0.055811 0.052984 -0.050354 -0.055351 0.055429 -0.050525 -0.055322 0.055582 -0.050541 -0.055334 0.055520 -0.054207 -0.059991 0.030798 -0.056027 -0.058817 0.037031 -0.052968 -0.059839 0.031609 -0.045078 -0.055359 0.055383 -0.044680 -0.055385 0.055248 -0.045493 -0.055877 0.052636 -0.044341 -0.055421 0.055056 -0.054383 -0.058755 0.037359 -0.052680 -0.058705 0.037623 -0.051568 -0.059704 0.032323 -0.061886 -0.059177 0.035123 -0.061649 -0.059538 0.033205 -0.063138 -0.059292 0.034508 -0.042718 -0.055680 0.053681 -0.060542 -0.059071 0.035685 -0.060884 -0.059527 0.033265 -0.042513 -0.055938 0.052311 -0.057606 -0.058891 0.036641 -0.060319 -0.059527 0.033262 -0.050301 -0.058672 0.037803 -0.050023 -0.059589 0.032931 -0.067483 -0.060887 0.026044 -0.067635 -0.061026 0.025308 -0.066122 -0.060376 0.028758 -0.057281 -0.060848 0.026254 -0.064060 -0.059970 0.030910 -0.063223 -0.059844 0.031579 -0.057224 -0.060742 0.026813 -0.056483 -0.060440 0.028416 -0.061241 -0.059618 0.032778 -0.062639 -0.059573 0.033021 -0.063822 -0.059629 0.032723 -0.051628 -0.058686 0.037728 -0.034758 -0.059224 0.034872 -0.034176 -0.058755 0.037363 -0.032666 -0.059174 0.035136 -0.031973 -0.058746 0.037406 -0.031323 -0.058730 0.037494 -0.031006 -0.059118 0.035436 -0.030690 -0.058701 0.037649 -0.029728 -0.058641 0.037964 -0.029681 -0.059050 0.035793 -0.028222 -0.058482 0.038808 -0.027643 -0.058867 0.036767 -0.028928 -0.058571 0.038337 -0.027538 -0.058368 0.039416 -0.026734 -0.058742 0.037427 -0.025598 -0.058547 0.038466 -0.026164 -0.058651 0.037913 -0.024483 -0.058302 0.039766 -0.026829 -0.058222 0.040192 -0.025788 -0.057919 0.041797 -0.026244 -0.058071 0.040989 -0.023398 -0.058010 0.041316 -0.027598 -0.056874 0.047345 -0.025518 -0.056818 0.047644 -0.027004 -0.056991 0.046721 -0.021590 -0.057283 0.045171 -0.021631 -0.057374 0.044692 -0.021875 -0.057496 0.044041 -0.025994 -0.057233 0.045438 -0.026450 -0.057112 0.046083 -0.025401 -0.057473 0.044167 -0.025296 -0.057548 0.043767 -0.022351 -0.057673 0.043105 -0.025268 -0.057607 0.043454 -0.025324 -0.057672 0.043108 -0.025468 -0.057766 0.042608 -0.028593 -0.058968 0.036230 -0.059112 -0.058975 0.036192 -0.055267 -0.060160 0.029901 -0.066343 -0.059774 0.031951 -0.066539 -0.059738 0.032143 -0.057072 -0.060654 0.027282 -0.064928 -0.060123 0.030098 -0.065572 -0.060251 0.029422 -0.062317 -0.059732 0.032178 -0.056781 -0.060540 0.027888 -0.066830 -0.059795 0.031840 -0.056130 -0.060344 0.028928 -0.067260 -0.060754 0.026748 -0.067685 -0.061397 0.023339 -0.066252 -0.062027 0.019992 -0.055184 -0.061966 0.020315 -0.057472 -0.062956 0.015062 -0.054195 -0.062160 0.019289 -0.055900 -0.063020 0.014723 -0.052797 -0.062400 0.018011 -0.054207 -0.063073 0.014444 -0.051242 -0.062625 0.016822 -0.052386 -0.063115 0.014221 -0.050431 -0.063146 0.014054 -0.049332 -0.062858 0.015582 -0.048334 -0.063167 0.013942 -0.046868 -0.063128 0.014152 -0.046885 -0.063178 0.013886 -0.046358 -0.063181 0.013866 -0.082325 -0.061823 0.029179 -0.081295 -0.062038 0.028037 -0.082062 -0.061808 0.029255 -0.084037 -0.062713 0.024453 -0.087056 -0.062629 0.024900 -0.086056 -0.062814 0.023918 -0.091572 -0.061348 0.031698 -0.081867 -0.061670 0.029990 -0.081305 -0.061539 0.030687 -0.079430 -0.061188 0.032548 -0.093283 -0.059912 0.039319 -0.093209 -0.060154 0.038035 -0.056464 -0.063108 0.022356 -0.061525 -0.064171 0.016716 -0.055909 -0.063273 0.021480 -0.089642 -0.062020 0.028133 -0.088850 -0.062231 0.027012 -0.082323 -0.061806 0.029269 -0.057290 -0.062486 0.025658 -0.066584 -0.061974 0.028374 -0.066962 -0.062100 0.027707 -0.080701 -0.061692 0.029873 -0.079889 -0.061789 0.029356 -0.079917 -0.061635 0.030175 -0.057232 -0.062746 0.024277 -0.067582 -0.062981 0.023032 -0.067423 -0.063089 0.022456 -0.079276 -0.061598 0.030372 -0.079047 -0.061643 0.030131 -0.078889 -0.061605 0.030337 -0.066943 -0.063300 0.021337 -0.067210 -0.063196 0.021890 -0.060277 -0.064269 0.016196 -0.058928 -0.064355 0.015737 -0.065357 -0.063691 0.019265 -0.057126 -0.062831 0.023828 -0.064266 -0.063867 0.018331 -0.062986 -0.064027 0.017478 -0.056941 -0.062921 0.023350 -0.067720 -0.062646 0.024810 -0.067731 -0.062759 0.024210 -0.078905 -0.061589 0.030420 -0.082545 -0.062303 0.026627 -0.074064 -0.058374 0.047485 -0.092848 -0.059051 0.043893 -0.078032 -0.060986 0.033623 -0.092472 -0.060877 0.034197 -0.080648 -0.061402 0.031412 -0.092801 -0.060638 0.035469 -0.074171 -0.055394 0.063301 -0.075597 -0.055473 0.062882 -0.068719 -0.057357 0.052884 -0.072897 -0.058189 0.048469 -0.078861 -0.055697 0.061693 -0.080577 -0.055833 0.060973 -0.074743 -0.060619 0.035569 -0.072872 -0.060457 0.036430 -0.070239 -0.058230 0.048249 -0.071379 -0.058260 0.048091 -0.070087 -0.058395 0.047372 -0.072131 -0.058288 0.047942 -0.070362 -0.058587 0.046351 -0.070486 -0.058973 0.044305 -0.070496 -0.058786 0.045299 -0.073985 -0.058376 0.047473 -0.070114 -0.059235 0.042915 -0.069833 -0.059332 0.042400 -0.070863 -0.060310 0.037209 -0.069483 -0.059424 0.041912 -0.068729 -0.060180 0.037901 -0.069061 -0.059511 0.041450 -0.067997 -0.059672 0.040597 -0.068566 -0.059593 0.041012 -0.067353 -0.059746 0.040203 -0.066631 -0.059816 0.039830 -0.066478 -0.060067 0.038500 -0.064835 -0.059957 0.039085 -0.065083 -0.059940 0.039170 -0.065247 -0.060007 0.038819 -0.064733 -0.059972 0.039000 -0.065159 -0.061179 0.032594 -0.064293 -0.060892 0.034120 -0.065852 -0.061105 0.032987 -0.070326 -0.059132 0.043459 -0.073020 -0.058332 0.047705 -0.069755 -0.058217 0.048320 -0.076466 -0.060795 0.034632 -0.090183 -0.057473 0.052268 -0.074080 -0.058366 0.047525 -0.088805 -0.057213 0.053647 -0.082270 -0.055978 0.060200 -0.073929 -0.058336 0.047687 -0.085342 -0.056280 0.058596 -0.085557 -0.056701 0.056364 -0.083878 -0.056129 0.059400 -0.071868 -0.058062 0.049140 -0.068751 -0.057366 0.052835 -0.068568 -0.057346 0.052943 -0.067232 -0.055667 0.061852 -0.063039 -0.053139 0.075272 -0.061051 -0.053221 0.074833 -0.060777 -0.053117 0.075388 -0.054312 -0.052978 0.076127 -0.054833 -0.052771 0.077222 -0.055640 -0.052969 0.076175 -0.070814 -0.057954 0.049714 -0.069705 -0.057862 0.050200 -0.068512 -0.057785 0.050611 -0.068426 -0.057384 0.052741 -0.067206 -0.057719 0.050959 -0.067731 -0.057400 0.052652 -0.065758 -0.057664 0.051253 -0.066685 -0.057426 0.052518 -0.064576 -0.057508 0.052078 -0.065573 -0.057464 0.052315 -0.064138 -0.057616 0.051507 -0.063875 -0.057552 0.051847 -0.063348 -0.057596 0.051615 -0.072962 -0.055343 0.063572 -0.065455 -0.057254 0.053428 -0.067933 -0.057319 0.053081 -0.072040 -0.055313 0.063733 -0.056360 -0.053380 0.073989 -0.056785 -0.053566 0.073004 -0.053542 -0.053684 0.072376 -0.054641 -0.055012 0.065330 -0.056268 -0.054943 0.065697 -0.054099 -0.055997 0.060102 -0.054674 -0.056120 0.059449 -0.055249 -0.056271 0.058645 -0.062499 -0.055073 0.065005 -0.056781 -0.056839 0.055632 -0.056323 -0.056637 0.056706 -0.060662 -0.057223 0.053594 -0.057161 -0.057047 0.054529 -0.062984 -0.055128 0.064714 -0.055806 -0.056445 0.057720 -0.057449 -0.057227 0.053573 -0.061788 -0.054807 0.066417 -0.062132 -0.054978 0.065511 -0.044797 -0.057390 0.052706 -0.043920 -0.057403 0.052636 -0.043647 -0.057009 0.054729 -0.046255 -0.056805 0.055811 -0.048268 -0.056791 0.055884 -0.048035 -0.057000 0.054776 -0.053546 -0.055908 0.060573 -0.046900 -0.057196 0.053737 -0.045587 -0.056816 0.055752 -0.062307 -0.055032 0.065220 -0.048828 -0.056911 0.055248 -0.048413 -0.056947 0.055057 -0.053034 -0.055859 0.060832 -0.052386 -0.055105 0.064836 -0.052502 -0.055839 0.060940 -0.051874 -0.055831 0.060980 -0.051158 -0.055837 0.060951 -0.050101 -0.055213 0.064259 -0.050360 -0.055855 0.060857 -0.047933 -0.055331 0.063637 -0.046029 -0.055449 0.063011 -0.046457 -0.056048 0.059829 -0.044297 -0.055571 0.062364 -0.042441 -0.055728 0.061526 -0.044912 -0.056151 0.059283 -0.044106 -0.056215 0.058944 -0.043727 -0.056272 0.058643 -0.043883 -0.056242 0.058799 -0.040893 -0.055915 0.060535 -0.040958 -0.055884 0.060701 -0.041196 -0.055847 0.060895 -0.047566 -0.057085 0.054327 -0.040824 -0.056011 0.060029 -0.049853 -0.056787 0.055909 -0.049410 -0.056878 0.055423 -0.043463 -0.056353 0.058214 -0.040642 -0.056138 0.059351 -0.040094 -0.056398 0.057971 -0.042885 -0.056529 0.057275 -0.042235 -0.056696 0.056392 -0.040715 -0.056998 0.054787 -0.039841 -0.057135 0.054062 -0.038429 -0.056831 0.055675 -0.038890 -0.057262 0.053386 -0.037580 -0.056991 0.054826 -0.037858 -0.057380 0.052759 -0.036436 -0.057186 0.053791 -0.036744 -0.057490 0.052177 -0.035235 -0.057363 0.052849 -0.035506 -0.057592 0.051633 -0.033731 -0.057557 0.051819 -0.039905 -0.060182 0.037891 -0.040629 -0.060793 0.034645 -0.036864 -0.060214 0.037718 -0.034064 -0.057697 0.051079 -0.032679 -0.057785 0.050609 -0.031608 -0.057840 0.050317 -0.031674 -0.057802 0.050519 -0.031213 -0.057856 0.050235 -0.048350 -0.060971 0.033701 -0.046567 -0.060902 0.034068 -0.047063 -0.060135 0.038138 -0.039104 -0.056685 0.056448 -0.044194 -0.060850 0.034340 -0.041513 -0.056852 0.055563 -0.024085 -0.058405 0.047321 -0.025643 -0.058828 0.045074 -0.022962 -0.058496 0.046837 -0.043440 -0.060147 0.038075 -0.039646 -0.056544 0.057196 -0.040386 -0.056275 0.058624 -0.021723 -0.058677 0.045874 -0.021934 -0.058615 0.046207 -0.022296 -0.058560 0.046497 -0.048538 -0.055927 0.060471 -0.070353 -0.054846 0.066211 -0.066888 -0.055391 0.063317 -0.066265 -0.055032 0.065224 -0.058459 -0.054062 0.070368 -0.058675 -0.054099 0.070173 -0.056177 -0.054931 0.065759 -0.055884 -0.054916 0.065837 -0.055975 -0.053180 0.075052 -0.053692 -0.053422 0.073770 -0.057246 -0.053734 0.072115 -0.053507 -0.054344 0.068872 -0.053581 -0.054616 0.067431 -0.054568 -0.054864 0.066116 -0.053690 -0.054828 0.066307 -0.053486 -0.053989 0.070756 -0.058076 -0.053971 0.070855 -0.053945 -0.053190 0.075000 -0.055060 -0.052707 0.077561 -0.055196 -0.052691 0.077645 -0.064124 -0.054235 0.069454 -0.063058 -0.053921 0.071118 -0.066537 -0.053965 0.070885 -0.060708 -0.053118 0.075380 -0.058915 -0.053113 0.075406 -0.059158 -0.052903 0.076520 -0.064978 -0.054512 0.067982 -0.071157 -0.055062 0.065064 -0.060552 -0.053243 0.074716 -0.060521 -0.053376 0.074015 -0.058788 -0.053357 0.074111 -0.061231 -0.052538 0.078458 -0.061551 -0.052674 0.077736 -0.059832 -0.052586 0.078204 -0.060527 -0.052400 0.079195 -0.060769 -0.052368 0.079363 -0.060946 -0.052418 0.079097 -0.060188 -0.052480 0.078770 -0.059543 -0.052697 0.077615 -0.061954 -0.052818 0.076972 -0.061987 -0.053579 0.072934 -0.064547 -0.053516 0.073271 -0.067132 -0.055564 0.062398 -0.063680 -0.055194 0.064363 -0.064474 -0.055282 0.063898 -0.063461 -0.057229 0.053562 -0.077180 -0.055576 0.062337 -0.085676 -0.056681 0.056469 -0.087221 -0.056507 0.057395 -0.086180 -0.056667 0.056546 -0.087153 -0.056667 0.056546 -0.085544 -0.056714 0.056295 -0.087261 -0.056961 0.054985 -0.092835 -0.058983 0.044253 -0.094233 -0.058633 0.046111 -0.092936 -0.058979 0.044272 -0.093111 -0.058989 0.044222 -0.093620 -0.059039 0.043955 -0.094925 -0.058964 0.044353 -0.094231 -0.059119 0.043532 -0.094812 -0.059213 0.043032 -0.088437 -0.056672 0.056518 -0.091406 -0.057742 0.050837 -0.092483 -0.058024 0.049341 -0.095485 -0.059303 0.042554 -0.095435 -0.059313 0.042499 -0.095308 -0.059300 0.042571 -0.095353 -0.059199 0.043107 -0.092973 -0.059196 0.043121 -0.093168 -0.059432 0.041867 -0.093270 -0.059671 0.040598 -0.092062 -0.061115 0.032939 -0.093047 -0.060396 0.036750 -0.093422 -0.058320 0.047770 -0.091004 -0.061577 0.030481 -0.082238 -0.061773 0.029445 -0.090360 -0.061802 0.029291 -0.087988 -0.062434 0.025933 -0.083597 -0.062577 0.025177 -0.084412 -0.062848 0.023737 -0.084713 -0.062955 0.023169 -0.084895 -0.062999 0.022933 -0.060918 -0.054125 0.070039 -0.061373 -0.054526 0.067908 -0.069363 -0.054602 0.067504 -0.065674 -0.054772 0.066604 -0.058731 -0.053972 0.070848 -0.060623 -0.053721 0.072181 -0.058753 -0.053666 0.072471 -0.060644 -0.053148 0.075221 -0.065362 -0.055399 0.063277 -0.066955 -0.055636 0.062014 -0.066285 -0.055535 0.062550 -0.040629 -0.057407 0.052619 -0.041704 -0.057282 0.053280 -0.041206 -0.057414 0.052579 -0.046202 -0.057285 0.053262 -0.050525 -0.056796 0.055859 -0.050354 -0.056825 0.055707 -0.050541 -0.056808 0.055797 -0.052968 -0.061313 0.031886 -0.056027 -0.060291 0.037309 -0.054207 -0.061465 0.031076 -0.045078 -0.056833 0.055661 -0.044680 -0.056859 0.055525 -0.045493 -0.057351 0.052914 -0.044341 -0.056895 0.055333 -0.051568 -0.061178 0.032601 -0.052680 -0.060180 0.037901 -0.054383 -0.060229 0.037637 -0.063138 -0.060766 0.034786 -0.061649 -0.061012 0.033482 -0.061886 -0.060651 0.035401 -0.042718 -0.057154 0.053959 -0.060884 -0.061001 0.033543 -0.060542 -0.060545 0.035963 -0.042513 -0.057412 0.052589 -0.060319 -0.061001 0.033540 -0.057606 -0.060365 0.036919 -0.050023 -0.061064 0.033209 -0.050301 -0.060146 0.038080 -0.067635 -0.062500 0.025586 -0.067483 -0.062361 0.026322 -0.057281 -0.062322 0.026532 -0.066122 -0.061850 0.029036 -0.057224 -0.062216 0.027090 -0.063223 -0.061318 0.031857 -0.064060 -0.061444 0.031188 -0.061241 -0.061092 0.033056 -0.056483 -0.061914 0.028693 -0.063822 -0.061103 0.033000 -0.062639 -0.061047 0.033299 -0.051628 -0.060160 0.038006 -0.034758 -0.060698 0.035150 -0.032666 -0.060648 0.035414 -0.034176 -0.060229 0.037641 -0.031006 -0.060592 0.035714 -0.031323 -0.060204 0.037771 -0.031973 -0.060221 0.037683 -0.029681 -0.060524 0.036071 -0.029728 -0.060115 0.038241 -0.030690 -0.060175 0.037927 -0.028928 -0.060045 0.038614 -0.027643 -0.060341 0.037045 -0.028222 -0.059956 0.039085 -0.026734 -0.060217 0.037705 -0.027538 -0.059842 0.039694 -0.026164 -0.060125 0.038191 -0.025598 -0.060021 0.038744 -0.026829 -0.059696 0.040470 -0.024483 -0.059776 0.040044 -0.026244 -0.059545 0.041267 -0.025788 -0.059393 0.042075 -0.023398 -0.059484 0.041593 -0.027004 -0.058465 0.046999 -0.025518 -0.058292 0.047922 -0.027598 -0.058348 0.047623 -0.021631 -0.058848 0.044969 -0.021590 -0.058757 0.045449 -0.021875 -0.058970 0.044319 -0.025994 -0.058707 0.045716 -0.026450 -0.058586 0.046361 -0.025401 -0.058947 0.044445 -0.025296 -0.059022 0.044045 -0.022351 -0.059147 0.043383 -0.025324 -0.059146 0.043385 -0.025268 -0.059081 0.043732 -0.025468 -0.059240 0.042886 -0.028593 -0.060442 0.036508 -0.059112 -0.060449 0.036469 -0.055267 -0.061634 0.030179 -0.066343 -0.061248 0.032229 -0.066539 -0.061212 0.032420 -0.057072 -0.062128 0.027560 -0.064928 -0.061597 0.030376 -0.065572 -0.061725 0.029700 -0.056781 -0.062014 0.028166 -0.062317 -0.061206 0.032455 -0.066830 -0.061269 0.032117 -0.056130 -0.061818 0.029206 -0.067260 -0.062228 0.027026 -0.067685 -0.062871 0.023617 -0.066252 -0.063501 0.020270 -0.055184 -0.063440 0.020593 -0.057472 -0.064430 0.015339 -0.054195 -0.063634 0.019567 -0.055900 -0.064494 0.015001 -0.052797 -0.063875 0.018289 -0.054207 -0.064547 0.014721 -0.051242 -0.064099 0.017099 -0.052386 -0.064589 0.014499 -0.050431 -0.064620 0.014332 -0.049332 -0.064332 0.015859 -0.048334 -0.064641 0.014220 -0.046868 -0.064602 0.014430 -0.046885 -0.064652 0.014163 -0.046358 -0.064655 0.014144
</float_array>
          <technique_common>
            <accessor source="#Racecar_Back_Cover_Right_Image-mesh-positions-array" count="822" stride="3">
              <param name="X" type="float" />
              <param name="Y" type="float" />
              <param name="Z" type="float" />
            </accessor>
          </technique_common>
        </source>
        <source id="Racecar_Back_Cover_Right_Image-mesh-normals">
          <float_array id="Racecar_Back_Cover_Right_Image-mesh-normals-array" count="4908">
0.000000 0.000983 -0.000185 0.000000 0.000983 -0.000185 0.000000 0.000983 -0.000185 0.000000 0.000983 -0.000185 0.000000 0.000983 -0.000185 -0.000000 0.000983 -0.000185 -0.000000 0.000983 -0.000185 0.000000 0.000983 -0.000185 0.000000 0.000983 -0.000185 -0.000000 0.000983 -0.000185 -0.000000 0.000983 -0.000185 0.000000 0.000983 -0.000185 -0.000000 0.000983 -0.000185 0.000000 0.000983 -0.000185 0.000000 0.000983 -0.000185 -0.000000 0.000983 -0.000185 -0.000000 0.000983 -0.000185 -0.000000 0.000983 -0.000185 0.000000 0.000983 -0.000185 -0.000000 0.000983 -0.000185 0.000000 0.000983 -0.000185 -0.000000 0.000983 -0.000185 -0.000000 0.000983 -0.000185 -0.000000 0.000983 -0.000185 -0.000000 0.000983 -0.000185 0.000000 0.000983 -0.000185 0.000000 0.000983 -0.000185 0.000000 0.000983 -0.000185 0.000000 0.000983 -0.000185 0.000000 0.000983 -0.000185 -0.000000 0.000983 -0.000185 -0.000000 0.000983 -0.000185 0.000000 0.000983 -0.000185 -0.000000 0.000983 -0.000185 0.000000 0.000983 -0.000185 -0.000000 0.000983 -0.000185 0.000000 0.000983 -0.000185 0.000000 0.000983 -0.000185 0.000000 0.000983 -0.000185 -0.000000 0.000983 -0.000185 0.000000 0.000983 -0.000185 -0.000000 0.000983 -0.000185 0.000000 0.000983 -0.000185 -0.000000 0.000983 -0.000185 0.000000 0.000983 -0.000185 -0.000000 0.000983 -0.000185 0.000000 0.000983 -0.000185 0.000000 0.000983 -0.000185 0.000000 0.000983 -0.000185 -0.000000 0.000983 -0.000185 -0.000000 0.000983 -0.000186 -0.000000 0.000983 -0.000185 -0.000000 0.000983 -0.000185 0.000000 0.000983 -0.000185 -0.000000 0.000983 -0.000185 0.000000 0.000983 -0.000185 0.000000 0.000983 -0.000185 -0.000000 0.000983 -0.000185 0.000000 0.000983 -0.000185 0.000000 0.000983 -0.000185 0.000000 0.000983 -0.000185 0.000000 0.000983 -0.000185 -0.000000 0.000983 -0.000185 -0.000000 0.000983 -0.000185 0.000000 0.000983 -0.000185 -0.000000 0.000983 -0.000185 -0.000000 0.000983 -0.000185 -0.000000 0.000983 -0.000185 0.000000 0.000983 -0.000185 0.000000 0.000983 -0.000185 -0.000000 0.000983 -0.000185 0.000000 0.000983 -0.000185 -0.000000 0.000983 -0.000185 -0.000000 0.000983 -0.000185 -0.000000 0.000983 -0.000185 0.000000 0.000983 -0.000185 0.000000 0.000983 -0.000185 -0.000000 0.000983 -0.000185 -0.000000 0.000983 -0.000185 0.000000 0.000983 -0.000185 -0.000000 0.000983 -0.000185 0.000000 0.000983 -0.000185 0.000000 0.000983 -0.000185 -0.000000 0.000983 -0.000185 -0.000000 0.000983 -0.000185 0.000000 0.000983 -0.000185 -0.000000 0.000983 -0.000185 0.000000 0.000983 -0.000185 0.000000 0.000983 -0.000185 0.000000 0.000983 -0.000185 -0.000000 0.000983 -0.000185 -0.000000 0.000983 -0.000185 0.000000 0.000983 -0.000185 -0.000000 0.000983 -0.000185 -0.000000 0.000983 -0.000185 0.000000 0.000983 -0.000185 0.000000 0.000983 -0.000185 0.000000 0.000983 -0.000185 -0.000000 0.000983 -0.000185 -0.000000 0.000983 -0.000185 0.000000 0.000983 -0.000185 0.000000 0.000983 -0.000185 0.000000 0.000983 -0.000185 0.000000 0.000983 -0.000185 0.000000 0.000983 -0.000185 -0.000000 0.000983 -0.000185 -0.000000 0.000983 -0.000185 0.000000 0.000983 -0.000185 -0.000000 0.000983 -0.000185 0.000000 0.000983 -0.000185 0.000000 0.000983 -0.000185 -0.000000 0.000983 -0.000185 -0.000000 0.000983 -0.000185 -0.000000 0.000983 -0.000185 0.000000 0.000983 -0.000185 0.000000 0.000983 -0.000185 -0.000000 0.000983 -0.000185 -0.000000 0.000983 -0.000185 0.000000 0.000983 -0.000185 -0.000000 0.000983 -0.000185 -0.000000 0.000983 -0.000185 0.000000 0.000983 -0.000185 -0.000000 0.000983 -0.000185 0.000000 0.000983 -0.000185 -0.000000 0.000983 -0.000185 -0.000000 0.000983 -0.000185 0.000000 0.000983 -0.000185 0.000000 0.000983 -0.000185 -0.000000 0.000983 -0.000185 0.000000 0.000983 -0.000185 -0.000000 0.000983 -0.000185 0.000000 0.000983 -0.000185 0.000000 0.000983 -0.000185 -0.000000 0.000983 -0.000185 -0.000000 0.000983 -0.000185 -0.000000 0.000983 -0.000185 0.000000 0.000983 -0.000185 -0.000000 0.000983 -0.000185 0.000000 0.000983 -0.000185 -0.000000 0.000983 -0.000185 -0.000000 0.000983 -0.000185 -0.000000 0.000983 -0.000185 -0.000000 0.000983 -0.000186 0.000000 0.000983 -0.000185 0.000000 0.000983 -0.000185 -0.000000 0.000983 -0.000185 -0.000000 0.000983 -0.000185 0.000000 0.000983 -0.000185 -0.000000 0.000983 -0.000185 -0.000000 0.000983 -0.000185 0.000000 0.000983 -0.000185 -0.000000 0.000983 -0.000185 0.000001 0.000983 -0.000185 -0.000000 0.000983 -0.000185 -0.000000 0.000983 -0.000185 -0.000000 0.000983 -0.000185 -0.000000 0.000983 -0.000185 -0.000000 0.000983 -0.000185 0.000000 0.000983 -0.000185 -0.000000 0.000983 -0.000185 -0.000000 0.000983 -0.000185 0.000000 0.000983 -0.000185 0.000000 0.000983 -0.000185 0.000000 0.000983 -0.000185 -0.000000 0.000983 -0.000185 -0.000000 0.000983 -0.000185 -0.000000 0.000983 -0.000185 -0.000000 0.000983 -0.000185 -0.000000 0.000983 -0.000185 0.000000 0.000983 -0.000185 -0.000000 0.000983 -0.000185 -0.000000 0.000983 -0.000185 -0.000000 0.000983 -0.000185 0.000000 0.000983 -0.000185 -0.000000 0.000983 -0.000185 -0.000000 0.000983 -0.000185 -0.000000 0.000983 -0.000185 0.000000 0.000983 -0.000185 0.000000 0.000983 -0.000185 -0.000000 0.000983 -0.000185 -0.000000 0.000983 -0.000185 0.000000 0.000983 -0.000185 0.000000 0.000983 -0.000185 -0.000000 0.000983 -0.000185 0.000000 0.000983 -0.000185 -0.000000 0.000983 -0.000185 -0.000000 0.000983 -0.000185 -0.000000 0.000983 -0.000185 0.000000 0.000983 -0.000185 0.000000 0.000983 -0.000185 0.000000 0.000983 -0.000185 -0.000001 0.000983 -0.000186 0.000000 0.000983 -0.000185 0.000000 0.000983 -0.000185 0.000000 0.000983 -0.000185 -0.000000 0.000983 -0.000185 -0.000000 0.000983 -0.000185 -0.000000 0.000983 -0.000185 -0.000000 0.000983 -0.000185 -0.000000 0.000983 -0.000185 0.000000 0.000983 -0.000185 -0.000000 0.000983 -0.000185 0.000000 0.000983 -0.000185 0.000000 0.000983 -0.000185 -0.000000 0.000983 -0.000185 0.000000 0.000983 -0.000185 0.000000 0.000983 -0.000185 0.000000 0.000983 -0.000185 -0.000000 0.000983 -0.000185 -0.000000 0.000983 -0.000185 -0.000000 0.000983 -0.000185 0.000000 0.000983 -0.000185 0.000000 0.000983 -0.000185 -0.000000 0.000983 -0.000186 -0.000000 0.000983 -0.000185 -0.000000 0.000983 -0.000185 0.000000 0.000983 -0.000185 -0.000000 0.000983 -0.000185 -0.000000 0.000983 -0.000185 -0.000000 0.000983 -0.000185 -0.000000 0.000983 -0.000185 0.000000 0.000983 -0.000185 0.000000 0.000983 -0.000185 0.000000 0.000983 -0.000185 0.000000 0.000983 -0.000185 0.000000 0.000983 -0.000185 -0.000000 0.000983 -0.000185 -0.000000 0.000983 -0.000185 -0.000000 0.000983 -0.000185 0.000000 0.000983 -0.000185 0.000000 0.000983 -0.000185 -0.000000 0.000983 -0.000184 -0.000000 0.000983 -0.000185 0.000000 0.000983 -0.000185 0.000000 0.000983 -0.000185 0.000000 0.000983 -0.000185 0.000000 0.000983 -0.000185 0.000000 0.000983 -0.000185 0.000000 0.000983 -0.000185 -0.000000 0.000983 -0.000185 -0.000000 0.000983 -0.000185 0.000000 0.000983 -0.000185 0.000000 0.000983 -0.000185 0.000000 0.000983 -0.000185 0.000000 0.000983 -0.000185 -0.000000 0.000983 -0.000185 -0.000000 0.000983 -0.000185 0.000000 0.000983 -0.000185 0.000000 0.000983 -0.000185 -0.000000 0.000983 -0.000185 -0.000000 0.000983 -0.000185 0.000000 0.000983 -0.000185 0.000000 0.000983 -0.000185 0.000000 0.000983 -0.000185 0.000000 0.000983 -0.000185 0.000000 0.000983 -0.000185 0.000000 0.000983 -0.000185 0.000000 0.000983 -0.000185 -0.000000 0.000983 -0.000185 -0.000000 0.000983 -0.000185 0.000000 0.000983 -0.000185 0.000000 0.000983 -0.000185 -0.000000 0.000983 -0.000185 -0.000000 0.000983 -0.000185 -0.000000 0.000983 -0.000185 0.000000 0.000983 -0.000185 -0.000000 0.000983 -0.000185 0.000000 0.000983 -0.000185 -0.000000 0.000983 -0.000185 0.000000 0.000983 -0.000185 -0.000000 0.000983 -0.000185 -0.000000 0.000983 -0.000185 0.000000 0.000983 -0.000185 0.000000 0.000983 -0.000185 0.000000 0.000983 -0.000185 0.000000 0.000983 -0.000185 -0.000000 0.000983 -0.000185 -0.000000 0.000983 -0.000185 -0.000000 0.000983 -0.000185 -0.000000 0.000983 -0.000185 0.000000 0.000983 -0.000185 0.000000 0.000983 -0.000185 -0.000000 0.000983 -0.000186 -0.000000 0.000983 -0.000185 0.000000 0.000983 -0.000185 -0.000000 0.000983 -0.000185 0.000000 0.000983 -0.000185 -0.000000 0.000983 -0.000185 -0.000000 0.000983 -0.000185 -0.000000 0.000983 -0.000185 0.000000 0.000983 -0.000185 0.000000 0.000983 -0.000185 0.000000 0.000983 -0.000185 -0.000000 0.000983 -0.000185 0.000000 0.000983 -0.000185 0.000000 0.000983 -0.000185 -0.000000 0.000983 -0.000185 0.000000 0.000983 -0.000185 -0.000000 0.000983 -0.000185 0.000000 0.000983 -0.000185 0.000000 0.000983 -0.000185 -0.000000 0.000983 -0.000185 0.000000 0.000983 -0.000185 0.000000 0.000983 -0.000185 0.000000 0.000983 -0.000185 0.000000 0.000983 -0.000185 0.000000 0.000983 -0.000185 -0.000000 0.000983 -0.000185 -0.000000 0.000983 -0.000185 0.000000 0.000983 -0.000185 0.000000 0.000983 -0.000185 -0.000000 0.000983 -0.000185 0.000000 0.000983 -0.000185 -0.000000 0.000983 -0.000185 0.000000 0.000983 -0.000185 0.000000 0.000983 -0.000185 0.000000 0.000983 -0.000185 0.000000 0.000983 -0.000185 0.000000 0.000983 -0.000185 -0.000001 0.000983 -0.000185 0.000000 0.000983 -0.000185 0.000000 0.000983 -0.000185 -0.000000 0.000983 -0.000185 -0.000000 0.000983 -0.000185 0.000000 0.000983 -0.000185 -0.000000 0.000983 -0.000185 -0.000000 0.000983 -0.000185 -0.000000 0.000983 -0.000185 0.000000 0.000983 -0.000185 -0.000000 0.000983 -0.000185 0.000000 0.000983 -0.000185 -0.000000 0.000983 -0.000185 0.000000 0.000983 -0.000185 0.000000 0.000983 -0.000185 -0.000000 0.000983 -0.000185 0.000000 0.000983 -0.000185 -0.000000 0.000983 -0.000185 0.000000 0.000983 -0.000185 -0.000000 0.000983 -0.000185 -0.000000 0.000983 -0.000185 0.000000 0.000983 -0.000185 -0.000000 0.000983 -0.000185 0.000000 0.000983 -0.000185 0.000000 0.000983 -0.000185 -0.000000 0.000983 -0.000185 -0.000000 0.000983 -0.000185 -0.000000 0.000983 -0.000185 -0.000000 0.000983 -0.000185 0.000000 0.000983 -0.000185 -0.000000 0.000983 -0.000185 0.000000 0.000983 -0.000185 -0.000000 0.000983 -0.000185 0.000000 0.000983 -0.000185 -0.000000 0.000983 -0.000185 -0.000000 0.000983 -0.000185 0.000000 0.000983 -0.000185 0.000000 0.000983 -0.000185 0.000000 0.000983 -0.000185 0.000000 0.000983 -0.000185 -0.000000 0.000983 -0.000185 0.000000 0.000983 -0.000185 0.000000 0.000983 -0.000185 -0.000000 0.000983 -0.000185 0.000000 0.000983 -0.000185 0.000000 0.000983 -0.000185 -0.000000 0.000983 -0.000185 0.000000 0.000983 -0.000185 0.000000 0.000983 -0.000185 -0.000000 0.000983 -0.000185 -0.000000 0.000983 -0.000185 -0.000000 0.000983 -0.000185 -0.000000 0.000983 -0.000185 0.000000 0.000983 -0.000185 -0.000000 0.000983 -0.000185 -0.000000 0.000983 -0.000185 -0.000000 0.000983 -0.000185 0.000000 0.000983 -0.000185 -0.000000 0.000983 -0.000185 0.000000 0.000983 -0.000185 -0.000000 0.000983 -0.000185 -0.000000 0.000983 -0.000185 0.000000 0.000983 -0.000185 0.000000 0.000983 -0.000185 0.000000 0.000983 -0.000185 -0.000000 0.000983 -0.000185 -0.000000 0.000983 -0.000185 0.000000 0.000983 -0.000185 0.000000 0.000983 -0.000185 0.000000 0.000983 -0.000185 -0.000000 0.000983 -0.000185 0.000000 0.000983 -0.000185 -0.000000 0.000983 -0.000185 0.000000 0.000983 -0.000185 -0.000000 0.000983 -0.000185 -0.000000 0.000983 -0.000185 0.000000 0.000983 -0.000185 0.000000 0.000983 -0.000185 -0.000000 0.000983 -0.000185 -0.000000 0.000983 -0.000185 -0.000000 0.000983 -0.000185 -0.000000 0.000983 -0.000185 0.000000 0.000983 -0.000185 0.000000 0.000983 -0.000185 -0.000000 0.000983 -0.000185 0.000000 0.000983 -0.000185 0.000000 0.000983 -0.000185 0.000000 0.000983 -0.000185 0.000000 -0.000983 0.000185 0.000000 -0.000983 0.000185 0.000000 -0.000983 0.000185 0.000000 -0.000983 0.000185 0.000000 -0.000983 0.000185 -0.000000 -0.000983 0.000185 0.000000 -0.000983 0.000185 0.000000 -0.000983 0.000185 0.000000 -0.000983 0.000185 0.000000 -0.000983 0.000185 -0.000000 -0.000983 0.000185 -0.000000 -0.000983 0.000185 -0.000000 -0.000983 0.000185 -0.000000 -0.000983 0.000185 0.000000 -0.000983 0.000185 0.000000 -0.000983 0.000185 -0.000000 -0.000983 0.000185 -0.000000 -0.000983 0.000185 0.000000 -0.000983 0.000185 0.000000 -0.000983 0.000185 0.000000 -0.000983 0.000185 -0.000000 -0.000983 0.000185 -0.000000 -0.000983 0.000185 0.000000 -0.000983 0.000185 0.000000 -0.000983 0.000185 0.000000 -0.000983 0.000185 -0.000000 -0.000983 0.000185 0.000000 -0.000983 0.000185 -0.000000 -0.000983 0.000185 0.000000 -0.000983 0.000185 -0.000000 -0.000983 0.000185 0.000000 -0.000983 0.000185 0.000000 -0.000983 0.000185 -0.000000 -0.000983 0.000185 0.000000 -0.000983 0.000185 0.000000 -0.000983 0.000185 -0.000000 -0.000983 0.000185 0.000000 -0.000983 0.000185 -0.000000 -0.000983 0.000185 0.000000 -0.000983 0.000185 -0.000000 -0.000983 0.000185 0.000000 -0.000983 0.000185 -0.000000 -0.000983 0.000185 -0.000000 -0.000983 0.000185 -0.000000 -0.000983 0.000185 0.000000 -0.000983 0.000185 -0.000000 -0.000983 0.000185 -0.000000 -0.000983 0.000185 -0.000000 -0.000983 0.000185 0.000000 -0.000983 0.000185 0.000000 -0.000983 0.000185 -0.000000 -0.000983 0.000185 0.000000 -0.000983 0.000185 -0.000000 -0.000983 0.000185 -0.000000 -0.000983 0.000185 0.000000 -0.000983 0.000185 -0.000000 -0.000983 0.000185 0.000000 -0.000983 0.000185 0.000000 -0.000983 0.000185 -0.000000 -0.000983 0.000185 0.000000 -0.000983 0.000185 -0.000000 -0.000983 0.000185 -0.000000 -0.000983 0.000185 -0.000000 -0.000983 0.000185 -0.000000 -0.000983 0.000185 -0.000000 -0.000983 0.000185 0.000000 -0.000983 0.000185 -0.000000 -0.000983 0.000185 -0.000000 -0.000983 0.000185 0.000000 -0.000983 0.000185 -0.000000 -0.000983 0.000185 0.000000 -0.000983 0.000185 0.000000 -0.000983 0.000185 -0.000000 -0.000983 0.000185 -0.000000 -0.000983 0.000185 0.000000 -0.000983 0.000185 -0.000000 -0.000983 0.000185 -0.000000 -0.000983 0.000185 -0.000000 -0.000983 0.000185 -0.000000 -0.000983 0.000185 -0.000000 -0.000983 0.000185 0.000000 -0.000983 0.000185 0.000000 -0.000983 0.000185 0.000000 -0.000983 0.000185 0.000000 -0.000983 0.000185 0.000000 -0.000983 0.000185 0.000000 -0.000983 0.000185 -0.000000 -0.000983 0.000185 -0.000000 -0.000983 0.000185 -0.000000 -0.000983 0.000185 0.000000 -0.000983 0.000185 0.000000 -0.000983 0.000185 -0.000000 -0.000983 0.000185 -0.000000 -0.000983 0.000185 0.000000 -0.000983 0.000185 0.000000 -0.000983 0.000185 -0.000000 -0.000983 0.000185 -0.000000 -0.000983 0.000185 0.000000 -0.000983 0.000185 -0.000000 -0.000983 0.000185 -0.000000 -0.000983 0.000185 0.000000 -0.000983 0.000185 -0.000000 -0.000983 0.000185 -0.000000 -0.000983 0.000185 -0.000000 -0.000983 0.000185 0.000000 -0.000983 0.000185 -0.000000 -0.000983 0.000185 0.000000 -0.000983 0.000185 -0.000000 -0.000983 0.000185 0.000000 -0.000983 0.000185 0.000000 -0.000983 0.000185 0.000000 -0.000983 0.000185 -0.000000 -0.000983 0.000185 0.000000 -0.000983 0.000185 0.000000 -0.000983 0.000185 -0.000000 -0.000983 0.000185 -0.000000 -0.000983 0.000185 0.000000 -0.000983 0.000185 -0.000000 -0.000983 0.000185 -0.000000 -0.000983 0.000185 0.000000 -0.000983 0.000185 -0.000000 -0.000983 0.000185 -0.000000 -0.000983 0.000185 -0.000000 -0.000983 0.000185 0.000000 -0.000983 0.000185 -0.000000 -0.000983 0.000185 -0.000000 -0.000983 0.000185 0.000000 -0.000983 0.000185 0.000000 -0.000983 0.000185 0.000000 -0.000983 0.000185 -0.000000 -0.000983 0.000185 -0.000000 -0.000983 0.000185 -0.000000 -0.000983 0.000185 -0.000000 -0.000983 0.000185 0.000000 -0.000983 0.000185 0.000000 -0.000983 0.000185 0.000000 -0.000983 0.000185 0.000000 -0.000983 0.000185 -0.000000 -0.000983 0.000185 -0.000000 -0.000983 0.000185 -0.000000 -0.000983 0.000185 -0.000000 -0.000983 0.000185 0.000000 -0.000983 0.000185 0.000000 -0.000983 0.000185 0.000000 -0.000983 0.000185 0.000000 -0.000983 0.000185 -0.000000 -0.000983 0.000185 -0.000000 -0.000983 0.000185 0.000000 -0.000983 0.000185 -0.000000 -0.000983 0.000185 -0.000000 -0.000983 0.000185 0.000000 -0.000983 0.000185 0.000000 -0.000983 0.000185 -0.000000 -0.000983 0.000185 0.000000 -0.000983 0.000185 -0.000000 -0.000983 0.000185 0.000000 -0.000983 0.000185 0.000000 -0.000983 0.000185 -0.000000 -0.000983 0.000185 -0.000001 -0.000983 0.000185 -0.000000 -0.000983 0.000185 -0.000000 -0.000983 0.000185 -0.000000 -0.000983 0.000185 0.000000 -0.000983 0.000185 -0.000000 -0.000983 0.000185 0.000000 -0.000983 0.000185 0.000000 -0.000983 0.000185 0.000000 -0.000983 0.000185 0.000000 -0.000983 0.000185 0.000000 -0.000983 0.000185 -0.000000 -0.000983 0.000185 0.000000 -0.000983 0.000185 0.000000 -0.000983 0.000185 0.000000 -0.000983 0.000185 0.000000 -0.000983 0.000185 -0.000000 -0.000983 0.000185 -0.000000 -0.000983 0.000185 0.000000 -0.000983 0.000185 0.000000 -0.000983 0.000185 0.000000 -0.000983 0.000185 -0.000000 -0.000983 0.000185 -0.000000 -0.000983 0.000185 0.000000 -0.000983 0.000185 0.000000 -0.000983 0.000185 -0.000000 -0.000983 0.000185 0.000000 -0.000983 0.000185 -0.000000 -0.000983 0.000185 0.000000 -0.000983 0.000185 0.000000 -0.000983 0.000185 0.000000 -0.000983 0.000185 -0.000000 -0.000983 0.000185 -0.000001 -0.000983 0.000185 -0.000000 -0.000983 0.000185 0.000000 -0.000983 0.000185 -0.000000 -0.000983 0.000185 0.000000 -0.000983 0.000185 -0.000000 -0.000983 0.000185 0.000000 -0.000983 0.000185 -0.000000 -0.000983 0.000185 0.000000 -0.000983 0.000185 0.000001 -0.000983 0.000186 -0.000000 -0.000983 0.000185 -0.000000 -0.000983 0.000185 -0.000000 -0.000983 0.000185 -0.000000 -0.000983 0.000185 -0.000000 -0.000983 0.000185 -0.000000 -0.000983 0.000185 -0.000000 -0.000983 0.000185 0.000000 -0.000983 0.000185 0.000000 -0.000983 0.000185 -0.000000 -0.000983 0.000185 -0.000000 -0.000983 0.000185 -0.000000 -0.000983 0.000185 -0.000000 -0.000983 0.000185 0.000000 -0.000983 0.000185 -0.000000 -0.000983 0.000185 0.000000 -0.000983 0.000185 0.000000 -0.000983 0.000185 0.000000 -0.000983 0.000185 0.000000 -0.000983 0.000185 -0.000000 -0.000983 0.000185 -0.000000 -0.000983 0.000185 -0.000000 -0.000983 0.000185 0.000000 -0.000983 0.000185 0.000000 -0.000983 0.000185 -0.000000 -0.000983 0.000185 -0.000000 -0.000983 0.000185 -0.000000 -0.000983 0.000185 -0.000000 -0.000983 0.000185 0.000000 -0.000983 0.000185 -0.000000 -0.000983 0.000185 -0.000000 -0.000983 0.000186 -0.000000 -0.000983 0.000185 0.000000 -0.000983 0.000185 -0.000000 -0.000983 0.000185 -0.000000 -0.000983 0.000185 -0.000000 -0.000983 0.000185 -0.000000 -0.000983 0.000185 -0.000000 -0.000983 0.000185 0.000000 -0.000983 0.000185 0.000000 -0.000983 0.000185 0.000000 -0.000983 0.000185 0.000000 -0.000983 0.000185 0.000000 -0.000983 0.000185 0.000000 -0.000983 0.000185 -0.000000 -0.000983 0.000185 -0.000000 -0.000983 0.000185 0.000000 -0.000983 0.000185 0.000000 -0.000983 0.000185 0.000000 -0.000983 0.000185 0.000000 -0.000983 0.000185 -0.000000 -0.000983 0.000185 -0.000000 -0.000983 0.000185 -0.000000 -0.000983 0.000185 0.000000 -0.000983 0.000185 -0.000000 -0.000983 0.000185 0.000000 -0.000983 0.000185 0.000000 -0.000983 0.000185 0.000000 -0.000983 0.000185 0.000000 -0.000983 0.000185 0.000000 -0.000983 0.000185 0.000000 -0.000983 0.000185 -0.000000 -0.000983 0.000185 -0.000000 -0.000983 0.000185 -0.000000 -0.000983 0.000185 -0.000000 -0.000983 0.000185 0.000000 -0.000983 0.000185 0.000000 -0.000983 0.000185 0.000000 -0.000983 0.000185 0.000000 -0.000983 0.000185 -0.000000 -0.000983 0.000185 -0.000000 -0.000983 0.000185 0.000000 -0.000983 0.000185 0.000000 -0.000983 0.000185 -0.000000 -0.000983 0.000185 0.000000 -0.000983 0.000185 -0.000000 -0.000983 0.000185 -0.000000 -0.000983 0.000185 0.000000 -0.000983 0.000185 -0.000000 -0.000983 0.000185 0.000000 -0.000983 0.000185 0.000000 -0.000983 0.000185 0.000001 -0.000983 0.000186 -0.000000 -0.000983 0.000185 0.000000 -0.000983 0.000185 -0.000000 -0.000983 0.000185 0.000000 -0.000983 0.000185 0.000000 -0.000983 0.000185 -0.000000 -0.000983 0.000185 0.000000 -0.000983 0.000185 0.000000 -0.000983 0.000185 -0.000000 -0.000983 0.000185 -0.000000 -0.000983 0.000185 0.000000 -0.000983 0.000185 0.000000 -0.000983 0.000185 0.000000 -0.000983 0.000185 0.000000 -0.000983 0.000185 0.000000 -0.000983 0.000185 -0.000000 -0.000983 0.000185 0.000000 -0.000983 0.000185 0.000000 -0.000983 0.000185 0.000000 -0.000983 0.000185 -0.000000 -0.000983 0.000185 0.000000 -0.000983 0.000185 0.000000 -0.000983 0.000185 0.000000 -0.000983 0.000185 0.000000 -0.000983 0.000185 -0.000000 -0.000983 0.000185 -0.000000 -0.000983 0.000185 0.000000 -0.000983 0.000185 0.000000 -0.000983 0.000185 0.000000 -0.000983 0.000185 -0.000000 -0.000983 0.000185 0.000000 -0.000983 0.000185 0.000000 -0.000983 0.000185 0.000000 -0.000983 0.000185 -0.000000 -0.000983 0.000185 0.000000 -0.000983 0.000185 -0.000000 -0.000983 0.000185 0.000000 -0.000983 0.000185 0.000000 -0.000983 0.000185 -0.000000 -0.000983 0.000185 0.000000 -0.000983 0.000185 -0.000000 -0.000983 0.000185 0.000000 -0.000983 0.000185 -0.000000 -0.000983 0.000185 -0.000000 -0.000983 0.000185 0.000000 -0.000983 0.000185 0.000000 -0.000983 0.000185 -0.000000 -0.000983 0.000185 0.000000 -0.000983 0.000185 0.000000 -0.000983 0.000185 0.000000 -0.000983 0.000185 0.000000 -0.000983 0.000185 0.000000 -0.000983 0.000185 0.000000 -0.000983 0.000185 0.000000 -0.000983 0.000185 0.000000 -0.000983 0.000185 0.000000 -0.000983 0.000185 0.000000 -0.000983 0.000185 -0.000000 -0.000983 0.000185 0.000000 -0.000983 0.000185 -0.000000 -0.000983 0.000185 -0.000000 -0.000983 0.000185 -0.000000 -0.000983 0.000185 -0.000000 -0.000983 0.000185 0.000000 -0.000983 0.000185 -0.000000 -0.000983 0.000185 -0.000000 -0.000983 0.000185 -0.000000 -0.000983 0.000185 0.000000 -0.000983 0.000185 0.000000 -0.000983 0.000185 0.000000 -0.000983 0.000185 -0.000000 -0.000983 0.000185 -0.000000 -0.000983 0.000185 0.000000 -0.000983 0.000185 0.000000 -0.000983 0.000185 0.000000 -0.000983 0.000185 0.000000 -0.000983 0.000185 -0.000000 -0.000983 0.000185 0.000000 -0.000983 0.000185 -0.000000 -0.000983 0.000185 -0.000000 -0.000983 0.000185 0.000000 -0.000983 0.000185 0.000000 -0.000983 0.000185 0.000000 -0.000983 0.000185 -0.000000 -0.000983 0.000185 -0.000000 -0.000983 0.000185 -0.000000 -0.000983 0.000185 -0.000000 -0.000983 0.000185 -0.000000 -0.000983 0.000185 0.000000 -0.000983 0.000185 0.000000 -0.000983 0.000185 -0.000000 -0.000983 0.000185 -0.000000 -0.000983 0.000185 -0.000000 -0.000983 0.000185 0.000000 -0.000983 0.000185 -0.000000 -0.000983 0.000185 -0.000000 -0.000983 0.000185 -0.000000 -0.000983 0.000185 -0.000000 -0.000983 0.000185 0.000000 -0.000983 0.000185 0.000000 -0.000983 0.000185 0.000000 -0.000983 0.000185 -0.000000 -0.000983 0.000185 0.000000 -0.000983 0.000185 -0.000000 -0.000983 0.000185 0.000000 -0.000983 0.000185 -0.000000 -0.000983 0.000185 0.000000 -0.000983 0.000185 -0.000000 -0.000983 0.000185 0.000000 -0.000983 0.000185 -0.000000 -0.000983 0.000185 -0.000000 -0.000983 0.000185 0.000000 -0.000983 0.000185 -0.000000 -0.000983 0.000185 0.000000 -0.000983 0.000185 0.000000 -0.000983 0.000185 0.000000 -0.000983 0.000185 -0.000000 -0.000983 0.000185 -0.000000 -0.000983 0.000185 0.000000 -0.000983 0.000185 0.000000 -0.000983 0.000185 -0.000000 -0.000983 0.000185 0.000000 -0.000983 0.000185 -0.000000 -0.000983 0.000185 0.000000 -0.000983 0.000185 0.000886 -0.000086 -0.000455 0.000886 -0.000086 -0.000455 0.000889 -0.000085 -0.000450 0.000889 -0.000085 -0.000450 0.000859 -0.000095 -0.000503 0.000859 -0.000095 -0.000503 0.000814 -0.000107 -0.000571 0.000814 -0.000108 -0.000570 0.000754 -0.000122 -0.000645 0.000754 -0.000122 -0.000645 0.000690 -0.000134 -0.000711 0.000690 -0.000134 -0.000711 0.000684 -0.000135 -0.000717 0.000684 -0.000135 -0.000717 0.000797 -0.000112 -0.000594 0.000797 -0.000112 -0.000593 0.000981 0.000036 0.000190 0.000981 0.000036 0.000190 -0.000130 0.000184 0.000974 -0.000130 0.000184 0.000974 -0.000299 0.000177 0.000938 -0.000299 0.000177 0.000938 -0.000365 0.000172 0.000915 -0.000365 0.000172 0.000915 -0.000419 0.000168 0.000892 -0.000419 0.000168 0.000892 -0.000282 0.000178 0.000943 -0.000282 0.000178 0.000943 0.001000 -0.000004 -0.000021 0.001000 -0.000004 -0.000021 0.000904 -0.000079 -0.000421 0.000904 -0.000079 -0.000421 0.000831 -0.000103 -0.000547 0.000831 -0.000103 -0.000547 0.000784 -0.000115 -0.000610 0.000784 -0.000115 -0.000610 0.000747 -0.000123 -0.000654 0.000747 -0.000123 -0.000654 0.000688 -0.000134 -0.000713 0.000688 -0.000134 -0.000713 0.000617 -0.000146 -0.000774 0.000617 -0.000146 -0.000774 0.000548 -0.000155 -0.000822 0.000548 -0.000155 -0.000822 0.000484 -0.000162 -0.000860 0.000484 -0.000162 -0.000860 0.000424 -0.000168 -0.000890 0.000424 -0.000168 -0.000890 0.000367 -0.000172 -0.000914 0.000367 -0.000172 -0.000914 0.000313 -0.000176 -0.000933 0.000313 -0.000176 -0.000933 0.000262 -0.000179 -0.000949 0.000262 -0.000179 -0.000949 0.000255 -0.000179 -0.000950 0.000255 -0.000179 -0.000950 0.000338 -0.000174 -0.000925 0.000338 -0.000174 -0.000925 0.000644 0.000142 0.000751 0.000645 0.000142 0.000751 0.000331 0.000175 0.000927 0.000331 0.000175 0.000927 0.000398 0.000170 0.000902 0.000398 0.000170 0.000902 0.000466 0.000164 0.000869 0.000466 0.000164 0.000869 0.000528 0.000157 0.000835 0.000528 0.000157 0.000835 0.000596 0.000149 0.000789 0.000596 0.000149 0.000789 0.000669 0.000138 0.000730 0.000669 0.000138 0.000730 0.000744 0.000124 0.000656 0.000744 0.000124 0.000656 0.000817 0.000107 0.000566 0.000817 0.000107 0.000566 0.000881 0.000087 0.000464 0.000881 0.000087 0.000464 0.000934 0.000066 0.000352 0.000934 0.000066 0.000352 0.000983 0.000034 0.000180 0.000983 0.000034 0.000180 0.001000 0.000002 0.000010 0.001000 0.000002 0.000010 0.000992 -0.000023 -0.000123 0.000992 -0.000023 -0.000123 0.000967 -0.000047 -0.000251 0.000967 -0.000047 -0.000251 0.000945 -0.000060 -0.000320 0.000945 -0.000060 -0.000320 -0.000147 0.000183 0.000972 -0.000147 0.000183 0.000972 -0.000140 0.000183 0.000973 -0.000140 0.000183 0.000973 -0.000198 0.000181 0.000963 -0.000198 0.000182 0.000963 -0.000262 0.000179 0.000948 -0.000262 0.000179 0.000948 -0.000237 0.000180 0.000955 -0.000237 0.000180 0.000955 0.000151 0.000183 0.000971 0.000151 0.000183 0.000971 0.000926 0.000070 0.000371 0.000926 0.000070 0.000370 0.000739 -0.000125 -0.000662 0.000739 -0.000125 -0.000662 0.000610 -0.000147 -0.000779 0.000610 -0.000147 -0.000779 0.000553 -0.000154 -0.000818 0.000554 -0.000154 -0.000818 0.000484 -0.000162 -0.000860 0.000484 -0.000162 -0.000860 0.000408 -0.000169 -0.000897 0.000408 -0.000169 -0.000897 0.000331 -0.000175 -0.000927 0.000331 -0.000175 -0.000927 0.000261 -0.000179 -0.000949 0.000261 -0.000179 -0.000949 0.000203 -0.000181 -0.000962 0.000203 -0.000181 -0.000962 0.000157 -0.000183 -0.000970 0.000157 -0.000183 -0.000970 0.000139 -0.000183 -0.000973 0.000139 -0.000183 -0.000973 0.000408 0.000169 0.000897 0.000408 0.000169 0.000897 0.000319 0.000175 0.000932 0.000319 0.000176 0.000931 0.000235 0.000180 0.000955 0.000234 0.000180 0.000955 0.000183 0.000182 0.000966 0.000183 0.000182 0.000966 0.000129 0.000184 0.000975 0.000129 0.000184 0.000975 0.000130 0.000184 0.000974 0.000130 0.000184 0.000974 0.000283 0.000178 0.000942 0.000283 0.000178 0.000942 0.000838 -0.000101 -0.000536 0.000838 -0.000101 -0.000536 0.000366 -0.000172 -0.000915 0.000366 -0.000172 -0.000915 0.000217 -0.000181 -0.000959 0.000217 -0.000181 -0.000959 0.000141 -0.000183 -0.000973 0.000141 -0.000183 -0.000973 0.000068 -0.000185 -0.000980 0.000068 -0.000185 -0.000980 0.000012 -0.000185 -0.000983 0.000012 -0.000185 -0.000983 -0.000006 -0.000185 -0.000983 -0.000006 -0.000185 -0.000983 0.000959 -0.000053 -0.000279 0.000959 -0.000053 -0.000279 0.000947 -0.000059 -0.000315 0.000947 -0.000059 -0.000315 0.000922 -0.000072 -0.000380 0.000922 -0.000072 -0.000380 0.000894 -0.000083 -0.000440 0.000894 -0.000083 -0.000440 0.000861 -0.000094 -0.000500 0.000861 -0.000094 -0.000500 0.000818 -0.000107 -0.000565 0.000818 -0.000107 -0.000565 0.000756 -0.000121 -0.000643 0.000756 -0.000121 -0.000643 0.000655 -0.000140 -0.000742 0.000655 -0.000140 -0.000742 0.000458 -0.000165 -0.000874 0.000458 -0.000165 -0.000874 0.000202 -0.000181 -0.000963 0.000202 -0.000181 -0.000963 0.000064 -0.000185 -0.000981 0.000064 -0.000185 -0.000981 -0.000040 -0.000185 -0.000982 -0.000040 -0.000185 -0.000982 -0.000120 -0.000184 -0.000976 -0.000120 -0.000184 -0.000976 -0.000211 -0.000181 -0.000961 -0.000211 -0.000181 -0.000961 -0.000299 -0.000177 -0.000938 -0.000299 -0.000177 -0.000938 -0.000338 -0.000174 -0.000925 -0.000338 -0.000174 -0.000925 -0.000393 -0.000170 -0.000904 -0.000393 -0.000170 -0.000904 -0.000551 -0.000155 -0.000820 -0.000551 -0.000155 -0.000820 -0.000713 -0.000130 -0.000689 -0.000713 -0.000130 -0.000689 -0.000857 -0.000096 -0.000507 -0.000857 -0.000096 -0.000507 -0.000855 -0.000096 -0.000509 -0.000855 -0.000096 -0.000509 -0.000810 -0.000109 -0.000576 -0.000810 -0.000108 -0.000576 -0.000759 -0.000120 -0.000639 -0.000759 -0.000120 -0.000639 -0.000704 -0.000132 -0.000698 -0.000704 -0.000132 -0.000698 -0.000645 -0.000142 -0.000751 -0.000645 -0.000141 -0.000751 -0.000586 -0.000150 -0.000797 -0.000586 -0.000150 -0.000797 -0.000526 -0.000157 -0.000836 -0.000526 -0.000157 -0.000836 -0.000469 -0.000164 -0.000868 -0.000469 -0.000163 -0.000868 -0.000408 -0.000169 -0.000897 -0.000408 -0.000169 -0.000897 -0.000364 -0.000172 -0.000915 -0.000364 -0.000172 -0.000915 -0.000326 -0.000175 -0.000929 -0.000326 -0.000175 -0.000929 -0.000268 -0.000178 -0.000947 -0.000268 -0.000178 -0.000947 -0.000207 -0.000181 -0.000961 -0.000206 -0.000181 -0.000962 0.000533 0.000157 0.000832 0.000532 0.000157 0.000832 0.000541 0.000156 0.000827 0.000541 0.000156 0.000827 0.000572 0.000152 0.000806 0.000572 0.000152 0.000806 0.000624 0.000145 0.000768 0.000624 0.000145 0.000768 0.000677 0.000136 0.000723 0.000677 0.000136 0.000723 0.000713 0.000130 0.000689 0.000713 0.000130 0.000689 0.000759 0.000121 0.000640 0.000759 0.000121 0.000640 0.000815 0.000107 0.000570 0.000815 0.000107 0.000570 0.000869 0.000092 0.000486 0.000869 0.000092 0.000486 0.000916 0.000074 0.000395 0.000916 0.000074 0.000395 0.000945 0.000061 0.000321 0.000945 0.000061 0.000321 0.000967 0.000047 0.000250 0.000967 0.000047 0.000250 0.000991 0.000025 0.000130 0.000991 0.000025 0.000130 0.000932 0.000067 0.000355 0.000932 0.000067 0.000355 0.000638 0.000143 0.000757 0.000638 0.000143 0.000757 0.000459 0.000165 0.000873 0.000459 0.000164 0.000873 0.000417 0.000168 0.000893 0.000417 0.000168 0.000893 0.000355 0.000173 0.000919 0.000355 0.000173 0.000919 0.000318 0.000176 0.000932 0.000318 0.000176 0.000932 0.000280 0.000178 0.000943 0.000280 0.000178 0.000943 0.000249 0.000179 0.000952 0.000249 0.000179 0.000952 0.000217 0.000181 0.000959 0.000218 0.000181 0.000959 0.000224 0.000181 0.000958 0.000223 0.000180 0.000958 0.000572 -0.000152 -0.000806 0.000572 -0.000152 -0.000806 0.000260 -0.000179 -0.000949 0.000260 -0.000179 -0.000949 0.000211 -0.000181 -0.000961 0.000211 -0.000181 -0.000961 0.000216 -0.000181 -0.000960 0.000216 -0.000181 -0.000960 0.000995 -0.000018 -0.000094 0.000995 -0.000018 -0.000094 0.000999 -0.000009 -0.000049 0.000999 -0.000009 -0.000049 0.001000 -0.000002 -0.000011 0.001000 -0.000002 -0.000011 0.000999 0.000006 0.000034 0.000999 0.000006 0.000034 0.000994 0.000019 0.000103 0.000994 0.000019 0.000103 0.000980 0.000037 0.000195 0.000980 0.000037 0.000195 0.000953 0.000056 0.000299 0.000953 0.000056 0.000299 0.000906 0.000078 0.000416 0.000906 0.000078 0.000416 0.000836 0.000102 0.000540 0.000836 0.000102 0.000540 0.000531 0.000157 0.000832 0.000532 0.000157 0.000832 -0.000959 0.000053 0.000280 -0.000959 0.000053 0.000280 -0.000959 0.000052 0.000277 -0.000959 0.000052 0.000277 -0.000942 0.000062 0.000329 -0.000942 0.000062 0.000329 -0.000920 0.000072 0.000384 -0.000920 0.000072 0.000384 -0.000891 0.000084 0.000445 -0.000891 0.000084 0.000445 -0.000839 0.000101 0.000534 -0.000839 0.000101 0.000534 -0.000791 0.000113 0.000601 -0.000791 0.000113 0.000601 -0.000677 0.000136 0.000723 -0.000677 0.000136 0.000723 0.000997 0.000015 0.000079 0.000997 0.000015 0.000079 0.001000 0.000002 0.000013 0.001000 0.000002 0.000013 0.001000 0.000004 0.000021 0.001000 0.000004 0.000021 0.000995 0.000018 0.000094 0.000995 0.000018 0.000094 0.000978 0.000039 0.000207 0.000978 0.000039 0.000207 0.000945 0.000060 0.000321 0.000945 0.000060 0.000321 0.000901 0.000080 0.000427 0.000901 0.000080 0.000427 0.000851 0.000097 0.000516 0.000851 0.000097 0.000516 0.000787 0.000114 0.000607 0.000787 0.000114 0.000607 0.000577 0.000151 0.000802 0.000577 0.000151 0.000802 -0.000836 0.000102 0.000539 -0.000836 0.000102 0.000539 -0.000916 0.000074 0.000394 -0.000916 0.000074 0.000394 -0.000917 0.000074 0.000393 -0.000917 0.000074 0.000393 -0.000888 0.000085 0.000452 -0.000888 0.000085 0.000452 -0.000847 0.000098 0.000522 -0.000847 0.000098 0.000522 -0.000804 0.000110 0.000585 -0.000804 0.000110 0.000585 -0.000773 0.000117 0.000623 -0.000773 0.000117 0.000623 -0.000773 0.000117 0.000624 -0.000773 0.000118 0.000624 -0.000799 0.000111 0.000591 -0.000799 0.000111 0.000591 -0.000824 0.000105 0.000557 -0.000824 0.000105 0.000557 -0.000837 0.000101 0.000537 -0.000837 0.000101 0.000537 -0.000175 0.000182 0.000968 -0.000175 0.000182 0.000968 -0.000222 0.000180 0.000958 -0.000222 0.000181 0.000958 -0.000287 0.000177 0.000941 -0.000287 0.000177 0.000941 -0.000330 0.000175 0.000928 -0.000330 0.000175 0.000928 -0.000364 0.000172 0.000915 -0.000364 0.000172 0.000915 -0.000393 0.000170 0.000904 -0.000393 0.000170 0.000904 -0.000421 0.000168 0.000891 -0.000421 0.000168 0.000891 -0.000452 0.000165 0.000877 -0.000452 0.000165 0.000877 -0.000488 0.000162 0.000858 -0.000488 0.000162 0.000858 -0.000546 0.000155 0.000824 -0.000546 0.000155 0.000824 -0.000591 0.000149 0.000792 -0.000591 0.000149 0.000792 0.000022 -0.000185 -0.000982 0.000022 -0.000185 -0.000982 0.000000 -0.000185 -0.000983 0.000000 -0.000185 -0.000983 -0.000155 -0.000183 -0.000971 -0.000155 -0.000183 -0.000971 -0.000667 -0.000138 -0.000732 -0.000667 -0.000138 -0.000732 -0.000983 -0.000034 -0.000183 -0.000983 -0.000034 -0.000183 -0.000613 0.000146 0.000776 -0.000613 0.000146 0.000776 -0.000662 0.000139 0.000737 -0.000662 0.000139 0.000737 -0.000713 0.000130 0.000689 -0.000713 0.000130 0.000689 -0.000766 0.000119 0.000632 -0.000766 0.000119 0.000632 -0.000816 0.000107 0.000567 -0.000816 0.000107 0.000567 -0.000862 0.000094 0.000498 -0.000862 0.000094 0.000498 -0.000901 0.000080 0.000426 -0.000901 0.000080 0.000426 -0.000933 0.000067 0.000354 -0.000933 0.000067 0.000354 -0.000947 0.000059 0.000314 -0.000947 0.000059 0.000315 -0.000974 0.000042 0.000223 -0.000974 0.000042 0.000223 -0.000752 -0.000122 -0.000648 -0.000752 -0.000122 -0.000648 0.000497 -0.000161 -0.000853 0.000496 -0.000161 -0.000853 0.000688 -0.000134 -0.000713 0.000688 -0.000134 -0.000713 0.000658 -0.000139 -0.000740 0.000658 -0.000139 -0.000740 0.000577 -0.000151 -0.000803 0.000577 -0.000151 -0.000803 0.000471 -0.000163 -0.000867 0.000471 -0.000163 -0.000867 0.000277 -0.000178 -0.000944 0.000277 -0.000178 -0.000944 -0.000192 -0.000182 -0.000964 -0.000192 -0.000182 -0.000964 -0.000999 0.000007 0.000036 -0.000999 0.000007 0.000036 -0.000987 0.000029 0.000155 -0.000987 0.000029 0.000155 -0.000989 0.000028 0.000148 -0.000989 0.000028 0.000148 -0.000997 0.000015 0.000078 -0.000997 0.000015 0.000078 -0.001000 0.000002 0.000010 -0.001000 0.000002 0.000010 -0.000998 -0.000011 -0.000056 -0.000998 -0.000011 -0.000056 -0.000992 -0.000023 -0.000121 -0.000992 -0.000023 -0.000121 -0.000983 -0.000034 -0.000182 -0.000983 -0.000034 -0.000182 -0.000969 -0.000046 -0.000242 -0.000969 -0.000046 -0.000242 -0.000952 -0.000056 -0.000300 -0.000952 -0.000056 -0.000300 -0.000932 -0.000067 -0.000356 -0.000932 -0.000067 -0.000356 -0.000909 -0.000077 -0.000409 -0.000909 -0.000077 -0.000409 -0.000883 -0.000087 -0.000461 -0.000883 -0.000087 -0.000461 -0.000854 -0.000096 -0.000512 -0.000854 -0.000096 -0.000512 -0.000822 -0.000106 -0.000560 -0.000822 -0.000106 -0.000560 -0.000786 -0.000114 -0.000607 -0.000786 -0.000114 -0.000607 -0.000748 -0.000123 -0.000652 -0.000748 -0.000123 -0.000652 -0.000707 -0.000131 -0.000695 -0.000707 -0.000131 -0.000695 -0.000653 -0.000140 -0.000744 -0.000653 -0.000140 -0.000744 0.000798 -0.000112 -0.000592 0.000798 -0.000112 -0.000592 0.000967 -0.000047 -0.000249 0.000967 -0.000047 -0.000249 0.000952 -0.000057 -0.000300 0.000952 -0.000057 -0.000300 0.000922 -0.000072 -0.000381 0.000922 -0.000072 -0.000381 0.000896 -0.000082 -0.000437 0.000896 -0.000082 -0.000437 0.000869 -0.000092 -0.000487 0.000869 -0.000092 -0.000487 0.000846 -0.000099 -0.000523 0.000846 -0.000099 -0.000523 0.000865 -0.000093 -0.000493 0.000865 -0.000093 -0.000493 0.000900 -0.000081 -0.000428 0.000900 -0.000081 -0.000428 0.000899 -0.000081 -0.000430 0.000899 -0.000081 -0.000430 -0.000109 -0.000184 -0.000977 -0.000108 -0.000184 -0.000977 -0.000931 -0.000068 -0.000359 -0.000931 -0.000068 -0.000359 -0.000984 -0.000032 -0.000173 -0.000984 -0.000033 -0.000173 -0.000999 -0.000008 -0.000043 -0.000999 -0.000008 -0.000043 -0.000999 0.000010 0.000053 -0.000999 0.000010 0.000053 -0.000991 0.000025 0.000132 -0.000991 0.000025 0.000132 -0.000979 0.000038 0.000202 -0.000979 0.000038 0.000202 -0.000965 0.000049 0.000259 -0.000965 0.000049 0.000259 -0.000937 0.000065 0.000344 -0.000937 0.000065 0.000344 -0.000861 0.000094 0.000500 -0.000861 0.000094 0.000500 -0.000750 0.000122 0.000649 -0.000750 0.000122 0.000650 -0.000523 0.000158 0.000838 -0.000523 0.000158 0.000838 -0.000456 0.000165 0.000874 -0.000456 0.000165 0.000874 -0.000512 0.000159 0.000844 -0.000512 0.000159 0.000844 -0.000580 0.000151 0.000801 -0.000580 0.000151 0.000801 -0.000625 0.000145 0.000767 -0.000625 0.000144 0.000767 -0.000632 0.000144 0.000762 -0.000632 0.000144 0.000762 -0.000512 0.000159 0.000844 -0.000512 0.000159 0.000844 0.000984 -0.000033 -0.000174 0.000984 -0.000033 -0.000174 0.000530 0.000157 0.000833 0.000530 0.000157 0.000833 0.000563 0.000153 0.000812 0.000563 0.000153 0.000812 0.000645 0.000142 0.000751 0.000645 0.000141 0.000751 0.000663 0.000139 0.000736 0.000663 0.000139 0.000736 0.000500 0.000160 0.000851 0.000500 0.000160 0.000851 0.000327 0.000175 0.000929 0.000327 0.000175 0.000929 0.000180 0.000182 0.000967 0.000180 0.000182 0.000967 0.000090 0.000184 0.000979 0.000090 0.000184 0.000979 0.000037 0.000185 0.000982 0.000037 0.000185 0.000982 0.000016 0.000185 0.000983 0.000016 0.000185 0.000983 -0.000075 0.000185 0.000980 -0.000075 0.000185 0.000980 -0.000971 0.000044 0.000234 -0.000971 0.000044 0.000234 -0.000444 -0.000166 -0.000881 -0.000444 -0.000166 -0.000881 -0.000292 -0.000177 -0.000940 -0.000292 -0.000177 -0.000940 -0.000294 -0.000177 -0.000939 -0.000294 -0.000177 -0.000939 -0.000423 -0.000168 -0.000891 -0.000423 -0.000168 -0.000891 -0.000603 -0.000148 -0.000784 -0.000603 -0.000148 -0.000784 -0.000698 -0.000133 -0.000704 -0.000698 -0.000133 -0.000704 -0.000670 -0.000138 -0.000730 -0.000670 -0.000137 -0.000730 -0.000569 -0.000152 -0.000808 -0.000569 -0.000152 -0.000808 -0.000447 -0.000166 -0.000879 -0.000447 -0.000166 -0.000879 -0.000290 -0.000177 -0.000940 -0.000290 -0.000177 -0.000940 -0.000082 -0.000185 -0.000979 -0.000082 -0.000185 -0.000979 -0.000034 -0.000185 -0.000982 -0.000034 -0.000185 -0.000982 -0.000008 -0.000185 -0.000983 -0.000008 -0.000185 -0.000983 0.000071 -0.000185 -0.000980 0.000071 -0.000185 -0.000980 0.000508 0.000159 0.000846 0.000508 0.000159 0.000846 0.000551 0.000154 0.000820 0.000551 0.000154 0.000820 0.000614 0.000146 0.000775 0.000614 0.000146 0.000775 0.000681 0.000136 0.000719 0.000681 0.000136 0.000719 0.000726 0.000127 0.000676 0.000726 0.000127 0.000676 0.000780 0.000116 0.000615 0.000780 0.000116 0.000615 0.000849 0.000098 0.000519 0.000849 0.000098 0.000519 0.000904 0.000079 0.000419 0.000904 0.000079 0.000419 0.000935 0.000066 0.000349 0.000935 0.000066 0.000349 0.000974 0.000042 0.000221 0.000974 0.000042 0.000221 0.000999 0.000008 0.000041 0.000999 0.000008 0.000041 0.001000 -0.000002 -0.000010 0.001000 -0.000002 -0.000010 0.000995 -0.000018 -0.000098 0.000995 -0.000018 -0.000098 0.000953 -0.000056 -0.000298 0.000953 -0.000056 -0.000298 0.000904 -0.000079 -0.000420 0.000904 -0.000079 -0.000420 0.000875 -0.000090 -0.000476 0.000875 -0.000090 -0.000476 0.000828 -0.000104 -0.000551 0.000828 -0.000104 -0.000551 0.000754 -0.000122 -0.000646 0.000754 -0.000122 -0.000646 0.000653 -0.000140 -0.000745 0.000653 -0.000140 -0.000745 0.000554 -0.000154 -0.000818 0.000554 -0.000154 -0.000818 0.000461 -0.000164 -0.000872 0.000461 -0.000164 -0.000872 0.000372 -0.000172 -0.000912 0.000372 -0.000172 -0.000912 0.000287 -0.000177 -0.000941 0.000287 -0.000177 -0.000941 0.000205 -0.000181 -0.000962 0.000205 -0.000181 -0.000962 0.000116 -0.000184 -0.000976 0.000116 -0.000184 -0.000976 0.000087 -0.000184 -0.000979 0.000087 -0.000185 -0.000979 0.000087 -0.000184 -0.000979 0.000087 -0.000184 -0.000979 0.000127 -0.000184 -0.000975 0.000127 -0.000184 -0.000975 0.000181 -0.000182 -0.000966 0.000181 -0.000182 -0.000966 0.000265 -0.000179 -0.000948 0.000265 -0.000179 -0.000948 0.000378 -0.000171 -0.000910 0.000378 -0.000171 -0.000910 0.000499 -0.000160 -0.000852 0.000499 -0.000160 -0.000852 0.000594 -0.000149 -0.000790 0.000594 -0.000149 -0.000790 0.000655 -0.000140 -0.000742 0.000655 -0.000140 -0.000742 0.000705 -0.000131 -0.000697 0.000705 -0.000131 -0.000697 0.000765 -0.000119 -0.000633 0.000765 -0.000119 -0.000633 0.000824 -0.000105 -0.000557 0.000824 -0.000105 -0.000557 0.000867 -0.000092 -0.000490 0.000867 -0.000092 -0.000490 0.000895 -0.000083 -0.000439 0.000895 -0.000083 -0.000439 0.000938 -0.000064 -0.000340 0.000938 -0.000064 -0.000340 0.000996 -0.000015 -0.000082 0.000996 -0.000015 -0.000082 0.000956 0.000055 0.000290 0.000956 0.000055 0.000290 0.000850 0.000098 0.000518 0.000850 0.000098 0.000518 0.000632 0.000144 0.000762 0.000632 0.000144 0.000762 0.000461 0.000164 0.000872 0.000461 0.000164 0.000872 0.000402 0.000170 0.000900 0.000402 0.000170 0.000900 0.000392 0.000170 0.000904 0.000392 0.000170 0.000904 -0.000145 0.000183 0.000972 -0.000145 0.000183 0.000972 -0.000730 -0.000126 -0.000671 -0.000730 -0.000126 -0.000671 -0.000761 -0.000120 -0.000638 -0.000761 -0.000120 -0.000638 -0.000821 -0.000106 -0.000561 -0.000821 -0.000106 -0.000561 -0.000881 -0.000088 -0.000465 -0.000881 -0.000088 -0.000465 -0.000936 -0.000065 -0.000347 -0.000936 -0.000065 -0.000347 -0.000968 -0.000046 -0.000247 -0.000968 -0.000046 -0.000247 -0.000996 -0.000016 -0.000085 -0.000996 -0.000016 -0.000085 -0.000988 0.000029 0.000153 -0.000988 0.000029 0.000153 -0.000962 0.000051 0.000269 -0.000962 0.000051 0.000269 -0.000932 0.000067 0.000355 -0.000932 0.000067 0.000355 -0.000875 0.000090 0.000476 -0.000875 0.000090 0.000476 -0.000811 0.000108 0.000575 -0.000811 0.000108 0.000575 -0.000744 0.000124 0.000657 -0.000744 0.000124 0.000657 -0.000671 0.000137 0.000728 -0.000671 0.000137 0.000728 -0.000562 0.000153 0.000813 -0.000562 0.000153 0.000813 -0.000429 0.000167 0.000888 -0.000429 0.000167 0.000888 -0.000316 0.000176 0.000932 -0.000316 0.000176 0.000932 -0.000242 0.000180 0.000954 -0.000242 0.000180 0.000954 -0.000136 0.000183 0.000974 -0.000136 0.000183 0.000974 -0.000020 0.000185 0.000983 -0.000020 0.000185 0.000982 0.000029 0.000185 0.000982 0.000029 0.000185 0.000982 0.000058 0.000185 0.000981 0.000058 0.000185 0.000981 0.000053 0.000185 0.000981 0.000053 0.000185 0.000981 0.000018 0.000185 0.000983 0.000018 0.000185 0.000983 -0.000018 0.000185 0.000983 -0.000018 0.000185 0.000983 -0.000057 0.000185 0.000981 -0.000057 0.000185 0.000981 -0.000101 0.000184 0.000978 -0.000101 0.000184 0.000978 -0.000156 0.000183 0.000971 -0.000156 0.000183 0.000971 -0.000199 0.000181 0.000963 -0.000199 0.000181 0.000963 -0.000244 0.000180 0.000953 -0.000244 0.000180 0.000953 -0.000290 0.000177 0.000940 -0.000290 0.000177 0.000940 -0.000339 0.000174 0.000924 -0.000339 0.000174 0.000924 -0.000391 0.000170 0.000904 -0.000391 0.000170 0.000904 -0.000447 0.000166 0.000879 -0.000447 0.000166 0.000879 -0.000506 0.000160 0.000848 -0.000506 0.000160 0.000848 -0.000595 0.000149 0.000790 -0.000595 0.000149 0.000790 -0.000643 0.000142 0.000753 -0.000643 0.000142 0.000753 -0.000726 0.000127 0.000675 -0.000726 0.000127 0.000675 0.000227 -0.000180 -0.000957 0.000227 -0.000180 -0.000957 0.000300 -0.000177 -0.000937 0.000300 -0.000177 -0.000938 0.000295 -0.000177 -0.000939 0.000295 -0.000177 -0.000939 0.000249 -0.000179 -0.000952 0.000249 -0.000179 -0.000952 0.000185 -0.000182 -0.000966 0.000185 -0.000182 -0.000966 0.000080 -0.000185 -0.000980 0.000080 -0.000185 -0.000980 -0.000006 -0.000185 -0.000983 -0.000006 -0.000185 -0.000983 -0.000471 0.000163 0.000867 -0.000471 0.000163 0.000867 -0.000494 0.000161 0.000854 -0.000494 0.000161 0.000854 -0.000558 0.000154 0.000816 -0.000558 0.000154 0.000816 -0.000631 0.000144 0.000762 -0.000631 0.000144 0.000762 -0.000690 0.000134 0.000712 -0.000689 0.000134 0.000712 -0.000730 0.000127 0.000671 -0.000730 0.000127 0.000671 -0.000776 0.000117 0.000620 -0.000776 0.000117 0.000620 -0.000824 0.000105 0.000556 -0.000824 0.000105 0.000556 -0.000874 0.000090 0.000478 -0.000874 0.000090 0.000478 -0.000918 0.000073 0.000389 -0.000918 0.000073 0.000389 -0.000955 0.000055 0.000292 -0.000955 0.000055 0.000292 -0.000980 0.000037 0.000195 -0.000980 0.000037 0.000195 -0.000994 0.000020 0.000105 -0.000994 0.000020 0.000105 -0.001000 0.000003 0.000018 -0.001000 0.000003 0.000018 -0.000997 -0.000014 -0.000075 -0.000997 -0.000014 -0.000075 -0.000985 -0.000032 -0.000167 -0.000985 -0.000032 -0.000167 -0.000965 -0.000048 -0.000257 -0.000965 -0.000048 -0.000257 -0.000938 -0.000064 -0.000342 -0.000938 -0.000064 -0.000342 -0.000904 -0.000079 -0.000421 -0.000904 -0.000079 -0.000421 -0.000844 -0.000099 -0.000528 -0.000844 -0.000099 -0.000528 -0.000753 -0.000122 -0.000647 -0.000753 -0.000122 -0.000647 -0.000657 -0.000140 -0.000741 -0.000657 -0.000140 -0.000741 -0.000561 -0.000153 -0.000813 -0.000561 -0.000153 -0.000813 -0.000469 -0.000164 -0.000868 -0.000469 -0.000164 -0.000868 -0.000391 -0.000170 -0.000905 -0.000391 -0.000170 -0.000905 -0.000327 -0.000175 -0.000929 -0.000327 -0.000175 -0.000929 -0.000268 -0.000178 -0.000947 -0.000268 -0.000178 -0.000947 -0.000214 -0.000181 -0.000960 -0.000214 -0.000181 -0.000960 -0.000166 -0.000183 -0.000969 -0.000166 -0.000183 -0.000969 -0.000123 -0.000184 -0.000975 -0.000124 -0.000184 -0.000975 -0.000087 -0.000184 -0.000979 -0.000087 -0.000184 -0.000979 -0.000054 -0.000185 -0.000981 -0.000054 -0.000185 -0.000981 -0.000039 -0.000185 -0.000982 -0.000039 -0.000185 -0.000982 -0.000038 -0.000185 -0.000982 -0.000037 -0.000185 -0.000982 0.000495 0.000161 0.000854 0.000495 0.000161 0.000854
</float_array>
          <technique_common>
            <accessor source="#Racecar_Back_Cover_Right_Image-mesh-normals-array" count="1636" stride="3">
              <param name="X" type="float" />
              <param name="Y" type="float" />
              <param name="Z" type="float" />
            </accessor>
          </technique_common>
        </source>
        <vertices id="Racecar_Back_Cover_Right_Image-mesh-vertices">
          <input semantic="POSITION" source="#Racecar_Back_Cover_Right_Image-mesh-positions" />
        </vertices>
        <triangles material="Material_008-material" count="1636">
          <input semantic="VERTEX" source="#Racecar_Back_Cover_Right_Image-mesh-vertices" offset="0" />
          <input semantic="NORMAL" source="#Racecar_Back_Cover_Right_Image-mesh-normals" offset="1" />
          <p>0 0 1 0 2 0 3 1 4 1 5 1 6 2 7 2 8 2 9 3 10 3 11 3 12 4 13 4 14 4 15 5 16 5 17 5 18 6 19 6 20 6 21 7 22 7 23 7 24 8 25 8 26 8 27 9 28 9 29 9 30 10 26 10 31 10 32 11 33 11 12 11 26 12 34 12 35 12 36 13 37 13 38 13 26 14 39 14 40 14 27 15 29 15 41 15 28 16 21 16 29 16 28 17 22 17 21 17 22 18 1 18 23 18 23 19 1 19 0 19 1 20 42 20 2 20 43 21 44 21 45 21 46 22 47 22 48 22 49 23 50 23 51 23 52 24 53 24 54 24 55 25 56 25 45 25 57 26 58 26 59 26 60 27 61 27 58 27 62 28 63 28 64 28 65 29 55 29 66 29 67 30 68 30 65 30 69 31 70 31 68 31 71 32 72 32 70 32 70 33 72 33 73 33 74 34 73 34 75 34 76 35 77 35 78 35 79 36 76 36 78 36 80 37 81 37 82 37 76 38 75 38 77 38 74 39 70 39 73 39 76 40 74 40 75 40 69 41 71 41 70 41 67 42 69 42 68 42 65 43 68 43 55 43 66 44 55 44 83 44 83 45 45 45 64 45 62 46 84 46 63 46 84 47 61 47 60 47 63 48 84 48 60 48 57 49 60 49 58 49 64 50 45 50 62 50 59 51 85 51 57 51 83 52 55 52 45 52 45 53 56 53 86 53 87 54 88 54 89 54 43 55 45 55 86 55 90 56 91 56 52 56 92 57 93 57 94 57 53 58 95 58 96 58 97 59 98 59 49 59 99 60 100 60 101 60 102 61 103 61 104 61 96 62 95 62 105 62 105 63 95 63 106 63 95 64 107 64 108 64 108 65 109 65 110 65 110 66 111 66 112 66 112 67 113 67 114 67 115 68 112 68 114 68 116 69 115 69 114 69 116 70 117 70 115 70 112 71 111 71 113 71 110 72 109 72 111 72 108 73 107 73 109 73 97 74 49 74 118 74 106 75 95 75 108 75 119 76 97 76 120 76 118 77 121 77 97 77 122 78 123 78 124 78 125 79 126 79 127 79 128 80 126 80 129 80 128 81 130 81 126 81 131 82 132 82 133 82 134 83 131 83 133 83 130 84 135 84 136 84 134 85 137 85 131 85 138 86 139 86 126 86 140 87 141 87 142 87 125 88 129 88 126 88 143 89 144 89 145 89 146 90 125 90 127 90 145 91 147 91 148 91 138 92 126 92 149 92 144 93 150 93 151 93 152 94 153 94 127 94 127 95 153 95 146 95 153 96 152 96 154 96 154 97 152 97 155 97 155 98 156 98 157 98 156 99 158 99 159 99 160 100 161 100 162 100 163 101 164 101 165 101 166 102 165 102 167 102 168 103 169 103 170 103 145 104 148 104 171 104 172 105 167 105 168 105 144 106 173 106 174 106 175 107 176 107 167 107 177 108 178 108 179 108 180 109 181 109 182 109 183 110 184 110 180 110 183 111 185 111 184 111 180 112 184 112 181 112 185 113 183 113 186 113 187 114 185 114 186 114 188 115 187 115 186 115 188 116 189 116 187 116 188 117 190 117 189 117 191 118 192 118 193 118 190 119 194 119 195 119 196 120 197 120 194 120 196 121 198 121 197 121 199 122 200 122 201 122 202 123 180 123 182 123 200 124 199 124 203 124 204 125 202 125 182 125 205 126 206 126 207 126 208 127 192 127 203 127 190 128 196 128 194 128 189 129 190 129 195 129 204 130 209 130 202 130 209 131 177 131 179 131 204 132 177 132 209 132 179 133 178 133 210 133 210 134 178 134 176 134 175 135 210 135 176 135 172 136 175 136 167 136 172 137 168 137 170 137 167 138 165 138 168 138 166 139 163 139 165 139 165 140 164 140 160 140 160 141 164 141 161 141 211 142 212 142 213 142 162 143 161 143 214 143 158 144 162 144 214 144 159 145 158 145 214 145 157 146 156 146 159 146 155 147 152 147 156 147 215 148 216 148 217 148 218 149 219 149 220 149 221 150 218 150 220 150 222 151 124 151 223 151 218 152 126 152 219 152 123 153 122 153 224 153 225 154 221 154 226 154 227 155 228 155 225 155 225 156 228 156 221 156 226 157 229 157 230 157 231 158 222 158 223 158 232 159 233 159 103 159 102 160 232 160 103 160 223 161 102 161 104 161 231 162 223 162 104 162 234 163 235 163 236 163 237 164 238 164 239 164 236 165 240 165 234 165 122 166 124 166 222 166 230 167 224 167 122 167 230 168 229 168 224 168 226 169 220 169 229 169 226 170 221 170 220 170 241 171 217 171 216 171 242 172 243 172 244 172 245 173 246 173 247 173 248 174 249 174 250 174 247 175 248 175 251 175 248 176 250 176 251 176 245 177 247 177 251 177 252 178 246 178 245 178 252 179 253 179 246 179 252 180 99 180 253 180 252 181 239 181 99 181 237 182 239 182 252 182 254 183 255 183 235 183 241 184 216 184 256 184 257 185 258 185 132 185 97 186 259 186 120 186 97 187 121 187 256 187 97 188 119 188 98 188 118 189 49 189 51 189 49 190 260 190 50 190 49 191 95 191 260 191 260 192 95 192 53 192 53 193 96 193 54 193 261 194 94 194 93 194 52 195 54 195 90 195 262 196 263 196 94 196 262 197 264 197 263 197 265 198 92 198 91 198 88 199 266 199 265 199 267 200 268 200 269 200 267 201 270 201 268 201 268 202 270 202 271 202 269 203 89 203 88 203 272 204 273 204 271 204 272 205 274 205 273 205 263 206 264 206 275 206 87 207 266 207 88 207 261 208 262 208 94 208 92 209 265 209 93 209 265 210 90 210 88 210 91 211 90 211 265 211 269 212 276 212 277 212 278 213 279 213 280 213 45 214 44 214 269 214 281 215 278 215 280 215 43 216 282 216 44 216 43 217 283 217 282 217 43 218 11 218 284 218 47 219 285 219 48 219 47 220 6 220 285 220 11 221 47 221 46 221 11 222 286 222 9 222 274 223 278 223 281 223 46 224 286 224 11 224 273 225 274 225 281 225 283 226 43 226 284 226 271 227 273 227 268 227 269 228 268 228 287 228 276 229 269 229 287 229 277 230 89 230 269 230 45 231 269 231 88 231 284 232 11 232 10 232 6 233 8 233 285 233 7 234 288 234 8 234 289 235 288 235 290 235 288 236 7 236 290 236 15 237 289 237 290 237 15 238 17 238 289 238 2 239 16 239 15 239 2 240 291 240 16 240 2 241 42 241 291 241 291 242 42 242 292 242 4 243 291 243 292 243 5 244 4 244 292 244 293 245 3 245 5 245 293 246 294 246 3 246 3 247 294 247 295 247 296 248 297 248 219 248 121 249 241 249 256 249 298 250 215 250 217 250 298 251 299 251 215 251 298 252 240 252 299 252 298 253 234 253 240 253 300 254 301 254 297 254 243 255 302 255 300 255 254 256 235 256 234 256 301 257 219 257 297 257 101 258 255 258 254 258 101 259 100 259 255 259 242 260 302 260 243 260 253 261 99 261 101 261 238 262 244 262 303 262 239 263 238 263 303 263 238 264 242 264 244 264 300 265 302 265 301 265 296 266 219 266 126 266 139 267 296 267 126 267 126 268 130 268 149 268 128 269 135 269 130 269 135 270 132 270 258 270 135 271 258 271 136 271 131 272 304 272 257 272 131 273 257 273 132 273 259 274 304 274 131 274 259 275 97 275 305 275 259 276 306 276 304 276 259 277 305 277 306 277 307 278 308 278 309 278 310 279 148 279 147 279 144 280 151 280 173 280 174 281 311 281 312 281 312 282 311 282 313 282 174 283 173 283 311 283 314 284 315 284 316 284 150 285 144 285 143 285 143 286 145 286 171 286 317 287 310 287 147 287 317 288 318 288 310 288 310 289 318 289 319 289 319 290 318 290 320 290 140 291 319 291 320 291 321 292 322 292 323 292 140 293 142 293 319 293 324 294 325 294 326 294 327 295 141 295 140 295 328 296 329 296 324 296 327 297 330 297 141 297 331 298 314 298 332 298 327 299 308 299 330 299 333 300 201 300 334 300 330 301 308 301 307 301 335 302 20 302 336 302 20 303 337 303 338 303 339 304 340 304 341 304 342 305 343 305 332 305 81 306 344 306 345 306 346 307 334 307 323 307 347 308 192 308 191 308 348 309 349 309 347 309 350 310 351 310 352 310 353 311 354 311 355 311 356 312 357 312 358 312 359 313 360 313 356 313 361 314 362 314 359 314 363 315 361 315 364 315 365 316 363 316 366 316 365 317 367 317 363 317 368 318 369 318 370 318 371 319 372 319 213 319 372 320 211 320 213 320 372 321 373 321 211 321 211 322 373 322 205 322 374 323 369 323 207 323 374 324 375 324 369 324 376 325 205 325 373 325 375 326 370 326 369 326 374 327 207 327 206 327 206 328 205 328 376 328 373 329 377 329 376 329 373 330 378 330 377 330 379 331 378 331 380 331 377 332 378 332 379 332 380 333 367 333 381 333 378 334 367 334 380 334 381 335 367 335 365 335 363 336 364 336 366 336 361 337 359 337 364 337 362 338 360 338 359 338 360 339 357 339 356 339 382 340 358 340 357 340 382 341 355 341 354 341 382 342 354 342 358 342 352 343 353 343 355 343 352 344 351 344 353 344 349 345 350 345 352 345 348 346 350 346 349 346 191 347 348 347 347 347 208 348 193 348 192 348 208 349 203 349 199 349 333 350 199 350 201 350 333 351 334 351 346 351 346 352 323 352 322 352 323 353 316 353 321 353 321 354 316 354 315 354 315 355 314 355 331 355 332 356 328 356 383 356 314 357 384 357 332 357 344 358 81 358 326 358 82 359 81 359 345 359 82 360 385 360 80 360 80 361 385 361 386 361 341 362 340 362 387 362 388 363 341 363 338 363 337 364 389 364 338 364 390 365 391 365 387 365 385 366 392 366 386 366 342 367 391 367 343 367 332 368 393 368 342 368 393 369 332 369 384 369 344 370 326 370 325 370 329 371 325 371 324 371 332 372 329 372 328 372 391 373 390 373 343 373 331 374 332 374 383 374 340 375 390 375 387 375 341 376 388 376 339 376 388 377 338 377 389 377 20 378 19 378 337 378 18 379 20 379 394 379 394 380 20 380 335 380 20 381 26 381 336 381 336 382 26 382 40 382 26 383 395 383 39 383 26 384 25 384 395 384 30 385 24 385 26 385 31 386 26 386 396 386 396 387 26 387 35 387 35 388 34 388 38 388 38 389 34 389 36 389 37 390 36 390 14 390 13 391 37 391 14 391 33 392 13 392 12 392 32 393 12 393 397 393 398 394 32 394 397 394 399 395 398 395 397 395 399 396 400 396 398 396 399 397 401 397 400 397 400 398 401 398 402 398 402 399 401 399 403 399 404 400 402 400 403 400 405 401 404 401 403 401 406 402 405 402 403 402 406 403 407 403 405 403 406 404 408 404 407 404 407 405 408 405 409 405 409 406 408 406 410 406 411 407 412 407 413 407 414 408 415 408 416 408 417 409 418 409 419 409 420 410 421 410 422 410 423 411 424 411 425 411 426 412 427 412 428 412 429 413 430 413 431 413 432 414 433 414 434 414 435 415 436 415 437 415 438 416 439 416 440 416 441 417 435 417 442 417 425 418 443 418 444 418 445 419 446 419 435 419 447 420 448 420 449 420 450 421 451 421 435 421 452 422 438 422 440 422 438 423 434 423 439 423 434 424 433 424 439 424 432 425 412 425 433 425 413 426 412 426 432 426 411 427 453 427 412 427 454 428 455 428 456 428 457 429 458 429 459 429 460 430 461 430 462 430 463 431 464 431 465 431 454 432 466 432 467 432 468 433 469 433 470 433 469 434 471 434 472 434 473 435 474 435 475 435 476 436 467 436 477 436 477 437 478 437 479 437 478 438 480 438 481 438 480 439 482 439 483 439 484 440 482 440 480 440 485 441 484 441 486 441 487 442 488 442 489 442 487 443 489 443 490 443 491 444 492 444 493 444 488 445 485 445 489 445 484 446 480 446 486 446 485 447 486 447 489 447 480 448 483 448 481 448 478 449 481 449 479 449 467 450 478 450 477 450 494 451 467 451 476 451 473 452 454 452 494 452 474 453 495 453 475 453 472 454 471 454 495 454 472 455 495 455 474 455 469 456 472 456 470 456 475 457 454 457 473 457 470 458 496 458 468 458 454 459 467 459 494 459 497 460 466 460 454 460 498 461 499 461 500 461 497 462 454 462 456 462 465 463 501 463 502 463 503 464 504 464 505 464 506 465 507 465 464 465 462 466 508 466 509 466 510 467 511 467 512 467 513 468 514 468 515 468 516 469 507 469 506 469 517 470 507 470 516 470 518 471 519 471 507 471 520 472 521 472 518 472 522 473 523 473 520 473 524 474 525 474 522 474 524 475 522 475 526 475 524 476 526 476 527 476 526 477 528 477 527 477 525 478 523 478 522 478 523 479 521 479 520 479 521 480 519 480 518 480 529 481 462 481 509 481 518 482 507 482 517 482 530 483 509 483 531 483 509 484 532 484 529 484 533 485 534 485 535 485 536 486 537 486 538 486 539 487 537 487 540 487 537 488 541 488 540 488 542 489 543 489 544 489 542 490 544 490 545 490 546 491 547 491 541 491 544 492 548 492 545 492 537 493 549 493 550 493 551 494 552 494 553 494 537 495 539 495 538 495 554 496 555 496 556 496 536 497 538 497 557 497 558 498 559 498 554 498 560 499 537 499 550 499 561 500 562 500 555 500 536 501 563 501 564 501 557 502 563 502 536 502 565 503 564 503 563 503 566 504 564 504 565 504 567 505 568 505 566 505 569 506 570 506 568 506 571 507 572 507 573 507 574 508 575 508 576 508 577 509 574 509 578 509 579 510 580 510 581 510 582 511 558 511 554 511 581 512 577 512 583 512 584 513 585 513 555 513 577 514 586 514 587 514 588 515 589 515 590 515 591 516 592 516 593 516 593 517 594 517 595 517 594 518 596 518 595 518 592 519 594 519 593 519 597 520 595 520 596 520 597 521 596 521 598 521 597 522 598 522 599 522 598 523 600 523 599 523 600 524 601 524 599 524 602 525 603 525 604 525 605 526 606 526 601 526 606 527 607 527 608 527 607 528 609 528 608 528 610 529 611 529 612 529 591 530 593 530 613 530 614 531 612 531 611 531 591 532 613 532 615 532 616 533 617 533 618 533 614 534 603 534 619 534 606 535 608 535 601 535 605 536 601 536 600 536 613 537 620 537 615 537 588 538 590 538 620 538 620 539 590 539 615 539 621 540 589 540 588 540 586 541 589 541 621 541 586 542 621 542 587 542 577 543 587 543 583 543 579 544 581 544 583 544 581 545 574 545 577 545 574 546 576 546 578 546 573 547 575 547 574 547 572 548 575 548 573 548 622 549 623 549 624 549 625 550 572 550 571 550 625 551 571 551 570 551 625 552 570 552 569 552 569 553 568 553 567 553 568 554 564 554 566 554 626 555 627 555 628 555 629 556 630 556 631 556 629 557 631 557 632 557 633 558 533 558 634 558 630 559 537 559 631 559 635 560 535 560 534 560 636 561 632 561 637 561 637 562 638 562 639 562 632 563 638 563 637 563 640 564 641 564 636 564 633 565 634 565 642 565 514 566 643 566 644 566 514 567 644 567 515 567 513 568 515 568 633 568 513 569 633 569 642 569 645 570 646 570 647 570 648 571 649 571 650 571 647 572 651 572 645 572 634 573 533 573 535 573 535 574 635 574 640 574 635 575 641 575 640 575 641 576 629 576 636 576 629 577 632 577 636 577 627 578 626 578 652 578 653 579 654 579 655 579 656 580 657 580 658 580 659 581 660 581 661 581 662 582 661 582 656 582 662 583 659 583 661 583 662 584 656 584 658 584 658 585 657 585 663 585 657 586 664 586 663 586 664 587 512 587 663 587 512 588 648 588 663 588 663 589 648 589 650 589 646 590 665 590 666 590 667 591 627 591 652 591 543 592 668 592 669 592 530 593 670 593 509 593 667 594 532 594 509 594 508 595 531 595 509 595 460 596 462 596 529 596 461 597 671 597 462 597 671 598 507 598 462 598 464 599 507 599 671 599 463 600 506 600 464 600 504 601 503 601 672 601 502 602 463 602 465 602 503 603 673 603 674 603 673 604 675 604 674 604 501 605 505 605 676 605 676 606 677 606 499 606 678 607 679 607 680 607 679 608 681 608 680 608 682 609 681 609 679 609 499 610 498 610 678 610 682 611 683 611 684 611 683 612 685 612 684 612 686 613 675 613 673 613 499 614 677 614 500 614 503 615 674 615 672 615 504 616 676 616 505 616 499 617 502 617 676 617 676 618 502 618 501 618 687 619 688 619 678 619 689 620 690 620 691 620 678 621 455 621 454 621 689 622 691 622 692 622 455 623 693 623 456 623 693 624 694 624 456 624 695 625 420 625 456 625 457 626 696 626 458 626 696 627 419 627 458 627 459 628 458 628 420 628 422 629 697 629 420 629 692 630 691 630 685 630 420 631 697 631 459 631 692 632 685 632 683 632 695 633 456 633 694 633 679 634 683 634 682 634 698 635 679 635 678 635 698 636 678 636 688 636 678 637 498 637 687 637 499 638 678 638 454 638 421 639 420 639 695 639 696 640 417 640 419 640 417 641 699 641 418 641 700 642 699 642 701 642 700 643 418 643 699 643 700 644 701 644 428 644 701 645 426 645 428 645 428 646 427 646 411 646 427 647 702 647 411 647 702 648 453 648 411 648 703 649 453 649 702 649 703 650 702 650 415 650 703 651 415 651 414 651 414 652 416 652 704 652 416 653 705 653 704 653 706 654 705 654 416 654 630 655 707 655 708 655 667 656 652 656 532 656 626 657 628 657 709 657 628 658 710 658 709 658 710 659 651 659 709 659 651 660 647 660 709 660 707 661 711 661 712 661 712 662 713 662 654 662 647 663 646 663 666 663 707 664 630 664 711 664 666 665 665 665 510 665 665 666 511 666 510 666 654 667 713 667 655 667 510 668 512 668 664 668 714 669 653 669 649 669 714 670 649 670 648 670 653 671 655 671 649 671 711 672 713 672 712 672 537 673 630 673 708 673 537 674 708 674 549 674 560 675 541 675 537 675 541 676 547 676 540 676 668 677 543 677 547 677 546 678 668 678 547 678 669 679 715 679 544 679 543 680 669 680 544 680 544 681 715 681 670 681 716 682 509 682 670 682 715 683 717 683 670 683 717 684 716 684 670 684 718 685 719 685 720 685 559 686 558 686 721 686 585 687 561 687 555 687 722 688 723 688 584 688 724 689 723 689 722 689 723 690 585 690 584 690 725 691 726 691 727 691 556 692 555 692 562 692 582 693 554 693 556 693 559 694 721 694 728 694 721 695 729 695 728 695 730 696 729 696 721 696 731 697 729 697 730 697 731 698 730 698 553 698 732 699 733 699 734 699 730 700 551 700 553 700 735 701 736 701 737 701 553 702 552 702 738 702 737 703 739 703 740 703 552 704 741 704 738 704 742 705 727 705 743 705 741 706 719 706 738 706 744 707 610 707 745 707 720 708 719 708 741 708 746 709 429 709 747 709 748 710 749 710 429 710 750 711 751 711 752 711 742 712 753 712 754 712 755 713 756 713 492 713 732 714 744 714 757 714 604 715 603 715 758 715 758 716 759 716 760 716 761 717 762 717 763 717 764 718 765 718 766 718 767 719 768 719 769 719 769 720 770 720 771 720 771 721 772 721 773 721 774 722 773 722 775 722 776 723 775 723 777 723 775 724 778 724 777 724 779 725 780 725 781 725 622 726 782 726 783 726 622 727 624 727 782 727 624 728 784 728 782 728 618 729 784 729 624 729 616 730 780 730 785 730 780 731 786 731 785 731 784 732 618 732 787 732 780 733 779 733 786 733 617 734 616 734 785 734 787 735 618 735 617 735 787 736 788 736 784 736 788 737 789 737 784 737 790 738 789 738 791 738 791 739 789 739 788 739 792 740 778 740 790 740 790 741 778 741 789 741 777 742 778 742 792 742 776 743 774 743 775 743 774 744 771 744 773 744 771 745 770 745 772 745 769 746 768 746 770 746 768 747 767 747 793 747 765 748 764 748 793 748 767 749 765 749 793 749 764 750 766 750 761 750 766 751 762 751 761 751 761 752 763 752 759 752 759 753 763 753 760 753 758 754 760 754 604 754 603 755 602 755 619 755 612 756 614 756 619 756 610 757 612 757 745 757 757 758 744 758 745 758 733 759 732 759 757 759 734 760 725 760 732 760 726 761 725 761 734 761 743 762 727 762 726 762 794 763 740 763 742 763 742 764 795 764 727 764 735 765 492 765 756 765 755 766 492 766 491 766 493 767 796 767 491 767 797 768 796 768 493 768 798 769 751 769 750 769 748 770 750 770 799 770 748 771 800 771 749 771 798 772 801 772 802 772 797 773 803 773 796 773 753 774 801 774 754 774 754 775 804 775 742 775 795 776 742 776 804 776 736 777 735 777 756 777 737 778 736 778 739 778 740 779 739 779 742 779 753 780 802 780 801 780 794 781 742 781 743 781 798 782 802 782 751 782 752 783 799 783 750 783 800 784 748 784 799 784 749 785 430 785 429 785 805 786 429 786 431 786 747 787 429 787 805 787 746 788 435 788 429 788 450 789 435 789 746 789 451 790 806 790 435 790 806 791 436 791 435 791 435 792 437 792 442 792 807 793 435 793 441 793 445 794 435 794 807 794 447 795 446 795 445 795 449 796 446 796 447 796 423 797 449 797 448 797 423 798 448 798 424 798 425 799 424 799 443 799 808 800 425 800 444 800 808 801 444 801 809 801 808 802 809 802 810 802 809 803 811 803 810 803 811 804 812 804 810 804 813 805 812 805 811 805 814 806 812 806 813 806 814 807 813 807 815 807 814 808 815 808 816 808 814 809 816 809 817 809 816 810 818 810 817 810 818 811 819 811 817 811 820 812 819 812 818 812 821 813 819 813 820 813 293 814 705 814 294 814 293 815 704 815 705 815 5 816 704 816 293 816 5 817 414 817 704 817 292 818 414 818 5 818 292 819 703 819 414 819 42 820 703 820 292 820 42 821 453 821 703 821 1 822 453 822 42 822 1 823 412 823 453 823 22 824 412 824 1 824 22 825 433 825 412 825 28 826 433 826 22 826 28 827 439 827 433 827 27 828 439 828 28 828 27 829 440 829 439 829 41 830 440 830 27 830 41 831 452 831 440 831 29 832 452 832 41 832 29 833 438 833 452 833 21 834 438 834 29 834 21 835 434 835 438 835 23 836 434 836 21 836 23 837 432 837 434 837 0 838 432 838 23 838 0 839 413 839 432 839 2 840 413 840 0 840 2 841 411 841 413 841 15 842 411 842 2 842 15 843 428 843 411 843 290 844 428 844 15 844 290 845 700 845 428 845 7 846 700 846 290 846 7 847 418 847 700 847 6 848 418 848 7 848 6 849 419 849 418 849 47 850 419 850 6 850 47 851 458 851 419 851 11 852 458 852 47 852 11 853 420 853 458 853 43 854 420 854 11 854 43 855 456 855 420 855 86 856 456 856 43 856 86 857 497 857 456 857 56 858 497 858 86 858 56 859 466 859 497 859 55 860 466 860 56 860 55 861 467 861 466 861 68 862 467 862 55 862 68 863 478 863 467 863 70 864 478 864 68 864 70 865 480 865 478 865 74 866 480 866 70 866 74 867 486 867 480 867 76 868 486 868 74 868 76 869 489 869 486 869 79 870 489 870 76 870 79 871 490 871 489 871 78 872 490 872 79 872 78 873 487 873 490 873 77 874 487 874 78 874 77 875 488 875 487 875 75 876 488 876 77 876 75 877 485 877 488 877 73 878 485 878 75 878 73 879 484 879 485 879 72 880 484 880 73 880 72 881 482 881 484 881 71 882 482 882 72 882 71 883 483 883 482 883 69 884 483 884 71 884 69 885 481 885 483 885 67 886 481 886 69 886 67 887 479 887 481 887 65 888 479 888 67 888 65 889 477 889 479 889 66 890 477 890 65 890 66 891 476 891 477 891 83 892 476 892 66 892 83 893 494 893 476 893 64 894 494 894 83 894 64 895 473 895 494 895 63 896 473 896 64 896 63 897 474 897 473 897 60 898 474 898 63 898 60 899 472 899 474 899 57 900 472 900 60 900 57 901 470 901 472 901 85 902 470 902 57 902 85 903 496 903 470 903 59 904 496 904 85 904 59 905 468 905 496 905 58 906 468 906 59 906 58 907 469 907 468 907 61 908 469 908 58 908 61 909 471 909 469 909 84 910 471 910 61 910 84 911 495 911 471 911 62 912 495 912 84 912 62 913 475 913 495 913 45 914 475 914 62 914 45 915 454 915 475 915 88 916 454 916 45 916 88 917 499 917 454 917 90 918 499 918 88 918 90 919 502 919 499 919 54 920 502 920 90 920 54 921 463 921 502 921 96 922 463 922 54 922 96 923 506 923 463 923 105 924 506 924 96 924 105 925 516 925 506 925 106 926 516 926 105 926 106 927 517 927 516 927 108 928 517 928 106 928 108 929 518 929 517 929 110 930 518 930 108 930 110 931 520 931 518 931 112 932 520 932 110 932 112 933 522 933 520 933 115 934 522 934 112 934 115 935 526 935 522 935 117 936 526 936 115 936 117 937 528 937 526 937 116 938 528 938 117 938 116 939 527 939 528 939 114 940 527 940 116 940 114 941 524 941 527 941 113 942 524 942 114 942 113 943 525 943 524 943 111 944 525 944 113 944 111 945 523 945 525 945 109 946 523 946 111 946 109 947 521 947 523 947 107 948 521 948 109 948 107 949 519 949 521 949 95 950 519 950 107 950 95 951 507 951 519 951 49 952 507 952 95 952 49 953 462 953 507 953 98 954 462 954 49 954 98 955 508 955 462 955 119 956 508 956 98 956 119 957 531 957 508 957 120 958 531 958 119 958 120 959 530 959 531 959 259 960 530 960 120 960 259 961 670 961 530 961 131 962 670 962 259 962 131 963 544 963 670 963 137 964 544 964 131 964 137 965 548 965 544 965 134 966 548 966 137 966 134 967 545 967 548 967 133 968 545 968 134 968 133 969 542 969 545 969 132 970 542 970 133 970 132 971 543 971 542 971 135 972 543 972 132 972 135 973 547 973 543 973 128 974 547 974 135 974 128 975 540 975 547 975 129 976 540 976 128 976 129 977 539 977 540 977 125 978 539 978 129 978 125 979 538 979 539 979 146 980 538 980 125 980 146 981 557 981 538 981 153 982 557 982 146 982 153 983 563 983 557 983 154 984 563 984 153 984 154 985 565 985 563 985 155 986 565 986 154 986 155 987 566 987 565 987 157 988 566 988 155 988 157 989 567 989 566 989 159 990 567 990 157 990 159 991 569 991 567 991 214 992 569 992 159 992 214 993 625 993 569 993 161 994 625 994 214 994 161 995 572 995 625 995 164 996 572 996 161 996 164 997 575 997 572 997 163 998 575 998 164 998 163 999 576 999 575 999 166 1000 576 1000 163 1000 166 1001 578 1001 576 1001 167 1002 578 1002 166 1002 167 1003 577 1003 578 1003 176 1004 577 1004 167 1004 176 1005 586 1005 577 1005 178 1006 586 1006 176 1006 178 1007 589 1007 586 1007 177 1008 589 1008 178 1008 177 1009 590 1009 589 1009 204 1010 590 1010 177 1010 204 1011 615 1011 590 1011 182 1012 615 1012 204 1012 182 1013 591 1013 615 1013 181 1014 591 1014 182 1014 181 1015 592 1015 591 1015 184 1016 592 1016 181 1016 184 1017 594 1017 592 1017 185 1018 594 1018 184 1018 185 1019 596 1019 594 1019 187 1020 596 1020 185 1020 187 1021 598 1021 596 1021 189 1022 598 1022 187 1022 189 1023 600 1023 598 1023 195 1024 600 1024 189 1024 195 1025 605 1025 600 1025 194 1026 605 1026 195 1026 194 1027 606 1027 605 1027 197 1028 606 1028 194 1028 197 1029 607 1029 606 1029 198 1030 607 1030 197 1030 198 1031 609 1031 607 1031 196 1032 609 1032 198 1032 196 1033 608 1033 609 1033 190 1034 608 1034 196 1034 190 1035 601 1035 608 1035 188 1036 601 1036 190 1036 188 1037 599 1037 601 1037 186 1038 599 1038 188 1038 186 1039 597 1039 599 1039 183 1040 597 1040 186 1040 183 1041 595 1041 597 1041 180 1042 595 1042 183 1042 180 1043 593 1043 595 1043 202 1044 593 1044 180 1044 202 1045 613 1045 593 1045 209 1046 613 1046 202 1046 209 1047 620 1047 613 1047 179 1048 620 1048 209 1048 179 1049 588 1049 620 1049 210 1050 588 1050 179 1050 210 1051 621 1051 588 1051 175 1052 621 1052 210 1052 175 1053 587 1053 621 1053 172 1054 587 1054 175 1054 172 1055 583 1055 587 1055 170 1056 583 1056 172 1056 170 1057 579 1057 583 1057 169 1058 579 1058 170 1058 169 1059 580 1059 579 1059 168 1060 580 1060 169 1060 168 1061 581 1061 580 1061 165 1062 581 1062 168 1062 165 1063 574 1063 581 1063 160 1064 574 1064 165 1064 160 1065 573 1065 574 1065 162 1066 573 1066 160 1066 162 1067 571 1067 573 1067 158 1068 571 1068 162 1068 158 1069 570 1069 571 1069 156 1070 570 1070 158 1070 156 1071 568 1071 570 1071 152 1072 568 1072 156 1072 152 1073 564 1073 568 1073 127 1074 564 1074 152 1074 127 1075 536 1075 564 1075 126 1076 536 1076 127 1076 126 1077 537 1077 536 1077 218 1078 537 1078 126 1078 218 1079 631 1079 537 1079 221 1080 631 1080 218 1080 221 1081 632 1081 631 1081 228 1082 632 1082 221 1082 228 1083 638 1083 632 1083 227 1084 638 1084 228 1084 227 1085 639 1085 638 1085 225 1086 639 1086 227 1086 225 1087 637 1087 639 1087 226 1088 637 1088 225 1088 226 1089 636 1089 637 1089 230 1090 636 1090 226 1090 230 1091 640 1091 636 1091 122 1092 640 1092 230 1092 122 1093 535 1093 640 1093 222 1094 535 1094 122 1094 222 1095 634 1095 535 1095 231 1096 634 1096 222 1096 231 1097 642 1097 634 1097 104 1098 642 1098 231 1098 104 1099 513 1099 642 1099 103 1100 513 1100 104 1100 103 1101 514 1101 513 1101 233 1102 514 1102 103 1102 233 1103 643 1103 514 1103 232 1104 643 1104 233 1104 232 1105 644 1105 643 1105 102 1106 644 1106 232 1106 102 1107 515 1107 644 1107 223 1108 515 1108 102 1108 223 1109 633 1109 515 1109 124 1110 633 1110 223 1110 124 1111 533 1111 633 1111 123 1112 533 1112 124 1112 123 1113 534 1113 533 1113 224 1114 534 1114 123 1114 224 1115 635 1115 534 1115 229 1116 635 1116 224 1116 229 1117 641 1117 635 1117 220 1118 641 1118 229 1118 220 1119 629 1119 641 1119 219 1120 629 1120 220 1120 219 1121 630 1121 629 1121 301 1122 630 1122 219 1122 301 1123 711 1123 630 1123 302 1124 711 1124 301 1124 302 1125 713 1125 711 1125 242 1126 713 1126 302 1126 242 1127 655 1127 713 1127 238 1128 655 1128 242 1128 238 1129 649 1129 655 1129 237 1130 649 1130 238 1130 237 1131 650 1131 649 1131 252 1132 650 1132 237 1132 252 1133 663 1133 650 1133 245 1134 663 1134 252 1134 245 1135 658 1135 663 1135 251 1136 658 1136 245 1136 251 1137 662 1137 658 1137 250 1138 662 1138 251 1138 250 1139 659 1139 662 1139 249 1140 659 1140 250 1140 249 1141 660 1141 659 1141 248 1142 660 1142 249 1142 248 1143 661 1143 660 1143 247 1144 661 1144 248 1144 247 1145 656 1145 661 1145 246 1146 656 1146 247 1146 246 1147 657 1147 656 1147 253 1148 657 1148 246 1148 253 1149 664 1149 657 1149 101 1150 664 1150 253 1150 101 1151 510 1151 664 1151 254 1152 510 1152 101 1152 254 1153 666 1153 510 1153 234 1154 666 1154 254 1154 234 1155 647 1155 666 1155 298 1156 647 1156 234 1156 298 1157 709 1157 647 1157 217 1158 709 1158 298 1158 217 1159 626 1159 709 1159 241 1160 626 1160 217 1160 241 1161 652 1161 626 1161 121 1162 652 1162 241 1162 121 1163 532 1163 652 1163 118 1164 532 1164 121 1164 118 1165 529 1165 532 1165 51 1166 529 1166 118 1166 51 1167 460 1167 529 1167 50 1168 460 1168 51 1168 50 1169 461 1169 460 1169 260 1170 461 1170 50 1170 260 1171 671 1171 461 1171 53 1172 671 1172 260 1172 53 1173 464 1173 671 1173 52 1174 464 1174 53 1174 52 1175 465 1175 464 1175 91 1176 465 1176 52 1176 91 1177 501 1177 465 1177 92 1178 501 1178 91 1178 92 1179 505 1179 501 1179 94 1180 505 1180 92 1180 94 1181 503 1181 505 1181 263 1182 503 1182 94 1182 263 1183 673 1183 503 1183 275 1184 673 1184 263 1184 275 1185 686 1185 673 1185 264 1186 686 1186 275 1186 264 1187 675 1187 686 1187 262 1188 675 1188 264 1188 262 1189 674 1189 675 1189 261 1190 674 1190 262 1190 261 1191 672 1191 674 1191 93 1192 672 1192 261 1192 93 1193 504 1193 672 1193 265 1194 504 1194 93 1194 265 1195 676 1195 504 1195 266 1196 676 1196 265 1196 266 1197 677 1197 676 1197 87 1198 677 1198 266 1198 87 1199 500 1199 677 1199 89 1200 500 1200 87 1200 89 1201 498 1201 500 1201 277 1202 498 1202 89 1202 277 1203 687 1203 498 1203 276 1204 687 1204 277 1204 276 1205 688 1205 687 1205 287 1206 688 1206 276 1206 287 1207 698 1207 688 1207 268 1208 698 1208 287 1208 268 1209 679 1209 698 1209 273 1210 679 1210 268 1210 273 1211 683 1211 679 1211 281 1212 683 1212 273 1212 281 1213 692 1213 683 1213 280 1214 692 1214 281 1214 280 1215 689 1215 692 1215 279 1216 689 1216 280 1216 279 1217 690 1217 689 1217 278 1218 690 1218 279 1218 278 1219 691 1219 690 1219 274 1220 691 1220 278 1220 274 1221 685 1221 691 1221 272 1222 685 1222 274 1222 272 1223 684 1223 685 1223 271 1224 684 1224 272 1224 271 1225 682 1225 684 1225 270 1226 682 1226 271 1226 270 1227 681 1227 682 1227 267 1228 681 1228 270 1228 267 1229 680 1229 681 1229 269 1230 680 1230 267 1230 269 1231 678 1231 680 1231 44 1232 678 1232 269 1232 44 1233 455 1233 678 1233 282 1234 455 1234 44 1234 282 1235 693 1235 455 1235 283 1236 693 1236 282 1236 283 1237 694 1237 693 1237 284 1238 694 1238 283 1238 284 1239 695 1239 694 1239 10 1240 695 1240 284 1240 10 1241 421 1241 695 1241 9 1242 421 1242 10 1242 9 1243 422 1243 421 1243 286 1244 422 1244 9 1244 286 1245 697 1245 422 1245 46 1246 697 1246 286 1246 46 1247 459 1247 697 1247 48 1248 459 1248 46 1248 48 1249 457 1249 459 1249 285 1250 457 1250 48 1250 285 1251 696 1251 457 1251 8 1252 696 1252 285 1252 8 1253 417 1253 696 1253 288 1254 417 1254 8 1254 288 1255 699 1255 417 1255 289 1256 699 1256 288 1256 289 1257 701 1257 699 1257 17 1258 701 1258 289 1258 17 1259 426 1259 701 1259 16 1260 426 1260 17 1260 16 1261 427 1261 426 1261 291 1262 427 1262 16 1262 291 1263 702 1263 427 1263 4 1264 702 1264 291 1264 4 1265 415 1265 702 1265 3 1266 415 1266 4 1266 3 1267 416 1267 415 1267 295 1268 416 1268 3 1268 295 1269 706 1269 416 1269 294 1270 706 1270 295 1270 294 1271 705 1271 706 1271 216 1272 627 1272 256 1272 667 1273 256 1273 627 1273 215 1274 628 1274 216 1274 627 1275 216 1275 628 1275 299 1276 710 1276 215 1276 628 1277 215 1277 710 1277 240 1278 651 1278 299 1278 710 1279 299 1279 651 1279 236 1280 645 1280 240 1280 651 1281 240 1281 645 1281 235 1282 646 1282 236 1282 645 1283 236 1283 646 1283 255 1284 665 1284 235 1284 646 1285 235 1285 665 1285 100 1286 511 1286 255 1286 665 1287 255 1287 511 1287 99 1288 512 1288 100 1288 511 1289 100 1289 512 1289 239 1290 648 1290 99 1290 512 1291 99 1291 648 1291 303 1292 714 1292 239 1292 648 1293 239 1293 714 1293 244 1294 653 1294 303 1294 714 1295 303 1295 653 1295 243 1296 654 1296 244 1296 653 1297 244 1297 654 1297 300 1298 712 1298 243 1298 654 1299 243 1299 712 1299 297 1300 707 1300 300 1300 712 1301 300 1301 707 1301 296 1302 708 1302 297 1302 707 1303 297 1303 708 1303 139 1304 549 1304 296 1304 708 1305 296 1305 549 1305 138 1306 550 1306 139 1306 549 1307 139 1307 550 1307 149 1308 560 1308 138 1308 550 1309 138 1309 560 1309 130 1310 541 1310 149 1310 560 1311 149 1311 541 1311 136 1312 546 1312 130 1312 541 1313 130 1313 546 1313 258 1314 668 1314 136 1314 546 1315 136 1315 668 1315 257 1316 669 1316 258 1316 668 1317 258 1317 669 1317 304 1318 715 1318 257 1318 669 1319 257 1319 715 1319 306 1320 717 1320 304 1320 715 1321 304 1321 717 1321 305 1322 716 1322 306 1322 717 1323 306 1323 716 1323 97 1324 509 1324 305 1324 716 1325 305 1325 509 1325 256 1326 667 1326 97 1326 509 1327 97 1327 667 1327 308 1328 718 1328 309 1328 308 1329 719 1329 718 1329 327 1330 719 1330 308 1330 327 1331 738 1331 719 1331 140 1332 738 1332 327 1332 140 1333 553 1333 738 1333 320 1334 553 1334 140 1334 320 1335 731 1335 553 1335 318 1336 731 1336 320 1336 318 1337 729 1337 731 1337 317 1338 729 1338 318 1338 317 1339 728 1339 729 1339 147 1340 728 1340 317 1340 147 1341 559 1341 728 1341 145 1342 559 1342 147 1342 145 1343 554 1343 559 1343 144 1344 554 1344 145 1344 144 1345 555 1345 554 1345 174 1346 555 1346 144 1346 174 1347 584 1347 555 1347 312 1348 584 1348 174 1348 312 1349 722 1349 584 1349 313 1350 722 1350 312 1350 313 1351 724 1351 722 1351 311 1352 724 1352 313 1352 311 1353 723 1353 724 1353 173 1354 723 1354 311 1354 173 1355 585 1355 723 1355 151 1356 585 1356 173 1356 151 1357 561 1357 585 1357 150 1358 561 1358 151 1358 150 1359 562 1359 561 1359 143 1360 562 1360 150 1360 143 1361 556 1361 562 1361 171 1362 556 1362 143 1362 171 1363 582 1363 556 1363 148 1364 582 1364 171 1364 148 1365 558 1365 582 1365 310 1366 558 1366 148 1366 310 1367 721 1367 558 1367 319 1368 721 1368 310 1368 319 1369 730 1369 721 1369 142 1370 730 1370 319 1370 142 1371 551 1371 730 1371 141 1372 551 1372 142 1372 141 1373 552 1373 551 1373 330 1374 552 1374 141 1374 330 1375 741 1375 552 1375 307 1376 741 1376 330 1376 307 1377 720 1377 741 1377 309 1378 720 1378 307 1378 309 1379 718 1379 720 1379 406 1380 819 1380 408 1380 406 1381 817 1381 819 1381 403 1382 817 1382 406 1382 403 1383 814 1383 817 1383 401 1384 814 1384 403 1384 401 1385 812 1385 814 1385 399 1386 812 1386 401 1386 399 1387 810 1387 812 1387 397 1388 810 1388 399 1388 397 1389 808 1389 810 1389 12 1390 808 1390 397 1390 12 1391 425 1391 808 1391 14 1392 425 1392 12 1392 14 1393 423 1393 425 1393 36 1394 423 1394 14 1394 36 1395 449 1395 423 1395 34 1396 449 1396 36 1396 34 1397 446 1397 449 1397 26 1398 446 1398 34 1398 26 1399 435 1399 446 1399 20 1400 435 1400 26 1400 20 1401 429 1401 435 1401 338 1402 429 1402 20 1402 338 1403 748 1403 429 1403 341 1404 748 1404 338 1404 341 1405 750 1405 748 1405 387 1406 750 1406 341 1406 387 1407 798 1407 750 1407 391 1408 798 1408 387 1408 391 1409 801 1409 798 1409 342 1410 801 1410 391 1410 342 1411 754 1411 801 1411 393 1412 754 1412 342 1412 393 1413 804 1413 754 1413 384 1414 804 1414 393 1414 384 1415 795 1415 804 1415 314 1416 795 1416 384 1416 314 1417 727 1417 795 1417 316 1418 727 1418 314 1418 316 1419 725 1419 727 1419 323 1420 725 1420 316 1420 323 1421 732 1421 725 1421 334 1422 732 1422 323 1422 334 1423 744 1423 732 1423 201 1424 744 1424 334 1424 201 1425 610 1425 744 1425 200 1426 610 1426 201 1426 200 1427 611 1427 610 1427 203 1428 611 1428 200 1428 203 1429 614 1429 611 1429 192 1430 614 1430 203 1430 192 1431 603 1431 614 1431 347 1432 603 1432 192 1432 347 1433 758 1433 603 1433 349 1434 758 1434 347 1434 349 1435 759 1435 758 1435 352 1436 759 1436 349 1436 352 1437 761 1437 759 1437 355 1438 761 1438 352 1438 355 1439 764 1439 761 1439 382 1440 764 1440 355 1440 382 1441 793 1441 764 1441 357 1442 793 1442 382 1442 357 1443 768 1443 793 1443 360 1444 768 1444 357 1444 360 1445 770 1445 768 1445 362 1446 770 1446 360 1446 362 1447 772 1447 770 1447 361 1448 772 1448 362 1448 361 1449 773 1449 772 1449 363 1450 773 1450 361 1450 363 1451 775 1451 773 1451 367 1452 775 1452 363 1452 367 1453 778 1453 775 1453 378 1454 778 1454 367 1454 378 1455 789 1455 778 1455 373 1456 789 1456 378 1456 373 1457 784 1457 789 1457 372 1458 784 1458 373 1458 372 1459 782 1459 784 1459 371 1460 782 1460 372 1460 371 1461 783 1461 782 1461 213 1462 783 1462 371 1462 213 1463 622 1463 783 1463 212 1464 622 1464 213 1464 212 1465 623 1465 622 1465 211 1466 623 1466 212 1466 211 1467 624 1467 623 1467 205 1468 624 1468 211 1468 205 1469 618 1469 624 1469 207 1470 618 1470 205 1470 207 1471 616 1471 618 1471 369 1472 616 1472 207 1472 369 1473 780 1473 616 1473 368 1474 780 1474 369 1474 368 1475 781 1475 780 1475 370 1476 781 1476 368 1476 370 1477 779 1477 781 1477 375 1478 779 1478 370 1478 375 1479 786 1479 779 1479 374 1480 786 1480 375 1480 374 1481 785 1481 786 1481 206 1482 785 1482 374 1482 206 1483 617 1483 785 1483 376 1484 617 1484 206 1484 376 1485 787 1485 617 1485 377 1486 787 1486 376 1486 377 1487 788 1487 787 1487 379 1488 788 1488 377 1488 379 1489 791 1489 788 1489 380 1490 791 1490 379 1490 380 1491 790 1491 791 1491 381 1492 790 1492 380 1492 381 1493 792 1493 790 1493 365 1494 792 1494 381 1494 365 1495 777 1495 792 1495 366 1496 777 1496 365 1496 366 1497 776 1497 777 1497 364 1498 776 1498 366 1498 364 1499 774 1499 776 1499 359 1500 774 1500 364 1500 359 1501 771 1501 774 1501 356 1502 771 1502 359 1502 356 1503 769 1503 771 1503 358 1504 769 1504 356 1504 358 1505 767 1505 769 1505 354 1506 767 1506 358 1506 354 1507 765 1507 767 1507 353 1508 765 1508 354 1508 353 1509 766 1509 765 1509 351 1510 766 1510 353 1510 351 1511 762 1511 766 1511 350 1512 762 1512 351 1512 350 1513 763 1513 762 1513 348 1514 763 1514 350 1514 348 1515 760 1515 763 1515 191 1516 760 1516 348 1516 191 1517 604 1517 760 1517 193 1518 604 1518 191 1518 193 1519 602 1519 604 1519 208 1520 602 1520 193 1520 208 1521 619 1521 602 1521 199 1522 619 1522 208 1522 199 1523 612 1523 619 1523 333 1524 612 1524 199 1524 333 1525 745 1525 612 1525 346 1526 745 1526 333 1526 346 1527 757 1527 745 1527 322 1528 757 1528 346 1528 322 1529 733 1529 757 1529 321 1530 733 1530 322 1530 321 1531 734 1531 733 1531 315 1532 734 1532 321 1532 315 1533 726 1533 734 1533 331 1534 726 1534 315 1534 331 1535 743 1535 726 1535 383 1536 743 1536 331 1536 383 1537 794 1537 743 1537 328 1538 794 1538 383 1538 328 1539 740 1539 794 1539 324 1540 740 1540 328 1540 324 1541 737 1541 740 1541 326 1542 737 1542 324 1542 326 1543 735 1543 737 1543 81 1544 735 1544 326 1544 81 1545 492 1545 735 1545 80 1546 492 1546 81 1546 80 1547 493 1547 492 1547 386 1548 493 1548 80 1548 386 1549 797 1549 493 1549 392 1550 797 1550 386 1550 392 1551 803 1551 797 1551 385 1552 803 1552 392 1552 385 1553 796 1553 803 1553 82 1554 796 1554 385 1554 82 1555 491 1555 796 1555 345 1556 491 1556 82 1556 345 1557 755 1557 491 1557 344 1558 755 1558 345 1558 344 1559 756 1559 755 1559 325 1560 756 1560 344 1560 325 1561 736 1561 756 1561 329 1562 736 1562 325 1562 329 1563 739 1563 736 1563 332 1564 739 1564 329 1564 332 1565 742 1565 739 1565 343 1566 742 1566 332 1566 343 1567 753 1567 742 1567 390 1568 753 1568 343 1568 390 1569 802 1569 753 1569 340 1570 802 1570 390 1570 340 1571 751 1571 802 1571 339 1572 751 1572 340 1572 339 1573 752 1573 751 1573 388 1574 752 1574 339 1574 388 1575 799 1575 752 1575 389 1576 799 1576 388 1576 389 1577 800 1577 799 1577 337 1578 800 1578 389 1578 337 1579 749 1579 800 1579 19 1580 749 1580 337 1580 19 1581 430 1581 749 1581 18 1582 430 1582 19 1582 18 1583 431 1583 430 1583 394 1584 431 1584 18 1584 394 1585 805 1585 431 1585 335 1586 805 1586 394 1586 335 1587 747 1587 805 1587 336 1588 747 1588 335 1588 336 1589 746 1589 747 1589 40 1590 746 1590 336 1590 40 1591 450 1591 746 1591 39 1592 450 1592 40 1592 39 1593 451 1593 450 1593 395 1594 451 1594 39 1594 395 1595 806 1595 451 1595 25 1596 806 1596 395 1596 25 1597 436 1597 806 1597 24 1598 436 1598 25 1598 24 1599 437 1599 436 1599 30 1600 437 1600 24 1600 30 1601 442 1601 437 1601 31 1602 442 1602 30 1602 31 1603 441 1603 442 1603 396 1604 441 1604 31 1604 396 1605 807 1605 441 1605 35 1606 807 1606 396 1606 35 1607 445 1607 807 1607 38 1608 445 1608 35 1608 38 1609 447 1609 445 1609 37 1610 447 1610 38 1610 37 1611 448 1611 447 1611 13 1612 448 1612 37 1612 13 1613 424 1613 448 1613 33 1614 424 1614 13 1614 33 1615 443 1615 424 1615 32 1616 443 1616 33 1616 32 1617 444 1617 443 1617 398 1618 444 1618 32 1618 398 1619 809 1619 444 1619 400 1620 809 1620 398 1620 400 1621 811 1621 809 1621 402 1622 811 1622 400 1622 402 1623 813 1623 811 1623 404 1624 813 1624 402 1624 404 1625 815 1625 813 1625 405 1626 815 1626 404 1626 405 1627 816 1627 815 1627 407 1628 816 1628 405 1628 407 1629 818 1629 816 1629 409 1630 818 1630 407 1630 409 1631 820 1631 818 1631 410 1632 820 1632 409 1632 410 1633 821 1633 820 1633 408 1634 821 1634 410 1634 408 1635 819 1635 821 1635</p>
        </triangles>
      </mesh>
    </geometry>
    <geometry id="Racecar_Front_Cover_Center_Number-mesh" name="Racecar Front Cover Center Number">
      <mesh>
        <source id="Racecar_Front_Cover_Center_Number-mesh-positions">
          <float_array id="Racecar_Front_Cover_Center_Number-mesh-positions-array" count="66">
0.074608 0.002585 0.030728 0.074608 0.008066 0.030728 0.077915 0.007319 0.028654 0.074608 -0.002203 0.030728 0.060937 -0.004812 0.039304 0.057639 0.001908 0.041373 0.061341 0.000855 0.039051 0.064417 -0.005610 0.037121 0.077915 -0.008855 0.028654 0.074608 -0.008125 0.030728 0.057639 0.006496 0.041373 0.078712 0.007319 0.029924 0.075405 0.008066 0.031999 0.075405 0.002585 0.031999 0.075405 -0.002203 0.031999 0.062138 0.000855 0.040321 0.058436 0.001908 0.042643 0.061734 -0.004812 0.040574 0.065214 -0.005610 0.038392 0.075405 -0.008125 0.031999 0.078712 -0.008855 0.029924 0.058436 0.006496 0.042643
</float_array>
          <technique_common>
            <accessor source="#Racecar_Front_Cover_Center_Number-mesh-positions-array" count="22" stride="3">
              <param name="X" type="float" />
              <param name="Y" type="float" />
              <param name="Z" type="float" />
            </accessor>
          </technique_common>
        </source>
        <source id="Racecar_Front_Cover_Center_Number-mesh-normals">
          <float_array id="Racecar_Front_Cover_Center_Number-mesh-normals-array" count="114">
-0.000531 0.000000 -0.000847 -0.000531 0.000000 -0.000847 -0.000531 -0.000000 -0.000847 -0.000531 -0.000000 -0.000847 -0.000531 0.000000 -0.000847 -0.000531 0.000000 -0.000847 -0.000531 0.000000 -0.000847 -0.000531 0.000000 -0.000847 -0.000531 0.000000 -0.000847 0.000531 0.000000 0.000847 0.000531 0.000000 0.000847 0.000531 0.000000 0.000847 0.000531 0.000000 0.000847 0.000531 -0.000000 0.000847 0.000531 0.000000 0.000847 0.000531 0.000000 0.000847 0.000531 0.000000 0.000847 -0.000847 0.000000 0.000531 -0.000847 0.000000 0.000531 0.000162 0.000981 -0.000102 0.000162 0.000981 -0.000102 -0.000847 0.000000 0.000531 -0.000733 -0.000501 0.000460 -0.000733 -0.000501 0.000460 -0.000162 -0.000982 0.000101 -0.000162 -0.000982 0.000101 0.000739 0.000490 -0.000463 0.000739 0.000490 -0.000463 -0.000162 -0.000981 0.000102 -0.000162 -0.000981 0.000102 -0.000847 0.000000 0.000531 -0.000847 0.000000 0.000531 -0.000156 -0.000983 0.000098 -0.000156 -0.000983 0.000098 0.000847 0.000000 -0.000531 0.000847 0.000000 -0.000531 0.000159 0.000982 -0.000100 0.000159 0.000982 -0.000100
</float_array>
          <technique_common>
            <accessor source="#Racecar_Front_Cover_Center_Number-mesh-normals-array" count="38" stride="3">
              <param name="X" type="float" />
              <param name="Y" type="float" />
              <param name="Z" type="float" />
            </accessor>
          </technique_common>
        </source>
        <vertices id="Racecar_Front_Cover_Center_Number-mesh-vertices">
          <input semantic="POSITION" source="#Racecar_Front_Cover_Center_Number-mesh-positions" />
        </vertices>
        <triangles material="Material_009-material" count="40">
          <input semantic="VERTEX" source="#Racecar_Front_Cover_Center_Number-mesh-vertices" offset="0" />
          <input semantic="NORMAL" source="#Racecar_Front_Cover_Center_Number-mesh-normals" offset="1" />
          <p>0 0 1 0 2 0 0 1 2 1 3 1 4 2 5 2 6 2 7 3 4 3 6 3 8 4 9 4 3 4 0 5 6 5 10 5 6 6 5 6 10 6 0 7 3 7 6 7 2 8 8 8 3 8 11 9 12 9 13 9 14 10 11 10 13 10 15 11 16 11 17 11 15 12 17 12 18 12 14 9 19 9 20 9 21 13 15 13 13 13 21 14 16 14 15 14 15 15 14 15 13 15 14 16 20 16 11 16 0 17 12 17 1 17 0 18 13 18 12 18 10 19 13 19 0 19 10 20 21 20 13 20 5 21 21 21 10 21 5 21 16 21 21 21 4 22 16 22 5 22 4 23 17 23 16 23 7 24 17 24 4 24 7 25 18 25 17 25 6 26 18 26 7 26 6 27 15 27 18 27 3 28 15 28 6 28 3 29 14 29 15 29 9 30 14 30 3 30 9 31 19 31 14 31 8 32 19 32 9 32 8 33 20 33 19 33 2 34 20 34 8 34 2 35 11 35 20 35 1 36 11 36 2 36 1 37 12 37 11 37</p>
        </triangles>
      </mesh>
    </geometry>
    <geometry id="Racecar_Front_Cover_Text-mesh" name="Racecar Front Cover Text">
      <mesh>
        <source id="Racecar_Front_Cover_Text-mesh-positions">
          <float_array id="Racecar_Front_Cover_Text-mesh-positions-array" count="4080">
0.037018 0.061901 0.020647 0.037203 0.061877 0.020775 0.036103 0.061567 0.022421 0.037501 0.061846 0.020938 0.036727 0.061507 0.022737 0.037910 0.061809 0.021135 0.037507 0.061441 0.023087 0.035635 0.061620 0.022140 0.036675 0.062000 0.020118 0.036744 0.061964 0.020312 0.034669 0.061898 0.020664 0.016506 0.061072 0.025047 0.016698 0.061043 0.025198 0.015630 0.060749 0.026764 0.038432 0.061765 0.021366 0.036764 0.062128 0.019442 0.036680 0.062086 0.019666 0.034885 0.062221 0.018945 0.038971 0.061721 0.021604 0.038026 0.061397 0.023320 0.035211 0.062322 0.018410 0.039432 0.061680 0.021822 0.038762 0.061324 0.023709 0.038444 0.061358 0.023527 0.040121 0.061609 0.022195 0.038978 0.061295 0.023864 0.040596 0.061537 0.022578 0.039123 0.061267 0.024011 0.040958 0.061447 0.023059 0.039227 0.061236 0.024177 0.041091 0.061394 0.023335 0.041187 0.061338 0.023635 0.041244 0.061277 0.023957 0.039289 0.061201 0.024362 0.041263 0.061212 0.024302 0.039310 0.061163 0.024565 0.041206 0.061100 0.024896 0.041036 0.060998 0.025438 0.039287 0.061122 0.024781 0.040752 0.060906 0.025927 0.039219 0.061085 0.024978 0.040355 0.060824 0.026364 0.039106 0.061051 0.025156 0.039850 0.060756 0.026722 0.038948 0.061022 0.025314 0.038736 0.060997 0.025444 0.039242 0.060708 0.026978 0.038464 0.060980 0.025537 0.038534 0.060679 0.027132 0.038131 0.060969 0.025592 0.037737 0.060966 0.025611 0.037723 0.060669 0.027183 0.037333 0.060970 0.025587 0.036981 0.060983 0.025517 0.036898 0.060679 0.027133 0.036682 0.061005 0.025401 0.036172 0.060707 0.026983 0.036436 0.061036 0.025237 0.035544 0.060754 0.026733 0.035015 0.060820 0.026382 0.036238 0.061075 0.025030 0.034589 0.060902 0.025949 0.036087 0.061122 0.024782 0.034271 0.060996 0.025449 0.035980 0.061176 0.024494 0.034062 0.061103 0.024883 0.035920 0.061238 0.024164 0.033960 0.061222 0.024251 0.020157 0.061783 0.021271 0.020679 0.061511 0.022718 0.019594 0.061511 0.022718 0.020991 0.061783 0.021271 0.026534 0.061416 0.023221 0.025727 0.060705 0.026994 0.023686 0.060705 0.026994 0.026880 0.061724 0.021586 0.030379 0.061416 0.023221 0.030724 0.061724 0.021586 0.031620 0.060705 0.026994 0.029578 0.060705 0.026994 0.052723 0.061025 0.025296 0.053686 0.060705 0.026994 0.050737 0.060705 0.026994 0.058589 0.062553 0.017183 0.058949 0.061016 0.025346 0.057077 0.062005 0.020093 0.040791 0.061494 0.022806 0.036911 0.062545 0.017226 0.037358 0.062231 0.018893 0.036238 0.062491 0.017516 0.039760 0.062569 0.017101 0.040294 0.062544 0.017234 0.039568 0.062244 0.018823 0.040373 0.061575 0.022374 0.039816 0.061642 0.022019 0.039184 0.062584 0.017021 0.039107 0.062263 0.018725 0.038551 0.062269 0.018693 0.034625 0.061993 0.020159 0.036858 0.061931 0.020488 0.035323 0.061666 0.021893 0.035018 0.061734 0.021532 0.034800 0.061811 0.021122 0.036652 0.062040 0.019908 0.034690 0.062112 0.019528 0.036904 0.062167 0.019236 0.035666 0.062414 0.017922 0.037100 0.062202 0.019048 0.037686 0.062252 0.018782 0.037687 0.062578 0.017052 0.038084 0.062265 0.018715 0.038564 0.062589 0.016994 0.041220 0.062465 0.017655 0.041586 0.062413 0.017931 0.040205 0.062171 0.019214 0.042279 0.062211 0.019000 0.040424 0.062082 0.019685 0.040329 0.062133 0.019413 0.042394 0.062131 0.019423 0.040489 0.062017 0.020032 0.042458 0.062047 0.019874 0.042470 0.061956 0.020353 0.040524 0.061937 0.020454 0.042111 0.062285 0.018606 0.050603 0.062135 0.019407 0.050531 0.062057 0.019819 0.048684 0.062162 0.019258 0.041883 0.062353 0.018248 0.056650 0.062553 0.017183 0.052818 0.062553 0.017183 0.054683 0.062553 0.017183 0.039934 0.062214 0.018986 0.040785 0.062509 0.017421 0.046721 0.062236 0.018871 0.046599 0.062215 0.018980 0.046158 0.062378 0.018115 0.045848 0.061969 0.020288 0.045777 0.061917 0.020559 0.044544 0.062553 0.017183 0.046850 0.062255 0.018768 0.060529 0.062553 0.017183 0.062373 0.062553 0.017183 0.060298 0.060705 0.026994 0.048066 0.062576 0.017065 0.047874 0.062328 0.018378 0.047404 0.062536 0.017275 0.057382 0.060705 0.026994 0.019313 0.061804 0.021161 0.018840 0.061509 0.022730 0.027809 0.062553 0.017183 0.025761 0.062553 0.017183 0.019822 0.061786 0.021259 0.019540 0.061792 0.021222 0.033701 0.062553 0.017183 0.031654 0.062553 0.017183 0.017746 0.061490 0.022827 0.017407 0.061474 0.022912 0.017274 0.061768 0.021353 0.018459 0.061980 0.020228 0.017081 0.061803 0.021165 0.018245 0.062062 0.019789 0.016893 0.061844 0.020950 0.016711 0.061890 0.020707 0.017890 0.062218 0.018962 0.016535 0.061941 0.020436 0.016183 0.062060 0.019801 0.015811 0.062202 0.019047 0.017599 0.062352 0.018252 0.017371 0.062464 0.017659 0.015420 0.062367 0.018174 0.017207 0.062553 0.017183 0.015010 0.062553 0.017183 0.012180 0.062553 0.017183 0.013712 0.062198 0.019070 0.011786 0.062198 0.019070 0.014106 0.062553 0.017183 0.018679 0.061912 0.020589 0.018906 0.061859 0.020871 0.018224 0.061502 0.022766 0.015405 0.061648 0.021991 0.016562 0.061359 0.023523 0.014977 0.061578 0.022359 0.016873 0.061030 0.025269 0.016391 0.060716 0.026937 0.016257 0.061195 0.024394 0.014241 0.061110 0.024847 0.014217 0.061189 0.024425 0.014407 0.061404 0.023282 0.016334 0.061279 0.023948 0.014264 0.061302 0.023826 0.015329 0.060775 0.026624 0.015058 0.060810 0.026436 0.017127 0.061021 0.025319 0.017403 0.060705 0.026994 0.016866 0.060708 0.026980 0.008445 0.062553 0.017183 0.008885 0.061215 0.024290 0.006939 0.061215 0.024290 0.010391 0.062553 0.017183 0.015979 0.060730 0.026865 0.006736 0.061025 0.025296 0.008316 0.060705 0.026994 0.006370 0.060705 0.026994 0.008682 0.061025 0.025296 0.017460 0.061015 0.025349 0.016368 0.061107 0.024863 0.014607 0.060908 0.025916 0.014436 0.060969 0.025592 0.016285 0.061148 0.024645 0.014314 0.061036 0.025236 0.014644 0.061497 0.022793 0.020123 0.061013 0.025359 0.017871 0.061013 0.025359 0.021818 0.060705 0.026994 0.019140 0.061820 0.021076 0.021852 0.062553 0.017183 0.023900 0.062553 0.017183 0.014817 0.060855 0.026200 0.016277 0.061237 0.024169 0.016429 0.061320 0.023733 0.016730 0.061396 0.023328 0.015930 0.061702 0.021701 0.016926 0.061427 0.023162 0.016554 0.061742 0.021488 0.017152 0.061453 0.023023 -0.000863 0.062090 0.019643 0.000984 0.061983 0.020208 -0.001072 0.061943 0.020423 0.006241 0.062153 0.019310 0.006313 0.062077 0.019714 0.004358 0.062068 0.019762 0.003788 0.061616 0.022160 0.005209 0.061402 0.023297 0.003585 0.061566 0.022422 0.000892 0.061622 0.022125 -0.000639 0.061432 0.023134 -0.000919 0.061536 0.022585 0.001018 0.061573 0.022386 -0.000247 0.061343 0.023607 0.001195 0.061531 0.022613 0.000244 0.061271 0.023988 0.002235 0.061452 0.023032 0.002242 0.061179 0.024479 0.001931 0.061456 0.023006 0.001656 0.061471 0.022927 0.001488 0.061189 0.024424 0.000822 0.061220 0.024261 0.001411 0.061496 0.022796 0.003902 0.061235 0.024183 0.003116 0.061193 0.024405 0.002830 0.061470 0.022934 0.003355 0.061525 0.022640 0.003101 0.061493 0.022812 0.004600 0.061304 0.023814 0.006055 0.061662 0.021915 0.005703 0.061522 0.022657 0.004114 0.061740 0.021503 0.006267 0.061820 0.021074 0.004232 0.061808 0.021138 0.006338 0.061998 0.020131 0.004368 0.061938 0.020451 0.000816 0.061678 0.021829 -0.001086 0.061653 0.021961 0.004385 0.061998 0.020130 0.000791 0.061740 0.021499 -0.001142 0.061785 0.021261 -0.000023 0.062351 0.018259 0.001225 0.062090 0.019642 -0.000513 0.062226 0.018922 0.000584 0.062455 0.017706 0.001564 0.062187 0.019129 0.002974 0.062589 0.016994 0.002523 0.062308 0.018484 0.002082 0.062574 0.017074 0.005952 0.062297 0.018542 0.004280 0.062129 0.019434 0.004148 0.062184 0.019145 0.005465 0.062421 0.017886 0.003965 0.062231 0.018897 0.002907 0.062316 0.018441 0.004779 0.062513 0.017398 0.003741 0.062268 0.018698 0.004371 0.062546 0.017222 0.003490 0.062295 0.018555 0.003934 0.062570 0.017095 0.003212 0.062311 0.018470 0.003468 0.062584 0.017020 0.005733 0.062363 0.018193 0.002171 0.062284 0.018613 0.001851 0.062244 0.018828 0.001285 0.062529 0.017311 0.005147 0.062471 0.017621 0.006120 0.062226 0.018919 0.004317 0.061874 0.020787 0.003965 0.061673 0.021854 0.002541 0.061456 0.023008 0.000839 0.061867 0.020827 0.046361 0.062553 0.017183 0.045703 0.061857 0.020877 0.044985 0.061215 0.024290 0.043038 0.061215 0.024290 0.045916 0.062011 0.020064 0.045982 0.062044 0.019887 0.046075 0.062081 0.019690 0.046172 0.062115 0.019513 0.046375 0.062170 0.019219 0.046272 0.062144 0.019356 0.046483 0.062193 0.019096 0.046981 0.062272 0.018676 0.046768 0.062470 0.017625 0.047111 0.062287 0.018597 0.047239 0.062300 0.018529 0.047365 0.062310 0.018474 0.047491 0.062318 0.018432 0.047618 0.062324 0.018402 0.047745 0.062327 0.018384 0.048046 0.062326 0.018392 0.048201 0.062318 0.018433 0.048755 0.062589 0.016994 0.048340 0.062305 0.018503 0.049175 0.062583 0.017026 0.048464 0.062287 0.018599 0.050152 0.062494 0.017500 0.050374 0.062442 0.017774 0.048565 0.062265 0.018715 0.050660 0.062238 0.018856 0.050646 0.062195 0.019086 0.048680 0.062215 0.018980 0.048694 0.062187 0.019129 0.048653 0.062125 0.019459 0.048602 0.062073 0.019731 0.050430 0.061962 0.020323 0.048531 0.062009 0.020074 0.049589 0.061215 0.024290 0.047643 0.061215 0.024290 0.050628 0.062314 0.018452 0.048637 0.062241 0.018842 0.050533 0.062382 0.018092 0.049874 0.062535 0.017279 0.049548 0.062565 0.017121 0.037203 0.063351 0.021053 0.037018 0.063375 0.020925 0.036103 0.063041 0.022699 0.036727 0.062981 0.023015 0.037501 0.063320 0.021216 0.037507 0.062915 0.023365 0.037910 0.063283 0.021412 0.035635 0.063094 0.022418 0.036744 0.063438 0.020589 0.036675 0.063474 0.020396 0.034669 0.063372 0.020942 0.016698 0.062517 0.025476 0.016506 0.062546 0.025325 0.015630 0.062223 0.027041 0.038432 0.063240 0.021643 0.036680 0.063560 0.019944 0.036764 0.063602 0.019719 0.034885 0.063696 0.019223 0.038971 0.063195 0.021882 0.038026 0.062871 0.023598 0.035211 0.063796 0.018688 0.038762 0.062798 0.023986 0.039432 0.063154 0.022099 0.038444 0.062832 0.023805 0.038978 0.062769 0.024141 0.040121 0.063083 0.022473 0.039123 0.062741 0.024289 0.040596 0.063011 0.022855 0.039227 0.062710 0.024455 0.040958 0.062921 0.023336 0.041187 0.062812 0.023913 0.041091 0.062868 0.023613 0.041244 0.062751 0.024235 0.039289 0.062675 0.024639 0.039310 0.062637 0.024843 0.041263 0.062686 0.024580 0.041036 0.062472 0.025716 0.041206 0.062574 0.025174 0.039287 0.062596 0.025059 0.040752 0.062380 0.026205 0.039219 0.062559 0.025256 0.040355 0.062298 0.026641 0.039106 0.062525 0.025434 0.039850 0.062230 0.027000 0.038948 0.062496 0.025592 0.038736 0.062471 0.025722 0.039242 0.062182 0.027256 0.038464 0.062454 0.025814 0.038534 0.062153 0.027410 0.038131 0.062443 0.025870 0.037723 0.062143 0.027461 0.037737 0.062440 0.025889 0.037333 0.062444 0.025865 0.036981 0.062457 0.025795 0.036898 0.062153 0.027411 0.036682 0.062479 0.025678 0.036172 0.062181 0.027261 0.036436 0.062510 0.025515 0.035544 0.062228 0.027010 0.035015 0.062294 0.026660 0.036238 0.062549 0.025308 0.034589 0.062376 0.026226 0.036087 0.062596 0.025060 0.034271 0.062470 0.025727 0.035980 0.062650 0.024771 0.034062 0.062577 0.025161 0.035920 0.062712 0.024442 0.033960 0.062696 0.024528 0.020157 0.063257 0.021549 0.020679 0.062985 0.022996 0.020991 0.063257 0.021549 0.019594 0.062985 0.022996 0.025727 0.062179 0.027272 0.026534 0.062890 0.023499 0.023686 0.062179 0.027272 0.026880 0.063198 0.021863 0.030379 0.062890 0.023499 0.030724 0.063198 0.021863 0.031620 0.062179 0.027272 0.029578 0.062179 0.027272 0.053686 0.062179 0.027272 0.052723 0.062499 0.025574 0.050737 0.062179 0.027272 0.058949 0.062489 0.025624 0.058589 0.064028 0.017461 0.057077 0.063479 0.020371 0.040791 0.062968 0.023083 0.037358 0.063705 0.019170 0.036911 0.064019 0.017504 0.036238 0.063965 0.017794 0.040294 0.064018 0.017512 0.039760 0.064043 0.017379 0.039568 0.063719 0.019101 0.040373 0.063050 0.022652 0.039816 0.063116 0.022296 0.039107 0.063737 0.019003 0.039184 0.064058 0.017299 0.038551 0.063743 0.018970 0.034625 0.063467 0.020437 0.036858 0.063405 0.020766 0.035323 0.063140 0.022171 0.035018 0.063208 0.021809 0.034800 0.063285 0.021400 0.036652 0.063514 0.020186 0.034690 0.063586 0.019806 0.036904 0.063641 0.019514 0.035666 0.063888 0.018200 0.037100 0.063676 0.019326 0.037686 0.063726 0.019059 0.037687 0.064052 0.017330 0.038084 0.063739 0.018993 0.038564 0.064063 0.017272 0.041586 0.063887 0.018208 0.041220 0.063939 0.017933 0.040205 0.063645 0.019492 0.040424 0.063556 0.019963 0.042279 0.063685 0.019278 0.040329 0.063607 0.019690 0.042394 0.063606 0.019700 0.040489 0.063491 0.020310 0.042470 0.063430 0.020631 0.042458 0.063521 0.020152 0.040524 0.063411 0.020731 0.042111 0.063759 0.018884 0.050531 0.063531 0.020097 0.050603 0.063609 0.019685 0.048684 0.063637 0.019536 0.041883 0.063827 0.018525 0.056650 0.064028 0.017461 0.054683 0.064028 0.017461 0.052818 0.064028 0.017461 0.039934 0.063688 0.019264 0.040785 0.063983 0.017699 0.046599 0.063689 0.019258 0.046721 0.063710 0.019148 0.046158 0.063852 0.018393 0.045777 0.063392 0.020837 0.045848 0.063443 0.020565 0.044544 0.064028 0.017461 0.046850 0.063729 0.019046 0.062373 0.064028 0.017461 0.060529 0.064028 0.017461 0.060298 0.062179 0.027272 0.047874 0.063802 0.018656 0.048066 0.064050 0.017342 0.047404 0.064010 0.017552 0.057382 0.062179 0.027272 0.019313 0.063278 0.021439 0.018840 0.062982 0.023008 0.027809 0.064028 0.017461 0.025761 0.064028 0.017461 0.019822 0.063260 0.021537 0.019540 0.063267 0.021500 0.033701 0.064028 0.017461 0.031654 0.064028 0.017461 0.017407 0.062948 0.023190 0.017746 0.062964 0.023105 0.017274 0.063242 0.021631 0.018459 0.063454 0.020506 0.017081 0.063277 0.021443 0.016893 0.063318 0.021227 0.018245 0.063537 0.020067 0.016711 0.063364 0.020984 0.016535 0.063415 0.020714 0.017890 0.063692 0.019240 0.016183 0.063534 0.020078 0.015811 0.063676 0.019325 0.017599 0.063826 0.018530 0.017371 0.063938 0.017937 0.015420 0.063841 0.018452 0.017207 0.064028 0.017461 0.015010 0.064028 0.017461 0.012180 0.064028 0.017461 0.013712 0.063672 0.019348 0.014106 0.064028 0.017461 0.011786 0.063672 0.019348 0.018679 0.063386 0.020867 0.018906 0.063333 0.021149 0.018224 0.062976 0.023044 0.016562 0.062833 0.023800 0.015405 0.063122 0.022269 0.014977 0.063052 0.022637 0.016873 0.062504 0.025546 0.016391 0.062190 0.027214 0.014241 0.062584 0.025124 0.016257 0.062669 0.024672 0.014217 0.062663 0.024702 0.016334 0.062753 0.024226 0.014407 0.062878 0.023560 0.014264 0.062776 0.024104 0.015329 0.062249 0.026902 0.015058 0.062284 0.026714 0.017403 0.062179 0.027272 0.017127 0.062495 0.025597 0.016866 0.062182 0.027258 0.008445 0.064028 0.017461 0.008885 0.062689 0.024568 0.010391 0.064028 0.017461 0.006939 0.062689 0.024568 0.015979 0.062203 0.027142 0.006736 0.062499 0.025574 0.008316 0.062179 0.027272 0.008682 0.062499 0.025574 0.006370 0.062179 0.027272 0.017460 0.062489 0.025627 0.014607 0.062382 0.026194 0.016368 0.062581 0.025141 0.014436 0.062443 0.025870 0.014314 0.062510 0.025514 0.016285 0.062622 0.024923 0.014644 0.062971 0.023071 0.019140 0.063294 0.021353 0.023900 0.064028 0.017461 0.021852 0.064028 0.017461 0.021818 0.062179 0.027272 0.020123 0.062487 0.025637 0.017871 0.062487 0.025637 0.014817 0.062329 0.026478 0.016277 0.062711 0.024446 0.016429 0.062793 0.024011 0.016730 0.062870 0.023606 0.015930 0.063176 0.021979 0.016926 0.062901 0.023440 0.016554 0.063216 0.021766 0.017152 0.062927 0.023301 0.000984 0.063458 0.020486 -0.000863 0.063564 0.019920 -0.001072 0.063417 0.020700 0.006313 0.063551 0.019992 0.006241 0.063627 0.019588 0.004358 0.063542 0.020040 0.005209 0.062876 0.023575 0.003788 0.063090 0.022438 0.003585 0.063040 0.022700 -0.000639 0.062906 0.023411 0.000892 0.063096 0.022403 -0.000919 0.063010 0.022863 -0.000247 0.062817 0.023885 0.001018 0.063047 0.022664 0.000244 0.062745 0.024266 0.001195 0.063005 0.022890 0.002242 0.062653 0.024756 0.002235 0.062926 0.023310 0.001931 0.062930 0.023284 0.001656 0.062945 0.023205 0.001488 0.062663 0.024702 0.000822 0.062694 0.024539 0.001411 0.062970 0.023074 0.003116 0.062667 0.024683 0.003902 0.062709 0.024461 0.002830 0.062944 0.023212 0.003355 0.062999 0.022918 0.003101 0.062967 0.023089 0.004600 0.062778 0.024092 0.005703 0.062996 0.022934 0.006055 0.063136 0.022193 0.004114 0.063214 0.021781 0.006267 0.063295 0.021351 0.004232 0.063282 0.021415 0.006338 0.063472 0.020409 0.004368 0.063412 0.020729 0.000816 0.063152 0.022107 -0.001086 0.063127 0.022239 0.004385 0.063472 0.020408 0.000791 0.063214 0.021777 -0.001142 0.063259 0.021539 0.001225 0.063564 0.019920 -0.000023 0.063825 0.018537 -0.000513 0.063700 0.019199 0.001564 0.063661 0.019407 0.000584 0.063929 0.017984 0.002523 0.063782 0.018762 0.002974 0.064063 0.017272 0.002082 0.064048 0.017351 0.004280 0.063603 0.019712 0.005952 0.063771 0.018820 0.004148 0.063658 0.019423 0.005465 0.063895 0.018164 0.003965 0.063705 0.019175 0.002907 0.063791 0.018719 0.004779 0.063987 0.017676 0.003741 0.063742 0.018975 0.004371 0.064020 0.017499 0.003490 0.063769 0.018833 0.003934 0.064044 0.017373 0.003212 0.063785 0.018747 0.003468 0.064058 0.017297 0.005733 0.063837 0.018471 0.001851 0.063718 0.019106 0.002171 0.063758 0.018891 0.001285 0.064003 0.017588 0.005147 0.063945 0.017899 0.006120 0.063700 0.019197 0.004317 0.063349 0.021065 0.003965 0.063148 0.022132 0.002541 0.062930 0.023285 0.000839 0.063341 0.021105 0.046361 0.064028 0.017461 0.044985 0.062689 0.024568 0.045703 0.063332 0.021155 0.043038 0.062689 0.024568 0.045916 0.063485 0.020341 0.045982 0.063518 0.020164 0.046075 0.063555 0.019967 0.046172 0.063589 0.019791 0.046272 0.063618 0.019634 0.046375 0.063644 0.019497 0.046483 0.063667 0.019374 0.046981 0.063746 0.018954 0.046768 0.063944 0.017902 0.047111 0.063761 0.018874 0.047239 0.063774 0.018807 0.047365 0.063784 0.018752 0.047491 0.063792 0.018710 0.047618 0.063798 0.018680 0.047745 0.063801 0.018662 0.048046 0.063800 0.018670 0.048201 0.063792 0.018711 0.048755 0.064063 0.017272 0.048340 0.063779 0.018780 0.048464 0.063761 0.018877 0.049175 0.064057 0.017304 0.050374 0.063916 0.018052 0.050152 0.063968 0.017777 0.048565 0.063739 0.018993 0.050646 0.063669 0.019363 0.050660 0.063712 0.019133 0.048680 0.063689 0.019258 0.048694 0.063661 0.019407 0.048653 0.063599 0.019737 0.048602 0.063547 0.020009 0.050430 0.063436 0.020601 0.048531 0.063483 0.020352 0.049589 0.062689 0.024568 0.047643 0.062689 0.024568 0.050628 0.063788 0.018730 0.048637 0.063715 0.019120 0.050533 0.063856 0.018369 0.049874 0.064010 0.017556 0.049548 0.064039 0.017398 0.025726 -0.061567 0.022421 0.024811 -0.061901 0.020647 0.024626 -0.061877 0.020775 0.025102 -0.061507 0.022737 0.024329 -0.061846 0.020938 0.024322 -0.061441 0.023087 0.023919 -0.061809 0.021135 0.026194 -0.061620 0.022140 0.027161 -0.061898 0.020664 0.025154 -0.062000 0.020118 0.025086 -0.061964 0.020312 0.046199 -0.060749 0.026764 0.045324 -0.061072 0.025047 0.045131 -0.061043 0.025198 0.023397 -0.061765 0.021366 0.025149 -0.062086 0.019666 0.026944 -0.062221 0.018945 0.025065 -0.062128 0.019442 0.023803 -0.061397 0.023320 0.022858 -0.061721 0.021604 0.026619 -0.062322 0.018410 0.023068 -0.061324 0.023709 0.023385 -0.061358 0.023527 0.022397 -0.061680 0.021822 0.022851 -0.061295 0.023864 0.021708 -0.061609 0.022195 0.022706 -0.061267 0.024011 0.021233 -0.061537 0.022578 0.022602 -0.061236 0.024177 0.020871 -0.061447 0.023059 0.020738 -0.061394 0.023335 0.020643 -0.061338 0.023635 0.022540 -0.061201 0.024362 0.020585 -0.061277 0.023957 0.022519 -0.061163 0.024565 0.020566 -0.061212 0.024302 0.020793 -0.060998 0.025438 0.022542 -0.061122 0.024781 0.020623 -0.061100 0.024896 0.021077 -0.060906 0.025927 0.022610 -0.061085 0.024978 0.021474 -0.060824 0.026364 0.022723 -0.061051 0.025156 0.021980 -0.060756 0.026722 0.022881 -0.061022 0.025314 0.023093 -0.060997 0.025444 0.023365 -0.060980 0.025537 0.022587 -0.060708 0.026978 0.023698 -0.060969 0.025592 0.023296 -0.060679 0.027132 0.024106 -0.060669 0.027183 0.024496 -0.060970 0.025587 0.024092 -0.060966 0.025611 0.024931 -0.060679 0.027133 0.024848 -0.060983 0.025517 0.025658 -0.060707 0.026983 0.025147 -0.061005 0.025401 0.026285 -0.060754 0.026733 0.025393 -0.061036 0.025237 0.026814 -0.060820 0.026382 0.027240 -0.060902 0.025949 0.025591 -0.061075 0.025030 0.027558 -0.060996 0.025449 0.025743 -0.061122 0.024782 0.025849 -0.061176 0.024494 0.027768 -0.061103 0.024883 0.027869 -0.061222 0.024251 0.025909 -0.061238 0.024164 0.041672 -0.061783 0.021271 0.041150 -0.061511 0.022718 0.042235 -0.061511 0.022718 0.040838 -0.061783 0.021271 0.036102 -0.060705 0.026994 0.038143 -0.060705 0.026994 0.035295 -0.061416 0.023221 0.032251 -0.060705 0.026994 0.031450 -0.061416 0.023221 0.030209 -0.060705 0.026994 0.011092 -0.060705 0.026994 0.009106 -0.061025 0.025296 0.008143 -0.060705 0.026994 0.004752 -0.062005 0.020093 0.003240 -0.062553 0.017183 0.002880 -0.061016 0.025346 0.021038 -0.061494 0.022806 0.025592 -0.062491 0.017516 0.024918 -0.062545 0.017226 0.024471 -0.062231 0.018893 0.022261 -0.062244 0.018823 0.022069 -0.062569 0.017101 0.021535 -0.062544 0.017234 0.021456 -0.061575 0.022374 0.022014 -0.061642 0.022019 0.022722 -0.062263 0.018725 0.023278 -0.062269 0.018693 0.022646 -0.062584 0.017021 0.027204 -0.061993 0.020159 0.024971 -0.061931 0.020488 0.026506 -0.061666 0.021893 0.026812 -0.061734 0.021532 0.027030 -0.061811 0.021122 0.025177 -0.062040 0.019908 0.027139 -0.062112 0.019528 0.024925 -0.062167 0.019236 0.026163 -0.062414 0.017922 0.024729 -0.062202 0.019048 0.024143 -0.062252 0.018782 0.024143 -0.062578 0.017052 0.023745 -0.062265 0.018715 0.023265 -0.062589 0.016994 0.021624 -0.062171 0.019214 0.020609 -0.062465 0.017655 0.020243 -0.062413 0.017931 0.021406 -0.062082 0.019685 0.021500 -0.062133 0.019413 0.019551 -0.062211 0.019000 0.019435 -0.062131 0.019423 0.021341 -0.062017 0.020032 0.019371 -0.062047 0.019874 0.019359 -0.061956 0.020353 0.021305 -0.061937 0.020454 0.019718 -0.062285 0.018606 0.011299 -0.062057 0.019819 0.013145 -0.062162 0.019258 0.011227 -0.062135 0.019407 0.019946 -0.062353 0.018248 0.005179 -0.062553 0.017183 0.009011 -0.062553 0.017183 0.007146 -0.062553 0.017183 0.021895 -0.062214 0.018986 0.021044 -0.062509 0.017421 0.015230 -0.062215 0.018980 0.015671 -0.062378 0.018115 0.015108 -0.062236 0.018871 0.016052 -0.061917 0.020559 0.017285 -0.062553 0.017183 0.015981 -0.061969 0.020288 0.014979 -0.062255 0.018768 0.001301 -0.062553 0.017183 -0.000543 -0.062553 0.017183 0.001532 -0.060705 0.026994 0.013955 -0.062328 0.018378 0.014425 -0.062536 0.017275 0.013763 -0.062576 0.017065 0.004447 -0.060705 0.026994 0.042989 -0.061509 0.022730 0.042516 -0.061804 0.021161 0.034949 -0.061724 0.021586 0.031105 -0.061724 0.021586 0.036068 -0.062553 0.017183 0.034020 -0.062553 0.017183 0.042289 -0.061792 0.021222 0.042008 -0.061786 0.021259 0.028128 -0.062553 0.017183 0.030175 -0.062553 0.017183 0.044422 -0.061474 0.022912 0.044555 -0.061768 0.021353 0.044083 -0.061490 0.022827 0.044748 -0.061803 0.021165 0.043370 -0.061980 0.020228 0.044936 -0.061844 0.020950 0.045118 -0.061890 0.020707 0.043584 -0.062062 0.019789 0.045294 -0.061941 0.020436 0.045646 -0.062060 0.019801 0.043939 -0.062218 0.018962 0.046018 -0.062202 0.019047 0.044230 -0.062352 0.018252 0.044458 -0.062464 0.017659 0.046409 -0.062367 0.018174 0.044622 -0.062553 0.017183 0.046820 -0.062553 0.017183 0.043150 -0.061912 0.020589 0.042923 -0.061859 0.020871 0.043605 -0.061502 0.022766 0.046853 -0.061578 0.022359 0.046424 -0.061648 0.021991 0.045267 -0.061359 0.023523 0.045438 -0.060716 0.026937 0.044956 -0.061030 0.025269 0.047588 -0.061110 0.024847 0.047613 -0.061189 0.024425 0.045572 -0.061195 0.024394 0.047565 -0.061302 0.023826 0.047423 -0.061404 0.023282 0.045495 -0.061279 0.023948 0.046500 -0.060775 0.026624 0.046772 -0.060810 0.026436 0.044964 -0.060708 0.026980 0.044702 -0.061021 0.025319 0.044426 -0.060705 0.026994 0.045850 -0.060730 0.026865 0.044369 -0.061015 0.025349 0.047223 -0.060908 0.025916 0.047393 -0.060969 0.025592 0.045461 -0.061107 0.024863 0.047515 -0.061036 0.025236 0.045544 -0.061148 0.024645 0.047185 -0.061497 0.022793 0.042689 -0.061820 0.021076 0.039977 -0.062553 0.017183 0.037929 -0.062553 0.017183 0.040011 -0.060705 0.026994 0.041706 -0.061013 0.025359 0.043958 -0.061013 0.025359 0.047012 -0.060855 0.026200 0.045553 -0.061237 0.024169 0.045400 -0.061320 0.023733 0.045100 -0.061396 0.023328 0.045899 -0.061702 0.021701 0.044903 -0.061427 0.023162 0.045275 -0.061742 0.021488 0.044677 -0.061453 0.023023 0.055093 -0.061025 0.025296 0.053513 -0.060705 0.026994 0.055459 -0.060705 0.026994 0.053147 -0.061025 0.025296 0.062902 -0.061943 0.020423 0.062692 -0.062090 0.019643 0.060845 -0.061983 0.020208 0.057471 -0.062068 0.019762 0.055588 -0.062153 0.019310 0.055516 -0.062077 0.019714 0.058244 -0.061566 0.022422 0.058041 -0.061616 0.022160 0.056621 -0.061402 0.023297 0.062468 -0.061432 0.023134 0.062748 -0.061536 0.022585 0.060938 -0.061622 0.022125 0.062076 -0.061343 0.023607 0.060811 -0.061573 0.022386 0.061585 -0.061271 0.023988 0.060635 -0.061531 0.022613 0.059898 -0.061456 0.023006 0.059595 -0.061452 0.023032 0.059588 -0.061179 0.024479 0.060341 -0.061189 0.024424 0.060173 -0.061471 0.022927 0.061007 -0.061220 0.024261 0.060418 -0.061496 0.022796 0.058713 -0.061193 0.024405 0.058999 -0.061470 0.022934 0.057927 -0.061235 0.024183 0.058728 -0.061493 0.022812 0.058475 -0.061525 0.022640 0.057229 -0.061304 0.023814 0.056127 -0.061522 0.022657 0.057716 -0.061740 0.021503 0.055774 -0.061662 0.021915 0.057597 -0.061808 0.021138 0.055562 -0.061820 0.021074 0.057462 -0.061938 0.020451 0.055492 -0.061998 0.020131 0.062916 -0.061653 0.021961 0.061013 -0.061678 0.021829 0.057445 -0.061998 0.020130 0.062971 -0.061785 0.021261 0.061039 -0.061740 0.021499 0.062342 -0.062226 0.018922 0.061852 -0.062351 0.018259 0.060604 -0.062090 0.019642 0.061246 -0.062455 0.017706 0.060266 -0.062187 0.019129 0.059307 -0.062308 0.018484 0.059747 -0.062574 0.017074 0.058856 -0.062589 0.016994 0.057550 -0.062129 0.019434 0.057681 -0.062184 0.019145 0.055878 -0.062297 0.018542 0.057865 -0.062231 0.018897 0.056364 -0.062421 0.017886 0.058923 -0.062316 0.018441 0.058089 -0.062268 0.018698 0.057051 -0.062513 0.017398 0.058340 -0.062295 0.018555 0.057459 -0.062546 0.017222 0.057895 -0.062570 0.017095 0.058618 -0.062311 0.018470 0.058361 -0.062584 0.017020 0.056096 -0.062363 0.018193 0.059978 -0.062244 0.018828 0.060544 -0.062529 0.017311 0.059658 -0.062284 0.018613 0.056683 -0.062471 0.017621 0.055709 -0.062226 0.018919 0.057512 -0.061874 0.020787 0.057865 -0.061673 0.021854 0.059288 -0.061456 0.023008 0.060990 -0.061867 0.020827 0.015468 -0.062553 0.017183 0.016844 -0.061215 0.024290 0.018791 -0.061215 0.024290 0.016126 -0.061857 0.020877 0.015913 -0.062011 0.020064 0.015847 -0.062044 0.019887 0.015754 -0.062081 0.019690 0.015657 -0.062115 0.019513 0.015557 -0.062144 0.019356 0.015454 -0.062170 0.019219 0.015346 -0.062193 0.019096 0.014848 -0.062272 0.018676 0.015062 -0.062470 0.017625 0.014718 -0.062287 0.018597 0.014591 -0.062300 0.018529 0.014464 -0.062310 0.018474 0.014338 -0.062318 0.018432 0.014211 -0.062324 0.018402 0.014084 -0.062327 0.018384 0.013784 -0.062326 0.018392 0.013628 -0.062318 0.018433 0.013074 -0.062589 0.016994 0.013489 -0.062305 0.018503 0.013365 -0.062287 0.018599 0.012654 -0.062583 0.017026 0.013265 -0.062265 0.018715 0.011677 -0.062494 0.017500 0.011455 -0.062442 0.017774 0.011184 -0.062195 0.019086 0.013150 -0.062215 0.018980 0.011169 -0.062238 0.018856 0.013135 -0.062187 0.019129 0.013176 -0.062125 0.019459 0.013227 -0.062073 0.019731 0.011399 -0.061962 0.020323 0.013298 -0.062009 0.020074 0.014186 -0.061215 0.024290 0.012240 -0.061215 0.024290 0.011201 -0.062314 0.018452 0.013193 -0.062241 0.018842 0.011296 -0.062382 0.018092 0.011955 -0.062535 0.017279 0.012281 -0.062565 0.017121 0.053384 -0.062553 0.017183 0.052944 -0.061215 0.024290 0.054890 -0.061215 0.024290 0.051438 -0.062553 0.017183 0.049650 -0.062553 0.017183 0.048118 -0.062198 0.019070 0.050044 -0.062198 0.019070 0.047724 -0.062553 0.017183 0.024811 -0.063375 0.020925 0.025726 -0.063041 0.022699 0.024626 -0.063351 0.021053 0.025102 -0.062981 0.023015 0.024329 -0.063320 0.021216 0.024322 -0.062915 0.023365 0.023919 -0.063283 0.021412 0.026194 -0.063094 0.022418 0.025154 -0.063474 0.020396 0.027161 -0.063372 0.020942 0.025086 -0.063438 0.020589 0.045324 -0.062546 0.025325 0.046199 -0.062223 0.027041 0.045131 -0.062517 0.025476 0.023397 -0.063240 0.021643 0.026944 -0.063696 0.019223 0.025149 -0.063560 0.019944 0.025065 -0.063602 0.019719 0.023803 -0.062871 0.023598 0.022858 -0.063195 0.021882 0.026619 -0.063796 0.018688 0.023385 -0.062832 0.023805 0.023068 -0.062798 0.023986 0.022397 -0.063154 0.022099 0.022851 -0.062769 0.024141 0.021708 -0.063083 0.022473 0.022706 -0.062741 0.024289 0.021233 -0.063011 0.022855 0.022602 -0.062710 0.024455 0.020871 -0.062921 0.023336 0.020738 -0.062868 0.023613 0.020643 -0.062812 0.023913 0.022540 -0.062675 0.024639 0.020585 -0.062751 0.024235 0.022519 -0.062637 0.024843 0.020566 -0.062686 0.024580 0.022542 -0.062596 0.025059 0.020793 -0.062472 0.025716 0.020623 -0.062574 0.025174 0.022610 -0.062559 0.025256 0.021077 -0.062380 0.026205 0.022723 -0.062525 0.025434 0.021474 -0.062298 0.026641 0.022881 -0.062496 0.025592 0.021980 -0.062230 0.027000 0.023093 -0.062471 0.025722 0.023365 -0.062454 0.025814 0.022587 -0.062182 0.027256 0.023698 -0.062443 0.025870 0.023296 -0.062153 0.027410 0.024496 -0.062444 0.025865 0.024106 -0.062143 0.027461 0.024092 -0.062440 0.025889 0.024848 -0.062457 0.025795 0.024931 -0.062153 0.027411 0.025147 -0.062479 0.025678 0.025658 -0.062181 0.027261 0.025393 -0.062510 0.025515 0.026285 -0.062228 0.027010 0.026814 -0.062294 0.026660 0.027240 -0.062376 0.026226 0.025591 -0.062549 0.025308 0.027558 -0.062470 0.025727 0.025743 -0.062596 0.025060 0.025849 -0.062650 0.024771 0.027768 -0.062577 0.025161 0.027869 -0.062696 0.024528 0.025909 -0.062712 0.024442 0.041672 -0.063257 0.021549 0.041150 -0.062985 0.022996 0.040838 -0.063257 0.021549 0.042235 -0.062985 0.022996 0.038143 -0.062179 0.027272 0.036102 -0.062179 0.027272 0.035295 -0.062890 0.023499 0.031450 -0.062890 0.023499 0.032251 -0.062179 0.027272 0.030209 -0.062179 0.027272 0.009106 -0.062499 0.025574 0.011092 -0.062179 0.027272 0.008143 -0.062179 0.027272 0.003240 -0.064028 0.017461 0.004752 -0.063479 0.020371 0.002880 -0.062489 0.025624 0.021038 -0.062968 0.023083 0.024918 -0.064019 0.017504 0.025592 -0.063965 0.017794 0.024471 -0.063705 0.019170 0.022069 -0.064043 0.017379 0.022261 -0.063719 0.019101 0.021535 -0.064018 0.017512 0.021456 -0.063050 0.022652 0.022014 -0.063116 0.022296 0.023278 -0.063743 0.018970 0.022722 -0.063737 0.019003 0.022646 -0.064058 0.017299 0.027204 -0.063467 0.020437 0.024971 -0.063405 0.020766 0.026506 -0.063140 0.022171 0.026812 -0.063208 0.021809 0.027030 -0.063285 0.021400 0.025177 -0.063514 0.020186 0.027139 -0.063586 0.019806 0.024925 -0.063641 0.019514 0.026163 -0.063888 0.018200 0.024729 -0.063676 0.019326 0.024143 -0.063726 0.019059 0.024143 -0.064052 0.017330 0.023745 -0.063739 0.018993 0.023265 -0.064063 0.017272 0.020609 -0.063939 0.017933 0.021624 -0.063645 0.019492 0.020243 -0.063887 0.018208 0.021500 -0.063607 0.019690 0.021406 -0.063556 0.019963 0.019551 -0.063685 0.019278 0.019435 -0.063606 0.019700 0.021341 -0.063491 0.020310 0.019371 -0.063521 0.020152 0.019359 -0.063430 0.020631 0.021305 -0.063411 0.020731 0.019718 -0.063759 0.018884 0.013145 -0.063637 0.019536 0.011299 -0.063531 0.020097 0.011227 -0.063609 0.019685 0.019946 -0.063827 0.018525 0.005179 -0.064028 0.017461 0.009011 -0.064028 0.017461 0.007146 -0.064028 0.017461 0.021895 -0.063688 0.019264 0.021044 -0.063983 0.017699 0.015671 -0.063852 0.018393 0.015230 -0.063689 0.019258 0.015108 -0.063710 0.019148 0.017285 -0.064028 0.017461 0.016052 -0.063392 0.020837 0.015981 -0.063443 0.020565 0.014979 -0.063729 0.019046 0.001301 -0.064028 0.017461 -0.000543 -0.064028 0.017461 0.001532 -0.062179 0.027272 0.014425 -0.064010 0.017552 0.013955 -0.063802 0.018656 0.013763 -0.064050 0.017342 0.004447 -0.062179 0.027272 0.042516 -0.063278 0.021439 0.042989 -0.062982 0.023008 0.034949 -0.063198 0.021863 0.031105 -0.063198 0.021863 0.036068 -0.064028 0.017461 0.034020 -0.064028 0.017461 0.042289 -0.063267 0.021500 0.042008 -0.063260 0.021537 0.028128 -0.064028 0.017461 0.030175 -0.064028 0.017461 0.044555 -0.063242 0.021631 0.044422 -0.062948 0.023190 0.044083 -0.062964 0.023105 0.044748 -0.063277 0.021443 0.043370 -0.063454 0.020506 0.045118 -0.063364 0.020984 0.044936 -0.063318 0.021227 0.043584 -0.063537 0.020067 0.045646 -0.063534 0.020078 0.045294 -0.063415 0.020714 0.043939 -0.063692 0.019240 0.046018 -0.063676 0.019325 0.044230 -0.063826 0.018530 0.044458 -0.063938 0.017937 0.046409 -0.063841 0.018452 0.044622 -0.064028 0.017461 0.046820 -0.064028 0.017461 0.043150 -0.063386 0.020867 0.042923 -0.063333 0.021149 0.043605 -0.062976 0.023044 0.046424 -0.063122 0.022269 0.046853 -0.063052 0.022637 0.045267 -0.062833 0.023800 0.045438 -0.062190 0.027214 0.044956 -0.062504 0.025546 0.047613 -0.062663 0.024702 0.047588 -0.062584 0.025124 0.045572 -0.062669 0.024672 0.047423 -0.062878 0.023560 0.047565 -0.062776 0.024104 0.045495 -0.062753 0.024226 0.046772 -0.062284 0.026714 0.046500 -0.062249 0.026902 0.044702 -0.062495 0.025597 0.044964 -0.062182 0.027258 0.044426 -0.062179 0.027272 0.045850 -0.062203 0.027142 0.044369 -0.062489 0.025627 0.047393 -0.062443 0.025870 0.047223 -0.062382 0.026194 0.045461 -0.062581 0.025141 0.047515 -0.062510 0.025514 0.045544 -0.062622 0.024923 0.047185 -0.062971 0.023071 0.042689 -0.063294 0.021353 0.039977 -0.064028 0.017461 0.037929 -0.064028 0.017461 0.040011 -0.062179 0.027272 0.041706 -0.062487 0.025637 0.043958 -0.062487 0.025637 0.047012 -0.062329 0.026478 0.045553 -0.062711 0.024446 0.045400 -0.062793 0.024011 0.045100 -0.062870 0.023606 0.045899 -0.063176 0.021979 0.044903 -0.062901 0.023440 0.045275 -0.063216 0.021766 0.044677 -0.062927 0.023301 0.055093 -0.062499 0.025574 0.053513 -0.062179 0.027272 0.053147 -0.062499 0.025574 0.055459 -0.062179 0.027272 0.062692 -0.063564 0.019920 0.062902 -0.063417 0.020700 0.060845 -0.063458 0.020486 0.055588 -0.063627 0.019588 0.057471 -0.063542 0.020040 0.055516 -0.063551 0.019992 0.058041 -0.063090 0.022438 0.058244 -0.063040 0.022700 0.056621 -0.062876 0.023575 0.062748 -0.063010 0.022863 0.062468 -0.062906 0.023411 0.060938 -0.063096 0.022403 0.062076 -0.062817 0.023885 0.060811 -0.063047 0.022664 0.061585 -0.062745 0.024266 0.060635 -0.063005 0.022890 0.059595 -0.062926 0.023310 0.059898 -0.062930 0.023284 0.059588 -0.062653 0.024756 0.060173 -0.062945 0.023205 0.060341 -0.062663 0.024702 0.061007 -0.062694 0.024539 0.060418 -0.062970 0.023074 0.058999 -0.062944 0.023212 0.058713 -0.062667 0.024683 0.057927 -0.062709 0.024461 0.058475 -0.062999 0.022918 0.058728 -0.062967 0.023089 0.057229 -0.062778 0.024092 0.057716 -0.063214 0.021781 0.056127 -0.062996 0.022934 0.055774 -0.063136 0.022193 0.057597 -0.063282 0.021415 0.055562 -0.063295 0.021351 0.057462 -0.063412 0.020729 0.055492 -0.063472 0.020409 0.062916 -0.063127 0.022239 0.061013 -0.063152 0.022107 0.057445 -0.063472 0.020408 0.062971 -0.063259 0.021539 0.061039 -0.063214 0.021777 0.061852 -0.063825 0.018537 0.062342 -0.063700 0.019199 0.060604 -0.063564 0.019920 0.061246 -0.063929 0.017984 0.060266 -0.063661 0.019407 0.059747 -0.064048 0.017351 0.059307 -0.063782 0.018762 0.058856 -0.064063 0.017272 0.057681 -0.063658 0.019423 0.057550 -0.063603 0.019712 0.055878 -0.063771 0.018820 0.057865 -0.063705 0.019175 0.056364 -0.063895 0.018164 0.058923 -0.063791 0.018719 0.058089 -0.063742 0.018975 0.057051 -0.063987 0.017676 0.058340 -0.063769 0.018833 0.057459 -0.064020 0.017499 0.057895 -0.064044 0.017373 0.058618 -0.063785 0.018747 0.058361 -0.064058 0.017297 0.056096 -0.063837 0.018471 0.060544 -0.064003 0.017588 0.059978 -0.063718 0.019106 0.059658 -0.063758 0.018891 0.056683 -0.063945 0.017899 0.055709 -0.063700 0.019197 0.057512 -0.063349 0.021065 0.057865 -0.063148 0.022132 0.059288 -0.062930 0.023285 0.060990 -0.063341 0.021105 0.015468 -0.064028 0.017461 0.018791 -0.062689 0.024568 0.016844 -0.062689 0.024568 0.016126 -0.063332 0.021155 0.015913 -0.063485 0.020341 0.015847 -0.063518 0.020164 0.015754 -0.063555 0.019967 0.015657 -0.063589 0.019791 0.015557 -0.063618 0.019634 0.015454 -0.063644 0.019497 0.015346 -0.063667 0.019374 0.014848 -0.063746 0.018954 0.015062 -0.063944 0.017902 0.014718 -0.063761 0.018874 0.014591 -0.063774 0.018807 0.014464 -0.063784 0.018752 0.014338 -0.063792 0.018710 0.014211 -0.063798 0.018680 0.014084 -0.063801 0.018662 0.013784 -0.063800 0.018670 0.013628 -0.063792 0.018711 0.013074 -0.064063 0.017272 0.013489 -0.063779 0.018780 0.013365 -0.063761 0.018877 0.012654 -0.064057 0.017304 0.011677 -0.063968 0.017777 0.013265 -0.063739 0.018993 0.011455 -0.063916 0.018052 0.013150 -0.063689 0.019258 0.011184 -0.063669 0.019363 0.011169 -0.063712 0.019133 0.013135 -0.063661 0.019407 0.013176 -0.063599 0.019737 0.013227 -0.063547 0.020009 0.011399 -0.063436 0.020601 0.013298 -0.063483 0.020352 0.014186 -0.062689 0.024568 0.012240 -0.062689 0.024568 0.011201 -0.063788 0.018730 0.013193 -0.063715 0.019120 0.011296 -0.063856 0.018369 0.011955 -0.064010 0.017556 0.012281 -0.064039 0.017398 0.053384 -0.064028 0.017461 0.052944 -0.062689 0.024568 0.051438 -0.064028 0.017461 0.054890 -0.062689 0.024568 0.049650 -0.064028 0.017461 0.048118 -0.063672 0.019348 0.047724 -0.064028 0.017461 0.050044 -0.063672 0.019348
</float_array>
          <technique_common>
            <accessor source="#Racecar_Front_Cover_Text-mesh-positions-array" count="1360" stride="3">
              <param name="X" type="float" />
              <param name="Y" type="float" />
              <param name="Z" type="float" />
            </accessor>
          </technique_common>
        </source>
        <source id="Racecar_Front_Cover_Text-mesh-normals">
          <float_array id="Racecar_Front_Cover_Text-mesh-normals-array" count="7947">
0.000000 -0.000983 -0.000185 0.000000 -0.000983 -0.000185 -0.000000 -0.000983 -0.000185 0.000000 -0.000983 -0.000185 -0.000000 -0.000983 -0.000185 -0.000000 -0.000983 -0.000185 0.000000 -0.000983 -0.000185 -0.000000 -0.000983 -0.000185 0.000000 -0.000983 -0.000185 -0.000000 -0.000983 -0.000185 -0.000000 -0.000983 -0.000185 0.000000 -0.000983 -0.000185 0.000000 -0.000983 -0.000185 -0.000000 -0.000983 -0.000185 -0.000000 -0.000983 -0.000185 -0.000000 -0.000983 -0.000185 0.000000 -0.000983 -0.000185 0.000000 -0.000983 -0.000185 0.000000 -0.000983 -0.000185 0.000000 -0.000983 -0.000185 0.000000 -0.000983 -0.000185 0.000000 -0.000983 -0.000185 -0.000000 -0.000983 -0.000185 -0.000000 -0.000983 -0.000185 0.000000 -0.000983 -0.000185 0.000000 -0.000983 -0.000185 -0.000000 -0.000983 -0.000185 -0.000000 -0.000983 -0.000185 -0.000000 -0.000983 -0.000185 0.000000 -0.000983 -0.000185 -0.000000 -0.000983 -0.000185 0.000000 -0.000983 -0.000185 -0.000000 -0.000983 -0.000185 -0.000000 -0.000983 -0.000185 0.000000 -0.000983 -0.000185 -0.000000 -0.000983 -0.000185 0.000000 -0.000983 -0.000185 -0.000000 -0.000983 -0.000185 -0.000000 -0.000983 -0.000185 0.000000 -0.000983 -0.000185 0.000000 -0.000983 -0.000185 0.000000 -0.000983 -0.000185 0.000000 -0.000983 -0.000185 0.000000 -0.000983 -0.000185 0.000000 -0.000983 -0.000185 0.000000 -0.000983 -0.000185 -0.000000 -0.000983 -0.000185 0.000000 -0.000983 -0.000185 -0.000000 -0.000983 -0.000185 0.000000 -0.000983 -0.000185 0.000000 -0.000983 -0.000185 -0.000000 -0.000983 -0.000185 0.000000 -0.000983 -0.000185 0.000000 -0.000983 -0.000185 0.000000 -0.000983 -0.000185 -0.000000 -0.000983 -0.000185 0.000000 -0.000983 -0.000185 0.000000 -0.000983 -0.000185 0.000000 -0.000983 -0.000185 0.000000 -0.000983 -0.000185 0.000000 -0.000983 -0.000185 -0.000000 -0.000983 -0.000185 -0.000000 -0.000983 -0.000185 -0.000000 -0.000983 -0.000185 0.000000 -0.000983 -0.000185 -0.000000 -0.000983 -0.000185 0.000000 -0.000983 -0.000185 -0.000000 -0.000983 -0.000185 -0.000000 -0.000983 -0.000185 0.000000 -0.000983 -0.000185 0.000000 -0.000983 -0.000185 0.000000 -0.000983 -0.000185 0.000000 -0.000983 -0.000185 0.000000 -0.000983 -0.000185 -0.000000 -0.000983 -0.000185 -0.000000 -0.000983 -0.000185 -0.000000 -0.000983 -0.000185 0.000000 -0.000983 -0.000185 0.000000 -0.000983 -0.000185 -0.000000 -0.000983 -0.000185 0.000000 -0.000983 -0.000185 -0.000000 -0.000983 -0.000185 0.000000 -0.000983 -0.000185 -0.000000 -0.000983 -0.000185 0.000000 -0.000983 -0.000185 0.000000 -0.000983 -0.000185 0.000000 -0.000983 -0.000185 -0.000000 -0.000983 -0.000185 -0.000000 -0.000983 -0.000185 -0.000000 -0.000983 -0.000185 0.000000 -0.000983 -0.000185 -0.000000 -0.000983 -0.000185 -0.000000 -0.000983 -0.000185 -0.000000 -0.000983 -0.000185 0.000000 -0.000983 -0.000185 0.000000 -0.000983 -0.000185 0.000000 -0.000983 -0.000185 -0.000000 -0.000983 -0.000185 -0.000000 -0.000983 -0.000185 0.000000 -0.000983 -0.000185 0.000000 -0.000983 -0.000185 0.000000 -0.000983 -0.000185 0.000000 -0.000983 -0.000185 0.000000 -0.000983 -0.000185 -0.000000 -0.000983 -0.000185 0.000000 -0.000983 -0.000185 -0.000000 -0.000983 -0.000185 0.000000 -0.000983 -0.000185 0.000000 -0.000983 -0.000185 0.000000 -0.000983 -0.000185 -0.000000 -0.000983 -0.000185 0.000000 -0.000983 -0.000185 0.000000 -0.000983 -0.000185 0.000000 -0.000983 -0.000185 0.000000 -0.000983 -0.000185 -0.000000 -0.000983 -0.000185 0.000000 -0.000983 -0.000185 0.000000 -0.000983 -0.000185 0.000000 -0.000983 -0.000185 0.000000 -0.000983 -0.000185 -0.000000 -0.000983 -0.000185 -0.000000 -0.000983 -0.000185 0.000000 -0.000983 -0.000185 0.000000 -0.000983 -0.000185 0.000000 -0.000983 -0.000185 0.000000 -0.000983 -0.000185 0.000000 -0.000983 -0.000185 -0.000000 -0.000983 -0.000185 0.000000 -0.000983 -0.000185 -0.000000 -0.000983 -0.000185 0.000000 -0.000983 -0.000185 0.000000 -0.000983 -0.000185 0.000000 -0.000983 -0.000185 0.000000 -0.000983 -0.000185 0.000000 -0.000983 -0.000185 -0.000000 -0.000983 -0.000185 -0.000000 -0.000983 -0.000185 -0.000000 -0.000983 -0.000185 0.000000 -0.000983 -0.000185 -0.000000 -0.000983 -0.000185 -0.000000 -0.000983 -0.000185 -0.000000 -0.000983 -0.000185 0.000000 -0.000983 -0.000185 -0.000000 -0.000983 -0.000185 -0.000000 -0.000983 -0.000185 0.000000 -0.000983 -0.000185 -0.000000 -0.000983 -0.000185 0.000000 -0.000983 -0.000185 0.000000 -0.000983 -0.000185 -0.000000 -0.000983 -0.000185 -0.000000 -0.000983 -0.000185 -0.000000 -0.000983 -0.000185 0.000000 -0.000983 -0.000185 0.000000 -0.000983 -0.000185 0.000000 -0.000983 -0.000185 -0.000000 -0.000983 -0.000185 0.000000 -0.000983 -0.000185 0.000000 -0.000983 -0.000185 0.000000 -0.000983 -0.000185 0.000000 -0.000983 -0.000185 -0.000000 -0.000983 -0.000185 0.000000 -0.000983 -0.000185 0.000000 -0.000983 -0.000185 -0.000000 -0.000983 -0.000185 0.000000 -0.000983 -0.000185 0.000000 -0.000983 -0.000185 0.000000 -0.000983 -0.000185 0.000000 -0.000983 -0.000185 -0.000000 -0.000983 -0.000185 0.000000 -0.000983 -0.000185 0.000000 -0.000983 -0.000185 -0.000000 -0.000983 -0.000185 0.000000 -0.000983 -0.000185 0.000000 -0.000983 -0.000185 0.000000 -0.000983 -0.000185 0.000000 -0.000983 -0.000185 -0.000000 -0.000983 -0.000185 0.000000 -0.000983 -0.000185 -0.000000 -0.000983 -0.000185 0.000000 -0.000983 -0.000185 -0.000000 -0.000983 -0.000185 0.000000 -0.000983 -0.000185 0.000000 -0.000983 -0.000185 0.000000 -0.000983 -0.000185 -0.000000 -0.000983 -0.000185 0.000000 -0.000983 -0.000185 -0.000000 -0.000983 -0.000185 0.000000 -0.000983 -0.000185 0.000000 -0.000983 -0.000185 0.000000 -0.000983 -0.000185 0.000000 -0.000983 -0.000185 0.000000 -0.000983 -0.000185 0.000000 -0.000983 -0.000185 -0.000000 -0.000983 -0.000185 -0.000000 -0.000983 -0.000185 0.000000 -0.000983 -0.000185 0.000000 -0.000983 -0.000185 -0.000000 -0.000983 -0.000185 0.000000 -0.000983 -0.000185 0.000000 -0.000983 -0.000185 -0.000000 -0.000983 -0.000185 -0.000000 -0.000983 -0.000185 0.000000 -0.000983 -0.000185 -0.000000 -0.000983 -0.000185 0.000000 -0.000983 -0.000185 -0.000000 -0.000983 -0.000185 0.000000 -0.000983 -0.000185 0.000000 -0.000983 -0.000185 -0.000000 -0.000983 -0.000185 -0.000000 -0.000983 -0.000185 -0.000000 -0.000983 -0.000185 0.000000 -0.000983 -0.000185 -0.000000 -0.000983 -0.000185 0.000000 -0.000983 -0.000185 0.000000 -0.000983 -0.000185 -0.000000 -0.000983 -0.000185 -0.000000 -0.000983 -0.000185 0.000000 -0.000983 -0.000185 0.000000 -0.000983 -0.000185 -0.000000 -0.000983 -0.000185 -0.000000 -0.000983 -0.000185 -0.000000 -0.000983 -0.000185 0.000000 -0.000983 -0.000185 -0.000000 -0.000983 -0.000185 0.000000 -0.000983 -0.000185 -0.000000 -0.000983 -0.000185 -0.000000 -0.000983 -0.000185 0.000000 -0.000983 -0.000185 -0.000000 -0.000983 -0.000185 -0.000000 -0.000983 -0.000185 -0.000000 -0.000983 -0.000185 0.000000 -0.000983 -0.000185 0.000000 -0.000983 -0.000185 -0.000000 -0.000983 -0.000185 0.000000 -0.000983 -0.000185 -0.000000 -0.000983 -0.000185 -0.000000 -0.000983 -0.000185 0.000000 -0.000983 -0.000185 -0.000000 -0.000983 -0.000185 0.000000 -0.000983 -0.000185 0.000000 -0.000983 -0.000185 -0.000000 -0.000983 -0.000185 0.000000 -0.000983 -0.000185 0.000000 -0.000983 -0.000185 0.000000 -0.000983 -0.000185 -0.000000 -0.000983 -0.000185 0.000000 -0.000983 -0.000185 0.000000 -0.000983 -0.000185 0.000000 -0.000983 -0.000185 -0.000000 -0.000983 -0.000185 0.000000 -0.000983 -0.000185 -0.000000 -0.000983 -0.000185 -0.000000 -0.000983 -0.000185 -0.000000 -0.000983 -0.000185 -0.000000 -0.000983 -0.000185 -0.000000 -0.000983 -0.000185 -0.000000 -0.000983 -0.000185 0.000000 -0.000983 -0.000185 -0.000000 -0.000983 -0.000185 -0.000000 -0.000983 -0.000185 0.000000 -0.000983 -0.000185 0.000000 -0.000983 -0.000185 0.000000 -0.000983 -0.000185 0.000000 -0.000983 -0.000185 -0.000000 -0.000983 -0.000185 -0.000000 -0.000983 -0.000185 -0.000000 -0.000983 -0.000185 0.000000 -0.000983 -0.000185 -0.000000 -0.000983 -0.000185 -0.000000 -0.000983 -0.000185 0.000000 -0.000983 -0.000185 0.000000 -0.000983 -0.000185 -0.000000 -0.000983 -0.000185 -0.000000 -0.000983 -0.000185 0.000000 -0.000983 -0.000185 0.000000 -0.000983 -0.000185 -0.000000 -0.000983 -0.000185 0.000000 -0.000983 -0.000185 0.000000 -0.000983 -0.000185 0.000000 -0.000983 -0.000185 -0.000000 -0.000983 -0.000185 -0.000000 -0.000983 -0.000185 0.000000 -0.000983 -0.000185 -0.000000 -0.000983 -0.000185 0.000000 -0.000983 -0.000185 0.000001 -0.000983 -0.000185 0.000000 -0.000983 -0.000185 -0.000000 -0.000983 -0.000185 -0.000000 -0.000983 -0.000185 0.000000 -0.000983 -0.000185 -0.000000 -0.000983 -0.000185 -0.000000 -0.000983 -0.000185 -0.000000 -0.000983 -0.000185 0.000000 -0.000983 -0.000185 -0.000000 -0.000983 -0.000185 0.000000 -0.000983 -0.000185 0.000000 -0.000983 -0.000185 -0.000001 -0.000983 -0.000185 -0.000000 -0.000983 -0.000185 0.000001 -0.000983 -0.000185 -0.000000 -0.000983 -0.000185 -0.000001 -0.000983 -0.000185 -0.000000 -0.000983 -0.000185 0.000000 -0.000983 -0.000185 0.000000 -0.000983 -0.000185 0.000000 -0.000983 -0.000185 0.000000 -0.000983 -0.000185 0.000000 -0.000983 -0.000185 0.000000 -0.000983 -0.000185 -0.000000 -0.000983 -0.000185 -0.000000 -0.000983 -0.000185 -0.000000 -0.000983 -0.000185 -0.000000 -0.000983 -0.000185 0.000000 -0.000983 -0.000185 -0.000000 -0.000983 -0.000185 0.000000 -0.000983 -0.000185 0.000000 -0.000983 -0.000185 -0.000000 -0.000983 -0.000185 0.000000 -0.000983 -0.000185 -0.000000 -0.000983 -0.000185 0.000000 -0.000983 -0.000185 0.000000 -0.000983 -0.000185 -0.000000 -0.000983 -0.000185 -0.000000 -0.000983 -0.000185 0.000000 -0.000983 -0.000185 0.000000 -0.000983 -0.000185 -0.000000 0.000983 0.000185 0.000000 0.000983 0.000185 -0.000000 0.000983 0.000185 0.000000 0.000983 0.000185 0.000000 0.000983 0.000185 0.000000 0.000983 0.000185 0.000000 0.000983 0.000185 -0.000000 0.000983 0.000185 -0.000000 0.000983 0.000185 0.000000 0.000983 0.000185 0.000000 0.000983 0.000185 0.000000 0.000983 0.000185 -0.000000 0.000983 0.000185 -0.000000 0.000983 0.000185 -0.000000 0.000983 0.000185 0.000000 0.000983 0.000185 0.000000 0.000983 0.000185 0.000000 0.000983 0.000185 0.000000 0.000983 0.000185 0.000000 0.000983 0.000185 0.000000 0.000983 0.000185 0.000000 0.000983 0.000185 -0.000000 0.000983 0.000185 0.000000 0.000983 0.000185 -0.000000 0.000983 0.000185 -0.000000 0.000983 0.000185 -0.000000 0.000983 0.000185 -0.000000 0.000983 0.000185 0.000000 0.000983 0.000185 0.000000 0.000983 0.000185 0.000000 0.000983 0.000185 -0.000000 0.000983 0.000185 0.000000 0.000983 0.000185 -0.000000 0.000983 0.000185 0.000000 0.000983 0.000185 0.000000 0.000983 0.000185 -0.000000 0.000983 0.000185 0.000000 0.000983 0.000185 0.000000 0.000983 0.000185 0.000000 0.000983 0.000185 0.000000 0.000983 0.000185 -0.000000 0.000983 0.000185 0.000000 0.000983 0.000185 0.000000 0.000983 0.000185 0.000000 0.000983 0.000185 0.000000 0.000983 0.000185 0.000000 0.000983 0.000185 0.000000 0.000983 0.000185 -0.000000 0.000983 0.000185 0.000000 0.000983 0.000185 0.000000 0.000983 0.000185 -0.000000 0.000983 0.000185 -0.000000 0.000983 0.000185 0.000000 0.000983 0.000185 0.000000 0.000983 0.000185 -0.000000 0.000983 0.000185 0.000000 0.000983 0.000185 -0.000000 0.000983 0.000185 -0.000000 0.000983 0.000185 0.000000 0.000983 0.000185 0.000000 0.000983 0.000185 -0.000000 0.000983 0.000185 -0.000000 0.000983 0.000185 -0.000000 0.000983 0.000185 0.000000 0.000983 0.000185 -0.000000 0.000983 0.000185 0.000000 0.000983 0.000185 -0.000000 0.000983 0.000185 -0.000000 0.000983 0.000185 0.000000 0.000983 0.000185 0.000000 0.000983 0.000185 -0.000000 0.000983 0.000185 0.000000 0.000983 0.000185 -0.000000 0.000983 0.000185 0.000000 0.000983 0.000185 -0.000000 0.000983 0.000185 -0.000000 0.000983 0.000185 -0.000000 0.000983 0.000185 0.000000 0.000983 0.000185 -0.000000 0.000983 0.000185 0.000000 0.000983 0.000185 0.000000 0.000983 0.000185 0.000000 0.000983 0.000185 0.000000 0.000983 0.000185 0.000000 0.000983 0.000185 0.000000 0.000983 0.000185 0.000000 0.000983 0.000185 -0.000000 0.000983 0.000185 -0.000000 0.000983 0.000185 0.000000 0.000983 0.000185 0.000000 0.000983 0.000185 -0.000000 0.000983 0.000185 -0.000000 0.000983 0.000185 0.000000 0.000983 0.000185 -0.000000 0.000983 0.000185 -0.000000 0.000983 0.000185 0.000000 0.000983 0.000185 -0.000000 0.000983 0.000185 -0.000000 0.000983 0.000185 0.000000 0.000983 0.000185 0.000000 0.000983 0.000185 -0.000000 0.000983 0.000185 0.000000 0.000983 0.000185 0.000000 0.000983 0.000185 -0.000000 0.000983 0.000185 0.000000 0.000983 0.000185 0.000000 0.000983 0.000185 0.000000 0.000983 0.000185 0.000000 0.000983 0.000185 -0.000000 0.000983 0.000185 0.000000 0.000983 0.000185 -0.000000 0.000983 0.000185 -0.000000 0.000983 0.000185 -0.000000 0.000983 0.000185 0.000000 0.000983 0.000185 -0.000000 0.000983 0.000185 0.000000 0.000983 0.000185 0.000000 0.000983 0.000185 -0.000000 0.000983 0.000185 0.000000 0.000983 0.000185 -0.000000 0.000983 0.000185 -0.000000 0.000983 0.000185 -0.000000 0.000983 0.000185 0.000000 0.000983 0.000185 0.000000 0.000983 0.000185 0.000000 0.000983 0.000185 -0.000000 0.000983 0.000185 -0.000000 0.000983 0.000185 0.000000 0.000983 0.000185 -0.000000 0.000983 0.000185 -0.000000 0.000983 0.000185 -0.000000 0.000983 0.000185 -0.000000 0.000983 0.000185 0.000000 0.000983 0.000185 0.000000 0.000983 0.000185 0.000000 0.000983 0.000185 0.000000 0.000983 0.000185 -0.000000 0.000983 0.000185 -0.000000 0.000983 0.000185 -0.000000 0.000983 0.000185 -0.000000 0.000983 0.000185 -0.000000 0.000983 0.000185 0.000000 0.000983 0.000185 -0.000000 0.000983 0.000185 -0.000000 0.000983 0.000185 0.000000 0.000983 0.000185 -0.000000 0.000983 0.000185 0.000000 0.000983 0.000185 0.000000 0.000983 0.000185 -0.000000 0.000983 0.000185 -0.000000 0.000983 0.000185 0.000000 0.000983 0.000185 -0.000000 0.000983 0.000185 0.000000 0.000983 0.000185 -0.000000 0.000983 0.000185 0.000000 0.000983 0.000185 0.000000 0.000983 0.000185 -0.000000 0.000983 0.000185 0.000000 0.000983 0.000185 0.000000 0.000983 0.000185 -0.000000 0.000983 0.000185 0.000000 0.000983 0.000185 0.000000 0.000983 0.000185 -0.000000 0.000983 0.000185 0.000000 0.000983 0.000185 0.000000 0.000983 0.000185 0.000000 0.000983 0.000185 0.000000 0.000983 0.000185 0.000000 0.000983 0.000185 0.000000 0.000983 0.000185 0.000000 0.000983 0.000185 -0.000000 0.000983 0.000185 -0.000000 0.000983 0.000185 -0.000000 0.000983 0.000185 0.000000 0.000983 0.000185 0.000000 0.000983 0.000185 -0.000000 0.000983 0.000185 0.000000 0.000983 0.000185 0.000000 0.000983 0.000185 0.000000 0.000983 0.000185 0.000000 0.000983 0.000185 -0.000000 0.000983 0.000185 -0.000000 0.000983 0.000185 -0.000000 0.000983 0.000185 -0.000000 0.000983 0.000185 0.000000 0.000983 0.000185 0.000000 0.000983 0.000185 -0.000000 0.000983 0.000185 0.000000 0.000983 0.000185 0.000000 0.000983 0.000185 0.000000 0.000983 0.000185 -0.000000 0.000983 0.000185 0.000000 0.000983 0.000185 -0.000000 0.000983 0.000185 0.000000 0.000983 0.000185 0.000000 0.000983 0.000185 0.000000 0.000983 0.000185 -0.000000 0.000983 0.000185 -0.000000 0.000983 0.000185 0.000000 0.000983 0.000185 -0.000000 0.000983 0.000185 0.000000 0.000983 0.000185 0.000000 0.000983 0.000185 0.000000 0.000983 0.000185 -0.000000 0.000983 0.000185 -0.000000 0.000983 0.000185 -0.000000 0.000983 0.000185 0.000000 0.000983 0.000185 0.000000 0.000983 0.000185 0.000000 0.000983 0.000185 0.000000 0.000983 0.000185 -0.000000 0.000983 0.000185 -0.000000 0.000983 0.000185 0.000000 0.000983 0.000185 -0.000000 0.000983 0.000185 -0.000000 0.000983 0.000185 0.000000 0.000983 0.000185 -0.000000 0.000983 0.000185 0.000000 0.000983 0.000185 -0.000000 0.000983 0.000185 -0.000000 0.000983 0.000185 -0.000000 0.000983 0.000185 0.000000 0.000983 0.000185 -0.000000 0.000983 0.000185 -0.000000 0.000983 0.000185 -0.000000 0.000983 0.000185 -0.000000 0.000983 0.000185 0.000000 0.000983 0.000185 0.000000 0.000983 0.000185 -0.000000 0.000983 0.000185 0.000000 0.000983 0.000185 -0.000000 0.000983 0.000185 0.000000 0.000983 0.000185 -0.000000 0.000983 0.000185 -0.000000 0.000983 0.000185 0.000000 0.000983 0.000185 0.000000 0.000983 0.000185 -0.000000 0.000983 0.000185 0.000000 0.000983 0.000185 -0.000000 0.000983 0.000185 -0.000000 0.000983 0.000185 0.000000 0.000983 0.000185 -0.000000 0.000983 0.000185 0.000000 0.000983 0.000185 -0.000000 0.000983 0.000185 -0.000000 0.000983 0.000185 -0.000000 0.000983 0.000185 0.000000 0.000983 0.000185 0.000000 0.000983 0.000185 -0.000000 0.000983 0.000185 0.000000 0.000983 0.000185 0.000000 0.000983 0.000185 0.000000 0.000983 0.000185 -0.000000 0.000983 0.000185 -0.000000 0.000983 0.000185 0.000000 0.000983 0.000185 -0.000000 0.000983 0.000185 0.000000 0.000983 0.000185 0.000000 0.000983 0.000185 0.000000 0.000983 0.000185 0.000000 0.000983 0.000185 0.000000 0.000983 0.000185 0.000000 0.000983 0.000185 0.000000 0.000983 0.000185 0.000000 0.000983 0.000185 0.000000 0.000983 0.000185 -0.000000 0.000983 0.000185 -0.000000 0.000983 0.000185 -0.000000 0.000983 0.000185 -0.000000 0.000983 0.000185 0.000000 0.000983 0.000185 -0.000000 0.000983 0.000185 -0.000000 0.000983 0.000185 0.000000 0.000983 0.000185 0.000000 0.000983 0.000185 -0.000000 0.000983 0.000185 0.000000 0.000983 0.000185 0.000000 0.000983 0.000185 0.000000 0.000983 0.000185 -0.000000 0.000983 0.000185 0.000000 0.000983 0.000185 0.000000 0.000983 0.000185 0.000000 0.000983 0.000185 0.000000 0.000983 0.000185 0.000000 0.000983 0.000185 0.000000 0.000983 0.000185 0.000001 0.000983 0.000185 -0.000001 0.000983 0.000185 -0.000001 0.000983 0.000185 -0.000000 0.000983 0.000185 -0.000000 0.000983 0.000185 -0.000000 0.000983 0.000185 0.000000 0.000983 0.000185 0.000000 0.000983 0.000185 -0.000000 0.000983 0.000185 0.000000 0.000983 0.000185 0.000000 0.000983 0.000185 -0.000000 0.000983 0.000185 0.000000 0.000983 0.000185 0.000000 0.000983 0.000185 0.000000 0.000983 0.000185 -0.000000 0.000983 0.000185 -0.000000 0.000983 0.000185 -0.000000 0.000983 0.000185 -0.000000 0.000983 0.000185 0.000000 0.000983 0.000185 0.000000 0.000983 0.000185 0.000000 0.000983 0.000185 0.000000 0.000983 0.000185 0.000000 0.000983 0.000185 -0.000000 0.000983 0.000185 0.000000 0.000983 0.000185 0.000000 0.000983 0.000185 0.000000 0.000983 0.000185 0.000000 0.000983 0.000185 0.000000 0.000983 0.000185 0.000000 0.000983 0.000185 0.000000 0.000983 0.000185 -0.000000 0.000983 0.000185 -0.000000 0.000983 0.000185 -0.000000 0.000983 0.000185 -0.000000 0.000983 0.000185 -0.000000 0.000983 0.000185 0.000000 0.000983 0.000185 0.000000 0.000983 0.000185 -0.000000 0.000983 0.000185 -0.000223 0.000180 -0.000958 -0.000223 0.000180 -0.000958 -0.000401 0.000170 -0.000900 -0.000401 0.000170 -0.000900 -0.000586 0.000150 -0.000797 -0.000586 0.000150 -0.000797 -0.000737 0.000125 -0.000664 -0.000737 0.000125 -0.000664 -0.000859 0.000095 -0.000504 -0.000858 0.000095 -0.000504 -0.000950 0.000058 -0.000307 -0.000950 0.000058 -0.000307 -0.000995 0.000019 -0.000099 -0.000995 0.000019 -0.000099 -0.000996 -0.000016 0.000083 -0.000996 -0.000016 0.000083 -0.000963 -0.000050 0.000266 -0.000963 -0.000050 0.000266 -0.000886 -0.000086 0.000456 -0.000886 -0.000086 0.000456 -0.000769 -0.000118 0.000628 -0.000769 -0.000118 0.000628 -0.000627 -0.000144 0.000766 -0.000627 -0.000144 0.000766 -0.000522 -0.000158 0.000838 -0.000522 -0.000158 0.000838 -0.000458 -0.000165 0.000874 -0.000458 -0.000165 0.000874 -0.000416 -0.000168 0.000894 -0.000416 -0.000168 0.000894 -0.000416 -0.000168 0.000894 -0.000416 -0.000168 0.000894 -0.000450 -0.000165 0.000878 -0.000450 -0.000165 0.000878 -0.000502 -0.000160 0.000850 -0.000502 -0.000160 0.000850 -0.000589 -0.000150 0.000794 -0.000589 -0.000150 0.000794 -0.000719 -0.000129 0.000683 -0.000718 -0.000129 0.000684 -0.000852 -0.000097 0.000514 -0.000852 -0.000097 0.000514 -0.000949 -0.000058 0.000309 -0.000949 -0.000058 0.000309 -0.000995 -0.000019 0.000098 -0.000995 -0.000019 0.000098 -0.000995 0.000019 -0.000100 -0.000995 0.000019 -0.000100 -0.000947 0.000059 -0.000315 -0.000947 0.000059 -0.000315 -0.000848 0.000098 -0.000522 -0.000848 0.000098 -0.000522 -0.000713 0.000130 -0.000689 -0.000713 0.000130 -0.000689 -0.000529 0.000157 -0.000834 -0.000529 0.000157 -0.000834 -0.000327 0.000175 -0.000929 -0.000327 0.000175 -0.000929 -0.000168 0.000183 -0.000969 -0.000168 0.000183 -0.000969 -0.000048 0.000185 -0.000982 -0.000048 0.000185 -0.000982 0.000059 0.000185 -0.000981 0.000059 0.000185 -0.000981 0.000199 0.000181 -0.000963 0.000199 0.000181 -0.000963 0.000369 0.000172 -0.000913 0.000369 0.000172 -0.000913 0.000560 0.000153 -0.000814 0.000560 0.000153 -0.000814 0.000729 0.000127 -0.000672 0.000729 0.000127 -0.000672 0.000857 0.000096 -0.000507 0.000857 0.000095 -0.000507 0.000940 0.000063 -0.000334 0.000941 0.000063 -0.000334 0.000984 0.000033 -0.000174 0.000984 0.000033 -0.000174 -0.000045 0.000185 -0.000982 -0.000045 0.000185 -0.000982 -0.000988 -0.000029 0.000153 -0.000988 -0.000029 0.000153 -0.000940 -0.000063 0.000336 -0.000940 -0.000063 0.000336 -0.000848 -0.000098 0.000521 -0.000848 -0.000098 0.000521 -0.000719 -0.000129 0.000682 -0.000719 -0.000129 0.000682 -0.000559 -0.000154 0.000815 -0.000559 -0.000154 0.000815 -0.000376 -0.000172 0.000911 -0.000376 -0.000172 0.000911 -0.000206 -0.000181 0.000962 -0.000206 -0.000181 0.000962 -0.000062 -0.000185 0.000981 -0.000062 -0.000185 0.000981 0.000064 -0.000185 0.000981 0.000064 -0.000185 0.000981 0.000215 -0.000181 0.000960 0.000215 -0.000181 0.000960 0.000394 -0.000170 0.000903 0.000394 -0.000170 0.000903 0.000585 -0.000150 0.000797 0.000585 -0.000150 0.000797 0.000745 -0.000123 0.000655 0.000745 -0.000123 0.000655 0.000869 -0.000092 0.000487 0.000869 -0.000092 0.000487 0.000955 -0.000055 0.000290 0.000956 -0.000055 0.000290 0.000996 -0.000017 0.000092 0.000996 -0.000017 0.000092 0.000999 0.000010 -0.000053 0.000999 0.000010 -0.000053 0.000985 0.000032 -0.000169 0.000985 0.000032 -0.000169 0.000954 0.000055 -0.000293 0.000954 0.000055 -0.000293 0.000904 0.000079 -0.000421 0.000904 0.000079 -0.000421 0.000839 0.000101 -0.000534 0.000839 0.000101 -0.000534 0.000766 0.000119 -0.000632 0.000766 0.000119 -0.000632 0.000680 0.000136 -0.000720 0.000680 0.000136 -0.000721 0.000586 0.000150 -0.000796 0.000586 0.000150 -0.000796 0.000507 0.000160 -0.000847 0.000507 0.000160 -0.000847 0.000463 0.000164 -0.000871 0.000464 0.000164 -0.000871 0.000433 0.000167 -0.000886 0.000433 0.000167 -0.000886 0.000410 0.000169 -0.000896 0.000410 0.000169 -0.000896 0.000411 0.000169 -0.000896 0.000411 0.000169 -0.000896 0.000439 0.000166 -0.000883 0.000439 0.000166 -0.000883 0.000486 0.000162 -0.000859 0.000486 0.000162 -0.000859 0.000576 0.000151 -0.000803 0.000576 0.000151 -0.000803 0.000711 0.000130 -0.000691 0.000712 0.000130 -0.000691 0.000843 0.000100 -0.000528 0.000843 0.000100 -0.000528 0.000944 0.000061 -0.000324 0.000944 0.000061 -0.000324 0.000994 0.000020 -0.000105 0.000994 0.000020 -0.000105 0.000994 -0.000021 0.000111 0.000994 -0.000021 0.000111 0.000938 -0.000064 0.000340 0.000938 -0.000064 0.000340 0.000831 -0.000103 0.000546 0.000831 -0.000103 0.000546 0.000698 -0.000133 0.000704 0.000698 -0.000133 0.000704 0.000523 -0.000158 0.000838 0.000523 -0.000158 0.000838 0.000326 -0.000175 0.000929 0.000326 -0.000175 0.000929 0.000168 -0.000182 0.000969 0.000168 -0.000182 0.000969 0.000048 -0.000185 0.000982 0.000048 -0.000185 0.000982 -0.000060 -0.000185 0.000981 -0.000060 -0.000185 0.000981 -0.000211 -0.000181 0.000961 -0.000211 -0.000181 0.000961 -0.000413 -0.000169 0.000895 -0.000413 -0.000169 0.000895 -0.000651 -0.000141 0.000746 -0.000651 -0.000141 0.000746 -0.000852 -0.000097 0.000515 -0.000852 -0.000097 0.000515 -0.000947 -0.000060 0.000317 -0.000947 -0.000060 0.000317 -0.000983 -0.000034 0.000178 -0.000983 -0.000034 0.000178 -0.000997 -0.000015 0.000081 -0.000997 -0.000015 0.000081 0.000052 -0.000185 0.000981 0.000052 -0.000185 0.000981 0.001000 0.000005 -0.000024 0.001000 0.000005 -0.000024 0.000990 0.000025 -0.000135 0.000990 0.000025 -0.000135 0.000966 0.000048 -0.000255 0.000966 0.000048 -0.000255 0.000923 0.000071 -0.000379 0.000923 0.000071 -0.000379 0.000848 0.000098 -0.000521 0.000848 0.000098 -0.000521 0.000736 0.000125 -0.000666 0.000736 0.000125 -0.000666 0.000608 0.000147 -0.000780 0.000608 0.000147 -0.000780 0.000480 0.000162 -0.000862 0.000480 0.000162 -0.000862 0.000361 0.000173 -0.000917 0.000361 0.000173 -0.000917 0.000246 0.000179 -0.000952 0.000246 0.000179 -0.000952 0.000140 0.000183 -0.000973 0.000140 0.000183 -0.000973 0.000044 0.000185 -0.000982 0.000044 0.000185 -0.000982 -0.000067 0.000185 -0.000980 -0.000067 0.000185 -0.000980 0.000999 0.000008 -0.000043 0.000999 0.000008 -0.000043 0.000000 0.000185 -0.000983 0.000000 0.000185 -0.000983 -0.000903 0.000080 -0.000422 -0.000903 0.000080 -0.000422 0.000973 -0.000043 0.000227 0.000973 -0.000043 0.000227 0.000000 0.000185 -0.000983 0.000000 0.000185 -0.000983 -0.000979 0.000038 -0.000201 -0.000979 0.000038 -0.000201 0.000000 -0.000185 0.000983 0.000000 -0.000185 0.000983 0.000901 -0.000081 0.000427 0.000901 -0.000081 0.000427 -0.000999 -0.000008 0.000043 -0.000999 -0.000008 0.000043 0.000000 -0.000185 0.000983 0.000000 -0.000185 0.000983 0.000979 -0.000038 0.000200 0.000979 -0.000038 0.000200 0.000000 0.000185 -0.000983 0.000000 0.000185 -0.000983 -0.000982 0.000035 -0.000184 -0.000982 0.000035 -0.000184 0.000000 0.000185 -0.000983 0.000000 0.000185 -0.000983 0.000979 -0.000038 0.000200 0.000979 -0.000038 0.000200 0.000000 0.000185 -0.000983 -0.000979 0.000038 -0.000200 -0.000979 0.000038 -0.000200 0.000000 -0.000185 0.000983 0.000000 -0.000185 0.000983 0.000979 -0.000038 0.000202 0.000979 -0.000038 0.000202 0.000000 -0.000185 0.000983 0.000000 -0.000185 0.000983 -0.000979 0.000038 -0.000201 -0.000979 0.000038 -0.000201 0.000000 -0.000185 0.000983 0.000000 -0.000185 0.000983 0.000979 -0.000038 0.000201 0.000979 -0.000038 0.000201 0.000000 0.000185 -0.000983 0.000000 0.000185 -0.000983 -0.000979 0.000038 -0.000200 -0.000979 0.000038 -0.000200 0.000000 0.000185 -0.000983 0.000000 0.000185 -0.000983 0.000037 0.000185 -0.000982 0.000037 0.000185 -0.000982 0.000132 0.000184 -0.000974 0.000132 0.000184 -0.000974 0.000264 0.000179 -0.000948 0.000264 0.000179 -0.000948 0.000450 0.000165 -0.000877 0.000450 0.000165 -0.000878 0.000664 0.000138 -0.000735 0.000664 0.000138 -0.000735 0.000784 0.000115 -0.000609 0.000784 0.000115 -0.000609 0.000857 0.000095 -0.000506 0.000857 0.000095 -0.000506 0.000902 0.000080 -0.000424 0.000902 0.000080 -0.000424 0.000921 0.000072 -0.000382 0.000921 0.000072 -0.000382 0.000927 0.000069 -0.000368 0.000927 0.000069 -0.000368 0.000936 0.000065 -0.000347 0.000936 0.000065 -0.000347 0.000947 0.000059 -0.000315 0.000947 0.000059 -0.000315 0.000000 0.000185 -0.000983 0.000000 0.000185 -0.000983 -0.000926 -0.000070 0.000371 -0.000926 -0.000070 0.000371 -0.000915 -0.000075 0.000396 -0.000915 -0.000075 0.000396 -0.000900 -0.000081 0.000429 -0.000900 -0.000081 0.000429 -0.000878 -0.000089 0.000470 -0.000878 -0.000089 0.000470 -0.000843 -0.000100 0.000529 -0.000843 -0.000100 0.000529 -0.000806 -0.000110 0.000582 -0.000806 -0.000110 0.000582 -0.000760 -0.000120 0.000639 -0.000760 -0.000120 0.000639 -0.000703 -0.000132 0.000699 -0.000703 -0.000132 0.000699 -0.000188 0.000182 -0.000965 -0.000188 0.000182 -0.000965 -0.000328 0.000175 -0.000928 -0.000328 0.000175 -0.000928 -0.000490 0.000161 -0.000857 -0.000490 0.000161 -0.000857 -0.000658 0.000139 -0.000740 -0.000658 0.000139 -0.000740 -0.000799 0.000111 -0.000591 -0.000799 0.000111 -0.000591 -0.000902 0.000080 -0.000423 -0.000902 0.000080 -0.000423 -0.000968 0.000046 -0.000245 -0.000968 0.000046 -0.000245 -0.000997 0.000014 -0.000076 -0.000997 0.000014 -0.000076 -0.000998 -0.000011 0.000056 -0.000998 -0.000011 0.000056 -0.000983 -0.000034 0.000178 -0.000983 -0.000034 0.000178 -0.000948 -0.000059 0.000313 -0.000948 -0.000059 0.000313 -0.000888 -0.000085 0.000452 -0.000888 -0.000085 0.000452 -0.000809 -0.000109 0.000578 -0.000809 -0.000109 0.000578 -0.000706 -0.000131 0.000696 -0.000706 -0.000131 0.000696 -0.000576 -0.000151 0.000804 -0.000576 -0.000151 0.000804 -0.000426 -0.000168 0.000889 -0.000426 -0.000167 0.000889 -0.000283 -0.000178 0.000943 -0.000283 -0.000178 0.000943 -0.000176 -0.000182 0.000967 -0.000176 -0.000182 0.000967 -0.000092 -0.000184 0.000978 -0.000092 -0.000184 0.000978 -0.000027 -0.000185 0.000982 -0.000027 -0.000185 0.000982 0.000000 -0.000185 0.000983 0.000000 -0.000185 0.000983 0.000979 -0.000038 0.000201 0.000979 -0.000038 0.000201 -0.000979 0.000038 -0.000199 -0.000979 0.000038 -0.000199 -0.000979 0.000038 -0.000199 -0.000979 0.000038 -0.000199 0.000000 0.000185 -0.000983 0.000000 0.000185 -0.000983 0.000025 0.000185 -0.000982 0.000025 0.000185 -0.000982 0.000092 0.000184 -0.000979 0.000092 0.000184 -0.000979 0.000198 0.000181 -0.000963 0.000198 0.000181 -0.000963 0.000379 0.000171 -0.000909 0.000380 0.000171 -0.000909 0.000623 0.000145 -0.000769 0.000623 0.000145 -0.000769 0.000806 0.000110 -0.000582 0.000806 0.000110 -0.000582 0.000937 0.000065 -0.000344 0.000937 0.000065 -0.000344 0.000994 0.000020 -0.000106 0.000994 0.000020 -0.000106 0.000997 -0.000015 0.000082 0.000997 -0.000015 0.000082 0.000969 -0.000046 0.000243 0.000969 -0.000046 0.000243 0.000917 -0.000074 0.000392 0.000917 -0.000074 0.000392 0.000849 -0.000098 0.000520 0.000849 -0.000098 0.000520 0.000763 -0.000120 0.000635 0.000763 -0.000120 0.000635 0.000653 -0.000140 0.000745 0.000652 -0.000140 0.000745 0.000530 -0.000157 0.000833 0.000530 -0.000157 0.000833 0.000405 -0.000169 0.000899 0.000405 -0.000169 0.000899 0.000248 -0.000179 0.000952 0.000248 -0.000179 0.000952 0.000128 -0.000184 0.000975 0.000129 -0.000184 0.000975 0.000060 -0.000185 0.000981 0.000060 -0.000185 0.000981 0.000016 -0.000185 0.000983 0.000016 -0.000185 0.000983 0.000000 -0.000185 0.000983 0.000000 -0.000185 0.000983 0.000000 -0.000185 0.000983 0.000000 -0.000185 0.000983 0.000978 -0.000038 0.000204 0.000978 -0.000038 0.000204 0.000000 0.000185 -0.000983 0.000000 0.000185 -0.000983 -0.000978 0.000038 -0.000204 -0.000978 0.000038 -0.000204 -0.000290 0.000177 -0.000941 -0.000290 0.000177 -0.000940 -0.000497 0.000161 -0.000853 -0.000497 0.000161 -0.000853 -0.000680 0.000136 -0.000720 -0.000680 0.000136 -0.000720 -0.000809 0.000109 -0.000578 -0.000809 0.000109 -0.000578 -0.000903 0.000080 -0.000423 -0.000903 0.000080 -0.000423 -0.000967 0.000047 -0.000251 -0.000967 0.000047 -0.000251 -0.000997 0.000015 -0.000080 -0.000997 0.000015 -0.000080 -0.000997 -0.000015 0.000077 -0.000997 -0.000015 0.000077 -0.000967 -0.000047 0.000251 -0.000967 -0.000047 0.000251 -0.000894 -0.000083 0.000440 -0.000894 -0.000083 0.000440 -0.000776 -0.000117 0.000620 -0.000776 -0.000117 0.000620 -0.000620 -0.000145 0.000771 -0.000620 -0.000145 0.000771 -0.000432 -0.000167 0.000886 -0.000432 -0.000167 0.000886 -0.000242 -0.000180 0.000953 -0.000242 -0.000180 0.000953 -0.000073 -0.000185 0.000980 -0.000073 -0.000185 0.000980 0.000086 -0.000184 0.000979 0.000086 -0.000184 0.000979 0.000276 -0.000178 0.000945 0.000276 -0.000178 0.000945 0.000474 -0.000163 0.000865 0.000474 -0.000163 0.000865 0.000654 -0.000140 0.000744 0.000654 -0.000140 0.000744 0.000797 -0.000112 0.000593 0.000906 -0.000078 0.000416 0.000906 -0.000078 0.000416 0.000971 -0.000044 0.000236 0.000971 -0.000044 0.000236 0.000997 -0.000014 0.000072 0.000997 -0.000014 0.000072 0.000998 0.000011 -0.000056 0.000998 0.000010 -0.000056 0.000985 0.000032 -0.000170 0.000985 0.000032 -0.000170 0.000957 0.000054 -0.000285 0.000957 0.000054 -0.000285 0.000915 0.000075 -0.000396 0.000915 0.000075 -0.000396 0.000852 0.000097 -0.000515 0.000852 0.000097 -0.000515 0.000758 0.000121 -0.000640 0.000758 0.000121 -0.000640 0.000647 0.000141 -0.000750 0.000647 0.000141 -0.000750 0.000525 0.000158 -0.000836 0.000525 0.000158 -0.000837 0.000403 0.000169 -0.000899 0.000403 0.000169 -0.000899 0.000282 0.000178 -0.000943 0.000282 0.000178 -0.000943 0.000163 0.000183 -0.000970 0.000163 0.000183 -0.000970 0.000052 0.000185 -0.000981 0.000052 0.000185 -0.000981 -0.000090 0.000184 -0.000979 -0.000090 0.000184 -0.000979 -0.000299 -0.000177 0.000938 -0.000299 -0.000177 0.000938 -0.000500 -0.000160 0.000851 -0.000500 -0.000160 0.000851 -0.000672 -0.000137 0.000728 -0.000672 -0.000137 0.000728 -0.000809 -0.000109 0.000578 -0.000809 -0.000109 0.000578 -0.000913 -0.000076 0.000401 -0.000913 -0.000076 0.000401 -0.000973 -0.000042 0.000225 -0.000973 -0.000042 0.000225 -0.000998 -0.000013 0.000069 -0.000998 -0.000013 0.000069 -0.000999 0.000010 -0.000051 -0.000999 0.000010 -0.000051 -0.000989 0.000027 -0.000145 -0.000989 0.000027 -0.000145 -0.000973 0.000043 -0.000227 -0.000973 0.000043 -0.000227 -0.000953 0.000056 -0.000298 -0.000953 0.000056 -0.000298 -0.000923 0.000071 -0.000379 -0.000923 0.000071 -0.000379 -0.000871 0.000091 -0.000483 -0.000871 0.000091 -0.000483 -0.000795 0.000112 -0.000596 -0.000795 0.000112 -0.000596 -0.000693 0.000133 -0.000708 -0.000693 0.000133 -0.000708 -0.000567 0.000153 -0.000809 -0.000567 0.000152 -0.000809 -0.000418 0.000168 -0.000893 -0.000418 0.000168 -0.000893 -0.000251 0.000179 -0.000951 -0.000251 0.000179 -0.000951 -0.000081 0.000185 -0.000979 -0.000081 0.000185 -0.000979 0.000087 0.000184 -0.000979 0.000087 0.000184 -0.000979 0.000280 0.000178 -0.000943 0.000280 0.000178 -0.000943 0.000478 0.000163 -0.000863 0.000478 0.000163 -0.000863 0.000654 0.000140 -0.000743 0.000654 0.000140 -0.000743 0.000794 0.000113 -0.000598 0.000794 0.000113 -0.000598 0.000903 0.000079 -0.000422 0.000903 0.000079 -0.000422 0.000970 0.000045 -0.000240 0.000970 0.000045 -0.000240 0.000997 0.000014 -0.000074 0.000997 0.000014 -0.000074 0.000997 -0.000013 0.000069 0.000997 -0.000013 0.000069 0.000975 -0.000042 0.000220 0.000975 -0.000042 0.000220 0.000922 -0.000072 0.000380 0.000922 -0.000072 0.000380 0.000839 -0.000101 0.000534 0.000839 -0.000101 0.000534 0.000729 -0.000127 0.000673 0.000729 -0.000127 0.000673 0.000565 -0.000153 0.000811 0.000565 -0.000153 0.000811 0.000350 -0.000173 0.000921 0.000350 -0.000173 0.000921 0.000113 -0.000184 0.000976 0.000113 -0.000184 0.000976 -0.000095 -0.000184 0.000978 -0.000095 -0.000184 0.000978 -0.000307 0.000176 -0.000935 -0.000307 0.000176 -0.000935 -0.000489 0.000162 -0.000857 -0.000489 0.000162 -0.000857 -0.000633 0.000143 -0.000761 -0.000633 0.000143 -0.000761 0.000978 -0.000039 0.000206 0.000978 -0.000039 0.000206 0.000000 0.000185 -0.000983 0.000000 0.000185 -0.000983 -0.000979 0.000038 -0.000200 -0.000979 0.000038 -0.000200 0.000000 -0.000185 0.000983 0.000000 -0.000185 0.000983 0.000979 -0.000037 0.000199 0.000979 -0.000037 0.000199 0.000975 -0.000041 0.000218 0.000975 -0.000041 0.000218 0.000968 -0.000046 0.000245 0.000968 -0.000046 0.000245 0.000958 -0.000053 0.000282 0.000958 -0.000053 0.000282 0.000939 -0.000064 0.000337 0.000939 -0.000064 0.000337 0.000907 -0.000078 0.000414 0.000907 -0.000078 0.000414 0.000881 -0.000088 0.000465 0.000881 -0.000088 0.000465 0.000848 -0.000098 0.000521 0.000848 -0.000098 0.000521 0.000803 -0.000110 0.000586 0.000803 -0.000110 0.000586 0.000756 -0.000121 0.000643 0.000756 -0.000121 0.000643 0.000716 -0.000129 0.000686 0.000716 -0.000129 0.000686 0.000673 -0.000137 0.000727 0.000673 -0.000137 0.000727 0.000627 -0.000144 0.000765 0.000628 -0.000144 0.000765 0.000582 -0.000151 0.000799 0.000581 -0.000151 0.000800 0.000530 -0.000157 0.000833 0.000530 -0.000157 0.000833 0.000471 -0.000163 0.000867 0.000472 -0.000163 0.000867 0.000404 -0.000169 0.000899 0.000404 -0.000169 0.000899 0.000322 -0.000175 0.000930 0.000322 -0.000175 0.000930 0.000235 -0.000180 0.000955 0.000235 -0.000180 0.000955 0.000143 -0.000183 0.000973 0.000143 -0.000183 0.000973 0.000048 -0.000185 0.000982 0.000047 -0.000185 0.000982 -0.000082 -0.000185 0.000979 -0.000082 -0.000185 0.000979 -0.000262 -0.000179 0.000948 -0.000262 -0.000179 0.000948 -0.000450 -0.000165 0.000877 -0.000450 -0.000165 0.000877 -0.000623 -0.000145 0.000769 -0.000623 -0.000145 0.000769 -0.000761 -0.000120 0.000637 -0.000761 -0.000120 0.000637 -0.000874 -0.000090 0.000478 -0.000874 -0.000090 0.000478 -0.000956 -0.000054 0.000289 -0.000956 -0.000054 0.000289 -0.000996 -0.000017 0.000092 -0.000996 -0.000017 0.000092 -0.000997 0.000014 -0.000075 -0.000997 0.000014 -0.000075 -0.000989 0.000027 -0.000146 -0.000989 0.000027 -0.000146 -0.000983 0.000033 -0.000178 -0.000983 0.000033 -0.000178 -0.000980 0.000037 -0.000197 -0.000980 0.000037 -0.000197 -0.000979 0.000038 -0.000199 -0.000979 0.000038 -0.000199 0.000000 -0.000185 0.000983 0.000000 -0.000185 0.000983 0.000979 -0.000038 0.000200 0.000979 -0.000038 0.000200 0.000981 -0.000036 0.000189 0.000981 -0.000036 0.000189 0.000986 -0.000031 0.000166 0.000986 -0.000031 0.000166 0.000991 -0.000024 0.000129 0.000991 -0.000024 0.000128 0.000998 -0.000011 0.000060 0.000998 -0.000011 0.000060 0.000997 0.000014 -0.000076 0.000997 0.000014 -0.000076 0.000968 0.000047 -0.000247 0.000968 0.000046 -0.000247 0.000897 0.000082 -0.000433 0.000897 0.000082 -0.000433 0.000783 0.000115 -0.000612 0.000783 0.000115 -0.000612 0.000629 0.000144 -0.000764 0.000629 0.000144 -0.000764 0.000443 0.000166 -0.000881 0.000443 0.000166 -0.000881 0.000250 0.000179 -0.000951 0.000250 0.000179 -0.000951 0.000076 0.000185 -0.000980 0.000076 0.000185 -0.000980 -0.000103 0.000184 -0.000977 -0.000103 0.000184 -0.000977 0.000000 -0.000185 0.000983 0.000979 -0.000038 0.000200 0.000979 -0.000038 0.000200 0.000000 0.000185 -0.000983 0.000000 0.000185 -0.000983 -0.000979 0.000038 -0.000200 -0.000979 0.000038 -0.000200 0.000000 -0.000185 0.000983 0.000000 -0.000185 0.000983 0.000980 -0.000037 0.000198 0.000980 -0.000037 0.000198 0.000000 0.000185 -0.000983 0.000000 0.000185 -0.000983 -0.000980 0.000037 -0.000198 -0.000980 0.000037 -0.000198 -0.000000 0.000983 -0.000185 -0.000000 0.000983 -0.000185 0.000000 0.000983 -0.000185 -0.000000 0.000983 -0.000185 0.000000 0.000983 -0.000185 0.000000 0.000983 -0.000185 -0.000000 0.000983 -0.000185 0.000000 0.000983 -0.000185 -0.000000 0.000983 -0.000185 0.000000 0.000983 -0.000185 0.000000 0.000983 -0.000185 -0.000000 0.000983 -0.000185 -0.000000 0.000983 -0.000185 0.000000 0.000983 -0.000185 0.000000 0.000983 -0.000185 0.000000 0.000983 -0.000185 -0.000000 0.000983 -0.000185 -0.000000 0.000983 -0.000185 -0.000000 0.000983 -0.000185 -0.000000 0.000983 -0.000185 -0.000000 0.000983 -0.000185 0.000000 0.000983 -0.000185 0.000000 0.000983 -0.000185 0.000000 0.000983 -0.000185 -0.000000 0.000983 -0.000185 -0.000000 0.000983 -0.000185 0.000000 0.000983 -0.000185 0.000000 0.000983 -0.000185 0.000000 0.000983 -0.000185 -0.000000 0.000983 -0.000185 0.000000 0.000983 -0.000185 -0.000000 0.000983 -0.000185 0.000000 0.000983 -0.000185 0.000000 0.000983 -0.000185 -0.000000 0.000983 -0.000185 0.000000 0.000983 -0.000185 -0.000000 0.000983 -0.000185 0.000000 0.000983 -0.000185 0.000000 0.000983 -0.000185 0.000000 0.000983 -0.000185 0.000000 0.000983 -0.000185 -0.000000 0.000983 -0.000185 0.000000 0.000983 -0.000185 -0.000000 0.000983 -0.000185 0.000000 0.000983 -0.000185 0.000000 0.000983 -0.000185 0.000000 0.000983 -0.000185 -0.000000 0.000983 -0.000185 -0.000000 0.000983 -0.000185 0.000000 0.000983 -0.000185 -0.000000 0.000983 -0.000185 -0.000000 0.000983 -0.000185 0.000000 0.000983 -0.000185 0.000000 0.000983 -0.000185 -0.000000 0.000983 -0.000185 -0.000000 0.000983 -0.000185 -0.000000 0.000983 -0.000185 -0.000000 0.000983 -0.000185 -0.000000 0.000983 -0.000185 0.000000 0.000983 -0.000185 0.000000 0.000983 -0.000185 0.000000 0.000983 -0.000185 -0.000000 0.000983 -0.000185 0.000000 0.000983 -0.000185 -0.000000 0.000983 -0.000185 0.000000 0.000983 -0.000185 0.000000 0.000983 -0.000185 -0.000000 0.000983 -0.000185 -0.000000 0.000983 -0.000185 -0.000000 0.000983 -0.000185 -0.000000 0.000983 -0.000185 -0.000000 0.000983 -0.000185 0.000000 0.000983 -0.000185 0.000000 0.000983 -0.000185 0.000000 0.000983 -0.000185 -0.000000 0.000983 -0.000185 -0.000000 0.000983 -0.000185 0.000000 0.000983 -0.000185 -0.000000 0.000983 -0.000185 0.000000 0.000983 -0.000185 -0.000000 0.000983 -0.000185 0.000000 0.000983 -0.000185 -0.000000 0.000983 -0.000185 -0.000000 0.000983 -0.000185 -0.000000 0.000983 -0.000185 0.000000 0.000983 -0.000185 0.000000 0.000983 -0.000185 0.000000 0.000983 -0.000185 -0.000000 0.000983 -0.000185 0.000000 0.000983 -0.000185 0.000000 0.000983 -0.000185 0.000000 0.000983 -0.000185 -0.000000 0.000983 -0.000185 -0.000000 0.000983 -0.000185 -0.000000 0.000983 -0.000185 0.000000 0.000983 -0.000185 0.000000 0.000983 -0.000185 -0.000000 0.000983 -0.000185 -0.000000 0.000983 -0.000185 -0.000000 0.000983 -0.000185 -0.000000 0.000983 -0.000185 -0.000000 0.000983 -0.000185 0.000000 0.000983 -0.000185 0.000000 0.000983 -0.000185 0.000000 0.000983 -0.000185 -0.000000 0.000983 -0.000185 0.000000 0.000983 -0.000185 -0.000000 0.000983 -0.000185 0.000000 0.000983 -0.000185 -0.000000 0.000983 -0.000185 -0.000000 0.000983 -0.000185 -0.000000 0.000983 -0.000185 -0.000000 0.000983 -0.000185 0.000000 0.000983 -0.000185 -0.000000 0.000983 -0.000185 -0.000000 0.000983 -0.000185 -0.000000 0.000983 -0.000185 0.000000 0.000983 -0.000185 0.000000 0.000983 -0.000185 0.000000 0.000983 -0.000185 -0.000000 0.000983 -0.000185 -0.000000 0.000983 -0.000185 0.000000 0.000983 -0.000185 -0.000000 0.000983 -0.000185 -0.000000 0.000983 -0.000185 0.000000 0.000983 -0.000185 0.000000 0.000983 -0.000185 0.000000 0.000983 -0.000185 0.000000 0.000983 -0.000185 0.000000 0.000983 -0.000185 -0.000000 0.000983 -0.000185 -0.000000 0.000983 -0.000185 -0.000000 0.000983 -0.000185 -0.000000 0.000983 -0.000185 0.000000 0.000983 -0.000185 0.000000 0.000983 -0.000185 0.000000 0.000983 -0.000185 0.000000 0.000983 -0.000185 -0.000000 0.000983 -0.000185 0.000000 0.000983 -0.000185 0.000000 0.000983 -0.000185 0.000000 0.000983 -0.000185 -0.000000 0.000983 -0.000185 0.000000 0.000983 -0.000185 0.000000 0.000983 -0.000185 0.000000 0.000983 -0.000185 0.000000 0.000983 -0.000185 0.000000 0.000983 -0.000185 0.000000 0.000983 -0.000185 0.000000 0.000983 -0.000185 -0.000000 0.000983 -0.000185 -0.000000 0.000983 -0.000185 -0.000000 0.000983 -0.000185 0.000000 0.000983 -0.000185 -0.000000 0.000983 -0.000185 -0.000000 0.000983 -0.000185 -0.000000 0.000983 -0.000185 -0.000000 0.000983 -0.000185 0.000000 0.000983 -0.000185 0.000000 0.000983 -0.000185 -0.000000 0.000983 -0.000185 -0.000000 0.000983 -0.000185 0.000000 0.000983 -0.000185 -0.000000 0.000983 -0.000185 -0.000000 0.000983 -0.000185 0.000000 0.000983 -0.000185 -0.000000 0.000983 -0.000185 -0.000000 0.000983 -0.000185 0.000000 0.000983 -0.000185 0.000000 0.000983 -0.000185 0.000000 0.000983 -0.000185 -0.000000 0.000983 -0.000185 0.000000 0.000983 -0.000185 0.000000 0.000983 -0.000185 0.000000 0.000983 -0.000185 -0.000000 0.000983 -0.000185 -0.000000 0.000983 -0.000185 -0.000000 0.000983 -0.000185 0.000000 0.000983 -0.000185 -0.000000 0.000983 -0.000185 0.000000 0.000983 -0.000185 -0.000000 0.000983 -0.000185 -0.000000 0.000983 -0.000185 -0.000000 0.000983 -0.000185 -0.000000 0.000983 -0.000185 -0.000000 0.000983 -0.000185 -0.000000 0.000983 -0.000185 0.000000 0.000983 -0.000185 0.000000 0.000983 -0.000185 -0.000000 0.000983 -0.000185 -0.000000 0.000983 -0.000185 0.000000 0.000983 -0.000185 -0.000000 0.000983 -0.000185 -0.000000 0.000983 -0.000185 0.000000 0.000983 -0.000185 0.000000 0.000983 -0.000185 -0.000000 0.000983 -0.000185 0.000000 0.000983 -0.000185 -0.000000 0.000983 -0.000185 0.000000 0.000983 -0.000185 0.000000 0.000983 -0.000185 -0.000000 0.000983 -0.000185 -0.000000 0.000983 -0.000185 0.000000 0.000983 -0.000185 0.000000 0.000983 -0.000185 0.000000 0.000983 -0.000185 -0.000000 0.000983 -0.000185 0.000000 0.000983 -0.000185 -0.000000 0.000983 -0.000185 -0.000000 0.000983 -0.000185 0.000000 0.000983 -0.000185 0.000000 0.000983 -0.000185 -0.000000 0.000983 -0.000185 -0.000000 0.000983 -0.000185 0.000000 0.000983 -0.000185 0.000000 0.000983 -0.000185 0.000000 0.000983 -0.000185 -0.000000 0.000983 -0.000185 0.000000 0.000983 -0.000185 -0.000000 0.000983 -0.000185 0.000000 0.000983 -0.000185 0.000000 0.000983 -0.000185 -0.000000 0.000983 -0.000185 0.000000 0.000983 -0.000185 0.000000 0.000983 -0.000185 0.000000 0.000983 -0.000185 -0.000000 0.000983 -0.000185 -0.000000 0.000983 -0.000185 0.000000 0.000983 -0.000185 -0.000000 0.000983 -0.000185 0.000000 0.000983 -0.000185 0.000000 0.000983 -0.000185 -0.000000 0.000983 -0.000185 0.000000 0.000983 -0.000185 -0.000000 0.000983 -0.000185 -0.000000 0.000983 -0.000185 0.000000 0.000983 -0.000185 -0.000000 0.000983 -0.000185 -0.000000 0.000983 -0.000185 -0.000000 0.000983 -0.000185 0.000000 0.000983 -0.000185 -0.000000 0.000983 -0.000185 -0.000000 0.000983 -0.000185 -0.000000 0.000983 -0.000185 0.000000 0.000983 -0.000185 -0.000000 0.000983 -0.000185 0.000000 0.000983 -0.000185 0.000000 0.000983 -0.000185 0.000000 0.000983 -0.000185 0.000000 0.000983 -0.000185 0.000000 0.000983 -0.000185 0.000000 0.000983 -0.000185 -0.000000 0.000983 -0.000185 0.000000 0.000983 -0.000185 0.000000 0.000983 -0.000185 -0.000000 0.000983 -0.000185 -0.000000 0.000983 -0.000185 -0.000000 0.000983 -0.000185 -0.000000 0.000983 -0.000185 0.000000 0.000983 -0.000185 0.000000 0.000983 -0.000185 0.000000 0.000983 -0.000185 -0.000000 0.000983 -0.000185 0.000000 0.000983 -0.000185 0.000000 0.000983 -0.000185 -0.000000 0.000983 -0.000185 -0.000000 0.000983 -0.000185 0.000000 0.000983 -0.000185 0.000000 0.000983 -0.000185 -0.000000 0.000983 -0.000185 -0.000000 0.000983 -0.000185 0.000000 0.000983 -0.000185 0.000000 0.000983 -0.000185 0.000000 0.000983 -0.000185 -0.000000 0.000983 -0.000185 0.000000 0.000983 -0.000185 0.000000 0.000983 -0.000185 -0.000000 0.000983 -0.000185 0.000000 0.000983 -0.000185 -0.000000 0.000983 -0.000185 -0.000001 0.000983 -0.000185 -0.000000 0.000983 -0.000185 0.000000 0.000983 -0.000185 0.000000 0.000983 -0.000185 -0.000000 0.000983 -0.000185 0.000000 0.000983 -0.000185 0.000000 0.000983 -0.000185 0.000000 0.000983 -0.000185 -0.000000 0.000983 -0.000185 0.000000 0.000983 -0.000185 -0.000000 0.000983 -0.000185 -0.000000 0.000983 -0.000185 0.000001 0.000983 -0.000185 0.000000 0.000983 -0.000185 -0.000001 0.000983 -0.000185 0.000000 0.000983 -0.000185 0.000001 0.000983 -0.000185 0.000000 0.000983 -0.000185 -0.000000 0.000983 -0.000185 -0.000000 0.000983 -0.000185 -0.000000 0.000983 -0.000185 -0.000000 0.000983 -0.000185 -0.000000 0.000983 -0.000185 -0.000000 0.000983 -0.000185 0.000000 0.000983 -0.000185 0.000000 0.000983 -0.000185 0.000000 0.000983 -0.000185 0.000000 0.000983 -0.000185 0.000000 0.000983 -0.000185 0.000000 0.000983 -0.000185 -0.000000 0.000983 -0.000185 -0.000000 0.000983 -0.000185 0.000000 0.000983 -0.000185 -0.000000 0.000983 -0.000185 0.000000 0.000983 -0.000185 -0.000000 0.000983 -0.000185 -0.000000 0.000983 -0.000185 0.000000 0.000983 -0.000185 0.000000 0.000983 -0.000185 -0.000000 0.000983 -0.000185 -0.000000 0.000983 -0.000185 0.000000 0.000983 -0.000185 0.000000 0.000983 -0.000185 0.000000 0.000983 -0.000185 0.000000 0.000983 -0.000185 0.000000 -0.000983 0.000185 0.000000 -0.000983 0.000185 0.000000 -0.000983 0.000185 -0.000000 -0.000983 0.000185 -0.000000 -0.000983 0.000185 -0.000000 -0.000983 0.000185 -0.000000 -0.000983 0.000185 0.000000 -0.000983 0.000185 0.000000 -0.000983 0.000185 -0.000000 -0.000983 0.000185 -0.000000 -0.000983 0.000185 -0.000000 -0.000983 0.000185 0.000000 -0.000983 0.000185 0.000000 -0.000983 0.000185 0.000000 -0.000983 0.000185 -0.000000 -0.000983 0.000185 -0.000000 -0.000983 0.000185 -0.000000 -0.000983 0.000185 -0.000000 -0.000983 0.000185 -0.000000 -0.000983 0.000185 -0.000000 -0.000983 0.000185 -0.000000 -0.000983 0.000185 0.000000 -0.000983 0.000185 -0.000000 -0.000983 0.000185 0.000000 -0.000983 0.000185 0.000000 -0.000983 0.000185 0.000000 -0.000983 0.000185 0.000000 -0.000983 0.000185 -0.000000 -0.000983 0.000185 -0.000000 -0.000983 0.000185 -0.000000 -0.000983 0.000185 0.000000 -0.000983 0.000185 -0.000000 -0.000983 0.000185 0.000000 -0.000983 0.000185 -0.000000 -0.000983 0.000185 -0.000000 -0.000983 0.000185 0.000000 -0.000983 0.000185 -0.000000 -0.000983 0.000185 0.000000 -0.000983 0.000185 0.000000 -0.000983 0.000185 -0.000000 -0.000983 0.000185 0.000000 -0.000983 0.000185 0.000000 -0.000983 0.000185 -0.000000 -0.000983 0.000185 -0.000000 -0.000983 0.000185 0.000000 -0.000983 0.000185 0.000000 -0.000983 0.000185 -0.000000 -0.000983 0.000185 -0.000000 -0.000983 0.000185 0.000000 -0.000983 0.000185 0.000000 -0.000983 0.000185 -0.000000 -0.000983 0.000185 0.000000 -0.000983 0.000185 0.000000 -0.000983 0.000185 -0.000000 -0.000983 0.000185 0.000000 -0.000983 0.000185 0.000000 -0.000983 0.000185 -0.000000 -0.000983 0.000185 -0.000000 -0.000983 0.000185 0.000000 -0.000983 0.000185 0.000000 -0.000983 0.000185 0.000000 -0.000983 0.000185 -0.000000 -0.000983 0.000185 0.000000 -0.000983 0.000185 -0.000000 -0.000983 0.000185 0.000000 -0.000983 0.000185 0.000000 -0.000983 0.000185 -0.000000 -0.000983 0.000185 -0.000000 -0.000983 0.000185 0.000000 -0.000983 0.000185 -0.000000 -0.000983 0.000185 0.000000 -0.000983 0.000185 -0.000000 -0.000983 0.000185 0.000000 -0.000983 0.000185 0.000000 -0.000983 0.000185 0.000000 -0.000983 0.000185 -0.000000 -0.000983 0.000185 0.000000 -0.000983 0.000185 -0.000000 -0.000983 0.000185 -0.000000 -0.000983 0.000185 -0.000000 -0.000983 0.000185 -0.000000 -0.000983 0.000185 -0.000000 -0.000983 0.000185 -0.000000 -0.000983 0.000185 -0.000000 -0.000983 0.000185 0.000000 -0.000983 0.000185 0.000000 -0.000983 0.000185 -0.000000 -0.000983 0.000185 -0.000000 -0.000983 0.000185 0.000000 -0.000983 0.000185 0.000000 -0.000983 0.000185 -0.000000 -0.000983 0.000185 0.000000 -0.000983 0.000185 0.000000 -0.000983 0.000185 -0.000000 -0.000983 0.000185 0.000000 -0.000983 0.000185 0.000000 -0.000983 0.000185 -0.000000 -0.000983 0.000185 -0.000000 -0.000983 0.000185 0.000000 -0.000983 0.000185 -0.000000 -0.000983 0.000185 -0.000000 -0.000983 0.000185 0.000000 -0.000983 0.000185 0.000000 -0.000983 0.000185 -0.000000 -0.000983 0.000185 -0.000000 -0.000983 0.000185 0.000000 -0.000983 0.000185 0.000000 -0.000983 0.000185 -0.000000 -0.000983 0.000185 0.000000 -0.000983 0.000185 0.000000 -0.000983 0.000185 0.000000 -0.000983 0.000185 -0.000000 -0.000983 0.000185 0.000000 -0.000983 0.000185 -0.000000 -0.000983 0.000185 -0.000000 -0.000983 0.000185 0.000000 -0.000983 0.000185 0.000000 -0.000983 0.000185 0.000000 -0.000983 0.000185 0.000000 -0.000983 0.000185 0.000000 -0.000983 0.000185 -0.000000 -0.000983 0.000185 0.000000 -0.000983 0.000185 -0.000000 -0.000983 0.000185 0.000000 -0.000983 0.000185 0.000000 -0.000983 0.000185 0.000000 -0.000983 0.000185 0.000000 -0.000983 0.000185 0.000000 -0.000983 0.000185 0.000000 -0.000983 0.000185 0.000000 -0.000983 0.000185 0.000000 -0.000983 0.000185 0.000000 -0.000983 0.000185 -0.000000 -0.000983 0.000185 0.000000 -0.000983 0.000185 -0.000000 -0.000983 0.000185 -0.000000 -0.000983 0.000185 0.000000 -0.000983 0.000185 0.000000 -0.000983 0.000185 0.000000 -0.000983 0.000185 0.000000 -0.000983 0.000185 0.000000 -0.000983 0.000185 -0.000000 -0.000983 0.000185 0.000000 -0.000983 0.000185 0.000000 -0.000983 0.000185 0.000000 -0.000983 0.000185 0.000000 -0.000983 0.000185 0.000000 -0.000983 0.000185 0.000000 -0.000983 0.000185 -0.000000 -0.000983 0.000185 0.000000 -0.000983 0.000185 -0.000000 -0.000983 0.000185 0.000000 -0.000983 0.000185 -0.000000 -0.000983 0.000185 -0.000000 -0.000983 0.000185 0.000000 -0.000983 0.000185 -0.000000 -0.000983 0.000185 -0.000000 -0.000983 0.000185 0.000000 -0.000983 0.000185 0.000000 -0.000983 0.000185 -0.000000 -0.000983 0.000185 -0.000000 -0.000983 0.000185 -0.000000 -0.000983 0.000185 -0.000000 -0.000983 0.000185 -0.000000 -0.000983 0.000185 0.000000 -0.000983 0.000185 0.000000 -0.000983 0.000185 0.000000 -0.000983 0.000185 -0.000000 -0.000983 0.000185 0.000000 -0.000983 0.000185 0.000000 -0.000983 0.000185 -0.000000 -0.000983 0.000185 0.000000 -0.000983 0.000185 0.000000 -0.000983 0.000185 -0.000000 -0.000983 0.000185 0.000000 -0.000983 0.000185 0.000000 -0.000983 0.000185 0.000000 -0.000983 0.000185 0.000000 -0.000983 0.000185 -0.000000 -0.000983 0.000185 -0.000000 -0.000983 0.000185 0.000000 -0.000983 0.000185 -0.000000 -0.000983 0.000185 -0.000000 -0.000983 0.000185 -0.000000 -0.000983 0.000185 0.000000 -0.000983 0.000185 -0.000000 -0.000983 0.000185 0.000000 -0.000983 0.000185 -0.000000 -0.000983 0.000185 -0.000000 -0.000983 0.000185 -0.000000 -0.000983 0.000185 0.000000 -0.000983 0.000185 0.000000 -0.000983 0.000185 -0.000000 -0.000983 0.000185 0.000000 -0.000983 0.000185 -0.000000 -0.000983 0.000185 -0.000000 -0.000983 0.000185 -0.000000 -0.000983 0.000185 0.000000 -0.000983 0.000185 0.000000 -0.000983 0.000185 0.000000 -0.000983 0.000185 0.000000 -0.000983 0.000185 0.000000 -0.000983 0.000185 -0.000000 -0.000983 0.000185 -0.000000 -0.000983 0.000185 -0.000000 -0.000983 0.000185 -0.000000 -0.000983 0.000185 0.000000 -0.000983 0.000185 0.000000 -0.000983 0.000185 -0.000000 -0.000983 0.000185 0.000000 -0.000983 0.000185 0.000000 -0.000983 0.000185 -0.000000 -0.000983 0.000185 0.000000 -0.000983 0.000185 -0.000000 -0.000983 0.000185 0.000000 -0.000983 0.000185 0.000000 -0.000983 0.000185 0.000000 -0.000983 0.000185 -0.000000 -0.000983 0.000185 0.000000 -0.000983 0.000185 0.000000 -0.000983 0.000185 0.000000 -0.000983 0.000185 0.000000 -0.000983 0.000185 -0.000000 -0.000983 0.000185 -0.000000 -0.000983 0.000185 0.000000 -0.000983 0.000185 -0.000000 -0.000983 0.000185 0.000000 -0.000983 0.000185 -0.000000 -0.000983 0.000185 0.000000 -0.000983 0.000185 0.000000 -0.000983 0.000185 -0.000000 -0.000983 0.000185 -0.000000 -0.000983 0.000185 0.000000 -0.000983 0.000185 -0.000000 -0.000983 0.000185 0.000000 -0.000983 0.000185 0.000000 -0.000983 0.000185 -0.000000 -0.000983 0.000185 0.000000 -0.000983 0.000185 -0.000000 -0.000983 0.000185 0.000000 -0.000983 0.000185 0.000000 -0.000983 0.000185 0.000000 -0.000983 0.000185 -0.000000 -0.000983 0.000185 -0.000000 -0.000983 0.000185 0.000000 -0.000983 0.000185 -0.000000 -0.000983 0.000185 -0.000000 -0.000983 0.000185 -0.000000 -0.000983 0.000185 0.000000 -0.000983 0.000185 0.000000 -0.000983 0.000185 -0.000000 -0.000983 0.000185 0.000000 -0.000983 0.000185 -0.000000 -0.000983 0.000185 -0.000000 -0.000983 0.000185 -0.000000 -0.000983 0.000185 -0.000000 -0.000983 0.000185 -0.000000 -0.000983 0.000185 -0.000000 -0.000983 0.000185 -0.000000 -0.000983 0.000185 -0.000000 -0.000983 0.000185 -0.000000 -0.000983 0.000185 0.000000 -0.000983 0.000185 0.000000 -0.000983 0.000185 0.000000 -0.000983 0.000185 0.000000 -0.000983 0.000185 -0.000000 -0.000983 0.000185 0.000000 -0.000983 0.000185 0.000000 -0.000983 0.000185 -0.000000 -0.000983 0.000185 -0.000000 -0.000983 0.000185 0.000000 -0.000983 0.000185 -0.000000 -0.000983 0.000185 0.000000 -0.000983 0.000185 0.000000 -0.000983 0.000185 0.000000 -0.000983 0.000185 -0.000000 -0.000983 0.000185 -0.000000 -0.000983 0.000185 -0.000000 -0.000983 0.000185 -0.000000 -0.000983 0.000185 -0.000000 -0.000983 0.000185 -0.000000 -0.000983 0.000185 -0.000001 -0.000983 0.000185 0.000001 -0.000983 0.000185 0.000001 -0.000983 0.000185 0.000000 -0.000983 0.000185 0.000000 -0.000983 0.000185 0.000000 -0.000983 0.000185 -0.000000 -0.000983 0.000185 -0.000000 -0.000983 0.000185 0.000000 -0.000983 0.000185 -0.000000 -0.000983 0.000185 -0.000000 -0.000983 0.000185 0.000000 -0.000983 0.000185 -0.000000 -0.000983 0.000185 -0.000000 -0.000983 0.000185 -0.000000 -0.000983 0.000185 0.000000 -0.000983 0.000185 0.000000 -0.000983 0.000185 0.000000 -0.000983 0.000185 0.000000 -0.000983 0.000185 -0.000000 -0.000983 0.000185 -0.000000 -0.000983 0.000185 -0.000000 -0.000983 0.000185 -0.000000 -0.000983 0.000185 -0.000000 -0.000983 0.000185 0.000000 -0.000983 0.000185 -0.000000 -0.000983 0.000185 -0.000000 -0.000983 0.000185 0.000000 -0.000983 0.000185 -0.000000 -0.000983 0.000185 -0.000000 -0.000983 0.000185 -0.000000 -0.000983 0.000185 -0.000000 -0.000983 0.000185 0.000000 -0.000983 0.000185 0.000000 -0.000983 0.000185 0.000000 -0.000983 0.000185 0.000000 -0.000983 0.000185 0.000000 -0.000983 0.000185 -0.000000 -0.000983 0.000185 -0.000000 -0.000983 0.000185 0.000000 -0.000983 0.000185 0.000000 -0.000983 0.000185 0.000000 -0.000983 0.000185 0.000000 -0.000983 0.000185 0.000000 -0.000983 0.000185 0.000223 -0.000180 -0.000958 0.000223 -0.000180 -0.000958 0.000401 -0.000170 -0.000900 0.000401 -0.000170 -0.000900 0.000586 -0.000150 -0.000797 0.000586 -0.000150 -0.000797 0.000737 -0.000125 -0.000664 0.000737 -0.000125 -0.000664 0.000858 -0.000095 -0.000504 0.000859 -0.000095 -0.000504 0.000950 -0.000058 -0.000307 0.000950 -0.000058 -0.000307 0.000995 -0.000019 -0.000099 0.000995 -0.000019 -0.000099 0.000996 0.000016 0.000083 0.000996 0.000016 0.000083 0.000963 0.000050 0.000266 0.000963 0.000050 0.000266 0.000886 0.000086 0.000456 0.000886 0.000086 0.000456 0.000769 0.000118 0.000628 0.000769 0.000118 0.000628 0.000627 0.000144 0.000766 0.000627 0.000144 0.000766 0.000522 0.000158 0.000838 0.000522 0.000158 0.000838 0.000458 0.000165 0.000874 0.000458 0.000165 0.000874 0.000416 0.000168 0.000894 0.000416 0.000168 0.000894 0.000416 0.000168 0.000894 0.000416 0.000168 0.000894 0.000450 0.000165 0.000878 0.000450 0.000165 0.000878 0.000502 0.000160 0.000850 0.000502 0.000160 0.000850 0.000589 0.000150 0.000794 0.000589 0.000150 0.000794 0.000719 0.000129 0.000683 0.000718 0.000129 0.000684 0.000852 0.000097 0.000514 0.000852 0.000097 0.000514 0.000949 0.000058 0.000309 0.000949 0.000058 0.000309 0.000995 0.000019 0.000098 0.000995 0.000018 0.000098 0.000995 -0.000019 -0.000100 0.000995 -0.000019 -0.000100 0.000947 -0.000059 -0.000315 0.000947 -0.000059 -0.000315 0.000848 -0.000098 -0.000522 0.000848 -0.000098 -0.000522 0.000713 -0.000130 -0.000689 0.000713 -0.000130 -0.000689 0.000529 -0.000157 -0.000834 0.000529 -0.000157 -0.000834 0.000327 -0.000175 -0.000929 0.000327 -0.000175 -0.000929 0.000168 -0.000183 -0.000969 0.000168 -0.000183 -0.000969 0.000048 -0.000185 -0.000982 0.000048 -0.000185 -0.000982 -0.000059 -0.000185 -0.000981 -0.000059 -0.000185 -0.000981 -0.000199 -0.000181 -0.000963 -0.000199 -0.000181 -0.000963 -0.000369 -0.000172 -0.000913 -0.000369 -0.000172 -0.000913 -0.000560 -0.000153 -0.000814 -0.000560 -0.000153 -0.000814 -0.000729 -0.000127 -0.000672 -0.000729 -0.000127 -0.000672 -0.000857 -0.000095 -0.000507 -0.000857 -0.000096 -0.000507 -0.000941 -0.000063 -0.000334 -0.000940 -0.000063 -0.000334 -0.000984 -0.000033 -0.000174 -0.000984 -0.000033 -0.000174 0.000045 -0.000185 -0.000982 0.000045 -0.000185 -0.000982 0.000988 0.000029 0.000153 0.000988 0.000029 0.000153 0.000940 0.000063 0.000336 0.000940 0.000063 0.000336 0.000848 0.000098 0.000521 0.000848 0.000098 0.000521 0.000719 0.000129 0.000682 0.000719 0.000129 0.000682 0.000559 0.000154 0.000815 0.000559 0.000154 0.000815 0.000376 0.000172 0.000911 0.000376 0.000172 0.000911 0.000206 0.000181 0.000962 0.000206 0.000181 0.000962 0.000062 0.000185 0.000981 0.000062 0.000185 0.000981 -0.000064 0.000185 0.000981 -0.000064 0.000185 0.000981 -0.000215 0.000181 0.000960 -0.000215 0.000181 0.000960 -0.000394 0.000170 0.000903 -0.000394 0.000170 0.000903 -0.000585 0.000150 0.000797 -0.000585 0.000150 0.000797 -0.000745 0.000123 0.000655 -0.000745 0.000123 0.000655 -0.000869 0.000092 0.000487 -0.000869 0.000092 0.000487 -0.000956 0.000055 0.000290 -0.000955 0.000055 0.000290 -0.000996 0.000017 0.000092 -0.000996 0.000017 0.000092 -0.000999 -0.000010 -0.000053 -0.000999 -0.000010 -0.000053 -0.000985 -0.000032 -0.000169 -0.000985 -0.000032 -0.000169 -0.000954 -0.000055 -0.000293 -0.000954 -0.000055 -0.000293 -0.000904 -0.000079 -0.000421 -0.000904 -0.000079 -0.000421 -0.000839 -0.000101 -0.000534 -0.000839 -0.000101 -0.000534 -0.000766 -0.000119 -0.000632 -0.000766 -0.000119 -0.000632 -0.000680 -0.000136 -0.000721 -0.000680 -0.000136 -0.000720 -0.000586 -0.000150 -0.000796 -0.000586 -0.000150 -0.000796 -0.000507 -0.000160 -0.000847 -0.000507 -0.000160 -0.000847 -0.000464 -0.000164 -0.000871 -0.000463 -0.000164 -0.000871 -0.000433 -0.000167 -0.000886 -0.000433 -0.000167 -0.000886 -0.000410 -0.000169 -0.000896 -0.000410 -0.000169 -0.000896 -0.000411 -0.000169 -0.000896 -0.000411 -0.000169 -0.000896 -0.000439 -0.000166 -0.000883 -0.000439 -0.000166 -0.000883 -0.000486 -0.000162 -0.000859 -0.000486 -0.000162 -0.000859 -0.000576 -0.000151 -0.000803 -0.000576 -0.000151 -0.000803 -0.000712 -0.000130 -0.000691 -0.000711 -0.000130 -0.000691 -0.000843 -0.000100 -0.000528 -0.000843 -0.000100 -0.000528 -0.000944 -0.000061 -0.000324 -0.000944 -0.000061 -0.000324 -0.000994 -0.000020 -0.000105 -0.000994 -0.000020 -0.000105 -0.000994 0.000021 0.000111 -0.000994 0.000021 0.000111 -0.000938 0.000064 0.000340 -0.000938 0.000064 0.000340 -0.000831 0.000103 0.000546 -0.000831 0.000103 0.000546 -0.000698 0.000133 0.000704 -0.000698 0.000133 0.000704 -0.000523 0.000158 0.000838 -0.000523 0.000158 0.000838 -0.000326 0.000175 0.000929 -0.000326 0.000175 0.000929 -0.000168 0.000183 0.000969 -0.000168 0.000182 0.000969 -0.000048 0.000185 0.000982 -0.000048 0.000185 0.000982 0.000060 0.000185 0.000981 0.000060 0.000185 0.000981 0.000211 0.000181 0.000961 0.000211 0.000181 0.000961 0.000413 0.000169 0.000895 0.000413 0.000169 0.000895 0.000651 0.000141 0.000746 0.000651 0.000141 0.000746 0.000852 0.000097 0.000515 0.000852 0.000097 0.000515 0.000947 0.000060 0.000317 0.000947 0.000060 0.000317 0.000983 0.000034 0.000178 0.000983 0.000034 0.000178 0.000997 0.000015 0.000081 0.000997 0.000015 0.000081 -0.000052 0.000185 0.000981 -0.000052 0.000185 0.000981 -0.001000 -0.000005 -0.000024 -0.001000 -0.000005 -0.000024 -0.000990 -0.000025 -0.000135 -0.000990 -0.000025 -0.000135 -0.000966 -0.000048 -0.000255 -0.000966 -0.000048 -0.000255 -0.000923 -0.000071 -0.000379 -0.000923 -0.000071 -0.000379 -0.000848 -0.000098 -0.000521 -0.000848 -0.000098 -0.000521 -0.000736 -0.000125 -0.000666 -0.000736 -0.000125 -0.000666 -0.000608 -0.000147 -0.000780 -0.000608 -0.000147 -0.000780 -0.000480 -0.000162 -0.000862 -0.000480 -0.000162 -0.000862 -0.000361 -0.000173 -0.000917 -0.000361 -0.000173 -0.000917 -0.000246 -0.000179 -0.000952 -0.000246 -0.000179 -0.000952 -0.000140 -0.000183 -0.000973 -0.000140 -0.000183 -0.000973 -0.000044 -0.000185 -0.000982 -0.000044 -0.000185 -0.000982 0.000067 -0.000185 -0.000980 0.000067 -0.000185 -0.000980 -0.000999 -0.000008 -0.000043 -0.000999 -0.000008 -0.000043 0.000000 -0.000185 -0.000983 0.000000 -0.000185 -0.000983 0.000903 -0.000080 -0.000422 0.000903 -0.000080 -0.000422 -0.000973 0.000043 0.000227 -0.000973 0.000043 0.000227 0.000000 -0.000185 -0.000983 0.000000 -0.000185 -0.000983 0.000979 -0.000038 -0.000201 0.000979 -0.000038 -0.000201 0.000000 0.000185 0.000983 0.000000 0.000185 0.000983 -0.000901 0.000081 0.000427 -0.000901 0.000081 0.000427 0.000999 0.000008 0.000043 0.000999 0.000008 0.000043 0.000000 0.000185 0.000983 -0.000979 0.000038 0.000200 -0.000979 0.000038 0.000200 0.000000 -0.000185 -0.000983 0.000982 -0.000035 -0.000184 0.000982 -0.000035 -0.000184 0.000000 -0.000185 -0.000983 0.000000 -0.000185 -0.000983 -0.000979 0.000038 0.000200 -0.000979 0.000038 0.000200 0.000000 -0.000185 -0.000983 0.000000 -0.000185 -0.000983 0.000979 -0.000038 -0.000200 0.000979 -0.000038 -0.000200 0.000000 0.000185 0.000983 -0.000979 0.000038 0.000202 -0.000979 0.000038 0.000202 0.000000 0.000185 0.000983 0.000000 0.000185 0.000983 0.000979 -0.000038 -0.000201 0.000979 -0.000038 -0.000201 0.000000 0.000185 0.000983 0.000000 0.000185 0.000983 -0.000979 0.000038 0.000201 -0.000979 0.000038 0.000201 0.000000 -0.000185 -0.000983 0.000000 -0.000185 -0.000983 0.000979 -0.000038 -0.000200 0.000979 -0.000038 -0.000200 0.000000 -0.000185 -0.000983 0.000000 -0.000185 -0.000983 -0.000037 -0.000185 -0.000982 -0.000037 -0.000185 -0.000982 -0.000132 -0.000184 -0.000974 -0.000132 -0.000184 -0.000974 -0.000264 -0.000179 -0.000948 -0.000264 -0.000179 -0.000948 -0.000450 -0.000165 -0.000877 -0.000450 -0.000165 -0.000878 -0.000664 -0.000138 -0.000735 -0.000664 -0.000138 -0.000735 -0.000784 -0.000115 -0.000609 -0.000784 -0.000115 -0.000609 -0.000857 -0.000095 -0.000506 -0.000857 -0.000095 -0.000506 -0.000902 -0.000080 -0.000424 -0.000902 -0.000080 -0.000424 -0.000921 -0.000072 -0.000382 -0.000921 -0.000072 -0.000382 -0.000927 -0.000069 -0.000368 -0.000927 -0.000069 -0.000368 -0.000936 -0.000065 -0.000347 -0.000936 -0.000065 -0.000347 -0.000947 -0.000059 -0.000315 -0.000947 -0.000059 -0.000315 0.000000 -0.000185 -0.000983 0.000000 -0.000185 -0.000983 0.000926 0.000070 0.000371 0.000926 0.000070 0.000371 0.000915 0.000075 0.000396 0.000915 0.000075 0.000396 0.000900 0.000081 0.000429 0.000900 0.000081 0.000429 0.000878 0.000089 0.000470 0.000878 0.000089 0.000470 0.000843 0.000100 0.000529 0.000843 0.000100 0.000529 0.000806 0.000110 0.000582 0.000806 0.000110 0.000582 0.000760 0.000120 0.000639 0.000760 0.000120 0.000639 0.000703 0.000132 0.000699 0.000703 0.000132 0.000699 0.000188 -0.000182 -0.000965 0.000188 -0.000182 -0.000965 0.000328 -0.000175 -0.000928 0.000328 -0.000175 -0.000928 0.000490 -0.000161 -0.000857 0.000490 -0.000161 -0.000857 0.000658 -0.000139 -0.000740 0.000658 -0.000139 -0.000740 0.000799 -0.000111 -0.000591 0.000799 -0.000111 -0.000591 0.000902 -0.000080 -0.000423 0.000902 -0.000080 -0.000423 0.000968 -0.000046 -0.000245 0.000968 -0.000046 -0.000245 0.000997 -0.000014 -0.000076 0.000997 -0.000014 -0.000076 0.000998 0.000011 0.000056 0.000998 0.000011 0.000056 0.000983 0.000034 0.000178 0.000983 0.000034 0.000178 0.000948 0.000059 0.000313 0.000948 0.000059 0.000313 0.000888 0.000085 0.000452 0.000888 0.000085 0.000452 0.000809 0.000109 0.000578 0.000809 0.000109 0.000578 0.000706 0.000131 0.000696 0.000706 0.000131 0.000696 0.000576 0.000151 0.000804 0.000576 0.000151 0.000804 0.000426 0.000167 0.000889 0.000426 0.000168 0.000889 0.000283 0.000178 0.000943 0.000283 0.000178 0.000943 0.000176 0.000182 0.000967 0.000176 0.000182 0.000967 0.000092 0.000184 0.000978 0.000092 0.000184 0.000978 0.000027 0.000185 0.000982 0.000027 0.000185 0.000982 0.000000 0.000185 0.000983 0.000000 0.000185 0.000983 -0.000979 0.000038 0.000201 -0.000979 0.000038 0.000201 0.000000 -0.000185 -0.000983 0.000979 -0.000038 -0.000199 0.000979 -0.000038 -0.000199 0.000979 -0.000038 -0.000199 0.000979 -0.000038 -0.000199 0.000000 -0.000185 -0.000983 0.000000 -0.000185 -0.000983 -0.000025 -0.000185 -0.000982 -0.000025 -0.000185 -0.000982 -0.000092 -0.000184 -0.000979 -0.000092 -0.000184 -0.000979 -0.000198 -0.000181 -0.000963 -0.000198 -0.000181 -0.000963 -0.000380 -0.000171 -0.000909 -0.000379 -0.000171 -0.000909 -0.000623 -0.000145 -0.000769 -0.000623 -0.000145 -0.000769 -0.000806 -0.000110 -0.000582 -0.000806 -0.000110 -0.000582 -0.000937 -0.000065 -0.000344 -0.000937 -0.000065 -0.000344 -0.000994 -0.000020 -0.000106 -0.000994 -0.000020 -0.000106 -0.000997 0.000015 0.000082 -0.000997 0.000015 0.000082 -0.000969 0.000046 0.000243 -0.000969 0.000046 0.000243 -0.000917 0.000074 0.000392 -0.000917 0.000074 0.000392 -0.000849 0.000098 0.000520 -0.000849 0.000098 0.000520 -0.000763 0.000120 0.000635 -0.000763 0.000120 0.000635 -0.000652 0.000140 0.000745 -0.000653 0.000140 0.000745 -0.000530 0.000157 0.000833 -0.000530 0.000157 0.000833 -0.000405 0.000169 0.000899 -0.000405 0.000169 0.000899 -0.000248 0.000179 0.000952 -0.000248 0.000179 0.000952 -0.000129 0.000184 0.000975 -0.000128 0.000184 0.000975 -0.000060 0.000185 0.000981 -0.000060 0.000185 0.000981 -0.000016 0.000185 0.000983 -0.000016 0.000185 0.000983 0.000000 0.000185 0.000983 0.000000 0.000185 0.000983 0.000000 0.000185 0.000983 -0.000978 0.000038 0.000204 -0.000978 0.000038 0.000204 0.000000 -0.000185 -0.000983 0.000000 -0.000185 -0.000983 0.000978 -0.000038 -0.000204 0.000978 -0.000038 -0.000204 0.000290 -0.000177 -0.000940 0.000290 -0.000177 -0.000941 0.000497 -0.000161 -0.000853 0.000497 -0.000161 -0.000853 0.000680 -0.000136 -0.000720 0.000680 -0.000136 -0.000720 0.000809 -0.000109 -0.000578 0.000809 -0.000109 -0.000578 0.000903 -0.000080 -0.000423 0.000903 -0.000080 -0.000423 0.000967 -0.000047 -0.000251 0.000967 -0.000047 -0.000251 0.000997 -0.000015 -0.000080 0.000997 -0.000015 -0.000080 0.000997 0.000014 0.000077 0.000997 0.000014 0.000077 0.000967 0.000047 0.000251 0.000967 0.000047 0.000251 0.000894 0.000083 0.000440 0.000894 0.000083 0.000440 0.000776 0.000117 0.000620 0.000776 0.000117 0.000620 0.000620 0.000145 0.000771 0.000620 0.000145 0.000771 0.000432 0.000167 0.000886 0.000432 0.000167 0.000886 0.000242 0.000180 0.000953 0.000242 0.000180 0.000953 0.000073 0.000185 0.000980 0.000073 0.000185 0.000980 -0.000086 0.000184 0.000979 -0.000086 0.000184 0.000979 -0.000276 0.000178 0.000945 -0.000276 0.000178 0.000945 -0.000474 0.000163 0.000865 -0.000474 0.000163 0.000865 -0.000654 0.000140 0.000744 -0.000654 0.000140 0.000744 -0.000797 0.000112 0.000593 -0.000797 0.000112 0.000593 -0.000906 0.000078 0.000416 -0.000906 0.000078 0.000416 -0.000971 0.000044 0.000236 -0.000971 0.000044 0.000236 -0.000997 0.000014 0.000072 -0.000997 0.000014 0.000072 -0.000998 -0.000010 -0.000056 -0.000998 -0.000010 -0.000056 -0.000985 -0.000032 -0.000170 -0.000985 -0.000032 -0.000170 -0.000957 -0.000054 -0.000285 -0.000957 -0.000054 -0.000285 -0.000915 -0.000075 -0.000396 -0.000915 -0.000075 -0.000396 -0.000852 -0.000097 -0.000515 -0.000852 -0.000097 -0.000515 -0.000759 -0.000121 -0.000640 -0.000759 -0.000121 -0.000640 -0.000647 -0.000141 -0.000750 -0.000647 -0.000141 -0.000750 -0.000525 -0.000158 -0.000837 -0.000525 -0.000158 -0.000836 -0.000403 -0.000169 -0.000899 -0.000403 -0.000169 -0.000899 -0.000282 -0.000178 -0.000943 -0.000282 -0.000178 -0.000943 -0.000163 -0.000183 -0.000970 -0.000163 -0.000183 -0.000970 -0.000052 -0.000185 -0.000981 -0.000052 -0.000185 -0.000981 0.000090 -0.000184 -0.000979 0.000090 -0.000184 -0.000979 0.000299 0.000177 0.000938 0.000299 0.000177 0.000938 0.000500 0.000160 0.000851 0.000500 0.000160 0.000851 0.000672 0.000137 0.000728 0.000672 0.000137 0.000728 0.000809 0.000109 0.000578 0.000809 0.000109 0.000578 0.000913 0.000076 0.000401 0.000913 0.000076 0.000401 0.000973 0.000042 0.000225 0.000973 0.000042 0.000225 0.000998 0.000013 0.000069 0.000998 0.000013 0.000069 0.000999 -0.000010 -0.000051 0.000999 -0.000010 -0.000051 0.000989 -0.000027 -0.000145 0.000989 -0.000027 -0.000145 0.000973 -0.000043 -0.000227 0.000973 -0.000043 -0.000227 0.000953 -0.000056 -0.000298 0.000953 -0.000056 -0.000298 0.000923 -0.000071 -0.000379 0.000923 -0.000071 -0.000379 0.000871 -0.000091 -0.000483 0.000871 -0.000091 -0.000483 0.000795 -0.000112 -0.000596 0.000795 -0.000112 -0.000596 0.000693 -0.000133 -0.000708 0.000693 -0.000133 -0.000708 0.000567 -0.000152 -0.000809 0.000567 -0.000153 -0.000809 0.000418 -0.000168 -0.000893 0.000418 -0.000168 -0.000893 0.000251 -0.000179 -0.000951 0.000251 -0.000179 -0.000951 0.000081 -0.000185 -0.000979 0.000081 -0.000185 -0.000979 -0.000087 -0.000184 -0.000979 -0.000087 -0.000184 -0.000979 -0.000280 -0.000178 -0.000943 -0.000280 -0.000178 -0.000943 -0.000478 -0.000163 -0.000863 -0.000478 -0.000163 -0.000863 -0.000654 -0.000140 -0.000743 -0.000654 -0.000140 -0.000743 -0.000794 -0.000113 -0.000598 -0.000794 -0.000113 -0.000598 -0.000903 -0.000079 -0.000422 -0.000903 -0.000079 -0.000422 -0.000970 -0.000045 -0.000240 -0.000970 -0.000045 -0.000240 -0.000997 -0.000014 -0.000074 -0.000997 -0.000014 -0.000074 -0.000998 0.000013 0.000069 -0.000998 0.000013 0.000069 -0.000975 0.000042 0.000220 -0.000975 0.000042 0.000220 -0.000922 0.000072 0.000380 -0.000922 0.000072 0.000380 -0.000839 0.000101 0.000534 -0.000839 0.000101 0.000534 -0.000729 0.000127 0.000673 -0.000729 0.000127 0.000673 -0.000565 0.000153 0.000811 -0.000565 0.000153 0.000811 -0.000350 0.000173 0.000921 -0.000350 0.000173 0.000921 -0.000113 0.000184 0.000976 -0.000113 0.000184 0.000976 0.000095 0.000184 0.000978 0.000095 0.000184 0.000978 0.000307 -0.000176 -0.000935 0.000307 -0.000176 -0.000935 0.000489 -0.000162 -0.000857 0.000489 -0.000162 -0.000857 0.000633 -0.000143 -0.000761 0.000633 -0.000143 -0.000761 -0.000978 0.000039 0.000206 -0.000978 0.000039 0.000206 0.000000 -0.000185 -0.000983 0.000000 -0.000185 -0.000983 0.000979 -0.000038 -0.000200 0.000979 -0.000038 -0.000200 0.000000 0.000185 0.000983 0.000000 0.000185 0.000983 -0.000979 0.000037 0.000199 -0.000979 0.000037 0.000199 -0.000975 0.000041 0.000218 -0.000975 0.000041 0.000218 -0.000968 0.000046 0.000245 -0.000968 0.000046 0.000245 -0.000958 0.000053 0.000282 -0.000958 0.000053 0.000282 -0.000939 0.000064 0.000337 -0.000939 0.000064 0.000337 -0.000907 0.000078 0.000414 -0.000907 0.000078 0.000414 -0.000881 0.000088 0.000465 -0.000881 0.000088 0.000465 -0.000848 0.000098 0.000522 -0.000848 0.000098 0.000521 -0.000803 0.000110 0.000586 -0.000803 0.000110 0.000586 -0.000756 0.000121 0.000643 -0.000756 0.000121 0.000643 -0.000716 0.000129 0.000686 -0.000716 0.000129 0.000686 -0.000673 0.000137 0.000727 -0.000673 0.000137 0.000727 -0.000628 0.000144 0.000765 -0.000627 0.000144 0.000765 -0.000581 0.000151 0.000800 -0.000582 0.000151 0.000799 -0.000530 0.000157 0.000833 -0.000530 0.000157 0.000833 -0.000472 0.000163 0.000867 -0.000471 0.000163 0.000867 -0.000404 0.000169 0.000899 -0.000404 0.000169 0.000899 -0.000322 0.000175 0.000930 -0.000322 0.000175 0.000930 -0.000235 0.000180 0.000955 -0.000235 0.000180 0.000955 -0.000143 0.000183 0.000973 -0.000143 0.000183 0.000973 -0.000048 0.000185 0.000982 -0.000047 0.000185 0.000982 0.000082 0.000185 0.000979 0.000082 0.000185 0.000979 0.000262 0.000179 0.000948 0.000262 0.000179 0.000948 0.000450 0.000165 0.000877 0.000450 0.000165 0.000877 0.000623 0.000145 0.000769 0.000623 0.000145 0.000769 0.000761 0.000120 0.000637 0.000761 0.000120 0.000637 0.000874 0.000090 0.000478 0.000874 0.000090 0.000478 0.000956 0.000054 0.000289 0.000956 0.000054 0.000289 0.000996 0.000017 0.000092 0.000996 0.000017 0.000092 0.000997 -0.000014 -0.000075 0.000997 -0.000014 -0.000075 0.000989 -0.000027 -0.000146 0.000989 -0.000027 -0.000146 0.000983 -0.000033 -0.000178 0.000983 -0.000033 -0.000178 0.000980 -0.000037 -0.000197 0.000980 -0.000037 -0.000197 0.000979 -0.000038 -0.000199 0.000979 -0.000038 -0.000199 0.000000 0.000185 0.000983 0.000000 0.000185 0.000983 -0.000979 0.000038 0.000200 -0.000979 0.000038 0.000200 -0.000981 0.000036 0.000189 -0.000981 0.000036 0.000189 -0.000986 0.000031 0.000166 -0.000986 0.000031 0.000166 -0.000991 0.000024 0.000129 -0.000991 0.000024 0.000128 -0.000998 0.000011 0.000060 -0.000998 0.000011 0.000060 -0.000997 -0.000014 -0.000076 -0.000997 -0.000014 -0.000076 -0.000968 -0.000046 -0.000247 -0.000968 -0.000047 -0.000247 -0.000897 -0.000082 -0.000433 -0.000897 -0.000082 -0.000433 -0.000783 -0.000115 -0.000612 -0.000783 -0.000115 -0.000612 -0.000629 -0.000144 -0.000764 -0.000629 -0.000144 -0.000764 -0.000443 -0.000166 -0.000881 -0.000443 -0.000166 -0.000881 -0.000250 -0.000179 -0.000951 -0.000250 -0.000179 -0.000951 -0.000076 -0.000185 -0.000980 -0.000076 -0.000185 -0.000980 0.000103 -0.000184 -0.000977 0.000103 -0.000184 -0.000977 0.000000 0.000185 0.000983 -0.000979 0.000038 0.000200 -0.000979 0.000038 0.000200 0.000979 -0.000038 -0.000200 0.000979 -0.000038 -0.000200 0.000000 0.000185 0.000983 0.000000 0.000185 0.000983 -0.000980 0.000037 0.000198 -0.000980 0.000037 0.000198 0.000000 -0.000185 -0.000983 0.000980 -0.000037 -0.000198 0.000980 -0.000037 -0.000198
</float_array>
          <technique_common>
            <accessor source="#Racecar_Front_Cover_Text-mesh-normals-array" count="2649" stride="3">
              <param name="X" type="float" />
              <param name="Y" type="float" />
              <param name="Z" type="float" />
            </accessor>
          </technique_common>
        </source>
        <vertices id="Racecar_Front_Cover_Text-mesh-vertices">
          <input semantic="POSITION" source="#Racecar_Front_Cover_Text-mesh-positions" />
        </vertices>
        <triangles material="Material_008-material" count="2664">
          <input semantic="VERTEX" source="#Racecar_Front_Cover_Text-mesh-vertices" offset="0" />
          <input semantic="NORMAL" source="#Racecar_Front_Cover_Text-mesh-normals" offset="1" />
          <p>0 0 1 0 2 0 3 1 4 1 2 1 5 2 6 2 4 2 1 3 3 3 2 3 3 4 5 4 4 4 0 5 2 5 7 5 8 6 9 6 10 6 11 7 12 7 13 7 5 8 14 8 6 8 15 9 16 9 17 9 14 10 18 10 19 10 20 11 15 11 17 11 21 12 22 12 23 12 24 13 25 13 22 13 26 14 27 14 25 14 28 15 29 15 27 15 30 16 31 16 29 16 31 17 32 17 33 17 34 18 35 18 33 18 36 19 37 19 38 19 37 20 39 20 40 20 38 21 37 21 40 21 39 22 41 22 42 22 41 23 43 23 44 23 44 24 43 24 45 24 45 25 46 25 47 25 47 26 48 26 49 26 50 27 51 27 52 27 53 28 52 28 54 28 55 29 53 29 56 29 57 30 55 30 58 30 57 31 58 31 59 31 60 32 59 32 61 32 62 33 61 33 63 33 64 34 62 34 63 34 64 35 63 35 65 35 66 36 65 36 67 36 66 37 64 37 65 37 62 38 60 38 61 38 68 39 69 39 70 39 69 40 68 40 71 40 60 41 57 41 59 41 72 42 73 42 74 42 55 43 56 43 58 43 75 44 76 44 72 44 76 45 75 45 77 45 53 46 54 46 56 46 76 47 78 47 79 47 52 48 51 48 54 48 50 49 49 49 51 49 49 50 48 50 51 50 46 51 48 51 47 51 43 52 46 52 45 52 42 53 41 53 44 53 80 54 81 54 82 54 40 55 39 55 42 55 35 56 36 56 38 56 34 57 36 57 35 57 32 58 34 58 33 58 31 59 33 59 29 59 28 60 30 60 29 60 83 61 84 61 85 61 86 62 28 62 27 62 26 63 86 63 27 63 87 64 88 64 89 64 90 65 91 65 92 65 93 66 26 66 25 66 24 67 93 67 25 67 94 68 24 68 22 68 21 69 94 69 22 69 95 70 96 70 97 70 18 71 21 71 23 71 18 72 23 72 19 72 14 73 19 73 6 73 8 74 10 74 98 74 99 75 0 75 7 75 99 76 7 76 100 76 9 77 99 77 101 77 99 78 100 78 101 78 9 79 101 79 102 79 9 80 102 80 10 80 103 81 8 81 98 81 16 82 103 82 104 82 104 83 103 83 98 83 17 84 16 84 104 84 105 85 15 85 20 85 106 86 105 86 20 86 89 87 107 87 106 87 107 88 105 88 106 88 88 89 107 89 89 89 108 90 88 90 87 90 109 91 108 91 87 91 109 92 110 92 108 92 111 93 110 93 109 93 111 94 97 94 110 94 112 95 113 95 114 95 115 96 116 96 117 96 115 97 118 97 116 97 118 98 119 98 116 98 120 99 121 99 119 99 118 100 120 100 119 100 121 101 122 101 119 101 123 102 115 102 117 102 124 103 125 103 126 103 127 104 123 104 117 104 83 105 85 105 128 105 127 106 117 106 114 106 113 107 127 107 114 107 129 108 130 108 80 108 112 109 114 109 131 109 132 110 112 110 131 110 133 111 134 111 135 111 91 112 132 112 131 112 91 113 131 113 92 113 136 114 137 114 138 114 90 115 92 115 96 115 139 116 133 116 135 116 95 117 90 117 96 117 111 118 95 118 97 118 140 119 141 119 84 119 141 120 142 120 84 120 129 121 80 121 82 121 143 122 144 122 145 122 128 123 85 123 80 123 84 124 142 124 146 124 85 125 81 125 80 125 84 126 146 126 85 126 147 127 70 127 148 127 149 128 75 128 150 128 150 129 72 129 74 129 151 130 70 130 152 130 75 131 72 131 150 131 77 132 78 132 76 132 153 133 78 133 77 133 154 134 153 134 77 134 155 135 156 135 157 135 158 136 157 136 159 136 160 137 161 137 162 137 163 138 164 138 165 138 163 139 160 139 164 139 163 140 165 140 166 140 167 141 163 141 166 141 168 142 167 142 166 142 168 143 166 143 169 143 170 144 168 144 169 144 170 145 169 145 171 145 160 146 162 146 164 146 172 147 173 147 174 147 173 148 172 148 175 148 160 149 158 149 161 149 158 150 159 150 161 150 158 151 176 151 157 151 176 152 177 152 157 152 177 153 178 153 157 153 179 154 180 154 181 154 12 155 182 155 183 155 184 156 185 156 186 156 187 157 188 157 189 157 11 158 190 158 191 158 192 159 193 159 194 159 182 160 194 160 183 160 195 161 196 161 197 161 196 162 195 162 198 162 12 163 183 163 199 163 182 164 192 164 194 164 12 165 199 165 13 165 200 166 201 166 202 166 201 167 200 167 203 167 204 168 193 168 192 168 205 169 206 169 207 169 208 170 209 170 185 170 210 171 188 171 187 171 211 172 193 172 212 172 193 173 211 173 213 173 214 174 148 174 178 174 152 175 70 175 147 175 151 176 68 176 70 176 215 177 216 177 71 177 216 178 213 178 71 178 71 179 213 179 69 179 69 180 213 180 211 180 204 181 212 181 193 181 11 182 13 182 190 182 205 183 11 183 217 183 11 184 191 184 217 184 205 185 217 185 206 185 208 186 207 186 209 186 208 187 205 187 207 187 184 188 208 188 185 188 218 189 184 189 189 189 189 190 184 190 186 190 188 191 218 191 189 191 219 192 188 192 210 192 180 193 219 193 181 193 181 194 219 194 210 194 220 195 180 195 179 195 221 196 220 196 179 196 222 197 220 197 221 197 223 198 222 198 221 198 224 199 222 199 223 199 156 200 224 200 223 200 157 201 156 201 223 201 178 202 155 202 157 202 177 203 214 203 178 203 214 204 147 204 148 204 225 205 226 205 227 205 228 206 229 206 230 206 231 207 232 207 233 207 234 208 235 208 236 208 237 209 238 209 235 209 239 210 240 210 238 210 241 211 242 211 243 211 244 212 243 212 245 212 244 213 245 213 246 213 247 214 246 214 240 214 248 215 249 215 250 215 251 216 248 216 252 216 232 217 253 217 233 217 254 218 255 218 256 218 257 219 254 219 258 219 259 220 257 220 260 220 261 221 236 221 262 221 229 222 259 222 263 222 264 223 262 223 265 223 266 224 267 224 268 224 269 225 270 225 266 225 271 226 272 226 273 226 274 227 275 227 276 227 277 228 276 228 278 228 271 229 279 229 272 229 280 230 278 230 281 230 282 231 281 231 283 231 282 232 280 232 281 232 284 233 282 233 283 233 284 234 283 234 285 234 286 235 284 235 285 235 287 236 274 236 276 236 286 237 285 237 271 237 271 238 285 238 279 238 288 239 289 239 290 239 291 240 277 240 278 240 280 241 291 241 278 241 277 242 287 242 276 242 274 243 292 243 275 243 292 244 228 244 230 244 292 245 230 245 275 245 229 246 263 246 230 246 263 247 259 247 260 247 260 248 257 248 293 248 293 249 257 249 258 249 258 250 254 250 256 250 256 251 255 251 294 251 255 252 232 252 294 252 294 253 232 253 231 253 233 254 253 254 251 254 253 255 248 255 251 255 252 256 248 256 250 256 250 257 249 257 295 257 295 258 249 258 242 258 295 259 242 259 241 259 243 260 242 260 245 260 247 261 244 261 246 261 239 262 247 262 240 262 237 263 239 263 238 263 234 264 237 264 235 264 261 265 234 265 236 265 264 266 261 266 262 266 296 267 264 267 265 267 227 268 296 268 265 268 226 269 296 269 227 269 268 270 226 270 225 270 267 271 226 271 268 271 270 272 267 272 266 272 289 273 270 273 269 273 290 274 289 274 269 274 273 275 288 275 290 275 272 276 288 276 273 276 297 277 135 277 138 277 298 278 299 278 300 278 137 279 298 279 138 279 138 280 298 280 300 280 301 281 136 281 138 281 302 282 301 282 138 282 303 283 302 283 138 283 135 284 303 284 138 284 135 285 304 285 303 285 305 286 306 286 135 286 306 287 304 287 135 287 307 288 305 288 135 288 134 289 307 289 135 289 308 290 139 290 135 290 309 291 308 291 135 291 310 292 308 292 309 292 311 293 310 293 309 293 312 294 311 294 309 294 313 295 312 295 309 295 145 296 313 296 309 296 314 297 313 297 145 297 315 298 314 298 145 298 144 299 315 299 145 299 143 300 316 300 144 300 143 301 317 301 316 301 318 302 317 302 143 302 318 303 319 303 317 303 320 304 321 304 319 304 322 305 323 305 324 305 325 306 326 306 327 306 326 307 328 307 327 307 328 308 124 308 126 308 126 309 125 309 329 309 329 310 125 310 330 310 125 311 331 311 330 311 330 312 331 312 332 312 332 313 333 313 334 313 331 314 333 314 332 314 326 315 124 315 328 315 335 316 325 316 327 316 335 317 327 317 336 317 337 318 335 318 336 318 323 319 337 319 336 319 323 320 336 320 324 320 338 321 322 321 324 321 339 322 338 322 324 322 339 323 324 323 321 323 320 324 339 324 321 324 318 325 320 325 319 325 340 326 341 326 342 326 343 327 344 327 342 327 345 328 346 328 343 328 344 329 340 329 342 329 346 330 344 330 343 330 342 331 341 331 347 331 348 332 349 332 350 332 351 333 352 333 353 333 354 334 346 334 345 334 355 335 356 335 357 335 358 336 354 336 359 336 356 337 360 337 357 337 361 338 362 338 363 338 364 339 365 339 361 339 366 340 367 340 364 340 368 341 369 341 366 341 370 342 371 342 368 342 372 343 370 343 373 343 374 344 375 344 373 344 376 345 377 345 378 345 379 346 376 346 380 346 376 347 378 347 380 347 381 348 379 348 382 348 383 349 381 349 384 349 383 350 384 350 385 350 386 351 385 351 387 351 388 352 387 352 389 352 390 353 391 353 392 353 392 354 393 354 394 354 393 355 395 355 396 355 395 356 397 356 398 356 398 357 397 357 399 357 399 358 400 358 401 358 401 359 402 359 403 359 402 360 404 360 403 360 403 361 404 361 405 361 405 362 406 362 407 362 404 363 406 363 405 363 400 364 402 364 401 364 408 365 409 365 410 365 409 366 408 366 411 366 397 367 400 367 399 367 412 368 413 368 414 368 396 369 395 369 398 369 415 370 416 370 417 370 416 371 415 371 413 371 394 372 393 372 396 372 418 373 416 373 419 373 390 374 392 374 394 374 389 375 391 375 390 375 388 376 389 376 390 376 388 377 386 377 387 377 386 378 383 378 385 378 381 379 382 379 384 379 420 380 421 380 422 380 379 381 380 381 382 381 377 382 374 382 378 382 377 383 375 383 374 383 375 384 372 384 373 384 373 385 370 385 368 385 371 386 369 386 368 386 423 387 424 387 425 387 369 388 426 388 366 388 426 389 367 389 366 389 427 390 428 390 429 390 430 391 431 391 432 391 367 392 433 392 364 392 433 393 365 393 364 393 365 394 434 394 361 394 434 395 362 395 361 395 435 396 436 396 437 396 362 397 358 397 363 397 363 398 358 398 359 398 359 399 354 399 345 399 350 400 349 400 438 400 341 401 439 401 347 401 347 402 439 402 440 402 439 403 348 403 441 403 440 404 439 404 441 404 441 405 348 405 442 405 442 406 348 406 350 406 349 407 443 407 438 407 443 408 355 408 444 408 443 409 444 409 438 409 355 410 357 410 444 410 356 411 445 411 360 411 445 412 446 412 360 412 447 413 429 413 446 413 445 414 447 414 446 414 447 415 427 415 429 415 427 416 448 416 428 416 448 417 449 417 428 417 450 418 449 418 448 418 450 419 451 419 449 419 437 420 451 420 450 420 452 421 453 421 454 421 455 422 456 422 457 422 458 423 456 423 455 423 459 424 458 424 455 424 460 425 461 425 459 425 461 426 458 426 459 426 462 427 460 427 459 427 456 428 463 428 457 428 464 429 465 429 466 429 463 430 467 430 457 430 425 431 424 431 468 431 457 432 467 432 454 432 467 433 452 433 454 433 469 434 470 434 421 434 454 435 453 435 471 435 453 436 472 436 471 436 473 437 474 437 475 437 472 438 430 438 471 438 471 439 430 439 432 439 476 440 477 440 478 440 432 441 431 441 435 441 474 442 479 442 475 442 431 443 436 443 435 443 436 444 451 444 437 444 480 445 481 445 423 445 482 446 480 446 423 446 421 447 470 447 422 447 483 448 484 448 485 448 425 449 468 449 421 449 482 450 423 450 486 450 420 451 425 451 421 451 486 452 423 452 425 452 411 453 487 453 488 453 415 454 489 454 490 454 413 455 490 455 414 455 411 456 491 456 492 456 413 457 415 457 490 457 418 458 417 458 416 458 418 459 493 459 417 459 493 460 494 460 417 460 495 461 496 461 497 461 497 462 498 462 499 462 500 463 501 463 502 463 503 464 504 464 505 464 501 465 504 465 503 465 505 466 504 466 506 466 504 467 507 467 506 467 507 468 508 468 506 468 506 469 508 469 509 469 508 470 510 470 509 470 509 471 510 471 511 471 502 472 501 472 503 472 512 473 513 473 514 473 513 474 512 474 515 474 498 475 501 475 500 475 499 476 498 476 500 476 516 477 498 477 497 477 517 478 516 478 497 478 518 479 517 479 497 479 519 480 520 480 521 480 522 481 351 481 523 481 524 482 525 482 526 482 527 483 528 483 529 483 530 484 352 484 531 484 532 485 533 485 534 485 534 486 522 486 523 486 535 487 536 487 537 487 536 488 535 488 538 488 523 489 351 489 539 489 533 490 522 490 534 490 539 491 351 491 353 491 540 492 541 492 542 492 541 493 540 493 543 493 532 494 544 494 533 494 545 495 546 495 547 495 548 496 549 496 524 496 527 497 550 497 528 497 488 498 551 498 518 498 411 499 492 499 487 499 408 500 491 500 411 500 552 501 553 501 410 501 554 502 552 502 410 502 554 503 410 503 409 503 555 504 532 504 554 504 532 505 555 505 556 505 554 506 409 506 555 506 556 507 544 507 532 507 353 508 352 508 530 508 352 509 546 509 557 509 531 510 352 510 557 510 557 511 546 511 545 511 547 512 549 512 548 512 546 513 549 513 547 513 549 514 525 514 524 514 525 515 558 515 529 515 525 516 529 516 526 516 558 517 527 517 529 517 527 518 559 518 550 518 559 519 519 519 521 519 559 520 521 520 550 520 519 521 560 521 520 521 560 522 561 522 520 522 560 523 562 523 561 523 562 524 563 524 561 524 562 525 564 525 563 525 564 526 495 526 563 526 495 527 497 527 563 527 496 528 518 528 497 528 551 529 517 529 518 529 487 530 551 530 488 530 565 531 566 531 567 531 568 532 569 532 570 532 571 533 572 533 573 533 574 534 575 534 576 534 577 535 578 535 574 535 579 536 580 536 577 536 581 537 582 537 583 537 583 538 584 538 585 538 585 539 584 539 586 539 586 540 587 540 579 540 588 541 589 541 590 541 589 542 591 542 592 542 593 543 571 543 573 543 594 544 595 544 596 544 595 545 597 545 598 545 597 546 599 546 600 546 576 547 601 547 602 547 599 548 568 548 603 548 602 549 604 549 605 549 606 550 607 550 608 550 609 551 610 551 607 551 611 552 612 552 613 552 614 553 615 553 616 553 616 554 617 554 618 554 619 555 612 555 611 555 618 556 620 556 621 556 621 557 622 557 623 557 620 558 622 558 621 558 622 559 624 559 623 559 623 560 624 560 625 560 624 561 626 561 625 561 615 562 627 562 616 562 625 563 626 563 612 563 625 564 612 564 619 564 628 565 629 565 630 565 617 566 631 566 618 566 631 567 620 567 618 567 627 568 617 568 616 568 632 569 615 569 614 569 569 570 632 570 570 570 570 571 632 571 614 571 603 572 568 572 570 572 599 573 603 573 600 573 597 574 600 574 633 574 597 575 633 575 598 575 595 576 598 576 596 576 594 577 596 577 634 577 571 578 594 578 634 578 571 579 634 579 572 579 593 580 573 580 591 580 589 581 593 581 591 581 589 582 592 582 590 582 588 583 590 583 635 583 588 584 635 584 581 584 581 585 635 585 582 585 581 586 583 586 585 586 584 587 587 587 586 587 587 588 580 588 579 588 580 589 578 589 577 589 578 590 575 590 574 590 575 591 601 591 576 591 601 592 604 592 602 592 604 593 636 593 605 593 636 594 567 594 605 594 636 595 565 595 567 595 565 596 608 596 566 596 565 597 606 597 608 597 606 598 609 598 607 598 609 599 628 599 610 599 628 600 630 600 610 600 629 601 613 601 630 601 629 602 611 602 613 602 475 603 637 603 478 603 638 604 639 604 640 604 639 605 476 605 478 605 639 606 478 606 640 606 477 607 641 607 478 607 641 608 642 608 478 608 642 609 643 609 478 609 643 610 475 610 478 610 644 611 475 611 643 611 645 612 646 612 475 612 644 613 645 613 475 613 646 614 647 614 475 614 647 615 473 615 475 615 479 616 648 616 475 616 648 617 649 617 475 617 648 618 650 618 649 618 650 619 651 619 649 619 651 620 652 620 649 620 652 621 653 621 649 621 653 622 485 622 649 622 653 623 654 623 485 623 654 624 655 624 485 624 655 625 483 625 485 625 656 626 484 626 483 626 657 627 484 627 656 627 657 628 658 628 484 628 659 629 658 629 657 629 660 630 661 630 659 630 662 631 663 631 664 631 665 632 666 632 667 632 668 633 665 633 667 633 465 634 668 634 466 634 464 635 466 635 669 635 464 636 669 636 670 636 671 637 464 637 670 637 671 638 670 638 672 638 673 639 672 639 674 639 673 640 671 640 672 640 465 641 665 641 668 641 666 642 675 642 667 642 667 643 675 643 676 643 675 644 677 644 676 644 677 645 662 645 676 645 676 646 662 646 664 646 663 647 678 647 664 647 678 648 679 648 664 648 664 649 679 649 660 649 679 650 661 650 660 650 661 651 658 651 659 651 428 652 109 652 87 652 109 653 428 653 449 653 429 654 87 654 89 654 87 655 429 655 428 655 429 656 89 656 106 656 446 657 429 657 106 657 446 658 106 658 20 658 360 659 446 659 20 659 20 660 357 660 360 660 357 661 20 661 17 661 17 662 444 662 357 662 444 663 17 663 104 663 444 664 104 664 98 664 438 665 444 665 98 665 10 666 438 666 98 666 10 667 350 667 438 667 10 668 442 668 350 668 442 669 10 669 102 669 101 670 442 670 102 670 101 671 441 671 442 671 100 672 441 672 101 672 100 673 440 673 441 673 100 674 347 674 440 674 347 675 100 675 7 675 2 676 347 676 7 676 2 677 342 677 347 677 4 678 342 678 2 678 4 679 343 679 342 679 4 680 345 680 343 680 345 681 4 681 6 681 19 682 345 682 6 682 19 683 359 683 345 683 23 684 359 684 19 684 23 685 363 685 359 685 22 686 363 686 23 686 22 687 361 687 363 687 25 688 361 688 22 688 25 689 364 689 361 689 27 690 364 690 25 690 27 691 366 691 364 691 27 692 368 692 366 692 368 693 27 693 29 693 29 694 373 694 368 694 373 695 29 695 33 695 33 696 374 696 373 696 374 697 33 697 35 697 35 698 378 698 374 698 378 699 35 699 38 699 38 700 380 700 378 700 380 701 38 701 40 701 40 702 382 702 380 702 382 703 40 703 42 703 42 704 384 704 382 704 384 705 42 705 44 705 385 706 44 706 45 706 44 707 385 707 384 707 387 708 45 708 47 708 45 709 387 709 385 709 387 710 47 710 49 710 389 711 387 711 49 711 389 712 49 712 50 712 391 713 389 713 50 713 391 714 50 714 52 714 392 715 391 715 52 715 392 716 52 716 53 716 393 717 392 717 53 717 55 718 393 718 53 718 393 719 55 719 395 719 395 720 55 720 57 720 397 721 395 721 57 721 397 722 57 722 60 722 400 723 397 723 60 723 400 724 62 724 402 724 62 725 400 725 60 725 402 726 64 726 404 726 64 727 402 727 62 727 404 728 66 728 406 728 66 729 404 729 64 729 406 730 66 730 67 730 407 731 406 731 67 731 67 732 405 732 407 732 405 733 67 733 65 733 63 734 405 734 65 734 63 735 403 735 405 735 61 736 403 736 63 736 61 737 401 737 403 737 59 738 401 738 61 738 59 739 399 739 401 739 59 740 398 740 399 740 398 741 59 741 58 741 56 742 398 742 58 742 56 743 396 743 398 743 54 744 396 744 56 744 54 745 394 745 396 745 51 746 394 746 54 746 51 747 390 747 394 747 48 748 390 748 51 748 48 749 388 749 390 749 46 750 388 750 48 750 46 751 386 751 388 751 43 752 386 752 46 752 43 753 383 753 386 753 41 754 383 754 43 754 41 755 381 755 383 755 39 756 381 756 41 756 39 757 379 757 381 757 379 758 37 758 376 758 37 759 379 759 39 759 376 760 36 760 377 760 36 761 376 761 37 761 377 762 34 762 375 762 34 763 377 763 36 763 375 764 32 764 372 764 32 765 375 765 34 765 372 766 31 766 370 766 31 767 372 767 32 767 370 768 30 768 371 768 30 769 370 769 31 769 371 770 28 770 369 770 28 771 371 771 30 771 369 772 86 772 426 772 86 773 369 773 28 773 426 774 26 774 367 774 26 775 426 775 86 775 93 776 367 776 26 776 367 777 93 777 433 777 24 778 433 778 93 778 433 779 24 779 365 779 94 780 365 780 24 780 365 781 94 781 434 781 21 782 434 782 94 782 434 783 21 783 362 783 362 784 21 784 18 784 358 785 362 785 18 785 358 786 18 786 14 786 354 787 358 787 14 787 5 788 354 788 14 788 354 789 5 789 346 789 346 790 5 790 3 790 344 791 346 791 3 791 1 792 344 792 3 792 344 793 1 793 340 793 340 794 1 794 0 794 341 795 340 795 0 795 341 796 99 796 439 796 99 797 341 797 0 797 439 798 99 798 9 798 348 799 439 799 9 799 348 800 9 800 8 800 349 801 348 801 8 801 349 802 103 802 443 802 103 803 349 803 8 803 443 804 16 804 355 804 16 805 443 805 103 805 355 806 15 806 356 806 15 807 355 807 16 807 356 808 105 808 445 808 105 809 356 809 15 809 107 810 445 810 105 810 107 811 447 811 445 811 88 812 447 812 107 812 88 813 427 813 447 813 108 814 427 814 88 814 108 815 448 815 427 815 110 816 448 816 108 816 110 817 450 817 448 817 97 818 450 818 110 818 97 819 437 819 450 819 96 820 437 820 97 820 96 821 435 821 437 821 96 822 432 822 435 822 432 823 96 823 92 823 131 824 432 824 92 824 131 825 471 825 432 825 131 826 454 826 471 826 454 827 131 827 114 827 114 828 457 828 454 828 457 829 114 829 117 829 117 830 455 830 457 830 455 831 117 831 116 831 119 832 455 832 116 832 119 833 459 833 455 833 122 834 459 834 119 834 122 835 462 835 459 835 462 836 121 836 460 836 121 837 462 837 122 837 460 838 120 838 461 838 120 839 460 839 121 839 461 840 118 840 458 840 118 841 461 841 120 841 458 842 115 842 456 842 115 843 458 843 118 843 456 844 115 844 123 844 463 845 456 845 123 845 463 846 123 846 127 846 467 847 463 847 127 847 467 848 127 848 113 848 452 849 467 849 113 849 112 850 452 850 113 850 452 851 112 851 453 851 453 852 112 852 132 852 472 853 453 853 132 853 91 854 472 854 132 854 472 855 91 855 430 855 90 856 430 856 91 856 430 857 90 857 431 857 95 858 431 858 90 858 431 859 95 859 436 859 436 860 95 860 111 860 451 861 436 861 111 861 451 862 111 862 109 862 449 863 451 863 109 863 423 864 83 864 424 864 83 865 423 865 84 865 128 866 424 866 83 866 424 867 128 867 468 867 128 868 421 868 468 868 421 869 128 869 80 869 421 870 130 870 469 870 130 871 421 871 80 871 129 872 469 872 130 872 469 873 129 873 470 873 470 874 129 874 82 874 422 875 470 875 82 875 422 876 81 876 420 876 81 877 422 877 82 877 85 878 420 878 81 878 85 879 425 879 420 879 146 880 425 880 85 880 146 881 486 881 425 881 486 882 142 882 482 882 142 883 486 883 146 883 141 884 482 884 142 884 141 885 480 885 482 885 140 886 480 886 141 886 480 887 140 887 481 887 140 888 423 888 481 888 423 889 140 889 84 889 75 890 417 890 77 890 417 891 75 891 415 891 415 892 149 892 489 892 149 893 415 893 75 893 150 894 489 894 149 894 489 894 150 894 490 894 490 895 150 895 74 895 414 896 490 896 74 896 414 897 73 897 412 897 73 898 414 898 74 898 72 899 412 899 73 899 72 900 413 900 412 900 413 901 76 901 416 901 76 902 413 902 72 902 416 903 76 903 79 903 419 904 416 904 79 904 419 905 78 905 418 905 78 906 419 906 79 906 153 907 418 907 78 907 153 908 493 908 418 908 154 909 493 909 153 909 493 910 154 910 494 910 154 911 417 911 494 911 417 912 154 912 77 912 68 913 410 913 71 913 410 914 68 914 408 914 151 915 408 915 68 915 408 916 151 916 491 916 152 917 491 917 151 917 491 918 152 918 492 918 492 919 152 919 147 919 487 920 492 920 147 920 487 921 147 921 214 921 551 922 487 922 214 922 551 923 214 923 177 923 517 924 551 924 177 924 517 925 177 925 176 925 516 926 517 926 176 926 516 927 158 927 498 927 158 928 516 928 176 928 498 929 160 929 501 929 160 930 498 930 158 930 501 931 163 931 504 931 163 932 501 932 160 932 504 933 167 933 507 933 167 934 504 934 163 934 507 935 168 935 508 935 168 936 507 936 167 936 508 937 170 937 510 937 170 938 508 938 168 938 171 939 510 939 170 939 510 940 171 940 511 940 171 941 509 941 511 941 509 942 171 942 169 942 166 943 509 943 169 943 166 944 506 944 509 944 165 945 506 945 166 945 165 946 505 946 506 946 165 947 503 947 505 947 503 948 165 948 164 948 162 949 503 949 164 949 162 950 502 950 503 950 161 951 502 951 162 951 161 952 500 952 502 952 161 953 499 953 500 953 499 954 161 954 159 954 159 955 497 955 499 955 497 956 159 956 157 956 497 957 157 957 223 957 563 958 497 958 223 958 563 959 223 959 221 959 561 960 563 960 221 960 520 961 221 961 179 961 221 962 520 962 561 962 521 963 179 963 181 963 179 964 521 964 520 964 521 965 181 965 210 965 550 966 521 966 210 966 550 967 210 967 187 967 528 968 550 968 187 968 528 969 187 969 189 969 529 970 528 970 189 970 529 971 189 971 186 971 526 972 529 972 186 972 186 973 524 973 526 973 524 974 186 974 185 974 185 975 548 975 524 975 548 976 185 976 209 976 209 977 547 977 548 977 547 978 209 978 207 978 207 979 545 979 547 979 545 980 207 980 206 980 206 981 557 981 545 981 557 982 206 982 217 982 217 983 531 983 557 983 531 984 217 984 191 984 191 985 530 985 531 985 530 986 191 986 190 986 190 987 353 987 530 987 353 988 190 988 13 988 13 989 539 989 353 989 539 990 13 990 199 990 183 991 539 991 199 991 183 992 523 992 539 992 194 993 523 993 183 993 194 994 534 994 523 994 193 995 534 995 194 995 193 996 532 996 534 996 532 997 213 997 554 997 213 998 532 998 193 998 216 999 554 999 213 999 216 1000 552 1000 554 1000 215 894 552 894 216 894 552 894 215 894 553 894 215 1001 410 1001 553 1001 410 1002 215 1002 71 1002 69 1003 555 1003 409 1003 555 1004 69 1004 211 1004 212 1005 555 1005 211 1005 555 1006 212 1006 556 1006 544 1007 212 1007 204 1007 556 1008 212 1008 544 1008 533 1009 204 1009 192 1009 544 1010 204 1010 533 1010 182 1011 533 1011 192 1011 533 1012 182 1012 522 1012 12 1013 522 1013 182 1013 522 1014 12 1014 351 1014 11 1015 351 1015 12 1015 351 1016 11 1016 352 1016 352 1017 205 1017 546 1017 205 1018 352 1018 11 1018 549 1019 205 1019 208 1019 546 1020 205 1020 549 1020 549 1021 184 1021 525 1021 184 1022 549 1022 208 1022 218 1023 558 1023 184 1023 558 1024 525 1024 184 1024 188 1025 527 1025 218 1025 527 1026 558 1026 218 1026 219 1027 559 1027 188 1027 559 1028 527 1028 188 1028 180 1029 519 1029 219 1029 519 1030 559 1030 219 1030 519 1031 220 1031 560 1031 220 1032 519 1032 180 1032 560 1033 222 1033 562 1033 222 1034 560 1034 220 1034 562 1035 224 1035 564 1035 224 1036 562 1036 222 1036 564 1037 156 1037 495 1037 156 1038 564 1038 224 1038 495 1039 155 1039 496 1039 155 1040 495 1040 156 1040 496 1041 178 1041 518 1041 178 1042 496 1042 155 1042 518 1043 148 1043 488 1043 148 1044 518 1044 178 1044 488 1045 70 1045 411 1045 70 1046 488 1046 148 1046 411 1047 69 1047 409 1047 69 1048 411 1048 70 1048 543 1049 201 1049 541 1049 201 1050 543 1050 202 1050 203 1051 541 1051 201 1051 203 1052 542 1052 541 1052 200 1053 542 1053 203 1053 542 1054 200 1054 540 1054 540 1055 200 1055 202 1055 543 1056 540 1056 202 1056 630 1057 273 1057 290 1057 273 1058 630 1058 613 1058 630 1059 290 1059 269 1059 610 1060 630 1060 269 1060 610 1061 269 1061 266 1061 607 1062 610 1062 266 1062 607 1063 266 1063 268 1063 608 1064 607 1064 268 1064 268 1065 566 1065 608 1065 566 1066 268 1066 225 1066 566 1067 225 1067 227 1067 567 1068 566 1068 227 1068 567 1069 227 1069 265 1069 605 1070 567 1070 265 1070 265 1071 602 1071 605 1071 602 1072 265 1072 262 1072 262 1073 576 1073 602 1073 576 1074 262 1074 236 1074 236 1075 574 1075 576 1075 574 1076 236 1076 235 1076 235 1077 577 1077 574 1077 577 1078 235 1078 238 1078 238 1079 579 1079 577 1079 579 1080 238 1080 240 1080 240 1081 586 1081 579 1081 586 1082 240 1082 246 1082 246 1083 585 1083 586 1083 585 1084 246 1084 245 1084 245 1085 581 1085 585 1085 581 1086 245 1086 242 1086 249 1087 581 1087 242 1087 249 1088 588 1088 581 1088 248 1089 588 1089 249 1089 248 1090 589 1090 588 1090 589 1091 253 1091 593 1091 253 1092 589 1092 248 1092 593 1093 232 1093 571 1093 232 1094 593 1094 253 1094 571 1095 255 1095 594 1095 255 1095 571 1095 232 1095 254 1096 594 1096 255 1096 254 1097 595 1097 594 1097 595 1098 257 1098 597 1098 257 1099 595 1099 254 1099 259 1100 597 1100 257 1100 259 1101 599 1101 597 1101 599 1102 259 1102 229 1102 568 1103 599 1103 229 1103 568 1104 229 1104 228 1104 569 1105 568 1105 228 1105 569 1106 228 1106 292 1106 632 1107 569 1107 292 1107 632 1108 274 1108 615 1108 274 1109 632 1109 292 1109 615 1110 274 1110 287 1110 627 1111 615 1111 287 1111 627 1112 287 1112 277 1112 617 1113 627 1113 277 1113 617 1114 277 1114 291 1114 631 1115 617 1115 291 1115 280 1116 631 1116 291 1116 631 1117 280 1117 620 1117 620 1118 280 1118 282 1118 622 1119 620 1119 282 1119 622 1120 282 1120 284 1120 624 1121 622 1121 284 1121 286 1122 624 1122 284 1122 624 1123 286 1123 626 1123 626 1124 286 1124 271 1124 612 1125 626 1125 271 1125 612 1126 271 1126 273 1126 613 1127 612 1127 273 1127 285 1128 623 1128 625 1128 623 1129 285 1129 283 1129 283 1130 621 1130 623 1130 621 1131 283 1131 281 1131 278 1132 618 1132 281 1132 618 1133 621 1133 281 1133 276 1134 616 1134 278 1134 616 1135 618 1135 278 1135 275 1136 614 1136 276 1136 614 1137 616 1137 276 1137 230 1138 570 1138 275 1138 570 1139 614 1139 275 1139 230 1140 603 1140 570 1140 603 1141 230 1141 263 1141 263 1142 600 1142 603 1142 600 1143 263 1143 260 1143 633 1144 260 1144 293 1144 600 1145 260 1145 633 1145 598 1146 293 1146 258 1146 633 1147 293 1147 598 1147 596 1148 258 1148 256 1148 598 1149 258 1149 596 1149 256 1150 634 1150 596 1150 634 1151 256 1151 294 1151 572 1152 294 1152 231 1152 634 1153 294 1153 572 1153 573 1154 231 1154 233 1154 572 1155 231 1155 573 1155 591 1156 233 1156 251 1156 573 1157 233 1157 591 1157 592 1158 251 1158 252 1158 251 1159 592 1159 591 1159 590 1160 252 1160 250 1160 252 1161 590 1161 592 1161 635 1162 250 1162 295 1162 250 1163 635 1163 590 1163 582 1164 295 1164 241 1164 295 1165 582 1165 635 1165 583 1166 241 1166 243 1166 582 1167 241 1167 583 1167 584 1168 243 1168 244 1168 583 1169 243 1169 584 1169 247 1170 584 1170 244 1170 584 1171 247 1171 587 1171 239 1172 587 1172 247 1172 587 1173 239 1173 580 1173 580 1174 237 1174 578 1174 237 1175 580 1175 239 1175 575 1176 237 1176 234 1176 578 1177 237 1177 575 1177 601 1178 234 1178 261 1178 575 1179 234 1179 601 1179 601 1180 264 1180 604 1180 264 1181 601 1181 261 1181 604 1182 296 1182 636 1182 296 1183 604 1183 264 1183 636 1184 226 1184 565 1184 226 1185 636 1185 296 1185 565 1186 267 1186 606 1186 267 1187 565 1187 226 1187 606 1188 270 1188 609 1188 270 1189 606 1189 267 1189 609 1190 289 1190 628 1190 289 1191 609 1191 270 1191 628 1192 288 1192 629 1192 288 1193 628 1193 289 1193 629 1194 272 1194 611 1194 272 1195 629 1195 288 1195 611 1196 279 1196 619 1196 279 1197 611 1197 272 1197 279 1198 625 1198 619 1198 625 1199 279 1199 285 1199 485 1200 143 1200 145 1200 143 1201 485 1201 484 1201 649 1202 145 1202 309 1202 145 1203 649 1203 485 1203 649 1204 309 1204 135 1204 475 1205 649 1205 135 1205 297 1206 475 1206 135 1206 297 1207 637 1207 475 1207 138 1208 637 1208 297 1208 637 1209 138 1209 478 1209 138 1210 640 1210 478 1210 640 1211 138 1211 300 1211 640 1212 299 1212 638 1212 299 1213 640 1213 300 1213 638 1214 298 1214 639 1214 298 1215 638 1215 299 1215 639 1216 137 1216 476 1216 137 1217 639 1217 298 1217 136 1218 476 1218 137 1218 136 1219 477 1219 476 1219 301 1220 477 1220 136 1220 301 1221 641 1221 477 1221 302 1222 641 1222 301 1222 302 1223 642 1223 641 1223 642 1224 303 1224 643 1224 303 1225 642 1225 302 1225 304 1226 643 1226 303 1226 304 1227 644 1227 643 1227 644 1228 306 1228 645 1228 306 1229 644 1229 304 1229 645 1230 305 1230 646 1230 305 1231 645 1231 306 1231 646 1232 307 1232 647 1232 307 1233 646 1233 305 1233 647 1234 134 1234 473 1234 134 1235 647 1235 307 1235 473 1236 133 1236 474 1236 133 1237 473 1237 134 1237 474 1238 139 1238 479 1238 139 1239 474 1239 133 1239 479 1240 308 1240 648 1240 308 1241 479 1241 139 1241 648 1242 310 1242 650 1242 310 1243 648 1243 308 1243 650 1244 311 1244 651 1244 311 1245 650 1245 310 1245 651 1246 312 1246 652 1246 312 1247 651 1247 311 1247 652 1248 313 1248 653 1248 313 1249 652 1249 312 1249 314 1250 653 1250 313 1250 314 1251 654 1251 653 1251 315 1252 654 1252 314 1252 315 1253 655 1253 654 1253 144 1254 655 1254 315 1254 144 1255 483 1255 655 1255 144 1256 656 1256 483 1256 656 1257 144 1257 316 1257 316 1258 657 1258 656 1258 657 1259 316 1259 317 1259 319 1260 657 1260 317 1260 319 1261 659 1261 657 1261 321 1262 659 1262 319 1262 321 1263 660 1263 659 1263 324 1264 660 1264 321 1264 324 1265 664 1265 660 1265 324 1266 676 1266 664 1266 676 1267 324 1267 336 1267 327 1268 676 1268 336 1268 327 1269 667 1269 676 1269 328 1270 667 1270 327 1270 328 1271 668 1271 667 1271 668 1272 328 1272 126 1272 466 1273 668 1273 126 1273 126 1274 669 1274 466 1274 669 1275 126 1275 329 1275 669 1276 329 1276 330 1276 670 1277 669 1277 330 1277 330 1278 672 1278 670 1278 672 1279 330 1279 332 1279 332 1280 674 1280 672 1280 674 1281 332 1281 334 1281 674 1282 333 1282 673 1282 333 1283 674 1283 334 1283 673 1284 331 1284 671 1284 331 1285 673 1285 333 1285 671 1286 125 1286 464 1286 125 1287 671 1287 331 1287 124 1288 464 1288 125 1288 124 1289 465 1289 464 1289 326 1290 465 1290 124 1290 326 1291 665 1291 465 1291 665 1292 325 1292 666 1292 325 1293 665 1293 326 1293 666 1294 335 1294 675 1294 335 1295 666 1295 325 1295 675 1296 337 1296 677 1296 337 1297 675 1297 335 1297 677 1298 337 1298 323 1298 662 1299 677 1299 323 1299 662 1300 323 1300 322 1300 663 1301 662 1301 322 1301 338 1302 663 1302 322 1302 663 1303 338 1303 678 1303 339 1304 678 1304 338 1304 678 1305 339 1305 679 1305 320 1306 679 1306 339 1306 679 1307 320 1307 661 1307 661 1308 320 1308 318 1308 658 1309 661 1309 318 1309 658 1310 318 1310 143 1310 484 1311 658 1311 143 1311 538 1283 196 1283 536 1283 196 1312 538 1312 197 1312 536 1313 198 1313 537 1313 198 1314 536 1314 196 1314 195 1315 537 1315 198 1315 537 1316 195 1316 535 1316 195 1317 538 1317 535 1317 538 1318 195 1318 197 1318 515 1319 173 1319 513 1319 173 1320 515 1320 174 1320 175 1321 513 1321 173 1321 175 1322 514 1322 513 1322 172 1323 514 1323 175 1323 514 1324 172 1324 512 1324 512 1325 172 1325 174 1325 515 1326 512 1326 174 1326 680 1327 681 1327 682 1327 683 1328 680 1328 684 1328 685 1329 683 1329 686 1329 680 1330 682 1330 684 1330 683 1331 684 1331 686 1331 680 1332 687 1332 681 1332 688 1333 689 1333 690 1333 691 1334 692 1334 693 1334 685 1335 686 1335 694 1335 695 1336 696 1336 697 1336 698 1337 694 1337 699 1337 696 1338 700 1338 697 1338 701 1339 702 1339 703 1339 704 1340 701 1340 705 1340 706 1341 704 1341 707 1341 708 1342 706 1342 709 1342 708 1343 710 1343 711 1343 712 1344 711 1344 713 1344 714 1345 712 1345 715 1345 716 1346 717 1346 718 1346 719 1347 720 1347 716 1347 720 1348 717 1348 716 1348 721 1349 722 1349 719 1349 723 1350 724 1350 721 1350 725 1351 724 1351 723 1351 726 1352 725 1352 727 1352 728 1353 726 1353 729 1353 730 1354 731 1354 732 1354 733 1355 734 1355 731 1355 735 1356 736 1356 734 1356 737 1357 738 1357 736 1357 737 1358 739 1358 738 1358 739 1359 740 1359 741 1359 740 1360 742 1360 743 1360 742 1361 744 1361 743 1361 742 1362 745 1362 744 1362 745 1363 746 1363 747 1363 745 1364 747 1364 744 1364 748 1365 749 1365 750 1365 749 1366 748 1366 751 1366 740 1367 743 1367 741 1367 739 1368 741 1368 738 1368 752 1369 753 1369 754 1369 735 1370 737 1370 736 1370 733 1371 735 1371 734 1371 755 1372 756 1372 757 1372 733 1373 731 1373 730 1373 730 1374 732 1374 728 1374 730 1375 728 1375 729 1375 729 1376 726 1376 727 1376 727 1377 725 1377 723 1377 724 1378 722 1378 721 1378 758 1379 759 1379 760 1379 722 1380 720 1380 719 1380 717 1381 714 1381 718 1381 718 1382 714 1382 715 1382 712 1383 713 1383 715 1383 712 1384 708 1384 711 1384 708 1385 709 1385 710 1385 761 1386 762 1386 763 1386 706 1387 764 1387 709 1387 706 1388 707 1388 764 1388 765 1389 766 1389 767 1389 768 1390 769 1390 770 1390 704 1391 771 1391 707 1391 704 1392 705 1392 771 1392 701 1393 772 1393 705 1393 701 1394 703 1394 772 1394 773 1395 774 1395 775 1395 702 1396 699 1396 703 1396 702 1397 698 1397 699 1397 698 1398 685 1398 694 1398 688 1399 776 1399 689 1399 687 1400 777 1400 681 1400 687 1401 778 1401 777 1401 779 1402 690 1402 777 1402 778 1403 779 1403 777 1403 779 1404 780 1404 690 1404 780 1405 688 1405 690 1405 776 1406 781 1406 689 1406 781 1407 782 1407 695 1407 776 1408 782 1408 781 1408 782 1409 696 1409 695 1409 697 1410 700 1410 783 1410 700 1411 784 1411 783 1411 784 1412 765 1412 785 1412 783 1413 784 1413 785 1413 785 1414 765 1414 767 1414 767 1415 766 1415 786 1415 786 1416 766 1416 787 1416 786 1417 787 1417 788 1417 788 1418 787 1418 789 1418 774 1419 788 1419 789 1419 790 1420 791 1420 792 1420 793 1421 794 1421 795 1421 793 1422 795 1422 796 1422 797 1423 793 1423 796 1423 797 1424 798 1424 799 1424 797 1425 796 1425 798 1425 800 1426 797 1426 799 1426 794 1427 801 1427 795 1427 802 1428 803 1428 804 1428 794 1429 805 1429 801 1429 761 1430 806 1430 762 1430 794 1431 790 1431 805 1431 790 1432 792 1432 805 1432 759 1433 807 1433 808 1433 790 1434 809 1434 791 1434 809 1435 810 1435 791 1435 811 1436 812 1436 813 1436 809 1437 770 1437 810 1437 809 1438 768 1438 770 1438 814 1439 815 1439 816 1439 768 1440 773 1440 769 1440 813 1441 812 1441 817 1441 773 1442 775 1442 769 1442 774 1443 789 1443 775 1443 763 1444 818 1444 819 1444 820 1445 763 1445 819 1445 759 1446 758 1446 807 1446 821 1447 822 1447 823 1447 759 1448 806 1448 761 1448 824 1449 763 1449 820 1449 760 1450 759 1450 761 1450 824 1451 761 1451 763 1451 825 1452 826 1452 750 1452 827 1453 756 1453 754 1453 756 1454 827 1454 828 1454 827 1455 829 1455 830 1455 753 1456 829 1456 754 1456 750 1457 831 1457 832 1457 754 1458 829 1458 827 1458 756 1459 828 1459 757 1459 757 1460 828 1460 833 1460 828 1461 834 1461 833 1461 835 1462 836 1462 837 1462 836 1463 838 1463 839 1463 840 1464 841 1464 842 1464 843 1465 844 1465 845 1465 843 1466 845 1466 842 1466 844 1467 846 1467 845 1467 846 1468 847 1468 845 1468 846 1469 848 1469 847 1469 846 1470 849 1470 848 1470 849 1471 850 1471 848 1471 849 1472 851 1472 850 1472 841 1473 843 1473 842 1473 840 1474 842 1474 839 1474 838 1475 840 1475 839 1475 836 1476 839 1476 852 1476 836 1477 852 1477 853 1477 854 1478 836 1478 853 1478 855 1479 856 1479 857 1479 858 1480 693 1480 859 1480 860 1481 861 1481 862 1481 863 1482 864 1482 865 1482 866 1483 867 1483 692 1483 868 1484 869 1484 870 1484 868 1485 858 1485 859 1485 858 1486 871 1486 693 1486 868 1487 859 1487 869 1487 871 1488 691 1488 693 1488 870 1489 869 1489 872 1489 873 1490 874 1490 875 1490 876 1491 860 1491 877 1491 864 1492 878 1492 865 1492 825 1493 854 1493 879 1493 826 1494 831 1494 750 1494 750 1495 832 1495 748 1495 751 1496 880 1496 881 1496 882 1497 751 1497 881 1497 749 1498 751 1498 882 1498 883 1499 870 1499 884 1499 870 1500 883 1500 882 1500 883 1501 749 1501 882 1501 870 1502 872 1502 884 1502 691 1503 866 1503 692 1503 885 1504 875 1504 692 1504 867 1505 885 1505 692 1505 885 1506 873 1506 875 1506 874 1507 876 1507 877 1507 874 1508 877 1508 875 1508 860 1509 862 1509 877 1509 862 1510 863 1510 886 1510 861 1511 863 1511 862 1511 886 1512 863 1512 865 1512 865 1513 878 1513 887 1513 887 1514 855 1514 857 1514 878 1515 855 1515 887 1515 857 1516 856 1516 888 1516 856 1517 889 1517 888 1517 888 1518 889 1518 890 1518 889 1519 891 1519 890 1519 890 1520 891 1520 892 1520 892 1521 891 1521 835 1521 891 1522 836 1522 835 1522 837 1523 836 1523 854 1523 854 1524 853 1524 879 1524 825 1525 879 1525 826 1525 893 1526 894 1526 895 1526 894 1526 893 1526 896 1526 897 1527 898 1527 899 1527 900 1528 901 1528 902 1528 903 1529 904 1529 905 1529 906 1530 907 1530 908 1530 909 1531 906 1531 910 1531 911 1532 909 1532 912 1532 913 1533 914 1533 915 1533 916 1534 917 1534 913 1534 916 1535 918 1535 917 1535 918 1536 911 1536 919 1536 920 1537 921 1537 922 1537 923 1538 924 1538 922 1538 925 1539 903 1539 905 1539 926 1540 927 1540 928 1540 928 1541 929 1541 930 1541 930 1542 931 1542 932 1542 907 1543 933 1543 934 1543 935 1544 902 1544 932 1544 933 1545 936 1545 937 1545 938 1546 939 1546 940 1546 939 1547 941 1547 942 1547 943 1548 944 1548 945 1548 946 1549 947 1549 948 1549 947 1550 949 1550 950 1550 951 1551 943 1551 945 1551 949 1552 952 1552 953 1552 952 1553 954 1553 955 1553 952 1554 955 1554 953 1554 954 1555 956 1555 955 1555 954 1556 957 1556 956 1556 957 1557 958 1557 956 1557 947 1558 959 1558 948 1558 957 1559 945 1559 958 1559 951 1560 945 1560 957 1560 960 1561 961 1561 962 1561 949 1562 963 1562 950 1562 949 1563 953 1563 963 1563 947 1564 950 1564 959 1564 946 1565 948 1565 964 1565 900 1566 964 1566 901 1566 900 1567 946 1567 964 1567 935 1568 900 1568 902 1568 931 1569 935 1569 932 1569 965 1570 931 1570 930 1570 929 1571 965 1571 930 1571 927 1572 929 1572 928 1572 966 1573 927 1573 926 1573 905 1574 966 1574 926 1574 904 1575 966 1575 905 1575 924 1576 903 1576 925 1576 922 1577 924 1577 925 1577 921 1578 923 1578 922 1578 967 1579 921 1579 920 1579 915 1580 967 1580 920 1580 915 1581 914 1581 967 1581 916 1582 913 1582 915 1582 918 1583 919 1583 917 1583 911 1584 912 1584 919 1584 909 1585 910 1585 912 1585 906 1586 908 1586 910 1586 907 1587 934 1587 908 1587 933 1588 937 1588 934 1588 937 1589 936 1589 968 1589 936 1590 897 1590 968 1590 968 1591 897 1591 899 1591 898 1592 938 1592 899 1592 899 1593 938 1593 940 1593 940 1594 939 1594 942 1594 942 1595 941 1595 960 1595 941 1596 961 1596 960 1596 961 1597 944 1597 962 1597 962 1598 944 1598 943 1598 812 1599 815 1599 969 1599 970 1600 971 1600 972 1600 972 1601 815 1601 814 1601 971 1602 815 1602 972 1602 816 1603 815 1603 973 1603 973 1604 815 1604 974 1604 974 1605 815 1605 975 1605 975 1606 815 1606 812 1606 975 1607 812 1607 976 1607 977 1608 812 1608 978 1608 976 1609 812 1609 977 1609 978 1610 812 1610 979 1610 979 1611 812 1611 811 1611 817 1612 812 1612 980 1612 812 1613 981 1613 980 1613 980 1614 981 1614 982 1614 982 1615 981 1615 983 1615 983 1616 981 1616 984 1616 984 1617 981 1617 985 1617 981 1618 822 1618 985 1618 985 1619 822 1619 986 1619 986 1620 822 1620 987 1620 987 1621 822 1621 821 1621 988 1622 821 1622 823 1622 988 1623 823 1623 989 1623 989 1624 823 1624 990 1624 991 1625 989 1625 990 1625 992 1626 991 1626 993 1626 994 1627 995 1627 996 1627 997 1628 998 1628 999 1628 1000 1629 998 1629 997 1629 803 1630 1000 1630 804 1630 1001 1631 803 1631 802 1631 1002 1632 1001 1632 802 1632 1003 1633 1002 1633 802 1633 1004 1634 1002 1634 1003 1634 1005 1635 1004 1635 1006 1635 1006 1636 1004 1636 1003 1636 804 1637 1000 1637 997 1637 998 1638 1007 1638 999 1638 998 1639 1008 1639 1007 1639 1008 1640 1009 1640 1007 1640 1008 1641 996 1641 1009 1641 1008 1642 994 1642 996 1642 994 1643 1010 1643 995 1643 994 1644 1011 1644 1010 1644 994 1645 992 1645 1011 1645 992 1646 993 1646 1011 1646 991 1647 990 1647 993 1647 1012 1648 1013 1648 1014 1648 1013 1649 1012 1649 1015 1649 1016 1650 1017 1650 1018 1650 1017 1651 1016 1651 1019 1651 1020 1652 1021 1652 1022 1652 1021 1653 1023 1653 1024 1653 1023 1654 1025 1654 1026 1654 1022 1655 1021 1655 1024 1655 1024 1656 1023 1656 1026 1656 1027 1657 1021 1657 1020 1657 1028 1658 1029 1658 1030 1658 1031 1659 1032 1659 1033 1659 1026 1660 1025 1660 1034 1660 1035 1661 1036 1661 1037 1661 1034 1662 1038 1662 1039 1662 1040 1663 1035 1663 1037 1663 1041 1664 1042 1664 1043 1664 1042 1665 1044 1665 1045 1665 1044 1666 1046 1666 1047 1666 1046 1667 1048 1667 1049 1667 1050 1668 1048 1668 1051 1668 1051 1669 1052 1669 1053 1669 1052 1670 1054 1670 1055 1670 1056 1671 1057 1671 1058 1671 1059 1672 1060 1672 1057 1672 1056 1673 1059 1673 1057 1673 1061 1674 1062 1674 1060 1674 1063 1675 1064 1675 1062 1675 1063 1676 1065 1676 1064 1676 1065 1677 1066 1677 1067 1677 1066 1678 1068 1678 1069 1678 1070 1679 1071 1679 1072 1679 1073 1680 1074 1680 1070 1680 1075 1681 1076 1681 1073 1681 1077 1682 1078 1682 1075 1682 1079 1683 1078 1683 1077 1683 1080 1684 1079 1684 1081 1684 1082 1685 1080 1685 1083 1685 1084 1686 1082 1686 1083 1686 1085 1687 1082 1687 1084 1687 1086 1688 1085 1688 1087 1688 1087 1689 1085 1689 1084 1689 1088 1690 1089 1690 1090 1690 1089 1691 1088 1691 1091 1691 1083 1692 1080 1692 1081 1692 1081 1693 1079 1693 1077 1693 1092 1694 1093 1694 1094 1694 1078 1695 1076 1695 1075 1695 1076 1696 1074 1696 1073 1696 1095 1697 1096 1697 1097 1697 1070 1698 1074 1698 1071 1698 1072 1699 1071 1699 1068 1699 1068 1700 1071 1700 1069 1700 1066 1701 1069 1701 1067 1701 1065 1702 1067 1702 1064 1702 1061 1703 1063 1703 1062 1703 1098 1704 1099 1704 1100 1704 1059 1705 1061 1705 1060 1705 1054 1706 1056 1706 1058 1706 1054 1707 1058 1707 1055 1707 1053 1708 1052 1708 1055 1708 1048 1709 1052 1709 1051 1709 1049 1710 1048 1710 1050 1710 1101 1711 1102 1711 1103 1711 1104 1712 1046 1712 1049 1712 1047 1713 1046 1713 1104 1713 1105 1714 1106 1714 1107 1714 1108 1715 1109 1715 1110 1715 1111 1716 1044 1716 1047 1716 1045 1717 1044 1717 1111 1717 1112 1718 1042 1718 1045 1718 1043 1719 1042 1719 1112 1719 1113 1720 1114 1720 1115 1720 1039 1721 1041 1721 1043 1721 1038 1722 1041 1722 1039 1722 1025 1723 1038 1723 1034 1723 1116 1724 1029 1724 1028 1724 1117 1725 1027 1725 1020 1725 1118 1726 1027 1726 1117 1726 1030 1727 1119 1727 1117 1727 1119 1728 1118 1728 1117 1728 1120 1729 1119 1729 1030 1729 1029 1730 1120 1730 1030 1730 1121 1731 1116 1731 1028 1731 1122 1732 1121 1732 1036 1732 1122 1733 1116 1733 1121 1733 1035 1734 1122 1734 1036 1734 1040 1735 1037 1735 1123 1735 1124 1736 1040 1736 1123 1736 1106 1737 1124 1737 1125 1737 1124 1738 1123 1738 1125 1738 1106 1739 1125 1739 1107 1739 1105 1740 1107 1740 1126 1740 1105 1741 1126 1741 1127 1741 1127 1742 1126 1742 1128 1742 1127 1743 1128 1743 1129 1743 1128 1744 1113 1744 1129 1744 1130 1745 1131 1745 1132 1745 1133 1746 1134 1746 1135 1746 1135 1747 1134 1747 1136 1747 1134 1748 1137 1748 1136 1748 1138 1749 1137 1749 1139 1749 1136 1750 1137 1750 1138 1750 1137 1751 1140 1751 1139 1751 1141 1752 1133 1752 1135 1752 1142 1753 1143 1753 1144 1753 1145 1754 1133 1754 1141 1754 1146 1755 1102 1755 1101 1755 1131 1756 1133 1756 1145 1756 1132 1757 1131 1757 1145 1757 1147 1758 1098 1758 1148 1758 1149 1759 1131 1759 1130 1759 1150 1760 1149 1760 1130 1760 1151 1761 1152 1761 1153 1761 1110 1762 1149 1762 1150 1762 1109 1763 1149 1763 1110 1763 1154 1764 1155 1764 1156 1764 1114 1765 1109 1765 1108 1765 1151 1766 1153 1766 1157 1766 1115 1767 1114 1767 1108 1767 1129 1768 1113 1768 1115 1768 1158 1769 1103 1769 1159 1769 1103 1770 1160 1770 1159 1770 1099 1771 1098 1771 1147 1771 1161 1772 1162 1772 1163 1772 1146 1773 1098 1773 1102 1773 1103 1774 1164 1774 1160 1774 1098 1775 1100 1775 1102 1775 1102 1776 1164 1776 1103 1776 1165 1777 1166 1777 1091 1777 1167 1778 1095 1778 1168 1778 1095 1779 1167 1779 1094 1779 1169 1780 1167 1780 1170 1780 1169 1781 1092 1781 1094 1781 1171 1782 1091 1782 1172 1782 1169 1783 1094 1783 1167 1783 1168 1784 1095 1784 1097 1784 1168 1785 1097 1785 1173 1785 1174 1786 1168 1786 1173 1786 1175 1787 1176 1787 1177 1787 1178 1788 1175 1788 1179 1788 1180 1789 1181 1789 1182 1789 1183 1790 1184 1790 1185 1790 1185 1791 1184 1791 1182 1791 1186 1792 1183 1792 1185 1792 1187 1793 1186 1793 1185 1793 1188 1794 1186 1794 1187 1794 1189 1795 1186 1795 1188 1795 1190 1796 1189 1796 1188 1796 1191 1797 1189 1797 1190 1797 1184 1798 1180 1798 1182 1798 1182 1799 1181 1799 1179 1799 1181 1800 1178 1800 1179 1800 1179 1801 1175 1801 1192 1801 1192 1802 1175 1802 1193 1802 1175 1803 1194 1803 1193 1803 1195 1804 1196 1804 1197 1804 1033 1805 1198 1805 1199 1805 1200 1806 1201 1806 1202 1806 1203 1807 1204 1807 1205 1807 1206 1808 1207 1808 1031 1808 1208 1809 1209 1809 1210 1809 1198 1810 1209 1810 1199 1810 1211 1811 1198 1811 1033 1811 1199 1812 1209 1812 1208 1812 1032 1813 1211 1813 1033 1813 1208 1814 1210 1814 1212 1814 1213 1815 1214 1815 1215 1815 1201 1816 1216 1816 1217 1816 1218 1817 1203 1817 1205 1817 1194 1818 1166 1818 1219 1818 1171 1819 1165 1819 1091 1819 1172 1820 1091 1820 1088 1820 1220 1821 1090 1821 1221 1821 1090 1822 1222 1822 1221 1822 1090 1823 1089 1823 1222 1823 1223 1824 1210 1824 1222 1824 1210 1825 1223 1825 1224 1825 1089 1826 1223 1826 1222 1826 1212 1827 1210 1827 1224 1827 1207 1828 1032 1828 1031 1828 1215 1829 1225 1829 1031 1829 1225 1830 1206 1830 1031 1830 1214 1831 1225 1831 1215 1831 1216 1832 1213 1832 1217 1832 1217 1833 1213 1833 1215 1833 1202 1834 1201 1834 1217 1834 1204 1835 1202 1835 1226 1835 1204 1836 1200 1836 1202 1836 1204 1837 1226 1837 1205 1837 1218 1838 1205 1838 1227 1838 1196 1839 1227 1839 1197 1839 1196 1840 1218 1840 1227 1840 1195 1841 1197 1841 1228 1841 1229 1842 1195 1842 1228 1842 1229 1843 1228 1843 1230 1843 1231 1844 1229 1844 1230 1844 1231 1845 1230 1845 1232 1845 1231 1846 1232 1846 1176 1846 1175 1847 1231 1847 1176 1847 1175 1848 1177 1848 1194 1848 1193 1849 1194 1849 1219 1849 1219 1850 1166 1850 1165 1850 1233 1851 1234 1851 1235 1851 1234 1852 1233 1852 1236 1852 1237 1853 1238 1853 1239 1853 1240 1854 1241 1854 1242 1854 1243 1855 1244 1855 1245 1855 1246 1856 1247 1856 1248 1856 1247 1857 1249 1857 1250 1857 1249 1858 1251 1858 1252 1858 1253 1859 1254 1859 1255 1859 1256 1860 1257 1860 1254 1860 1258 1861 1257 1861 1256 1861 1251 1862 1258 1862 1259 1862 1260 1863 1261 1863 1262 1863 1263 1864 1264 1864 1262 1864 1244 1865 1265 1865 1245 1865 1266 1866 1267 1866 1268 1866 1269 1867 1268 1867 1270 1867 1271 1868 1270 1868 1272 1868 1273 1869 1246 1869 1274 1869 1242 1870 1275 1870 1272 1870 1276 1871 1273 1871 1277 1871 1278 1872 1279 1872 1280 1872 1281 1873 1278 1873 1282 1873 1283 1874 1284 1874 1285 1874 1286 1875 1287 1875 1288 1875 1289 1876 1286 1876 1290 1876 1284 1877 1291 1877 1285 1877 1292 1878 1289 1878 1293 1878 1294 1879 1292 1879 1295 1879 1295 1880 1292 1880 1293 1880 1296 1881 1294 1881 1295 1881 1297 1882 1294 1882 1296 1882 1298 1883 1297 1883 1296 1883 1299 1884 1286 1884 1288 1884 1285 1885 1297 1885 1298 1885 1285 1886 1291 1886 1297 1886 1300 1887 1301 1887 1302 1887 1303 1888 1289 1888 1290 1888 1293 1889 1289 1889 1303 1889 1290 1890 1286 1890 1299 1890 1288 1891 1287 1891 1304 1891 1304 1892 1241 1892 1240 1892 1287 1893 1241 1893 1304 1893 1241 1894 1275 1894 1242 1894 1275 1895 1271 1895 1272 1895 1271 1896 1305 1896 1270 1896 1305 1897 1269 1897 1270 1897 1269 1898 1266 1898 1268 1898 1266 1899 1306 1899 1267 1899 1306 1900 1245 1900 1267 1900 1306 1901 1243 1901 1245 1901 1244 1902 1263 1902 1265 1902 1263 1903 1262 1903 1265 1903 1264 1904 1260 1904 1262 1904 1260 1905 1307 1905 1261 1905 1307 1906 1255 1906 1261 1906 1253 1907 1255 1907 1307 1907 1254 1908 1257 1908 1255 1908 1259 1909 1258 1909 1256 1909 1252 1910 1251 1910 1259 1910 1250 1911 1249 1911 1252 1911 1248 1912 1247 1912 1250 1912 1274 1913 1246 1913 1248 1913 1277 1914 1273 1914 1274 1914 1276 1915 1277 1915 1308 1915 1238 1916 1276 1916 1308 1916 1238 1917 1308 1917 1239 1917 1279 1918 1237 1918 1239 1918 1279 1919 1239 1919 1280 1919 1278 1920 1280 1920 1282 1920 1281 1921 1282 1921 1301 1921 1300 1922 1281 1922 1301 1922 1283 1923 1300 1923 1302 1923 1283 1924 1302 1924 1284 1924 1154 1925 1151 1925 1309 1925 1310 1926 1311 1926 1312 1926 1154 1927 1312 1927 1155 1927 1154 1928 1310 1928 1312 1928 1154 1929 1156 1929 1313 1929 1154 1930 1313 1930 1314 1930 1154 1931 1314 1931 1315 1931 1154 1932 1315 1932 1151 1932 1151 1933 1315 1933 1316 1933 1151 1934 1317 1934 1318 1934 1151 1935 1316 1935 1317 1935 1151 1936 1318 1936 1319 1936 1151 1937 1319 1937 1152 1937 1151 1938 1157 1938 1320 1938 1321 1939 1151 1939 1320 1939 1321 1940 1320 1940 1322 1940 1321 1941 1322 1941 1323 1941 1321 1942 1323 1942 1324 1942 1321 1943 1324 1943 1325 1943 1161 1944 1321 1944 1325 1944 1161 1945 1325 1945 1326 1945 1161 1946 1326 1946 1327 1946 1161 1947 1327 1947 1162 1947 1162 1948 1328 1948 1163 1948 1163 1949 1328 1949 1329 1949 1163 1950 1329 1950 1330 1950 1329 1951 1331 1951 1330 1951 1331 1952 1332 1952 1333 1952 1334 1953 1335 1953 1336 1953 1337 1954 1338 1954 1339 1954 1337 1955 1340 1955 1338 1955 1340 1956 1142 1956 1144 1956 1142 1957 1341 1957 1143 1957 1341 1958 1342 1958 1143 1958 1342 1959 1343 1959 1143 1959 1342 1960 1344 1960 1343 1960 1344 1961 1345 1961 1346 1961 1344 1962 1346 1962 1343 1962 1340 1963 1144 1963 1338 1963 1347 1964 1337 1964 1339 1964 1348 1965 1337 1965 1347 1965 1349 1966 1348 1966 1347 1966 1336 1967 1348 1967 1349 1967 1335 1968 1348 1968 1336 1968 1350 1969 1335 1969 1334 1969 1351 1970 1335 1970 1350 1970 1332 1971 1335 1971 1351 1971 1333 1972 1332 1972 1351 1972 1330 1973 1331 1973 1333 1973 1352 1974 1353 1974 1354 1974 1353 1975 1352 1975 1355 1975 1356 1976 1357 1976 1358 1976 1357 1977 1356 1977 1359 1977 787 1978 1105 1978 1127 1978 1105 1979 787 1979 766 1979 766 1980 1106 1980 1105 1980 1106 1981 766 1981 765 1981 765 1982 784 1982 1106 1982 784 1983 1124 1983 1106 1983 784 1984 700 1984 1124 1984 700 1985 1040 1985 1124 1985 1035 1986 700 1986 696 1986 700 1987 1035 1987 1040 1987 1122 1988 696 1988 782 1988 696 1989 1122 1989 1035 1989 782 1990 776 1990 1122 1990 776 1991 1116 1991 1122 1991 1116 1992 776 1992 688 1992 1116 1993 688 1993 1029 1993 1120 1994 688 1994 780 1994 688 1995 1120 1995 1029 1995 1120 1996 780 1996 779 1996 1120 1997 779 1997 1119 1997 1119 1998 779 1998 778 1998 1119 1999 778 1999 1118 1999 1027 2000 778 2000 687 2000 778 2001 1027 2001 1118 2001 1027 2002 687 2002 680 2002 1027 2003 680 2003 1021 2003 1021 2004 680 2004 683 2004 1021 2005 683 2005 1023 2005 1025 2006 683 2006 685 2006 683 2007 1025 2007 1023 2007 1025 2008 685 2008 698 2008 1025 2009 698 2009 1038 2009 1038 2010 698 2010 702 2010 1038 2011 702 2011 1041 2011 1041 2012 702 2012 701 2012 1041 2013 701 2013 1042 2013 1042 2014 701 2014 704 2014 1042 2015 704 2015 1044 2015 1044 2016 704 2016 706 2016 1044 2017 706 2017 1046 2017 1048 2018 706 2018 708 2018 706 2019 1048 2019 1046 2019 1052 2020 708 2020 712 2020 708 2021 1052 2021 1048 2021 1054 2022 712 2022 714 2022 712 2023 1054 2023 1052 2023 1056 2024 714 2024 717 2024 714 2025 1056 2025 1054 2025 1059 2026 717 2026 720 2026 717 2027 1059 2027 1056 2027 1061 2028 720 2028 722 2028 720 2029 1061 2029 1059 2029 1063 2030 722 2030 724 2030 722 2031 1063 2031 1061 2031 724 2032 1065 2032 1063 2032 1065 2033 724 2033 725 2033 725 2034 1066 2034 1065 2034 1066 2035 725 2035 726 2035 726 2036 728 2036 1066 2036 728 2037 1068 2037 1066 2037 728 2038 732 2038 1068 2038 732 2039 1072 2039 1068 2039 732 2040 731 2040 1072 2040 731 2041 1070 2041 1072 2041 731 2042 734 2042 1070 2042 734 2043 1073 2043 1070 2043 1073 2044 736 2044 1075 2044 736 2045 1073 2045 734 2045 736 2046 738 2046 1075 2046 738 2047 1077 2047 1075 2047 738 2048 741 2048 1077 2048 741 2049 1081 2049 1077 2049 743 2050 1081 2050 741 2050 1081 2051 743 2051 1083 2051 744 2052 1083 2052 743 2052 1083 2053 744 2053 1084 2053 747 2054 1084 2054 744 2054 1084 2055 747 2055 1087 2055 747 2056 746 2056 1087 2056 746 2057 1086 2057 1087 2057 1085 2058 746 2058 745 2058 746 2059 1085 2059 1086 2059 1085 2060 745 2060 742 2060 1085 2061 742 2061 1082 2061 1082 2062 742 2062 740 2062 1082 2063 740 2063 1080 2063 1080 2064 740 2064 739 2064 1080 2065 739 2065 1079 2065 1078 2066 739 2066 737 2066 739 2067 1078 2067 1079 2067 1078 2068 737 2068 735 2068 1078 2069 735 2069 1076 2069 1076 2070 735 2070 733 2070 1076 2071 733 2071 1074 2071 1074 2072 733 2072 730 2072 1074 2073 730 2073 1071 2073 1071 2074 730 2074 729 2074 1071 2075 729 2075 1069 2075 1069 2076 729 2076 727 2076 1069 2077 727 2077 1067 2077 1067 2078 727 2078 723 2078 1067 2079 723 2079 1064 2079 1064 2080 723 2080 721 2080 1064 2081 721 2081 1062 2081 1062 2082 721 2082 719 2082 1062 2083 719 2083 1060 2083 716 2084 1060 2084 719 2084 1060 2085 716 2085 1057 2085 718 2086 1057 2086 716 2086 1057 2087 718 2087 1058 2087 715 2088 1058 2088 718 2088 1058 2089 715 2089 1055 2089 713 2090 1055 2090 715 2090 1055 2091 713 2091 1053 2091 711 2092 1053 2092 713 2092 1053 2093 711 2093 1051 2093 710 2094 1051 2094 711 2094 1051 2095 710 2095 1050 2095 709 2096 1050 2096 710 2096 1050 2097 709 2097 1049 2097 764 2098 1049 2098 709 2098 1049 2099 764 2099 1104 2099 707 2100 1104 2100 764 2100 1104 2101 707 2101 1047 2101 1047 2102 771 2102 1111 2102 771 2103 1047 2103 707 2103 1111 2104 705 2104 1045 2104 705 2105 1111 2105 771 2105 1045 2106 772 2106 1112 2106 772 2107 1045 2107 705 2107 1112 2108 703 2108 1043 2108 703 2109 1112 2109 772 2109 703 2110 699 2110 1043 2110 699 2111 1039 2111 1043 2111 699 2112 694 2112 1039 2112 694 2113 1034 2113 1039 2113 1034 2114 686 2114 1026 2114 686 2115 1034 2115 694 2115 686 2116 684 2116 1026 2116 684 2117 1024 2117 1026 2117 1024 2118 682 2118 1022 2118 682 2119 1024 2119 684 2119 682 2120 681 2120 1022 2120 681 2121 1020 2121 1022 2121 777 2122 1020 2122 681 2122 1020 2123 777 2123 1117 2123 777 2124 690 2124 1117 2124 690 2125 1030 2125 1117 2125 690 2126 689 2126 1030 2126 689 2127 1028 2127 1030 2127 781 2128 1028 2128 689 2128 1028 2129 781 2129 1121 2129 695 2130 1121 2130 781 2130 1121 2131 695 2131 1036 2131 697 2132 1036 2132 695 2132 1036 2133 697 2133 1037 2133 783 2134 1037 2134 697 2134 1037 2135 783 2135 1123 2135 1123 2136 783 2136 785 2136 1123 2137 785 2137 1125 2137 1125 2138 785 2138 767 2138 1125 2139 767 2139 1107 2139 1107 2140 767 2140 786 2140 1107 2141 786 2141 1126 2141 1126 2142 786 2142 788 2142 1126 2143 788 2143 1128 2143 1128 2144 788 2144 774 2144 1128 2145 774 2145 1113 2145 1113 2146 774 2146 773 2146 1113 2147 773 2147 1114 2147 1109 2148 773 2148 768 2148 773 2149 1109 2149 1114 2149 1109 2150 768 2150 809 2150 1109 2151 809 2151 1149 2151 1131 2152 809 2152 790 2152 809 2153 1131 2153 1149 2153 1133 2154 790 2154 794 2154 790 2155 1133 2155 1131 2155 1134 2156 794 2156 793 2156 794 2157 1134 2157 1133 2157 1134 2158 793 2158 797 2158 1134 2159 797 2159 1137 2159 1137 2160 797 2160 800 2160 1137 2161 800 2161 1140 2161 799 2162 1140 2162 800 2162 1140 2163 799 2163 1139 2163 798 2164 1139 2164 799 2164 1139 2165 798 2165 1138 2165 796 2166 1138 2166 798 2166 1138 2167 796 2167 1136 2167 795 2168 1136 2168 796 2168 1136 2169 795 2169 1135 2169 795 2170 801 2170 1135 2170 801 2171 1141 2171 1135 2171 801 2172 805 2172 1141 2172 805 2173 1145 2173 1141 2173 805 2174 792 2174 1145 2174 792 2175 1132 2175 1145 2175 1132 2176 791 2176 1130 2176 791 2177 1132 2177 792 2177 791 2178 810 2178 1130 2178 810 2179 1150 2179 1130 2179 1150 2180 770 2180 1110 2180 770 2181 1150 2181 810 2181 1110 2182 769 2182 1108 2182 769 2183 1110 2183 770 2183 1108 2184 775 2184 1115 2184 775 2185 1108 2185 769 2185 775 2186 789 2186 1115 2186 789 2187 1129 2187 1115 2187 789 2188 787 2188 1129 2188 787 2189 1127 2189 1129 2189 762 2190 1103 2190 763 2190 1103 2191 762 2191 1101 2191 1101 2192 806 2192 1146 2192 806 2193 1101 2193 762 2193 1098 2194 806 2194 759 2194 806 2195 1098 2195 1146 2195 808 2196 1098 2196 759 2196 1098 2197 808 2197 1148 2197 1148 2198 807 2198 1147 2198 807 2199 1148 2199 808 2199 807 2200 758 2200 1147 2200 758 2201 1099 2201 1147 2201 760 2202 1099 2202 758 2202 1099 2203 760 2203 1100 2203 1100 2204 760 2204 761 2204 1100 2205 761 2205 1102 2205 1102 2206 761 2206 824 2206 1102 2207 824 2207 1164 2207 820 2208 1164 2208 824 2208 1164 2208 820 2208 1160 2208 1160 2209 820 2209 819 2209 1160 2210 819 2210 1159 2210 1159 2211 818 2211 1158 2211 818 2211 1159 2211 819 2211 1103 2212 818 2212 763 2212 818 2213 1103 2213 1158 2213 1168 2214 827 2214 1167 2214 827 2215 1168 2215 828 2215 830 2216 1167 2216 827 2216 1167 2217 830 2217 1170 2217 1170 2218 829 2218 1169 2218 829 2219 1170 2219 830 2219 829 2220 753 2220 1169 2220 753 2221 1092 2221 1169 2221 752 2208 1092 2208 753 2208 1092 2222 752 2222 1093 2222 1093 2223 752 2223 754 2223 1093 2224 754 2224 1094 2224 756 2225 1094 2225 754 2225 1094 2226 756 2226 1095 2226 756 2227 755 2227 1095 2227 755 2228 1096 2228 1095 2228 757 2229 1096 2229 755 2229 1096 2230 757 2230 1097 2230 1097 2231 757 2231 833 2231 1097 2232 833 2232 1173 2232 1173 2233 834 2233 1174 2233 834 2234 1173 2234 833 2234 1168 2235 834 2235 828 2235 834 2236 1168 2236 1174 2236 1090 2237 748 2237 1088 2237 748 2238 1090 2238 751 2238 1088 2239 832 2239 1172 2239 832 2240 1088 2240 748 2240 1172 2241 831 2241 1171 2241 831 2242 1172 2242 832 2242 831 2243 826 2243 1171 2243 826 2244 1165 2244 1171 2244 826 2245 879 2245 1165 2245 879 2246 1219 2246 1165 2246 879 2247 853 2247 1219 2247 853 2248 1193 2248 1219 2248 853 2249 852 2249 1193 2249 852 2250 1192 2250 1193 2250 839 2251 1192 2251 852 2251 1192 2252 839 2252 1179 2252 842 2253 1179 2253 839 2253 1179 2254 842 2254 1182 2254 845 2255 1182 2255 842 2255 1182 2256 845 2256 1185 2256 847 2257 1185 2257 845 2257 1185 2258 847 2258 1187 2258 848 2259 1187 2259 847 2259 1187 2260 848 2260 1188 2260 850 2261 1188 2261 848 2261 1188 2262 850 2262 1190 2262 1190 2263 851 2263 1191 2263 851 2264 1190 2264 850 2264 1189 2265 851 2265 849 2265 851 2266 1189 2266 1191 2266 1189 2267 849 2267 846 2267 1189 2268 846 2268 1186 2268 1186 2269 846 2269 844 2269 1186 2270 844 2270 1183 2270 1184 2271 844 2271 843 2271 844 2272 1184 2272 1183 2272 1184 2273 843 2273 841 2273 1184 2274 841 2274 1180 2274 1180 2275 841 2275 840 2275 1180 2276 840 2276 1181 2276 1178 2277 840 2277 838 2277 840 2278 1178 2278 1181 2278 1175 2279 838 2279 836 2279 838 2280 1175 2280 1178 2280 836 2281 891 2281 1175 2281 891 2282 1231 2282 1175 2282 891 2283 889 2283 1231 2283 889 2284 1229 2284 1231 2284 889 2285 1195 2285 1229 2285 1195 2286 889 2286 856 2286 856 2287 1196 2287 1195 2287 1196 2288 856 2288 855 2288 855 2289 878 2289 1196 2289 878 2290 1218 2290 1196 2290 878 2291 864 2291 1218 2291 864 2292 1203 2292 1218 2292 864 2293 863 2293 1203 2293 863 2294 1204 2294 1203 2294 863 2295 861 2295 1204 2295 861 2296 1200 2296 1204 2296 1201 2297 861 2297 860 2297 861 2298 1201 2298 1200 2298 1216 2299 860 2299 876 2299 860 2300 1216 2300 1201 2300 1213 2301 876 2301 874 2301 876 2302 1213 2302 1216 2302 1214 2303 874 2303 873 2303 874 2304 1214 2304 1213 2304 1225 2305 873 2305 885 2305 873 2306 1225 2306 1214 2306 1206 2307 885 2307 867 2307 885 2308 1206 2308 1225 2308 1207 2309 867 2309 866 2309 867 2310 1207 2310 1206 2310 1032 2311 866 2311 691 2311 866 2312 1032 2312 1207 2312 1211 2313 691 2313 871 2313 691 2314 1211 2314 1032 2314 1211 2315 871 2315 858 2315 1211 2316 858 2316 1198 2316 1198 2317 858 2317 868 2317 1198 2318 868 2318 1209 2318 1209 2319 868 2319 870 2319 1209 2320 870 2320 1210 2320 882 2321 1210 2321 870 2321 1210 2322 882 2322 1222 2322 1222 2323 882 2323 881 2323 1222 2324 881 2324 1221 2324 1221 2218 880 2218 1220 2218 880 2325 1221 2325 881 2325 1090 2326 880 2326 751 2326 880 2327 1090 2327 1220 2327 1223 2328 749 2328 883 2328 749 2329 1223 2329 1089 2329 1223 2330 884 2330 1224 2330 884 2331 1223 2331 883 2331 872 2332 1212 2332 884 2332 884 2333 1212 2333 1224 2333 869 2334 1208 2334 872 2334 872 2335 1208 2335 1212 2335 1208 2336 859 2336 1199 2336 859 2337 1208 2337 869 2337 1199 2338 693 2338 1033 2338 693 2339 1199 2339 859 2339 1033 2340 692 2340 1031 2340 692 2341 1033 2341 693 2341 875 2342 1031 2342 692 2342 1031 2343 875 2343 1215 2343 877 2344 1217 2344 875 2344 875 2345 1217 2345 1215 2345 862 2346 1217 2346 877 2346 1217 2347 862 2347 1202 2347 862 2348 886 2348 1226 2348 1202 2349 862 2349 1226 2349 886 2350 865 2350 1205 2350 1226 2351 886 2351 1205 2351 865 2352 887 2352 1227 2352 1205 2353 865 2353 1227 2353 887 2354 857 2354 1197 2354 1227 2355 887 2355 1197 2355 888 2356 1197 2356 857 2356 1197 2357 888 2357 1228 2357 890 2358 1228 2358 888 2358 1228 2359 890 2359 1230 2359 892 2360 1230 2360 890 2360 1230 2361 892 2361 1232 2361 835 2362 1232 2362 892 2362 1232 2363 835 2363 1176 2363 837 2364 1176 2364 835 2364 1176 2365 837 2365 1177 2365 854 2366 1177 2366 837 2366 1177 2367 854 2367 1194 2367 825 2368 1194 2368 854 2368 1194 2369 825 2369 1166 2369 750 2370 1166 2370 825 2370 1166 2371 750 2371 1091 2371 749 2372 1091 2372 750 2372 1091 2372 749 2372 1089 2372 894 2373 1236 2373 895 2373 1236 2374 894 2374 1234 2374 1234 2375 894 2375 896 2375 1234 2376 896 2376 1235 2376 1235 2377 893 2377 1233 2377 893 2378 1235 2378 896 2378 893 2379 895 2379 1233 2379 895 2380 1236 2380 1233 2380 944 2381 1300 2381 1283 2381 1300 2382 944 2382 961 2382 961 2383 941 2383 1300 2383 941 2384 1281 2384 1300 2384 941 2385 939 2385 1281 2385 939 2386 1278 2386 1281 2386 939 2387 938 2387 1278 2387 938 2388 1279 2388 1278 2388 1237 2389 938 2389 898 2389 938 2390 1237 2390 1279 2390 898 2391 897 2391 1237 2391 897 2392 1238 2392 1237 2392 897 2393 936 2393 1238 2393 936 2394 1276 2394 1238 2394 1273 2395 936 2395 933 2395 936 2396 1273 2396 1276 2396 1246 2397 933 2397 907 2397 933 2398 1246 2398 1273 2398 1247 2399 907 2399 906 2399 907 2400 1247 2400 1246 2400 1249 2401 906 2401 909 2401 906 2402 1249 2402 1247 2402 1251 2403 909 2403 911 2403 909 2404 1251 2404 1249 2404 1258 2405 911 2405 918 2405 911 2406 1258 2406 1251 2406 1257 2407 918 2407 916 2407 918 2408 1257 2408 1258 2408 1255 2409 916 2409 915 2409 916 2410 1255 2410 1257 2410 1255 2411 915 2411 920 2411 1255 2412 920 2412 1261 2412 1261 2413 920 2413 922 2413 1261 2414 922 2414 1262 2414 925 2415 1262 2415 922 2415 1262 2416 925 2416 1265 2416 905 2417 1265 2417 925 2417 1265 2418 905 2418 1245 2418 926 2419 1245 2419 905 2419 1245 2420 926 2420 1267 2420 1267 2421 926 2421 928 2421 1267 2422 928 2422 1268 2422 930 2423 1268 2423 928 2423 1268 2424 930 2424 1270 2424 1270 2425 930 2425 932 2425 1270 2426 932 2426 1272 2426 932 2427 902 2427 1272 2427 902 2428 1242 2428 1272 2428 902 2429 901 2429 1242 2429 901 2430 1240 2430 1242 2430 901 2431 964 2431 1240 2431 964 2432 1304 2432 1240 2432 948 2433 1304 2433 964 2433 1304 2434 948 2434 1288 2434 948 2435 959 2435 1288 2435 959 2436 1299 2436 1288 2436 959 2437 950 2437 1299 2437 950 2438 1290 2438 1299 2438 950 2439 963 2439 1290 2439 963 2440 1303 2440 1290 2440 1303 2441 953 2441 1293 2441 953 2442 1303 2442 963 2442 953 2443 955 2443 1293 2443 955 2444 1295 2444 1293 2444 955 2445 956 2445 1295 2445 956 2446 1296 2446 1295 2446 1296 2447 958 2447 1298 2447 958 2448 1296 2448 956 2448 958 2449 945 2449 1298 2449 945 2450 1285 2450 1298 2450 945 2451 944 2451 1285 2451 944 2452 1283 2452 1285 2452 1294 2453 957 2453 954 2453 957 2454 1294 2454 1297 2454 1292 2455 954 2455 952 2455 954 2456 1292 2456 1294 2456 952 2457 949 2457 1289 2457 1292 2458 952 2458 1289 2458 949 2459 947 2459 1286 2459 1289 2460 949 2460 1286 2460 947 2461 946 2461 1287 2461 1286 2462 947 2462 1287 2462 946 2463 900 2463 1241 2463 1287 2464 946 2464 1241 2464 1275 2465 900 2465 935 2465 900 2466 1275 2466 1241 2466 1271 2467 935 2467 931 2467 935 2468 1271 2468 1275 2468 965 2469 1305 2469 931 2469 931 2470 1305 2470 1271 2470 929 2471 1269 2471 965 2471 965 2472 1269 2472 1305 2472 927 2473 1266 2473 929 2473 929 2474 1266 2474 1269 2474 1306 2475 927 2475 966 2475 927 2476 1306 2476 1266 2476 904 2477 1243 2477 966 2477 966 2478 1243 2478 1306 2478 903 2479 1244 2479 904 2479 904 2480 1244 2480 1243 2480 924 2481 1263 2481 903 2481 903 2482 1263 2482 1244 2482 924 2483 1264 2483 1263 2483 1264 2484 924 2484 923 2484 923 2485 1260 2485 1264 2485 1260 2486 923 2486 921 2486 921 2487 1307 2487 1260 2487 1307 2488 921 2488 967 2488 967 2489 1253 2489 1307 2489 1253 2490 967 2490 914 2490 913 2491 1254 2491 914 2491 914 2492 1254 2492 1253 2492 917 2493 1256 2493 913 2493 913 2494 1256 2494 1254 2494 1256 2495 919 2495 1259 2495 919 2496 1256 2496 917 2496 1259 2497 912 2497 1252 2497 912 2498 1259 2498 919 2498 910 2499 1252 2499 912 2499 1252 2500 910 2500 1250 2500 908 2501 1248 2501 910 2501 910 2502 1248 2502 1250 2502 934 2503 1274 2503 908 2503 908 2504 1274 2504 1248 2504 937 2505 1274 2505 934 2505 1274 2506 937 2506 1277 2506 968 2507 1277 2507 937 2507 1277 2508 968 2508 1308 2508 899 2509 1308 2509 968 2509 1308 2510 899 2510 1239 2510 940 2511 1239 2511 899 2511 1239 2512 940 2512 1280 2512 942 2513 1280 2513 940 2513 1280 2514 942 2514 1282 2514 960 2515 1282 2515 942 2515 1282 2516 960 2516 1301 2516 962 2517 1301 2517 960 2517 1301 2518 962 2518 1302 2518 943 2519 1302 2519 962 2519 1302 2520 943 2520 1284 2520 951 2521 1284 2521 943 2521 1284 2522 951 2522 1291 2522 1297 2523 951 2523 957 2523 951 2524 1297 2524 1291 2524 823 2525 1161 2525 1163 2525 1161 2526 823 2526 822 2526 822 2527 1321 2527 1161 2527 1321 2528 822 2528 981 2528 981 2529 812 2529 1321 2529 812 2530 1151 2530 1321 2530 1151 2531 812 2531 969 2531 1151 2532 969 2532 1309 2532 1309 2533 815 2533 1154 2533 815 2534 1309 2534 969 2534 1310 2535 815 2535 971 2535 815 2536 1310 2536 1154 2536 970 2537 1310 2537 971 2537 1310 2538 970 2538 1311 2538 972 2539 1311 2539 970 2539 1311 2540 972 2540 1312 2540 814 2541 1312 2541 972 2541 1312 2542 814 2542 1155 2542 1155 2543 814 2543 816 2543 1155 2544 816 2544 1156 2544 1156 2545 816 2545 973 2545 1156 2546 973 2546 1313 2546 1313 2547 973 2547 974 2547 1313 2548 974 2548 1314 2548 975 2549 1314 2549 974 2549 1314 2550 975 2550 1315 2550 1315 2551 975 2551 976 2551 1315 2552 976 2552 1316 2552 977 2553 1316 2553 976 2553 1316 2554 977 2554 1317 2554 978 2555 1317 2555 977 2555 1317 2556 978 2556 1318 2556 979 2557 1318 2557 978 2557 1318 2558 979 2558 1319 2558 811 2559 1319 2559 979 2559 1319 2560 811 2560 1152 2560 813 2561 1152 2561 811 2561 1152 2562 813 2562 1153 2562 817 2563 1153 2563 813 2563 1153 2564 817 2564 1157 2564 980 2565 1157 2565 817 2565 1157 2566 980 2566 1320 2566 982 2567 1320 2567 980 2567 1320 2568 982 2568 1322 2568 983 2569 1322 2569 982 2569 1322 2570 983 2570 1323 2570 984 2571 1323 2571 983 2571 1323 2572 984 2572 1324 2572 985 2573 1324 2573 984 2573 1324 2574 985 2574 1325 2574 1325 2575 985 2575 986 2575 1325 2576 986 2576 1326 2576 1326 2577 986 2577 987 2577 1326 2578 987 2578 1327 2578 1327 2579 987 2579 821 2579 1327 2580 821 2580 1162 2580 1328 2581 821 2581 988 2581 821 2582 1328 2582 1162 2582 1329 2583 988 2583 989 2583 988 2584 1329 2584 1328 2584 1329 2585 989 2585 991 2585 1329 2586 991 2586 1331 2586 1331 2587 991 2587 992 2587 1331 2588 992 2588 1332 2588 1332 2589 992 2589 994 2589 1332 2590 994 2590 1335 2590 1348 2591 994 2591 1008 2591 994 2592 1348 2592 1335 2592 1348 2593 1008 2593 998 2593 1348 2594 998 2594 1337 2594 1337 2595 998 2595 1000 2595 1337 2596 1000 2596 1340 2596 1000 2597 803 2597 1340 2597 803 2598 1142 2598 1340 2598 1341 2599 803 2599 1001 2599 803 2600 1341 2600 1142 2600 1001 2601 1002 2601 1341 2601 1002 2602 1342 2602 1341 2602 1344 2603 1002 2603 1004 2603 1002 2604 1344 2604 1342 2604 1345 2605 1004 2605 1005 2605 1004 2606 1345 2606 1344 2606 1006 2607 1345 2607 1005 2607 1345 2608 1006 2608 1346 2608 1003 2609 1346 2609 1006 2609 1346 2610 1003 2610 1343 2610 802 2611 1343 2611 1003 2611 1343 2612 802 2612 1143 2612 1143 2613 802 2613 804 2613 1143 2614 804 2614 1144 2614 1144 2615 804 2615 997 2615 1144 2616 997 2616 1338 2616 999 2617 1338 2617 997 2617 1338 2618 999 2618 1339 2618 1007 2619 1339 2619 999 2619 1339 2620 1007 2620 1347 2620 1009 2621 1347 2621 1007 2621 1347 2622 1009 2622 1349 2622 1009 2623 996 2623 1349 2623 996 2624 1336 2624 1349 2624 996 2625 995 2625 1336 2625 995 2626 1334 2626 1336 2626 1334 2627 1010 2627 1350 2627 1010 2628 1334 2628 995 2628 1350 2629 1011 2629 1351 2629 1011 2630 1350 2630 1010 2630 1351 2631 993 2631 1333 2631 993 2632 1351 2632 1011 2632 993 2633 990 2633 1333 2633 990 2634 1330 2634 1333 2634 990 2635 823 2635 1330 2635 823 2636 1163 2636 1330 2636 1013 2608 1355 2608 1014 2608 1355 2637 1013 2637 1353 2637 1015 2638 1353 2638 1013 2638 1353 2639 1015 2639 1354 2639 1354 2378 1012 2378 1352 2378 1012 2378 1354 2378 1015 2378 1355 2640 1012 2640 1014 2640 1012 2641 1355 2641 1352 2641 1017 2642 1359 2642 1018 2642 1359 2643 1017 2643 1357 2643 1357 2644 1017 2644 1019 2644 1357 2645 1019 2645 1358 2645 1358 2646 1016 2646 1356 2646 1016 2646 1358 2646 1019 2646 1016 2647 1018 2647 1356 2647 1018 2648 1359 2648 1356 2648</p>
        </triangles>
      </mesh>
    </geometry>
  </library_geometries>
  <library_controllers />
  <library_visual_scenes>
    <visual_scene id="Scene" name="Scene">
      <node id="Racecar_Back_Cover_Left_Image" name="Racecar_Back_Cover_Left_Image" type="NODE">
        <matrix sid="transform">1.0 0.0 0.0 0.0 0.0 1.0 0.0 0.0 0.0 0.0 1.0 0.0 0.0 0.0 0.0 1.0</matrix>
        <instance_geometry url="#Racecar_Back_Cover_Left_Image-mesh" name="Racecar_Back_Cover_Left_Image">
          <bind_material>
            <technique_common>
              <instance_material symbol="Material_007-material" target="#Material_007-material" />
            </technique_common>
          </bind_material>
        </instance_geometry>
      </node>
      <node id="Racecar_Back_Cover_Right_Image" name="Racecar_Back_Cover_Right_Image" type="NODE">
        <matrix sid="transform">1.0 0.0 0.0 0.0 0.0 1.0 0.0 0.0 0.0 0.0 1.0 0.0 0.0 0.0 0.0 1.0</matrix>
        <instance_geometry url="#Racecar_Back_Cover_Right_Image-mesh" name="Racecar_Back_Cover_Right_Image">
          <bind_material>
            <technique_common>
              <instance_material symbol="Material_008-material" target="#Material_008-material" />
            </technique_common>
          </bind_material>
        </instance_geometry>
      </node>
      <node id="Racecar_Front_Cover_Center_Number" name="Racecar_Front_Cover_Center_Number" type="NODE">
        <matrix sid="transform">1.0 0.0 0.0 0.0 0.0 1.0 0.0 0.0 0.0 0.0 1.0 0.0 0.0 0.0 0.0 1.0</matrix>
        <instance_geometry url="#Racecar_Front_Cover_Center_Number-mesh" name="Racecar_Front_Cover_Center_Number">
          <bind_material>
            <technique_common>
              <instance_material symbol="Material_009-material" target="#Material_009-material" />
            </technique_common>
          </bind_material>
        </instance_geometry>
      </node>
      <node id="Racecar_Front_Cover_Text" name="Racecar_Front_Cover_Text" type="NODE">
        <matrix sid="transform">1.0 0.0 0.0 0.0 0.0 1.0 0.0 0.0 0.0 0.0 1.0 0.0 0.0 0.0 0.0 1.0</matrix>
        <instance_geometry url="#Racecar_Front_Cover_Text-mesh" name="Racecar_Front_Cover_Text">
          <bind_material>
            <technique_common>
              <instance_material symbol="Material_008-material" target="#Material_008-material" />
            </technique_common>
          </bind_material>
        </instance_geometry>
      </node>
    </visual_scene>
  </library_visual_scenes>
  <scene>
    <instance_visual_scene url="#Scene" />
  </scene>
</COLLADA>