<?xml version='1.0' encoding='utf-8'?>
<COLLADA xmlns="http://www.collada.org/2005/11/COLLADASchema" version="1.4.1">
  <asset>
    <contributor>
      <author>Blender User</author>
      <authoring_tool>Blender 2.79.0 commit date:2018-03-22, commit time:14:10, hash:f4dc9f9d68b</authoring_tool>
    </contributor>
    <created>2019-06-12T19:47:15</created>
    <modified>2019-06-12T19:47:15</modified>
    <unit name="meter" meter="1" />
    <up_axis>Z_UP</up_axis>
  </asset>
  <library_cameras>
    <camera id="Camera-camera" name="Camera">
      <optics>
        <technique_common>
          <perspective>
            <xfov sid="xfov">49.13434</xfov>
            <aspect_ratio>1.777778</aspect_ratio>
            <znear sid="znear">0.1</znear>
            <zfar sid="zfar">100</zfar>
          </perspective>
        </technique_common>
      </optics>
      <extra>
        <technique profile="blender">
          <shiftx sid="shiftx" type="float">0</shiftx>
          <shifty sid="shifty" type="float">0</shifty>
          <YF_dofdist sid="YF_dofdist" type="float">0</YF_dofdist>
        </technique>
      </extra>
    </camera>
  </library_cameras>
  <library_lights>
    <light id="Lamp-light" name="Lamp">
      <technique_common>
        <point>
          <color sid="color">1 1 1</color>
          <constant_attenuation>1</constant_attenuation>
          <linear_attenuation>0</linear_attenuation>
          <quadratic_attenuation>0.00111109</quadratic_attenuation>
        </point>
      </technique_common>
      <extra>
        <technique profile="blender">
          <type sid="type" type="int">0</type>
          <flag sid="flag" type="int">0</flag>
          <mode sid="mode" type="int">8192</mode>
          <gamma sid="blender_gamma" type="float">1</gamma>
          <red sid="red" type="float">1</red>
          <green sid="green" type="float">1</green>
          <blue sid="blue" type="float">1</blue>
          <shadow_r sid="blender_shadow_r" type="float">0</shadow_r>
          <shadow_g sid="blender_shadow_g" type="float">0</shadow_g>
          <shadow_b sid="blender_shadow_b" type="float">0</shadow_b>
          <energy sid="blender_energy" type="float">1</energy>
          <dist sid="blender_dist" type="float">29.99998</dist>
          <spotsize sid="spotsize" type="float">75</spotsize>
          <spotblend sid="spotblend" type="float">0.15</spotblend>
          <halo_intensity sid="blnder_halo_intensity" type="float">1</halo_intensity>
          <att1 sid="att1" type="float">0</att1>
          <att2 sid="att2" type="float">1</att2>
          <falloff_type sid="falloff_type" type="int">2</falloff_type>
          <clipsta sid="clipsta" type="float">1.000799</clipsta>
          <clipend sid="clipend" type="float">30.002</clipend>
          <bias sid="bias" type="float">1</bias>
          <soft sid="soft" type="float">3</soft>
          <compressthresh sid="compressthresh" type="float">0.04999995</compressthresh>
          <bufsize sid="bufsize" type="int">2880</bufsize>
          <samp sid="samp" type="int">3</samp>
          <buffers sid="buffers" type="int">1</buffers>
          <filtertype sid="filtertype" type="int">0</filtertype>
          <bufflag sid="bufflag" type="int">0</bufflag>
          <buftype sid="buftype" type="int">2</buftype>
          <ray_samp sid="ray_samp" type="int">1</ray_samp>
          <ray_sampy sid="ray_sampy" type="int">1</ray_sampy>
          <ray_sampz sid="ray_sampz" type="int">1</ray_sampz>
          <ray_samp_type sid="ray_samp_type" type="int">0</ray_samp_type>
          <area_shape sid="area_shape" type="int">1</area_shape>
          <area_size sid="area_size" type="float">0.1</area_size>
          <area_sizey sid="area_sizey" type="float">0.1</area_sizey>
          <area_sizez sid="area_sizez" type="float">1</area_sizez>
          <adapt_thresh sid="adapt_thresh" type="float">0.000999987</adapt_thresh>
          <ray_samp_method sid="ray_samp_method" type="int">1</ray_samp_method>
          <shadhalostep sid="shadhalostep" type="int">0</shadhalostep>
          <sun_effect_type sid="sun_effect_type" type="int">0</sun_effect_type>
          <skyblendtype sid="skyblendtype" type="int">1</skyblendtype>
          <horizon_brightness sid="horizon_brightness" type="float">1</horizon_brightness>
          <spread sid="spread" type="float">1</spread>
          <sun_brightness sid="sun_brightness" type="float">1</sun_brightness>
          <sun_size sid="sun_size" type="float">1</sun_size>
          <backscattered_light sid="backscattered_light" type="float">1</backscattered_light>
          <sun_intensity sid="sun_intensity" type="float">1</sun_intensity>
          <atm_turbidity sid="atm_turbidity" type="float">2</atm_turbidity>
          <atm_extinction_factor sid="atm_extinction_factor" type="float">1</atm_extinction_factor>
          <atm_distance_factor sid="atm_distance_factor" type="float">1</atm_distance_factor>
          <skyblendfac sid="skyblendfac" type="float">1</skyblendfac>
          <sky_exposure sid="sky_exposure" type="float">1</sky_exposure>
          <sky_colorspace sid="sky_colorspace" type="int">0</sky_colorspace>
        </technique>
      </extra>
    </light>
  </library_lights>
  <library_images />
  <library_effects>
    <effect id="Material_001-effect">
      <profile_COMMON>
        <technique sid="common">
          <phong>
            <emission>
              <color sid="emission">0 0 0 1</color>
            </emission>
            <ambient>
              <color sid="ambient">0 0 0 1</color>
            </ambient>
            <diffuse>
              <color sid="diffuse">0.01173559 0.01173559 0.01173559 1</color>
            </diffuse>
            <specular>
              <color sid="specular">0.5 0.5 0.5 1</color>
            </specular>
            <shininess>
              <float sid="shininess">50</float>
            </shininess>
            <index_of_refraction>
              <float sid="index_of_refraction">1</float>
            </index_of_refraction>
          </phong>
        </technique>
      </profile_COMMON>
    </effect>
    <effect id="Material_002-effect">
      <profile_COMMON>
        <technique sid="common">
          <phong>
            <emission>
              <color sid="emission">0 0 0 1</color>
            </emission>
            <ambient>
              <color sid="ambient">0 0 0 1</color>
            </ambient>
            <diffuse>
              <color sid="diffuse">0.3215747 0.3215747 0.3215747 1</color>
            </diffuse>
            <specular>
              <color sid="specular">0.5 0.5 0.5 1</color>
            </specular>
            <shininess>
              <float sid="shininess">50</float>
            </shininess>
            <index_of_refraction>
              <float sid="index_of_refraction">1</float>
            </index_of_refraction>
          </phong>
        </technique>
      </profile_COMMON>
    </effect>
  </library_effects>
  <library_materials>
    <material id="Material_001-material" name="Material_001">
      <instance_effect url="#Material_001-effect" />
    </material>
    <material id="Material_002-material" name="Material_002">
      <instance_effect url="#Material_002-effect" />
    </material>
  </library_materials>
  <library_geometries>
    <geometry id="Racecar_Chassis_Wheel-mesh" name="Racecar Chassis Wheel">
      <mesh>
        <source id="Racecar_Chassis_Wheel-mesh-positions">
          <float_array id="Racecar_Chassis_Wheel-mesh-positions-array" count="3333">
0.048703 -0.017500 0.003064 0.048799 0.017500 0.000000 0.048703 0.017500 0.003064 0.048799 -0.017500 0.000000 0.048415 -0.017500 0.006116 0.048415 0.017500 0.006116 -0.048799 -0.017500 0.000000 -0.048703 0.017500 0.003064 -0.048799 0.017500 0.000000 -0.048703 -0.017500 0.003064 -0.003064 0.017500 0.048703 0.000000 -0.017500 0.048799 0.000000 0.017500 0.048799 -0.003064 -0.017500 0.048703 0.033405 -0.017500 0.035573 0.035573 0.017500 0.033405 0.033405 0.017500 0.035573 0.035573 -0.017500 0.033405 0.037601 -0.017500 0.031106 0.039479 0.017500 0.028684 0.037601 0.017500 0.031106 0.039479 -0.017500 0.028684 -0.035573 -0.017500 0.033405 -0.033405 0.017500 0.035573 -0.035573 0.017500 0.033405 -0.033405 -0.017500 0.035573 -0.039479 -0.017500 0.028684 -0.037601 0.017500 0.031106 -0.039479 0.017500 0.028684 -0.037601 -0.017500 0.031106 -0.020778 0.017500 0.044155 -0.017964 -0.017500 0.045373 -0.017964 0.017500 0.045373 -0.020778 -0.017500 0.044155 0.006116 0.017500 -0.048415 0.030081 0.017500 -0.023333 0.031584 0.017500 -0.022947 0.003064 0.017500 -0.048703 0.037601 0.017500 -0.031106 0.045124 0.017500 -0.013110 0.045955 0.017500 -0.011799 0.035573 0.017500 -0.033405 0.044155 -0.017500 0.020778 0.045373 0.017500 0.017964 0.044155 0.017500 0.020778 0.045373 -0.017500 0.017964 0.046411 -0.017500 0.015080 0.047266 0.017500 0.012136 0.046411 0.017500 0.015080 0.047266 -0.017500 0.012136 0.017964 0.017500 0.045373 0.020778 -0.017500 0.044155 0.020778 0.017500 0.044155 0.017964 -0.017500 0.045373 0.023509 0.017500 0.042763 0.026148 -0.017500 0.041203 0.026148 0.017500 0.041203 0.023509 -0.017500 0.042763 0.012136 0.017500 0.047266 0.015080 -0.017500 0.046411 0.015080 0.017500 0.046411 0.012136 -0.017500 0.047266 0.028684 -0.017500 0.039479 0.028684 0.017500 0.039479 -0.045373 -0.017500 0.017964 -0.044155 0.017500 0.020778 -0.045373 0.017500 0.017964 -0.044155 -0.017500 0.020778 0.003064 -0.017500 0.048703 0.003064 0.017500 0.048703 -0.012136 0.017500 0.047266 -0.009144 -0.017500 0.047935 -0.009144 0.017500 0.047935 -0.012136 -0.017500 0.047266 -0.030081 0.017500 -0.023333 -0.006116 0.017500 -0.048415 -0.031584 0.017500 -0.022947 -0.003064 0.017500 -0.048703 0.045373 -0.017500 -0.017964 0.044155 0.017500 -0.020778 0.045373 0.017500 -0.017964 0.044155 -0.017500 -0.020778 -0.039479 0.017500 -0.028684 -0.045955 0.017500 -0.011799 -0.037601 0.017500 -0.031106 -0.046703 0.017500 -0.010439 0.015080 -0.017500 -0.046411 0.017964 0.017500 -0.045373 0.017964 -0.017500 -0.045373 0.015080 0.017500 -0.046411 0.020778 0.017500 -0.044155 0.037267 0.017500 -0.020488 0.038577 0.017500 -0.019656 0.047935 0.017500 0.009144 0.047935 -0.017500 0.009144 0.041203 0.017500 0.026148 0.041203 -0.017500 0.026148 0.042763 -0.017500 0.023509 0.042763 0.017500 0.023509 0.006116 0.017500 0.048415 0.009144 -0.017500 0.047935 0.009144 0.017500 0.047935 0.006116 -0.017500 0.048415 -0.047935 -0.017500 0.009144 -0.047266 0.017500 0.012136 -0.047935 0.017500 0.009144 -0.047266 -0.017500 0.012136 -0.041203 -0.017500 0.026148 -0.041203 0.017500 0.026148 -0.048415 -0.017500 0.006116 -0.048415 0.017500 0.006116 -0.028684 0.017500 0.039479 -0.026148 -0.017500 0.041203 -0.026148 0.017500 0.041203 -0.028684 -0.017500 0.039479 -0.023509 0.017500 0.042763 -0.023509 -0.017500 0.042763 -0.015080 0.017500 0.046411 -0.015080 -0.017500 0.046411 -0.006116 0.017500 0.048415 -0.006116 -0.017500 0.048415 0.023509 0.017500 -0.042763 0.039833 0.017500 -0.018744 0.041203 0.017500 -0.026148 0.046703 0.017500 -0.010439 0.047364 0.017500 -0.009035 0.039479 0.017500 -0.028684 0.000000 0.017500 0.048799 -0.000000 0.017500 0.048799 -0.041203 -0.017500 -0.026148 -0.042763 0.017500 -0.023509 -0.041203 0.017500 -0.026148 -0.042763 -0.017500 -0.023509 0.003064 -0.017500 -0.048703 0.006116 -0.017500 -0.048415 0.012136 0.017500 -0.047266 0.033060 0.017500 -0.022467 0.034503 0.017500 -0.021896 0.009144 0.017500 -0.047935 0.020778 -0.017500 -0.044155 0.023509 -0.017500 -0.042763 -0.046411 0.017500 0.015080 -0.046411 -0.017500 0.015080 -0.042763 -0.017500 0.023509 -0.042763 0.017500 0.023509 -0.031106 0.017500 0.037601 -0.031106 -0.017500 0.037601 0.048703 0.017500 -0.003064 0.048703 -0.017500 -0.003064 0.042763 0.017500 -0.023509 0.047935 0.017500 -0.007592 0.048415 0.017500 -0.006116 0.047935 0.017500 -0.009144 0.047266 0.017500 -0.012136 0.046411 -0.017500 -0.015080 0.046411 0.017500 -0.015080 0.039479 -0.017500 -0.028684 0.037601 -0.017500 -0.031106 0.027002 0.017500 -0.023841 0.025878 0.017500 -0.024301 0.026211 0.017500 -0.023924 0.024301 0.017500 -0.025878 0.028556 0.017500 -0.023624 0.022628 0.017500 -0.027353 0.020866 0.017500 -0.028720 0.000000 0.017500 -0.048799 0.002229 0.017500 -0.035429 0.000000 0.017500 -0.035500 0.004449 0.017500 -0.035220 0.006652 0.017500 -0.034871 0.008828 0.017500 -0.034384 0.010970 0.017500 -0.033762 0.013068 0.017500 -0.033007 0.015115 0.017500 -0.032121 0.017102 0.017500 -0.031108 0.019022 0.017500 -0.029973 -0.025878 0.017500 -0.024301 -0.027002 0.017500 -0.023841 -0.026211 0.017500 -0.023924 -0.024301 0.017500 -0.025878 -0.028556 0.017500 -0.023624 -0.022628 0.017500 -0.027353 -0.020866 0.017500 -0.028720 -0.019022 0.017500 -0.029973 -0.017102 0.017500 -0.031108 -0.015115 0.017500 -0.032121 -0.013068 0.017500 -0.033007 -0.010970 0.017500 -0.033762 -0.008828 0.017500 -0.034384 -0.006652 0.017500 -0.034871 -0.004449 0.017500 -0.035220 -0.002229 0.017500 -0.035429 -0.048415 -0.017500 -0.006116 -0.048703 0.017500 -0.003064 -0.048415 0.017500 -0.006116 -0.048703 -0.017500 -0.003064 -0.047935 0.017500 -0.009144 -0.047266 0.017500 -0.012136 -0.045124 0.017500 -0.013110 -0.035573 0.017500 -0.033405 -0.044212 0.017500 -0.014365 -0.033405 0.017500 -0.035573 0.000000 -0.017500 -0.048799 0.009144 -0.017500 -0.047935 0.012136 -0.017500 -0.047266 0.031106 -0.017500 -0.037601 0.033405 0.017500 -0.035573 0.033405 -0.017500 -0.035573 0.031106 0.017500 -0.037601 0.044212 0.017500 -0.014365 0.026148 0.017500 -0.041203 0.041029 0.017500 -0.017755 0.048415 -0.017500 -0.006116 0.035573 -0.017500 -0.033405 0.041203 -0.017500 -0.026148 0.042763 -0.017500 -0.023509 -0.047935 -0.017500 -0.009144 -0.033405 -0.017500 -0.035573 -0.035573 -0.017500 -0.033405 -0.043222 0.017500 -0.015561 -0.031106 0.017500 -0.037601 -0.039479 -0.017500 -0.028684 0.042160 0.017500 -0.016692 0.043222 0.017500 -0.015561 0.028684 0.017500 -0.039479 0.026148 -0.017500 -0.041203 0.035907 0.017500 -0.021235 0.031106 0.017500 0.037601 0.031106 -0.017500 0.037601 0.047266 -0.017500 -0.012136 0.047935 -0.017500 -0.009144 -0.009144 0.017500 -0.047935 -0.033060 0.017500 -0.022467 -0.045373 0.017500 -0.017964 -0.044155 0.017500 -0.020778 -0.047266 -0.017500 -0.012136 -0.031106 -0.017500 -0.037601 -0.041029 0.017500 -0.017755 -0.028684 0.017500 -0.039479 -0.042160 0.017500 -0.016692 -0.026148 0.017500 -0.041203 -0.039833 0.017500 -0.018744 -0.023509 0.017500 -0.042763 -0.017964 -0.017500 -0.045373 -0.015080 0.017500 -0.046411 -0.015080 -0.017500 -0.046411 -0.017964 0.017500 -0.045373 -0.044155 -0.017500 -0.020778 -0.045373 -0.017500 -0.017964 -0.047935 0.017500 -0.007592 -0.047364 0.017500 -0.009035 -0.037601 -0.017500 -0.031106 0.028684 -0.017500 -0.039479 -0.003064 -0.017500 -0.048703 -0.009144 -0.017500 -0.047935 -0.006116 -0.017500 -0.048415 -0.034503 0.017500 -0.021896 -0.035907 0.017500 -0.021235 -0.012136 0.017500 -0.047266 -0.012136 -0.017500 -0.047266 -0.046411 0.017500 -0.015080 -0.046411 -0.017500 -0.015080 -0.028684 -0.017500 -0.039479 -0.026148 -0.017500 -0.041203 -0.023509 -0.017500 -0.042763 -0.020778 0.017500 -0.044155 -0.020778 -0.017500 -0.044155 -0.037267 0.017500 -0.020488 -0.038577 0.017500 -0.019656 -0.017861 0.020500 0.030660 -0.005521 0.020500 0.043707 -0.002766 0.020500 0.043968 -0.019022 0.020500 0.029973 -0.020866 0.020500 0.028720 -0.022628 0.020500 0.027353 -0.024301 0.020500 0.025878 -0.043274 0.020500 0.008255 -0.025878 0.020500 0.024301 -0.027353 0.020500 0.022628 -0.028179 0.020500 0.021563 0.043968 0.020500 -0.002766 0.044054 0.020500 0.000000 -0.043707 0.020500 -0.005521 -0.043968 0.020500 -0.002766 -0.002766 0.020500 -0.043968 -0.040961 0.020500 -0.016217 -0.019995 0.017500 -0.029311 -0.016457 0.017500 -0.031437 -0.043968 0.020500 0.002766 0.016457 0.017500 -0.031437 0.013063 0.017500 -0.033008 0.005521 0.020500 0.043707 0.043707 0.020500 0.005521 0.043274 0.020500 0.008255 0.042670 0.020500 -0.010956 0.043274 0.020500 -0.008255 -0.037196 0.020500 -0.023606 -0.016217 0.020500 -0.040961 -0.018757 0.020500 -0.039862 -0.008255 0.020500 0.043274 -0.029973 0.020500 0.019022 -0.029606 0.020500 0.019562 -0.031108 0.020500 0.017102 -0.032121 0.020500 0.015115 -0.033007 0.020500 0.013068 -0.033762 0.020500 0.010970 -0.034384 0.020500 0.008828 -0.034512 0.020500 0.008255 0.029973 0.020500 0.019022 0.029606 0.020500 0.019562 0.031108 0.020500 0.017102 0.032121 0.020500 0.015115 0.033007 0.020500 0.013068 0.033762 0.020500 0.010970 0.034384 0.020500 0.008828 0.034512 0.020500 0.008255 0.000000 0.020500 0.044054 0.002229 0.020500 0.035429 0.000000 0.020500 0.035500 0.004449 0.020500 0.035220 0.006652 0.020500 0.034871 0.008828 0.020500 0.034384 0.010970 0.020500 0.033762 0.013068 0.020500 0.033007 0.013668 0.020500 0.032747 -0.002229 0.020500 0.035429 -0.004449 0.020500 0.035220 -0.006652 0.020500 0.034871 -0.008828 0.020500 0.034384 -0.010970 0.020500 0.033762 -0.013068 0.020500 0.033007 -0.013668 0.020500 0.032747 0.043968 0.020500 0.002766 -0.032114 0.020500 -0.030157 -0.033945 0.020500 -0.028081 -0.013614 0.020500 -0.041898 -0.035641 0.020500 -0.025895 -0.043707 0.020500 0.005521 -0.023606 0.020500 0.037196 -0.025895 0.020500 0.035641 -0.028081 0.020500 0.033945 -0.030157 0.020500 0.032114 0.028081 0.020500 0.033945 0.032114 0.020500 0.030157 0.033945 0.020500 0.028081 0.008255 0.020500 0.043274 0.010956 0.020500 0.042670 0.040961 0.020500 -0.016217 0.038605 0.020500 -0.021223 0.039862 0.020500 -0.018757 0.023884 0.017500 -0.026246 0.000000 0.020500 -0.044054 0.033945 0.020500 -0.028081 -0.023606 0.020500 -0.037196 -0.028081 0.020500 -0.033945 -0.010956 0.020500 -0.042670 -0.008255 0.020500 -0.043274 -0.023884 0.017500 -0.026246 -0.039862 0.020500 0.018757 -0.040961 0.020500 0.016217 -0.038605 0.020500 -0.021223 -0.039862 0.020500 -0.018757 -0.042670 0.020500 -0.010956 -0.043274 0.020500 -0.008255 -0.010956 0.020500 0.042670 -0.013614 0.020500 0.041898 -0.016217 0.020500 0.040961 0.025895 0.020500 0.035641 0.021223 0.020500 0.038605 0.023606 0.020500 0.037196 0.016217 0.020500 0.040961 0.018757 0.020500 0.039862 0.039862 0.020500 0.018757 0.030157 0.020500 0.032114 0.019995 0.017500 -0.029311 0.041898 0.020500 -0.013614 0.028081 0.020500 -0.033945 0.030157 0.020500 -0.032114 0.023606 0.020500 -0.037196 0.025895 0.020500 -0.035641 0.016217 0.020500 -0.040961 -0.030157 0.020500 -0.032114 -0.033945 0.020500 0.028081 -0.032114 0.020500 0.030157 -0.041898 0.020500 0.013614 -0.044054 0.020500 0.000000 -0.041898 0.020500 -0.013614 0.034871 0.020500 0.006652 0.035220 0.020500 0.004449 0.035429 0.020500 0.002229 0.035500 0.020500 0.000000 0.035429 0.020500 -0.002229 0.035220 0.020500 -0.004449 0.043707 0.020500 -0.005521 0.034871 0.020500 -0.006652 0.034384 0.020500 -0.008828 0.033762 0.020500 -0.010970 0.033007 0.020500 -0.013068 0.032121 0.020500 -0.015115 0.031108 0.020500 -0.017102 0.029973 0.020500 -0.019022 0.037196 0.020500 -0.023606 0.028720 0.020500 -0.020866 0.035641 0.020500 -0.025895 0.027353 0.020500 -0.022628 0.025878 0.020500 -0.024301 0.032114 0.020500 -0.030157 0.024301 0.020500 -0.025878 0.022628 0.020500 -0.027353 0.020866 0.020500 -0.028720 0.019022 0.020500 -0.029973 0.017102 0.020500 -0.031108 0.021223 0.020500 -0.038605 0.015115 0.020500 -0.032121 0.018757 0.020500 -0.039862 0.013068 0.020500 -0.033007 0.013614 0.020500 -0.041898 0.010970 0.020500 -0.033762 -0.034871 0.020500 0.006652 -0.035220 0.020500 0.004449 -0.035429 0.020500 0.002229 -0.035500 0.020500 0.000000 -0.035429 0.020500 -0.002229 -0.035220 0.020500 -0.004449 -0.034871 0.020500 -0.006652 -0.034384 0.020500 -0.008828 -0.033762 0.020500 -0.010970 -0.033007 0.020500 -0.013068 -0.032121 0.020500 -0.015115 -0.031108 0.020500 -0.017102 -0.029973 0.020500 -0.019022 -0.028720 0.020500 -0.020866 -0.027353 0.020500 -0.022628 -0.025878 0.020500 -0.024301 -0.024301 0.020500 -0.025878 -0.022628 0.020500 -0.027353 -0.020866 0.020500 -0.028720 -0.025895 0.020500 -0.035641 -0.019022 0.020500 -0.029973 -0.017102 0.020500 -0.031108 -0.021223 0.020500 -0.038605 -0.015115 0.020500 -0.032121 -0.013068 0.020500 -0.033007 -0.010970 0.020500 -0.033762 -0.008828 0.020500 -0.034384 -0.006652 0.020500 -0.034871 -0.004449 0.020500 -0.035220 -0.005521 0.020500 -0.043707 -0.002229 0.020500 -0.035429 0.000000 0.020500 -0.035500 0.008828 0.020500 -0.034384 0.010956 0.020500 -0.042670 0.006652 0.020500 -0.034871 0.008255 0.020500 -0.043274 0.004449 0.020500 -0.035220 0.005521 0.020500 -0.043707 0.002229 0.020500 -0.035429 0.002766 0.020500 -0.043968 -0.018757 0.020500 0.039862 -0.021223 0.020500 0.038605 0.002766 0.020500 0.043968 0.042670 0.020500 0.010956 0.035641 0.020500 0.025895 0.037196 0.020500 0.023606 0.040961 0.020500 0.016217 -0.013063 0.017500 -0.033008 -0.037196 0.020500 0.023606 -0.038605 0.020500 0.021223 -0.035641 0.020500 0.025895 -0.042670 0.020500 0.010956 -0.028720 0.020500 0.020866 -0.015115 0.020500 0.032121 -0.017102 0.020500 0.031108 0.017861 0.020500 0.030660 0.019022 0.020500 0.029973 0.020866 0.020500 0.028720 0.022628 0.020500 0.027353 0.024301 0.020500 0.025878 0.027353 0.020500 0.022628 0.028179 0.020500 0.021563 0.025878 0.020500 0.024301 0.028720 0.020500 0.020866 0.015115 0.020500 0.032121 0.017102 0.020500 0.031108 0.013614 0.020500 0.041898 0.041898 0.020500 0.013614 0.038605 0.020500 0.021223 -0.002766 -0.020500 0.043968 0.043968 -0.020500 0.002766 0.044054 -0.020500 0.000000 -0.043707 -0.020500 0.005521 -0.043968 -0.020500 0.002766 0.043707 -0.020500 0.005521 0.030157 -0.020500 -0.032114 0.032114 -0.020500 -0.030157 0.016217 -0.020500 -0.040961 0.000000 -0.020500 -0.044054 -0.002766 -0.020500 -0.043968 -0.042670 -0.020500 0.010956 -0.043274 -0.020500 0.008255 -0.043968 -0.020500 -0.002766 0.043707 -0.020500 -0.005521 0.043274 -0.020500 -0.008255 0.041898 -0.020500 0.013614 0.009744 -0.020500 0.031904 0.022758 -0.020500 0.024391 0.023164 -0.020500 0.024477 0.009701 -0.020500 0.031491 0.022421 -0.020500 0.024147 0.003451 -0.020500 0.011491 0.008226 -0.020500 0.008734 0.003243 -0.020500 0.011131 0.008005 -0.020500 0.008255 0.002907 -0.020500 0.010886 0.002500 -0.020500 0.010800 -0.002907 -0.020500 0.010886 -0.008005 -0.020500 0.008255 -0.002500 -0.020500 0.010800 0.008018 -0.020500 0.008374 0.000000 -0.020500 0.044054 -0.009338 -0.020500 0.032609 -0.008958 -0.020500 0.032778 -0.023571 -0.020500 0.024391 -0.022758 -0.020500 0.024391 -0.009744 -0.020500 0.031904 -0.023164 -0.020500 0.024477 -0.009616 -0.020500 0.032300 -0.023907 -0.020500 0.024147 -0.032865 -0.020500 0.008631 -0.032905 -0.020500 0.008255 0.008958 -0.020500 0.032778 0.009338 -0.020500 0.032609 0.023571 -0.020500 0.024391 0.009616 -0.020500 0.032300 0.023907 -0.020500 0.024147 0.043274 -0.020500 0.008255 0.032865 -0.020500 0.008631 0.032905 -0.020500 0.008255 -0.009701 -0.020500 0.031491 -0.022421 -0.020500 0.024147 -0.003451 -0.020500 0.011491 -0.008226 -0.020500 0.008734 -0.003243 -0.020500 0.011131 -0.008018 -0.020500 0.008374 0.038605 -0.020500 0.021223 0.039862 -0.020500 0.018757 -0.028081 -0.020500 -0.033945 -0.025895 -0.020500 -0.035641 0.002766 -0.020500 -0.043968 0.041898 -0.020500 -0.013614 0.033945 -0.020500 0.028081 0.032114 -0.020500 0.030157 -0.040961 -0.020500 -0.016217 -0.039862 -0.020500 -0.018757 -0.008255 -0.020500 -0.043274 -0.005521 -0.020500 -0.043707 -0.013614 -0.020500 -0.041898 0.018757 -0.020500 -0.039862 0.033945 -0.020500 -0.028081 0.042670 -0.020500 -0.010956 0.040961 -0.020500 0.016217 0.025895 -0.020500 0.035641 0.023606 -0.020500 0.037196 0.042670 -0.020500 0.010956 -0.032114 -0.020500 0.030157 -0.030157 -0.020500 0.032114 -0.016217 -0.020500 0.040961 -0.013614 -0.020500 0.041898 -0.042670 -0.020500 -0.010956 -0.037196 -0.020500 -0.023606 -0.010956 -0.020500 -0.042670 -0.033945 -0.020500 -0.028081 -0.032114 -0.020500 -0.030157 -0.023606 -0.020500 -0.037196 -0.030157 -0.020500 -0.032114 -0.018757 -0.020500 -0.039862 -0.016217 -0.020500 -0.040961 0.013614 -0.020500 -0.041898 0.028081 -0.020500 -0.033945 0.035641 -0.020500 -0.025895 0.037196 -0.020500 -0.023606 0.040961 -0.020500 -0.016217 0.039862 -0.020500 -0.018757 0.043968 -0.020500 -0.002766 0.013614 -0.020500 0.041898 0.010956 -0.020500 0.042670 0.028081 -0.020500 0.033945 -0.044054 -0.020500 0.000000 -0.032909 -0.020500 0.008218 -0.032780 -0.020500 0.007822 -0.032502 -0.020500 0.007513 -0.032502 -0.020500 -0.007513 -0.011261 -0.020500 -0.002757 -0.011261 -0.020500 0.002757 -0.011677 -0.020500 0.002757 -0.032122 -0.020500 0.007344 -0.032122 -0.020500 -0.007344 -0.011677 -0.020500 -0.002757 -0.007264 -0.020500 0.001865 -0.007133 -0.020500 0.002318 -0.007367 -0.020500 0.001405 -0.007441 -0.020500 0.000940 -0.007500 -0.020500 0.000000 -0.007485 -0.020500 0.000471 -0.007485 -0.020500 -0.000471 -0.010881 -0.020500 -0.002926 -0.007441 -0.020500 -0.000940 -0.007367 -0.020500 -0.001405 -0.032780 -0.020500 -0.007822 -0.043707 -0.020500 -0.005521 -0.043274 -0.020500 -0.008255 -0.032909 -0.020500 -0.008218 -0.032865 -0.020500 -0.008631 -0.041898 -0.020500 -0.013614 -0.038605 -0.020500 -0.021223 -0.023907 -0.020500 -0.024147 -0.035641 -0.020500 -0.025895 -0.004019 -0.020500 0.006332 -0.007974 -0.020500 0.007960 0.000000 -0.020500 0.007500 -0.004781 -0.020500 0.005779 -0.008103 -0.020500 0.007565 0.000001 -0.020500 0.007500 0.000471 -0.020500 0.007485 -0.000001 -0.020500 0.007500 -0.000471 -0.020500 0.007485 -0.000940 -0.020500 0.007441 -0.001405 -0.020500 0.007367 -0.001865 -0.020500 0.007264 -0.002318 -0.020500 0.007133 -0.002761 -0.020500 0.006973 -0.003193 -0.020500 0.006786 -0.003613 -0.020500 0.006572 -0.004408 -0.020500 0.006068 -0.005134 -0.020500 0.005467 -0.005467 -0.020500 0.005134 -0.005779 -0.020500 0.004781 -0.006068 -0.020500 0.004408 -0.006332 -0.020500 0.004019 -0.006572 -0.020500 0.003613 -0.010603 -0.020500 0.003235 -0.006786 -0.020500 0.003193 -0.010881 -0.020500 0.002926 -0.006973 -0.020500 0.002761 0.000940 -0.020500 0.007441 0.001405 -0.020500 0.007367 0.001865 -0.020500 0.007264 0.002318 -0.020500 0.007133 0.002761 -0.020500 0.006973 0.003193 -0.020500 0.006786 0.003613 -0.020500 0.006572 0.004019 -0.020500 0.006332 0.007974 -0.020500 0.007960 0.004408 -0.020500 0.006068 0.004781 -0.020500 0.005779 0.008103 -0.020500 0.007565 0.005134 -0.020500 0.005467 0.005467 -0.020500 0.005134 0.005779 -0.020500 0.004781 0.006068 -0.020500 0.004408 0.006332 -0.020500 0.004019 0.006572 -0.020500 0.003613 0.010603 -0.020500 0.003235 0.006786 -0.020500 0.003193 0.006973 -0.020500 0.002761 0.007133 -0.020500 0.002318 0.007264 -0.020500 0.001865 0.007367 -0.020500 0.001405 0.010881 -0.020500 0.002926 0.032909 -0.020500 0.008218 0.032780 -0.020500 0.007822 0.032502 -0.020500 0.007513 0.032502 -0.020500 -0.007513 0.032122 -0.020500 0.007344 0.032122 -0.020500 -0.007344 0.011677 -0.020500 0.002757 0.007441 -0.020500 0.000940 0.007485 -0.020500 0.000471 0.011261 -0.020500 0.002757 0.007500 -0.020500 0.000000 0.011261 -0.020500 -0.002757 0.011677 -0.020500 -0.002757 0.007485 -0.020500 -0.000471 0.010881 -0.020500 -0.002926 0.007441 -0.020500 -0.000940 0.007367 -0.020500 -0.001405 0.010603 -0.020500 -0.003235 0.007264 -0.020500 -0.001865 0.007133 -0.020500 -0.002318 0.032780 -0.020500 -0.007822 0.032909 -0.020500 -0.008218 0.032865 -0.020500 -0.008631 0.038605 -0.020500 -0.021223 0.023907 -0.020500 -0.024147 0.023571 -0.020500 -0.024391 0.023164 -0.020500 -0.024477 0.003243 -0.020500 -0.011131 0.003613 -0.020500 -0.006572 0.002907 -0.020500 -0.010886 0.008018 -0.020500 -0.008374 0.008226 -0.020500 -0.008734 0.003451 -0.020500 -0.011491 0.022421 -0.020500 -0.024147 0.009701 -0.020500 -0.031491 0.025895 -0.020500 -0.035641 0.022758 -0.020500 -0.024391 0.009744 -0.020500 -0.031904 0.021223 -0.020500 -0.038605 0.009616 -0.020500 -0.032300 0.009338 -0.020500 -0.032609 0.008958 -0.020500 -0.032778 -0.009744 -0.020500 -0.031904 -0.009616 -0.020500 -0.032300 -0.009338 -0.020500 -0.032609 0.023606 -0.020500 -0.037196 -0.008958 -0.020500 -0.032778 0.010956 -0.020500 -0.042670 0.008255 -0.020500 -0.043274 0.005521 -0.020500 -0.043707 0.006973 -0.020500 -0.002761 0.006786 -0.020500 -0.003193 0.006572 -0.020500 -0.003613 0.008103 -0.020500 -0.007565 0.006332 -0.020500 -0.004019 0.006068 -0.020500 -0.004408 0.005779 -0.020500 -0.004781 0.005467 -0.020500 -0.005134 0.005134 -0.020500 -0.005467 0.004781 -0.020500 -0.005779 0.007974 -0.020500 -0.007960 0.004408 -0.020500 -0.006068 0.004019 -0.020500 -0.006332 0.002761 -0.020500 -0.006973 0.003193 -0.020500 -0.006786 0.002500 -0.020500 -0.010800 0.000000 -0.020500 -0.007500 -0.002500 -0.020500 -0.010800 0.002318 -0.020500 -0.007133 0.001865 -0.020500 -0.007264 0.000940 -0.020500 -0.007441 0.001405 -0.020500 -0.007367 0.000471 -0.020500 -0.007485 0.000470 -0.020500 -0.007485 -0.001405 -0.020500 -0.007367 -0.000940 -0.020500 -0.007441 -0.000471 -0.020500 -0.007485 -0.002907 -0.020500 -0.010886 -0.007974 -0.020500 -0.007960 -0.008018 -0.020500 -0.008374 -0.003243 -0.020500 -0.011131 -0.008226 -0.020500 -0.008734 -0.003451 -0.020500 -0.011491 -0.022421 -0.020500 -0.024147 -0.009701 -0.020500 -0.031491 -0.022758 -0.020500 -0.024391 -0.023571 -0.020500 -0.024391 -0.023164 -0.020500 -0.024477 -0.021223 -0.020500 -0.038605 -0.010603 -0.020500 -0.003235 -0.007264 -0.020500 -0.001865 -0.007133 -0.020500 -0.002318 -0.006973 -0.020500 -0.002761 -0.006786 -0.020500 -0.003193 -0.006572 -0.020500 -0.003613 -0.008103 -0.020500 -0.007565 -0.006332 -0.020500 -0.004019 -0.006068 -0.020500 -0.004408 -0.005779 -0.020500 -0.004781 -0.005467 -0.020500 -0.005134 -0.005134 -0.020500 -0.005467 -0.004781 -0.020500 -0.005779 -0.004408 -0.020500 -0.006068 -0.004019 -0.020500 -0.006332 -0.000470 -0.020500 -0.007485 -0.001865 -0.020500 -0.007264 -0.002318 -0.020500 -0.007133 -0.002761 -0.020500 -0.006973 -0.003193 -0.020500 -0.006786 -0.003613 -0.020500 -0.006572 -0.040961 -0.020500 0.016217 -0.039862 -0.020500 0.018757 -0.037196 -0.020500 0.023606 -0.028081 -0.020500 0.033945 -0.025895 -0.020500 0.035641 -0.005521 -0.020500 0.043707 0.005521 -0.020500 0.043707 -0.018757 -0.020500 0.039862 -0.010956 -0.020500 0.042670 -0.023606 -0.020500 0.037196 -0.021223 -0.020500 0.038605 -0.038605 -0.020500 0.021223 -0.041898 -0.020500 0.013614 -0.008255 -0.020500 0.043274 0.037196 -0.020500 0.023606 0.035641 -0.020500 0.025895 0.030157 -0.020500 0.032114 0.016217 -0.020500 0.040961 0.002766 -0.020500 0.043968 -0.035641 -0.020500 0.025895 0.021223 -0.020500 0.038605 0.008255 -0.020500 0.043274 0.018757 -0.020500 0.039862 -0.033945 -0.020500 0.028081 0.009744 -0.009499 0.031904 0.009701 -0.009499 0.031491 0.009338 -0.009499 0.032609 0.008958 -0.009499 0.032778 -0.008958 -0.009499 0.032778 -0.009744 -0.009499 0.031904 -0.009616 -0.009499 0.032300 0.009616 -0.009499 0.032300 -0.003451 -0.009499 0.011491 -0.009701 -0.009499 0.031491 -0.002907 -0.009499 0.010886 -0.003243 -0.009499 0.011131 -0.002500 -0.009499 0.010800 0.002500 -0.009499 0.010800 0.003451 -0.009499 0.011491 0.003243 -0.009499 0.011131 0.024301 -0.009499 0.025878 0.023571 -0.009499 0.024391 0.023164 -0.009499 0.024477 0.023907 -0.009499 0.024147 0.025878 -0.009499 0.024301 0.027353 -0.009499 0.022628 0.028720 -0.009499 0.020866 0.029973 -0.009499 0.019022 0.031108 -0.009499 0.017102 0.032865 -0.009499 0.008631 0.032121 -0.009499 0.015115 0.033007 -0.009499 0.013068 0.033762 -0.009499 0.010970 0.034384 -0.009499 0.008828 0.032909 -0.009499 0.008218 0.032780 -0.009499 0.007822 0.034871 -0.009499 0.006652 0.032502 -0.009499 0.007513 0.032122 -0.009499 0.007344 0.035220 -0.009499 0.004449 0.035429 -0.009499 0.002229 0.011261 -0.009499 -0.002757 0.011261 -0.009499 0.002757 0.011677 -0.009499 0.002757 0.010603 -0.009499 -0.003235 -0.011261 -0.009499 0.002757 0.032122 -0.009499 -0.007344 0.035500 -0.009499 0.000000 0.000000 -0.009499 0.035500 0.002229 -0.009499 0.035429 0.004449 -0.009499 0.035220 0.006652 -0.009499 0.034871 -0.002229 -0.009499 0.035429 0.008828 -0.009499 0.034384 -0.004449 -0.009499 0.035220 0.010970 -0.009499 0.033762 -0.006652 -0.009499 0.034871 0.013068 -0.009499 0.033007 -0.008828 -0.009499 0.034384 -0.009338 -0.009499 0.032609 0.015115 -0.009499 0.032121 0.017102 -0.009499 0.031108 0.022421 -0.009499 0.024147 0.019022 -0.009499 0.029973 0.020866 -0.009499 0.028720 0.022628 -0.009499 0.027353 0.022758 -0.009499 0.024391 0.008226 -0.009499 0.008734 0.007974 -0.009499 0.007960 0.002907 -0.009499 0.010886 0.008018 -0.009499 0.008374 -0.010970 -0.009499 0.033762 -0.013068 -0.009499 0.033007 -0.015115 -0.009499 0.032121 -0.017102 -0.009499 0.031108 -0.022421 -0.009499 0.024147 -0.019022 -0.009499 0.029973 -0.020866 -0.009499 0.028720 -0.022628 -0.009499 0.027353 -0.023164 -0.009499 0.024477 -0.022758 -0.009499 0.024391 -0.024301 -0.009499 0.025878 -0.008226 -0.009499 0.008734 -0.008018 -0.009499 0.008374 -0.007974 -0.009499 0.007960 0.008103 -0.009499 0.007565 -0.008103 -0.009499 0.007565 0.010603 -0.009499 0.003235 -0.010603 -0.009499 0.003235 0.010881 -0.009499 0.002926 -0.010881 -0.009499 0.002926 -0.023571 -0.009499 0.024391 -0.023907 -0.009499 0.024147 -0.025878 -0.009499 0.024301 -0.027353 -0.009499 0.022628 -0.028720 -0.009499 0.020866 -0.029973 -0.009499 0.019022 -0.031108 -0.009499 0.017102 -0.032865 -0.009499 0.008631 -0.032121 -0.009499 0.015115 -0.033007 -0.009499 0.013068 -0.033762 -0.009499 0.010970 -0.034384 -0.009499 0.008828 -0.032909 -0.009499 0.008218 -0.032780 -0.009499 0.007822 -0.034871 -0.009499 0.006652 -0.032502 -0.009499 0.007513 -0.032122 -0.009499 0.007344 -0.035220 -0.009499 0.004449 -0.032122 -0.009499 -0.007344 -0.011677 -0.009499 0.002757 -0.035429 -0.009499 0.002229 0.011677 -0.009499 -0.002757 0.010881 -0.009499 -0.002926 0.035429 -0.009499 -0.002229 -0.011677 -0.009499 -0.002757 -0.011261 -0.009499 -0.002757 0.035220 -0.009499 -0.004449 0.034871 -0.009499 -0.006652 0.032502 -0.009499 -0.007513 0.032780 -0.009499 -0.007822 0.034384 -0.009499 -0.008828 0.032909 -0.009499 -0.008218 0.032865 -0.009499 -0.008631 0.033762 -0.009499 -0.010970 0.033007 -0.009499 -0.013068 0.032121 -0.009499 -0.015115 0.031108 -0.009499 -0.017102 0.023907 -0.009499 -0.024147 0.029973 -0.009499 -0.019022 0.028720 -0.009499 -0.020866 0.027353 -0.009499 -0.022628 0.025878 -0.009499 -0.024301 0.024301 -0.009499 -0.025878 0.023571 -0.009499 -0.024391 0.023164 -0.009499 -0.024477 -0.010603 -0.009499 -0.003235 -0.010881 -0.009499 -0.002926 0.008103 -0.009499 -0.007565 -0.008103 -0.009499 -0.007565 0.002500 -0.009499 -0.010800 0.007974 -0.009499 -0.007960 0.002907 -0.009499 -0.010886 0.008018 -0.009499 -0.008374 -0.002500 -0.009499 -0.010800 0.003243 -0.009499 -0.011131 0.008226 -0.009499 -0.008734 -0.007974 -0.009499 -0.007960 -0.002907 -0.009499 -0.010886 0.003451 -0.009499 -0.011491 0.022421 -0.009499 -0.024147 0.022628 -0.009499 -0.027353 0.022758 -0.009499 -0.024391 0.020866 -0.009499 -0.028720 0.019022 -0.009499 -0.029973 0.017102 -0.009499 -0.031108 0.009701 -0.009499 -0.031491 0.015115 -0.009499 -0.032121 0.013068 -0.009499 -0.033007 0.009744 -0.009499 -0.031904 0.010970 -0.009499 -0.033762 0.009616 -0.009499 -0.032300 0.008828 -0.009499 -0.034384 0.009338 -0.009499 -0.032609 -0.035500 -0.009499 0.000000 -0.035429 -0.009499 -0.002229 -0.035220 -0.009499 -0.004449 -0.034871 -0.009499 -0.006652 -0.032502 -0.009499 -0.007513 -0.032780 -0.009499 -0.007822 -0.034384 -0.009499 -0.008828 -0.032909 -0.009499 -0.008218 -0.032865 -0.009499 -0.008631 -0.033762 -0.009499 -0.010970 -0.033007 -0.009499 -0.013068 -0.032121 -0.009499 -0.015115 -0.031108 -0.009499 -0.017102 -0.023907 -0.009499 -0.024147 -0.029973 -0.009499 -0.019022 -0.028720 -0.009499 -0.020866 -0.027353 -0.009499 -0.022628 -0.025878 -0.009499 -0.024301 -0.024301 -0.009499 -0.025878 -0.023571 -0.009499 -0.024391 -0.023164 -0.009499 -0.024477 -0.008018 -0.009499 -0.008374 -0.003243 -0.009499 -0.011131 -0.008226 -0.009499 -0.008734 -0.003451 -0.009499 -0.011491 -0.022421 -0.009499 -0.024147 -0.009701 -0.009499 -0.031491 -0.022628 -0.009499 -0.027353 -0.022758 -0.009499 -0.024391 -0.017102 -0.009499 -0.031108 -0.020866 -0.009499 -0.028720 -0.019022 -0.009499 -0.029973 -0.013068 -0.009499 -0.033007 -0.009744 -0.009499 -0.031904 -0.015115 -0.009499 -0.032121 -0.010970 -0.009499 -0.033762 -0.009616 -0.009499 -0.032300 -0.009338 -0.009499 -0.032609 -0.008828 -0.009499 -0.034384 -0.008958 -0.009499 -0.032778 0.008958 -0.009499 -0.032778 0.006652 -0.009499 -0.034871 0.004449 -0.009499 -0.035220 0.002229 -0.009499 -0.035429 -0.006652 -0.009499 -0.034871 0.000000 -0.009499 -0.035500 -0.004449 -0.009499 -0.035220 -0.002229 -0.009499 -0.035429 0.007485 -0.015009 0.000471 0.007500 -0.015009 0.000000 -0.000471 -0.015009 0.007485 0.005134 -0.015009 0.005467 0.004781 -0.015009 0.005779 0.001405 -0.015009 -0.007367 0.001865 -0.015009 -0.007264 0.000471 -0.015009 0.007485 0.000000 -0.015009 0.007500 -0.000940 -0.015009 0.007441 0.000940 -0.015009 0.007441 -0.001405 -0.015009 0.007367 0.001405 -0.015009 0.007367 -0.001865 -0.015009 0.007264 0.001865 -0.015009 0.007264 -0.002318 -0.015009 0.007133 0.002318 -0.015009 0.007133 -0.002761 -0.015009 0.006973 0.002761 -0.015009 0.006973 -0.003193 -0.015009 0.006786 0.003193 -0.015009 0.006786 -0.003613 -0.015009 0.006572 0.003613 -0.015009 0.006572 -0.004019 -0.015009 0.006332 0.004019 -0.015009 0.006332 -0.004408 -0.015009 0.006068 0.004408 -0.015009 0.006068 -0.004781 -0.015009 0.005779 -0.005134 -0.015009 0.005467 -0.005467 -0.015009 0.005134 0.005467 -0.015009 0.005134 -0.005779 -0.015009 0.004781 0.005779 -0.015009 0.004781 -0.006068 -0.015009 0.004408 0.006068 -0.015009 0.004408 -0.006332 -0.015009 0.004019 0.006332 -0.015009 0.004019 -0.006572 -0.015009 0.003613 0.006572 -0.015009 0.003613 -0.006786 -0.015009 0.003193 0.006786 -0.015009 0.003193 -0.006973 -0.015009 0.002761 0.006973 -0.015009 0.002761 -0.007133 -0.015009 0.002318 0.007133 -0.015009 0.002318 -0.007264 -0.015009 0.001865 0.007264 -0.015009 0.001865 -0.007367 -0.015009 0.001405 0.007367 -0.015009 0.001405 -0.007441 -0.015009 0.000940 0.007441 -0.015009 0.000940 -0.007485 -0.015009 0.000471 -0.007500 -0.015009 0.000000 -0.007485 -0.015009 -0.000471 0.007485 -0.015009 -0.000471 -0.007441 -0.015009 -0.000940 0.007441 -0.015009 -0.000940 -0.007367 -0.015009 -0.001405 0.007367 -0.015009 -0.001405 -0.007264 -0.015009 -0.001865 0.007264 -0.015009 -0.001865 -0.007133 -0.015009 -0.002318 0.007133 -0.015009 -0.002318 -0.006973 -0.015009 -0.002761 0.006973 -0.015009 -0.002761 -0.006786 -0.015009 -0.003193 0.006786 -0.015009 -0.003193 -0.006572 -0.015009 -0.003613 0.006572 -0.015009 -0.003613 -0.006332 -0.015009 -0.004019 0.006332 -0.015009 -0.004019 -0.006068 -0.015009 -0.004408 0.006068 -0.015009 -0.004408 -0.005779 -0.015009 -0.004781 0.005779 -0.015009 -0.004781 -0.005467 -0.015009 -0.005134 0.005467 -0.015009 -0.005134 -0.005134 -0.015009 -0.005467 0.005134 -0.015009 -0.005467 -0.004781 -0.015009 -0.005779 0.004781 -0.015009 -0.005779 -0.004408 -0.015009 -0.006068 0.004408 -0.015009 -0.006068 -0.004019 -0.015009 -0.006332 0.004019 -0.015009 -0.006332 -0.003613 -0.015009 -0.006572 0.003613 -0.015009 -0.006572 -0.003193 -0.015009 -0.006786 0.003193 -0.015009 -0.006786 -0.002761 -0.015009 -0.006973 0.002761 -0.015009 -0.006973 -0.002318 -0.015009 -0.007133 0.002318 -0.015009 -0.007133 -0.001865 -0.015009 -0.007264 -0.001405 -0.015009 -0.007367 -0.000940 -0.015009 -0.007441 0.000940 -0.015009 -0.007441 -0.000471 -0.015009 -0.007485 0.000471 -0.015009 -0.007485 0.000000 -0.015009 -0.007500
</float_array>
          <technique_common>
            <accessor source="#Racecar_Chassis_Wheel-mesh-positions-array" count="1111" stride="3">
              <param name="X" type="float" />
              <param name="Y" type="float" />
              <param name="Z" type="float" />
            </accessor>
          </technique_common>
        </source>
        <source id="Racecar_Chassis_Wheel-mesh-normals">
          <float_array id="Racecar_Chassis_Wheel-mesh-normals-array" count="5190">
0.000999 0.000000 0.000031 0.000996 0.000000 0.000094 0.000996 0.000000 0.000094 -0.000999 0.000000 0.000031 -0.000031 0.000000 0.000999 -0.000031 0.000000 0.000999 0.000707 0.000000 0.000707 0.000790 0.000000 0.000613 -0.000707 0.000000 0.000707 -0.000790 0.000000 0.000613 -0.000397 0.000000 0.000918 -0.000397 0.000000 0.000918 0.000000 0.001000 -0.000000 0.000000 0.001000 0.000000 0.000000 0.001000 0.000000 0.000000 0.001000 0.000000 0.000918 0.000000 0.000397 0.000918 0.000000 0.000397 0.000960 0.000000 0.000279 0.000397 0.000000 0.000918 0.000397 0.000000 0.000918 0.000509 0.000000 0.000861 0.000509 0.000000 0.000861 0.000279 0.000000 0.000960 0.000562 0.000000 0.000827 0.000562 0.000000 0.000827 -0.000918 0.000000 0.000397 -0.000918 0.000000 0.000397 0.000031 0.000000 0.000999 0.000031 0.000000 0.000999 -0.000218 0.000000 0.000976 0.000918 0.000000 -0.000397 0.000918 0.000000 -0.000397 0.000339 0.000000 -0.000941 0.000000 0.001000 0.000000 0.000000 0.001000 0.000000 0.000976 0.000000 0.000218 0.000976 0.000000 0.000218 0.000827 0.000000 0.000562 0.000827 0.000000 0.000562 0.000891 0.000000 0.000454 0.000891 0.000000 0.000454 0.000156 0.000000 0.000988 0.000156 0.000000 0.000988 -0.000976 0.000000 0.000218 -0.000976 0.000000 0.000218 -0.000827 0.000000 0.000562 -0.000827 0.000000 0.000562 -0.000988 0.000000 0.000156 -0.000988 0.000000 0.000156 -0.000562 0.000000 0.000827 -0.000562 0.000000 0.000827 -0.000454 0.000000 0.000891 -0.000454 0.000000 0.000891 -0.000279 0.000000 0.000960 -0.000094 0.000000 0.000996 -0.000094 0.000000 0.000996 0.000000 0.001000 0.000000 0.000000 0.001000 -0.000000 0.000000 0.001000 0.000000 0.000000 0.001000 -0.000000 0.000000 -0.000012 -0.001000 0.000000 -0.000012 -0.001000 -0.000861 0.000000 -0.000509 -0.000861 0.000000 -0.000509 0.000094 0.000000 -0.000996 0.000094 0.000000 -0.000996 0.000000 0.001000 0.000000 0.000000 0.001000 -0.000000 0.000000 0.001000 -0.000000 0.000000 0.001000 0.000000 0.000454 0.000000 -0.000891 0.000454 0.000000 -0.000891 0.000397 0.000000 -0.000918 0.000397 0.000000 -0.000918 0.000941 0.000000 0.000339 0.000941 0.000000 0.000339 0.000750 0.000000 0.000661 0.000750 0.000000 0.000661 0.000861 0.000000 0.000509 0.000861 0.000000 0.000509 0.000094 0.000000 0.000996 0.000094 0.000000 0.000996 0.000218 0.000000 0.000976 -0.000960 0.000000 0.000279 -0.000156 0.000000 0.000988 -0.000156 0.000000 0.000988 -0.000996 0.000000 0.000094 -0.000996 0.000000 0.000094 -0.000861 0.000000 0.000509 -0.000861 0.000000 0.000509 -0.000613 0.000000 0.000790 -0.000661 0.000000 0.000750 -0.000339 0.000000 0.000941 0.000999 0.000000 -0.000031 0.000000 0.001000 -0.000000 0.000000 0.001000 0.000000 0.000941 0.000000 -0.000339 0.000941 0.000000 -0.000339 0.000790 0.000000 -0.000613 0.000000 0.001000 0.000000 0.000000 0.001000 0.000000 0.000000 0.001000 -0.000000 0.000000 0.001000 -0.000000 0.000000 0.001000 -0.000000 0.000000 0.001000 0.000000 0.000000 0.001000 0.000000 0.000000 0.001000 0.000000 0.000000 0.001000 -0.000000 0.000000 0.001000 0.000000 -0.000996 0.000000 -0.000094 -0.000996 0.000000 -0.000094 -0.000999 0.000000 -0.000031 0.000000 0.001000 -0.000000 0.000031 0.000000 -0.000999 0.000031 0.000000 -0.000999 0.000218 0.000000 -0.000976 0.000156 0.000000 -0.000988 0.000156 0.000000 -0.000988 0.000661 0.000000 -0.000750 0.000000 0.001000 0.000000 0.000000 0.001000 -0.000000 0.000000 0.001000 0.000000 0.000000 0.001000 -0.000000 0.000279 0.000000 -0.000960 0.000988 0.000000 0.000156 0.000988 0.000000 0.000156 0.000454 0.000000 0.000891 0.000454 0.000000 0.000891 -0.000891 0.000000 0.000454 -0.000891 0.000000 0.000454 -0.000509 0.000000 0.000861 -0.000509 0.000000 0.000861 -0.000750 0.000000 0.000661 -0.000750 0.000000 0.000661 0.000996 0.000000 -0.000094 0.000996 0.000000 -0.000094 0.000707 0.000000 -0.000707 0.000750 0.000000 -0.000661 0.000750 0.000000 -0.000661 0.000000 0.001000 -0.000000 0.000827 0.000000 -0.000562 0.000827 0.000000 -0.000562 0.000861 0.000000 -0.000509 0.000861 0.000000 -0.000509 0.000891 0.000000 -0.000454 0.000891 0.000000 -0.000454 -0.000988 0.000000 -0.000156 -0.000988 0.000000 -0.000156 -0.000707 0.000000 -0.000707 0.000000 0.001000 0.000000 -0.000827 0.000000 -0.000562 -0.000827 0.000000 -0.000562 0.000000 0.001000 -0.000000 0.000000 0.001000 -0.000000 0.000000 0.001000 0.000000 0.000000 0.001000 -0.000000 0.000000 0.001000 0.000000 0.000000 0.001000 -0.000000 0.000509 0.000000 -0.000861 0.000509 0.000000 -0.000861 0.000000 0.001000 -0.000000 0.000000 0.001000 0.000000 0.000000 0.001000 0.000000 0.000661 0.000000 0.000750 0.000613 0.000000 0.000790 0.000339 0.000000 0.000941 -0.000941 0.000000 0.000339 -0.000941 0.000000 0.000339 0.000960 0.000000 -0.000279 0.000976 0.000000 -0.000218 0.000976 0.000000 -0.000218 0.000988 0.000000 -0.000156 0.000988 0.000000 -0.000156 0.000000 0.001000 0.000000 0.000000 0.001000 0.000000 0.000000 0.001000 -0.000000 -0.000976 0.000000 -0.000218 -0.000976 0.000000 -0.000218 -0.000661 0.000000 -0.000750 0.000000 0.001000 -0.000000 -0.000339 0.000000 -0.000941 -0.000918 0.000000 -0.000397 -0.000918 0.000000 -0.000397 -0.000891 0.000000 -0.000454 -0.000891 0.000000 -0.000454 0.000000 0.001000 0.000000 0.000000 0.001000 -0.000000 -0.000750 0.000000 -0.000661 -0.000750 0.000000 -0.000661 -0.000790 0.000000 -0.000613 0.000613 0.000000 -0.000790 0.000562 0.000000 -0.000827 0.000562 0.000000 -0.000827 -0.000031 0.000000 -0.000999 -0.000031 0.000000 -0.000999 -0.000156 0.000000 -0.000988 -0.000156 0.000000 -0.000988 -0.000218 0.000000 -0.000976 -0.000941 0.000000 -0.000339 -0.000941 0.000000 -0.000339 -0.000562 0.000000 -0.000827 -0.000562 0.000000 -0.000827 -0.000509 0.000000 -0.000861 -0.000509 0.000000 -0.000861 -0.000613 0.000000 -0.000790 -0.000454 0.000000 -0.000891 -0.000454 0.000000 -0.000891 -0.000094 0.000000 -0.000996 -0.000094 0.000000 -0.000996 -0.000960 0.000000 -0.000279 0.000000 0.001000 0.000000 0.000000 0.001000 -0.000000 -0.000279 0.000000 -0.000960 -0.000397 0.000000 -0.000918 -0.000397 0.000000 -0.000918 0.000000 0.001000 0.000000 0.000000 0.001000 0.000000 0.000000 0.001000 -0.000000 0.000000 0.001000 0.000000 0.000000 0.001000 -0.000000 0.000000 0.001000 -0.000000 0.000534 0.000845 -0.000017 0.000534 0.000845 -0.000017 -0.000532 0.000845 -0.000050 -0.000017 0.000845 -0.000534 -0.000491 0.000845 -0.000212 0.000000 -0.001000 0.000000 0.000000 -0.001000 0.000000 0.000000 -0.001000 0.000000 0.000000 -0.001000 -0.000000 -0.000534 0.000845 0.000017 0.000000 -0.001000 0.000000 0.000000 -0.001000 0.000000 0.000000 -0.001000 -0.000000 0.000084 0.000845 0.000528 0.000528 0.000845 0.000084 0.000522 0.000845 -0.000117 -0.000442 0.000845 -0.000300 0.000000 -0.001000 0.000000 0.000000 -0.001000 -0.000000 -0.000212 0.000845 -0.000491 0.000000 -0.001000 0.000000 0.000522 0.000845 0.000117 -0.000084 0.000845 0.000528 0.000000 0.001000 0.000000 0.000000 0.001000 -0.000000 0.000000 0.001000 0.000000 0.000000 0.001000 -0.000000 0.000000 0.001000 0.000000 0.000000 0.001000 0.000000 0.000000 0.001000 -0.000000 0.000000 0.001000 0.000000 0.000000 0.001000 -0.000000 0.000000 0.001000 0.000000 0.000000 0.001000 -0.000000 0.000000 0.001000 0.000000 0.000000 0.001000 0.000000 0.000000 0.001000 0.000000 0.000000 0.001000 -0.000000 0.000000 0.001000 0.000000 0.000528 0.000845 0.000084 0.000532 0.000845 0.000050 0.000000 -0.001000 0.000000 0.000000 -0.001000 0.000000 -0.000401 0.000845 -0.000354 -0.000528 0.000845 0.000084 -0.000181 0.000845 -0.000503 -0.000422 0.000845 -0.000328 0.000000 -0.001000 -0.000000 -0.000528 0.000845 0.000084 -0.000354 0.000845 0.000401 -0.000272 0.000845 0.000460 0.000328 0.000845 0.000422 0.000000 0.001000 -0.000000 0.000117 0.000845 0.000522 0.000532 0.000845 0.000050 0.000491 0.000845 -0.000212 0.000476 0.000845 -0.000243 0.000000 -0.001000 0.000000 0.000000 -0.001000 -0.000000 -0.000017 0.000845 -0.000534 0.000401 0.000845 -0.000354 -0.000528 0.000845 -0.000084 -0.000272 0.000845 -0.000460 -0.000328 0.000845 -0.000422 -0.000117 0.000845 -0.000522 0.000000 -0.001000 -0.000000 0.000000 -0.001000 -0.000000 -0.000491 0.000845 0.000212 -0.000532 0.000845 0.000050 -0.000532 0.000845 0.000050 -0.000460 0.000845 -0.000272 0.000000 -0.001000 0.000000 -0.000476 0.000845 -0.000243 -0.000522 0.000845 -0.000117 -0.000528 0.000845 -0.000084 -0.000149 0.000845 0.000513 0.000328 0.000845 0.000422 0.000000 0.001000 -0.000000 0.000000 0.001000 -0.000000 0.000401 0.000845 0.000354 0.000476 0.000845 0.000243 0.000000 0.001000 0.000000 0.000534 0.000845 0.000017 0.000534 0.000845 0.000017 0.000522 0.000845 -0.000117 0.000532 0.000845 -0.000050 0.000503 0.000845 -0.000181 0.000000 -0.001000 -0.000000 0.000503 0.000845 -0.000181 0.000354 0.000845 -0.000401 0.000300 0.000845 -0.000442 0.000300 0.000845 -0.000442 0.000181 0.000845 -0.000503 -0.000378 0.000845 -0.000378 -0.000378 0.000845 -0.000378 0.000000 -0.001000 0.000000 0.000000 -0.001000 -0.000000 -0.000243 0.000845 -0.000476 -0.000117 0.000845 -0.000522 -0.000050 0.000845 -0.000532 0.000000 -0.001000 0.000000 0.000000 -0.001000 -0.000000 0.000000 -0.001000 -0.000000 0.000000 -0.001000 -0.000000 -0.000522 0.000845 0.000117 -0.000401 0.000845 0.000354 -0.000534 0.000845 0.000017 -0.000422 0.000845 -0.000328 -0.000401 0.000845 -0.000354 -0.000442 0.000845 -0.000300 -0.000476 0.000845 -0.000243 -0.000491 0.000845 -0.000212 -0.000503 0.000845 -0.000181 -0.000503 0.000845 -0.000181 -0.000513 0.000845 -0.000149 -0.000522 0.000845 -0.000117 -0.000534 0.000845 -0.000017 0.000000 0.001000 -0.000000 0.000000 0.001000 -0.000000 0.000000 0.001000 0.000000 0.000000 0.001000 0.000000 0.000000 0.001000 -0.000000 0.000000 0.001000 0.000000 0.000000 0.001000 0.000000 0.000000 0.001000 -0.000000 0.000000 0.001000 -0.000000 0.000000 0.001000 0.000000 0.000000 0.001000 -0.000000 0.000000 0.001000 0.000000 0.000000 0.001000 -0.000000 0.000000 0.001000 0.000000 0.000000 0.001000 -0.000000 0.000000 0.001000 -0.000000 0.000000 0.001000 0.000000 0.000000 0.001000 -0.000000 0.000000 0.001000 0.000000 0.000000 0.001000 -0.000000 0.000000 0.001000 0.000000 0.000000 0.001000 0.000000 0.000000 0.001000 -0.000000 0.000000 0.001000 0.000000 0.000000 0.001000 0.000000 0.000000 0.001000 0.000000 0.000000 0.001000 -0.000000 0.000000 0.001000 -0.000000 0.000000 0.001000 0.000000 0.000000 0.001000 -0.000000 0.000000 0.001000 -0.000000 0.000000 0.001000 0.000000 0.000000 0.001000 0.000000 0.000000 0.001000 -0.000000 0.000000 0.001000 -0.000000 0.000000 0.001000 -0.000000 0.000000 0.001000 0.000000 0.000000 0.001000 -0.000000 0.000000 0.001000 0.000000 0.000000 0.001000 0.000000 0.000000 0.001000 0.000000 0.000000 0.001000 0.000000 0.000000 0.001000 0.000000 0.000000 0.001000 -0.000000 0.000000 0.001000 -0.000000 0.000000 0.001000 -0.000000 -0.000300 0.000845 0.000442 -0.000017 0.000845 0.000534 -0.000084 0.000845 0.000528 -0.000212 0.000845 0.000491 -0.000272 0.000845 0.000460 0.000000 0.000845 0.000534 -0.000017 0.000845 0.000534 0.000181 0.000845 0.000503 0.000050 0.000845 0.000532 0.000000 0.001000 0.000000 0.000084 0.000845 0.000528 0.000117 0.000845 0.000522 0.000000 0.001000 0.000000 0.000243 0.000845 0.000476 0.000300 0.000845 0.000442 0.000272 0.000845 0.000460 0.000522 0.000845 0.000117 0.000442 0.000845 0.000300 0.000491 0.000845 0.000212 0.000460 0.000845 0.000272 0.000354 0.000845 0.000401 0.000354 0.000845 0.000401 0.000401 0.000845 -0.000354 0.000000 -0.001000 0.000000 0.000000 -0.001000 -0.000000 0.000000 -0.001000 0.000000 0.000000 -0.001000 -0.000000 0.000000 -0.001000 -0.000000 0.000050 0.000845 -0.000532 0.000017 0.000845 -0.000534 0.000532 0.000845 -0.000050 0.000528 0.000845 -0.000084 0.000422 0.000845 -0.000328 0.000378 0.000845 -0.000378 0.000378 0.000845 -0.000378 0.000272 0.000845 -0.000460 0.000328 0.000845 -0.000422 0.000354 0.000845 -0.000401 0.000212 0.000845 -0.000491 0.000000 -0.001000 -0.000000 0.000000 -0.001000 -0.000000 0.000000 -0.001000 0.000000 0.000000 -0.001000 -0.000000 -0.000300 0.000845 -0.000442 0.000000 -0.001000 0.000000 0.000000 -0.001000 0.000000 0.000000 -0.001000 0.000000 0.000000 -0.001000 -0.000000 -0.000212 0.000845 -0.000491 -0.000050 0.000845 -0.000532 -0.000084 0.000845 -0.000528 -0.000460 0.000845 0.000272 -0.000442 0.000845 0.000300 -0.000401 0.000845 0.000354 -0.000460 0.000845 -0.000272 -0.000513 0.000845 -0.000149 -0.000532 0.000845 -0.000050 -0.000534 0.000845 -0.000017 -0.000328 0.000845 0.000422 -0.000354 0.000845 0.000401 0.000000 0.001000 0.000000 0.000000 0.001000 -0.000000 0.000000 0.001000 -0.000000 0.000000 0.001000 0.000000 -0.000117 0.000845 0.000522 -0.000117 0.000845 0.000522 -0.000328 0.000845 0.000422 -0.000300 0.000845 0.000442 -0.000212 0.000845 0.000491 -0.000243 0.000845 0.000476 0.000000 0.001000 -0.000000 -0.000181 0.000845 0.000503 0.000017 0.000845 0.000534 0.000000 0.001000 -0.000000 0.000000 0.001000 0.000000 0.000000 0.001000 -0.000000 0.000000 0.001000 -0.000000 0.000000 0.001000 0.000000 0.000000 0.001000 0.000000 0.000000 0.001000 0.000000 0.000000 0.001000 -0.000000 0.000000 0.001000 -0.000000 0.000000 0.001000 -0.000000 0.000149 0.000845 0.000513 0.000181 0.000845 0.000503 0.000000 0.001000 0.000000 0.000300 0.000845 0.000442 0.000212 0.000845 0.000491 0.000000 0.001000 0.000000 0.000491 0.000845 0.000212 0.000513 0.000845 0.000149 0.000000 0.001000 -0.000000 0.000442 0.000845 0.000300 0.000422 0.000845 0.000328 0.000513 0.000845 -0.000149 0.000513 0.000845 -0.000149 0.000017 0.000845 -0.000534 0.000084 0.000845 -0.000528 0.000050 0.000845 -0.000532 0.000528 0.000845 -0.000084 0.000442 0.000845 -0.000300 0.000460 0.000845 -0.000272 0.000491 0.000845 -0.000212 0.000476 0.000845 -0.000243 0.000442 0.000845 -0.000300 0.000422 0.000845 -0.000328 0.000212 0.000845 -0.000491 0.000328 0.000845 -0.000422 0.000000 -0.001000 0.000000 0.000000 -0.001000 -0.000000 0.000272 0.000845 -0.000460 0.000149 0.000845 -0.000513 0.000149 0.000845 -0.000513 0.000084 0.000845 -0.000528 0.000117 0.000845 -0.000522 -0.000243 0.000845 -0.000476 -0.000272 0.000845 -0.000460 -0.000354 0.000845 -0.000401 0.000000 -0.001000 0.000000 -0.000181 0.000845 -0.000503 -0.000084 0.000845 -0.000528 0.000000 0.001000 -0.000000 -0.000476 0.000845 0.000243 -0.000378 0.000845 0.000378 -0.000378 0.000845 0.000378 -0.000422 0.000845 0.000328 -0.000513 0.000845 0.000149 0.000000 0.001000 0.000000 -0.000050 0.000845 0.000532 -0.000050 0.000845 0.000532 -0.000181 0.000845 0.000503 -0.000149 0.000845 0.000513 0.000000 0.001000 0.000000 -0.000243 0.000845 0.000476 0.000017 0.000845 0.000534 0.000050 0.000845 0.000532 0.000000 0.001000 0.000000 0.000149 0.000845 0.000513 0.000243 0.000845 0.000476 0.000272 0.000845 0.000460 0.000212 0.000845 0.000491 0.000513 0.000845 0.000149 0.000000 0.001000 -0.000000 0.000503 0.000845 0.000181 0.000378 0.000845 0.000378 0.000378 0.000845 0.000378 0.000401 0.000845 0.000354 0.000422 0.000845 0.000328 0.000000 0.001000 -0.000000 0.000000 0.001000 0.000000 0.000460 0.000845 -0.000272 0.000243 0.000845 -0.000476 0.000243 0.000845 -0.000476 0.000181 0.000845 -0.000503 0.000117 0.000845 -0.000522 -0.000300 0.000845 -0.000442 -0.000328 0.000845 -0.000422 0.000000 -0.001000 0.000000 0.000000 -0.001000 -0.000000 -0.000354 0.000845 -0.000401 -0.000149 0.000845 -0.000513 -0.000149 0.000845 -0.000513 -0.000422 0.000845 0.000328 -0.000476 0.000845 0.000243 -0.000460 0.000845 0.000272 -0.000442 0.000845 0.000300 0.000000 0.001000 0.000000 0.000000 0.001000 -0.000000 -0.000491 0.000845 0.000212 -0.000522 0.000845 0.000117 -0.000513 0.000845 0.000149 -0.000503 0.000845 0.000181 -0.000503 0.000845 0.000181 0.000503 0.000845 0.000181 0.000000 0.001000 0.000000 0.000460 0.000845 0.000272 0.000476 0.000845 0.000243 -0.000017 -0.000845 0.000534 0.000534 -0.000845 0.000017 0.000534 -0.000845 0.000017 -0.000532 -0.000845 0.000050 0.000532 -0.000845 0.000050 0.000378 -0.000845 -0.000378 0.000378 -0.000845 -0.000378 0.000181 -0.000845 -0.000503 -0.000017 -0.000845 -0.000534 -0.000522 -0.000845 0.000117 -0.000534 -0.000845 -0.000017 0.000528 -0.000845 -0.000084 0.000513 -0.000845 0.000149 0.000532 -0.000845 0.000050 -0.000528 -0.000845 0.000084 -0.000528 -0.000845 0.000084 0.000000 -0.001000 0.000000 0.000000 -0.001000 0.000000 0.000000 -0.001000 -0.000000 0.000000 -0.001000 -0.000000 0.000000 -0.001000 0.000000 0.000000 -0.001000 0.000000 0.000000 -0.001000 -0.000000 0.000000 -0.001000 0.000000 0.000000 -0.001000 0.000000 0.000000 -0.001000 -0.000000 0.000000 -0.001000 -0.000000 0.000000 -0.001000 -0.000000 0.000000 -0.001000 0.000000 0.000000 -0.001000 -0.000000 0.000000 -0.001000 0.000000 0.000000 -0.001000 0.000000 0.000000 -0.001000 0.000000 0.000000 -0.001000 -0.000000 0.000000 -0.001000 -0.000000 0.000000 -0.001000 0.000000 0.000000 -0.001000 -0.000000 0.000000 -0.001000 0.000000 0.000476 -0.000845 0.000243 -0.000328 -0.000845 -0.000422 0.000017 -0.000845 -0.000534 0.000513 -0.000845 -0.000149 -0.000522 -0.000845 0.000117 -0.000503 -0.000845 -0.000181 -0.000491 -0.000845 -0.000212 -0.000084 -0.000845 -0.000528 -0.000149 -0.000845 -0.000513 -0.000328 -0.000845 -0.000422 0.000212 -0.000845 -0.000491 0.000422 -0.000845 -0.000328 0.000522 -0.000845 -0.000117 0.000528 -0.000845 -0.000084 0.000491 -0.000845 0.000212 -0.000017 -0.000845 0.000534 0.000513 -0.000845 0.000149 -0.000378 -0.000845 0.000378 -0.000378 -0.000845 0.000378 -0.000522 -0.000845 -0.000117 -0.000532 -0.000845 -0.000050 -0.000460 -0.000845 -0.000272 -0.000117 -0.000845 -0.000522 -0.000476 -0.000845 -0.000243 -0.000442 -0.000845 -0.000300 -0.000401 -0.000845 -0.000354 -0.000272 -0.000845 -0.000460 -0.000378 -0.000845 -0.000378 -0.000378 -0.000845 -0.000378 -0.000212 -0.000845 -0.000491 -0.000212 -0.000845 -0.000491 0.000181 -0.000845 -0.000503 0.000050 -0.000845 -0.000532 0.000328 -0.000845 -0.000422 0.000422 -0.000845 -0.000328 0.000460 -0.000845 -0.000272 0.000491 -0.000845 -0.000212 0.000491 -0.000845 -0.000212 0.000532 -0.000845 -0.000050 0.000300 -0.000845 0.000442 0.000354 -0.000845 0.000401 0.000401 -0.000845 0.000354 -0.000212 -0.000845 0.000491 -0.000534 -0.000845 0.000017 0.000000 -0.001000 -0.000000 0.000000 -0.001000 0.000000 0.000000 -0.001000 0.000000 0.000000 -0.001000 -0.000000 0.000000 -0.001000 0.000000 0.000000 -0.001000 -0.000000 0.000000 -0.001000 -0.000000 0.000000 -0.001000 0.000000 0.000000 -0.001000 -0.000000 0.000000 -0.001000 0.000000 0.000000 -0.001000 0.000000 0.000000 -0.001000 -0.000000 0.000000 -0.001000 -0.000000 0.000000 -0.001000 0.000000 0.000000 -0.001000 -0.000000 0.000000 -0.001000 -0.000000 0.000000 -0.000999 -0.000034 0.000000 -0.001000 -0.000029 0.000000 -0.001000 0.000000 0.000000 -0.001000 -0.000000 0.000000 -0.001000 0.000000 0.000000 -0.001000 0.000000 0.000000 -0.001000 -0.000000 0.000000 -0.001000 -0.000000 0.000000 -0.001000 0.000000 0.000000 -0.001000 -0.000000 0.000000 -0.001000 -0.000000 0.000000 -0.001000 0.000000 0.000000 -0.001000 0.000000 0.000000 -0.001000 -0.000000 0.000000 -0.001000 0.000000 0.000000 -0.001000 -0.000000 0.000000 -0.001000 0.000000 0.000000 -0.001000 -0.000000 0.000000 -0.001000 -0.000000 0.000000 -0.001000 0.000000 0.000000 -0.001000 0.000000 0.000000 -0.001000 -0.000000 0.000000 -0.001000 -0.000000 0.000000 -0.001000 -0.000000 0.000000 -0.001000 0.000000 0.000000 -0.001000 -0.000000 0.000000 -0.001000 0.000000 0.000000 -0.001000 0.000000 0.000000 -0.001000 -0.000000 0.000000 -0.001000 0.000000 0.000000 -0.001000 -0.000000 0.000000 -0.001000 -0.000000 0.000000 -0.001000 -0.000000 0.000000 -0.001000 -0.000000 0.000000 -0.001000 -0.000000 0.000000 -0.001000 0.000000 0.000000 -0.001000 0.000000 0.000000 -0.001000 -0.000000 0.000000 -0.001000 -0.000000 0.000000 -0.001000 0.000000 0.000000 -0.001000 -0.000000 0.000000 -0.001000 -0.000000 0.000000 -0.001000 0.000000 0.000000 -0.001000 -0.000000 0.000000 -0.001000 0.000000 0.000000 -0.001000 0.000000 0.000000 -0.001000 -0.000000 0.000000 -0.001000 0.000000 0.000000 -0.001000 0.000000 0.000000 -0.001000 -0.000000 0.000000 -0.001000 0.000000 0.000000 -0.001000 -0.000000 0.000000 -0.001000 0.000000 0.000000 -0.001000 -0.000000 0.000000 -0.001000 -0.000000 0.000000 -0.001000 0.000000 0.000000 -0.001000 -0.000000 0.000000 -0.001000 0.000000 0.000000 -0.001000 0.000000 0.000000 -0.001000 0.000000 0.000000 -0.001000 0.000000 0.000000 -0.001000 0.000000 0.000000 -0.001000 -0.000000 0.000000 -0.001000 -0.000000 0.000000 -0.001000 -0.000000 0.000000 -0.001000 0.000000 0.000000 -0.001000 0.000000 0.000000 -0.001000 -0.000000 0.000000 -0.001000 0.000000 0.000000 -0.001000 -0.000000 0.000000 -0.001000 0.000000 0.000000 -0.001000 0.000000 0.000000 -0.001000 0.000000 0.000000 -0.001000 0.000000 0.000000 -0.001000 0.000000 0.000000 -0.001000 -0.000000 0.000000 -0.001000 0.000000 0.000000 -0.001000 -0.000000 0.000000 -0.001000 0.000000 0.000000 -0.001000 -0.000000 0.000000 -0.001000 -0.000000 0.000000 -0.001000 0.000000 0.000000 -0.001000 0.000000 0.000000 -0.001000 0.000000 0.000000 -0.001000 0.000000 0.000000 -0.001000 -0.000000 0.000000 -0.001000 0.000000 0.000000 -0.001000 0.000000 0.000000 -0.001000 -0.000003 0.000000 -0.001000 0.000000 0.000000 -0.001000 -0.000000 0.000000 -0.001000 0.000000 0.000000 -0.001000 0.000000 0.000000 -0.001000 0.000000 0.000000 -0.001000 -0.000000 0.000000 -0.001000 -0.000000 0.000000 -0.001000 0.000000 0.000000 -0.001000 0.000000 0.000000 -0.001000 -0.000000 0.000000 -0.001000 -0.000000 0.000000 -0.001000 -0.000000 0.000000 -0.001000 -0.000000 0.000000 -0.001000 0.000000 0.000000 -0.001000 -0.000000 0.000000 -0.001000 -0.000000 0.000000 -0.001000 0.000000 0.000000 -0.001000 -0.000000 0.000000 -0.001000 0.000000 0.000000 -0.001000 -0.000000 0.000000 -0.001000 -0.000000 -0.000442 -0.000845 0.000300 -0.000050 -0.000845 0.000532 -0.000050 -0.000845 0.000532 -0.000528 -0.000845 -0.000084 -0.000532 -0.000845 -0.000050 -0.000513 -0.000845 -0.000149 -0.000528 -0.000845 -0.000084 -0.000522 -0.000845 -0.000117 -0.000491 -0.000845 -0.000212 -0.000476 -0.000845 -0.000243 -0.000422 -0.000845 -0.000328 -0.000401 -0.000845 -0.000354 -0.000300 -0.000845 -0.000442 -0.000243 -0.000845 -0.000476 -0.000181 -0.000845 -0.000503 0.000084 -0.000845 -0.000528 0.000050 -0.000845 -0.000532 0.000117 -0.000845 -0.000522 0.000354 -0.000845 -0.000401 0.000084 -0.000845 -0.000528 0.000117 -0.000845 -0.000522 0.000272 -0.000845 -0.000460 0.000272 -0.000845 -0.000460 0.000212 -0.000845 -0.000491 0.000401 -0.000845 -0.000354 0.000401 -0.000845 -0.000354 0.000442 -0.000845 -0.000300 0.000476 -0.000845 -0.000243 0.000503 -0.000845 -0.000181 0.000513 -0.000845 -0.000149 0.000522 -0.000845 -0.000117 0.000532 -0.000845 -0.000050 0.000528 -0.000845 0.000084 0.000528 -0.000845 0.000084 0.000491 -0.000845 0.000212 0.000522 -0.000845 0.000117 0.000522 -0.000845 0.000117 0.000117 -0.000845 0.000522 0.000149 -0.000845 0.000513 0.000084 -0.000845 0.000528 0.000328 -0.000845 0.000422 0.000401 -0.000845 0.000354 -0.000243 -0.000845 0.000476 -0.000117 -0.000845 0.000522 -0.000272 -0.000845 0.000460 -0.000328 -0.000845 0.000422 -0.000532 -0.000845 0.000050 -0.000534 -0.000845 0.000017 -0.000476 -0.000845 0.000243 -0.000460 -0.000845 0.000272 -0.000084 -0.000845 0.000528 -0.000084 -0.000845 0.000528 -0.000050 -0.000845 -0.000532 -0.000017 -0.000845 -0.000534 -0.000149 -0.000845 -0.000513 -0.000117 -0.000845 -0.000522 -0.000534 -0.000845 -0.000017 -0.000513 -0.000845 -0.000149 -0.000503 -0.000845 -0.000181 -0.000460 -0.000845 -0.000272 -0.000442 -0.000845 -0.000300 -0.000422 -0.000845 -0.000328 -0.000354 -0.000845 -0.000401 -0.000272 -0.000845 -0.000460 -0.000243 -0.000845 -0.000476 0.000354 -0.000845 -0.000401 0.000017 -0.000845 -0.000534 0.000149 -0.000845 -0.000513 0.000149 -0.000845 -0.000513 0.000300 -0.000845 -0.000442 0.000243 -0.000845 -0.000476 0.000243 -0.000845 -0.000476 0.000442 -0.000845 -0.000300 0.000460 -0.000845 -0.000272 0.000476 -0.000845 -0.000243 0.000503 -0.000845 -0.000181 0.000534 -0.000845 -0.000017 0.000534 -0.000845 -0.000017 0.000000 -0.001000 -0.000000 0.000442 -0.000845 0.000300 0.000378 -0.000845 0.000378 0.000378 -0.000845 0.000378 0.000212 -0.000845 0.000491 0.000503 -0.000845 0.000181 0.000503 -0.000845 0.000181 0.000050 -0.000845 0.000532 0.000181 -0.000845 0.000503 0.000181 -0.000845 0.000503 0.000422 -0.000845 0.000328 -0.000243 -0.000845 0.000476 -0.000212 -0.000845 0.000491 -0.000300 -0.000845 0.000442 -0.000272 -0.000845 0.000460 -0.000442 -0.000845 0.000300 -0.000300 -0.000845 0.000442 -0.000328 -0.000845 0.000422 -0.000354 -0.000845 0.000401 -0.000503 -0.000845 0.000181 -0.000476 -0.000845 0.000243 -0.000503 -0.000845 0.000181 -0.000149 -0.000845 0.000513 -0.000084 -0.000845 -0.000528 -0.000050 -0.000845 -0.000532 -0.000181 -0.000845 -0.000503 -0.000300 -0.000845 -0.000442 -0.000354 -0.000845 -0.000401 0.000300 -0.000845 -0.000442 0.000328 -0.000845 -0.000422 0.000476 -0.000845 0.000243 0.000422 -0.000845 0.000328 0.000000 -0.001000 0.000000 0.000354 -0.000845 0.000401 0.000272 -0.000845 0.000460 0.000000 -0.001000 -0.000000 0.000050 -0.000845 0.000532 0.000017 -0.000845 0.000534 0.000117 -0.000845 0.000522 0.000084 -0.000845 0.000528 0.000149 -0.000845 0.000513 -0.000149 -0.000845 0.000513 -0.000181 -0.000845 0.000503 -0.000181 -0.000845 0.000503 -0.000354 -0.000845 0.000401 -0.000401 -0.000845 0.000354 -0.000460 -0.000845 0.000272 -0.000422 -0.000845 0.000328 -0.000513 -0.000845 0.000149 -0.000513 -0.000845 0.000149 -0.000491 -0.000845 0.000212 -0.000491 -0.000845 0.000212 -0.000117 -0.000845 0.000522 0.000460 -0.000845 0.000272 0.000328 -0.000845 0.000422 0.000300 -0.000845 0.000442 0.000272 -0.000845 0.000460 0.000017 -0.000845 0.000534 0.000000 -0.001000 0.000000 0.000243 -0.000845 0.000476 0.000212 -0.000845 0.000491 -0.000422 -0.000845 0.000328 -0.000401 -0.000845 0.000354 0.000442 -0.000845 0.000300 0.000460 -0.000845 0.000272 0.000243 -0.000845 0.000476 -0.000995 0.000000 0.000105 -0.000995 0.000000 0.000105 -0.000407 0.000000 -0.000914 -0.000407 0.000000 -0.000914 0.000000 0.000000 -0.001000 0.000951 0.000000 -0.000309 -0.000951 0.000000 -0.000309 0.000954 0.000000 0.000298 0.000954 0.000000 0.000298 0.000208 0.000000 0.000978 0.000588 0.000000 0.000809 0.000000 0.000000 0.001000 -0.000866 0.000000 0.000500 -0.000954 0.000000 0.000298 -0.000954 0.000000 0.000298 -0.000743 0.000000 -0.000669 -0.000743 0.000000 -0.000669 0.000995 0.000000 0.000105 0.000995 0.000000 0.000105 0.000000 0.001000 -0.000000 0.000000 0.001000 0.000000 0.000000 0.001000 -0.000000 0.000000 0.001000 -0.000000 0.000000 0.001000 -0.000000 0.000000 0.001000 -0.000000 0.000000 0.001000 0.000000 0.000000 0.001000 0.000000 0.000000 0.001000 0.000000 0.000000 0.001000 -0.000000 0.000000 0.001000 0.000000 0.000000 0.001000 -0.000000 0.000000 0.001000 -0.000000 0.000000 0.001000 0.000000 0.000000 0.001000 -0.000000 0.000000 0.001000 0.000000 0.000000 0.001000 0.000000 0.000000 0.001000 0.000000 0.000000 0.001000 -0.000000 0.000000 0.001000 -0.000000 0.000000 0.001000 0.000000 0.000000 0.001000 -0.000000 0.000000 0.001000 -0.000000 0.000000 0.001000 -0.000000 0.000000 0.001000 0.000000 0.000000 0.001000 0.000000 0.000000 0.001000 0.000000 0.000000 0.001000 -0.000000 0.000000 0.001000 0.000000 0.000000 0.001000 0.000000 0.000000 0.001000 -0.000000 0.000000 0.001000 -0.000000 0.000000 0.001000 -0.000000 0.000000 0.001000 0.000000 0.000000 0.001000 0.000000 0.000000 0.001000 -0.000000 0.000000 0.001000 0.000000 0.000000 0.001000 0.000000 0.000000 0.001000 0.000000 0.000000 0.001000 0.000000 0.000000 0.001000 -0.000000 0.000000 0.001000 -0.000000 0.000000 0.001000 0.000000 0.000000 0.001000 -0.000000 0.000000 0.001000 -0.000000 0.000000 0.001000 -0.000000 0.000000 0.001000 0.000000 0.000000 0.001000 0.000000 0.000000 0.001000 -0.000000 0.000000 0.001000 -0.000000 0.000000 0.001000 0.000000 0.000000 0.001000 0.000000 0.000000 0.001000 -0.000000 0.000000 0.001000 0.000000 0.000000 0.001000 -0.000000 0.000000 0.001000 -0.000000 0.000000 0.001000 0.000000 0.000000 0.001000 -0.000000 0.000000 0.001000 0.000000 0.000000 0.001000 -0.000000 0.000000 0.001000 0.000000 0.000000 0.001000 0.000000 0.000000 0.001000 0.000000 0.000000 0.001000 -0.000000 0.000000 0.001000 0.000000 0.000000 0.001000 0.000000 0.000000 0.001000 -0.000000 0.000000 0.001000 0.000000 0.000000 0.001000 -0.000000 0.000000 0.001000 0.000000 0.000000 0.001000 -0.000000 0.000000 0.001000 0.000000 0.000000 0.001000 0.000000 0.000000 0.001000 -0.000000 0.000000 0.001000 -0.000000 0.000000 0.001000 -0.000000 0.000000 0.001000 -0.000000 0.000000 0.001000 -0.000000 0.000000 0.001000 0.000000 0.000000 0.001000 0.000000 0.000000 0.001000 0.000000 0.000000 0.001000 -0.000000 0.000000 0.001000 0.000000 0.000000 0.001000 0.000000 0.000000 0.001000 -0.000000 0.000000 0.001000 0.000000 0.000000 0.001000 0.000000 0.000000 0.001000 -0.000000 0.000000 0.001000 0.000000 0.000000 0.001000 0.000000 0.000000 0.001000 0.000000 0.000000 0.001000 0.000000 0.000000 0.001000 -0.000000 0.000000 0.001000 0.000000 0.000000 0.001000 -0.000000 0.000000 0.001000 0.000000 0.000000 0.001000 -0.000000 0.000000 0.001000 0.000000 0.000000 0.001000 -0.000000 0.000000 0.001000 -0.000000 0.000000 0.001000 -0.000000 0.000000 0.001000 0.000000 0.000000 0.001000 -0.000000 0.000000 0.001000 0.000000 0.000000 0.001000 0.000000 0.000000 0.001000 0.000000 0.000000 0.001000 0.000000 0.000000 0.001000 -0.000000 0.000000 0.001000 0.000000 0.000000 0.001000 -0.000000 0.000000 0.001000 0.000000 0.000000 0.001000 -0.000000 0.000000 0.001000 -0.000000 0.000000 0.001000 0.000000 0.000000 0.001000 0.000000 0.000000 0.001000 -0.000000 0.000000 0.001000 0.000000 0.000000 0.001000 -0.000000 0.000000 0.001000 0.000000 0.000000 0.001000 -0.000000 0.000000 0.001000 -0.000000 0.000000 0.001000 -0.000000 0.000866 0.000000 0.000500 0.000208 0.000000 0.000978 0.000407 0.000000 -0.000914 0.000407 0.000000 -0.000914 0.000743 0.000000 -0.000669 0.000743 0.000000 -0.000669 -0.000208 0.000000 0.000978 -0.000208 0.000000 0.000978 -0.000588 0.000000 0.000809 -0.000407 0.000000 0.000914 -0.000407 0.000000 0.000914 0.000866 0.000000 0.000500 0.000866 0.000000 0.000500 -0.000995 0.000000 -0.000104 -0.000995 -0.000000 -0.000104 -0.000995 0.000000 -0.000104 -0.000866 0.000000 -0.000500 -0.000866 0.000000 -0.000500 0.000208 0.000000 -0.000978 0.000208 0.000000 -0.000978 0.000407 0.000000 0.000914 0.000407 0.000000 0.000914 -0.000951 0.000000 0.000309 -0.000951 0.000000 0.000309 0.000736 0.000000 -0.000677 0.000736 0.000000 -0.000677 0.000951 0.000000 0.000309 0.000951 0.000000 0.000309 -0.000219 0.000000 0.000976 -0.000219 0.000000 0.000976 0.000743 0.000000 0.000669 0.000743 0.000000 0.000669 -0.000743 0.000000 0.000669 -0.000743 0.000000 0.000669 0.000588 0.000000 -0.000809 0.000866 0.000000 -0.000500 0.000866 0.000000 -0.000500 0.000995 0.000000 -0.000104 0.000995 0.000000 -0.000105 0.000995 0.000000 -0.000105 -0.000588 0.000000 -0.000809 -0.000208 0.000000 -0.000978 -0.000208 0.000000 -0.000978 0.000588 0.000000 0.000809 -0.000588 0.000000 0.000809 -0.000866 0.000000 0.000500 -0.000866 0.000000 0.000500 -0.000743 0.000000 -0.000669 -0.000743 0.000000 -0.000669 0.000995 0.000000 0.000105 0.000995 0.000000 0.000105 -0.000208 0.000000 0.000978 -0.000208 0.000000 0.000978 -0.000219 0.000000 -0.000976 -0.000219 0.000000 -0.000976 0.000743 0.000000 -0.000669 0.000743 0.000000 -0.000669 0.000866 0.000000 0.000500 0.000866 0.000000 0.000500 0.000736 0.000000 0.000677 0.000736 0.000000 0.000677 0.000866 0.000000 -0.000500 0.000866 0.000000 -0.000500 0.000208 0.000000 0.000978 0.000208 0.000000 0.000978 -0.000407 0.000000 -0.000914 -0.000407 0.000000 -0.000914 0.000407 0.000000 -0.000914 0.000407 0.000000 -0.000914 -0.000995 0.000000 0.000104 -0.000995 0.000000 0.000104 -0.000951 0.000000 -0.000309 -0.000951 0.000000 -0.000309 0.000951 0.000000 -0.000309 0.000951 0.000000 -0.000309 0.000995 0.000000 -0.000105 0.000995 0.000000 -0.000105 0.000407 0.000000 0.000914 0.000407 0.000000 0.000914 -0.000951 0.000000 0.000309 0.000743 0.000000 0.000669 0.000743 0.000000 0.000669 -0.000954 0.000000 -0.000298 -0.000954 0.000000 -0.000298 -0.000208 0.000000 -0.000978 -0.000208 0.000000 -0.000978 0.000866 0.000000 -0.000500 0.000954 0.000000 -0.000298 0.000954 0.000000 -0.000298 0.000951 0.000000 0.000309 -0.000995 0.000000 -0.000105 -0.000995 0.000000 -0.000105 -0.000866 0.000000 -0.000500 -0.000588 0.000000 -0.000809 -0.000407 0.000000 0.000914 -0.000407 0.000000 0.000914 -0.000743 0.000000 0.000669 -0.000743 0.000000 0.000669 0.000208 0.000000 -0.000978 0.000208 0.000000 -0.000978 0.000588 0.000000 -0.000809 0.000407 0.000000 -0.000914 0.000407 0.000000 -0.000914 0.000995 0.000000 0.000104 0.000995 0.000000 0.000104 0.000866 0.000000 0.000500 0.000866 0.000000 0.000500 -0.000407 0.000000 -0.000914 -0.000407 0.000000 -0.000914 0.000743 0.000000 -0.000669 0.000743 0.000000 -0.000669 -0.000736 0.000000 0.000677 -0.000736 0.000000 0.000677 -0.000951 0.000000 -0.000309 -0.000951 0.000000 -0.000309 0.000219 0.000000 -0.000976 0.000219 0.000000 -0.000976 -0.000866 0.000000 -0.000500 -0.000866 0.000000 -0.000500 0.000951 0.000000 -0.000309 0.000951 0.000000 -0.000309 -0.000588 0.000000 0.000809 -0.000866 0.000000 0.000500 -0.000866 0.000000 0.000500 -0.000995 0.000000 0.000105 -0.000995 0.000000 0.000105 0.000588 0.000000 0.000809 -0.000743 0.000000 -0.000669 -0.000743 0.000000 -0.000669 -0.000588 0.000000 -0.000809 -0.000866 0.000000 0.000500 -0.000866 0.000000 0.000500 0.000588 0.000000 -0.000809 0.000866 0.000000 -0.000500 0.000866 0.000000 -0.000500 0.000743 0.000000 0.000669 0.000743 0.000000 0.000669 -0.000995 0.000000 -0.000105 -0.000995 0.000000 -0.000105 -0.000995 0.000000 -0.000104 0.000219 0.000000 0.000976 0.000219 0.000000 0.000976 -0.000743 0.000000 0.000669 -0.000743 0.000000 0.000669 -0.000866 0.000000 -0.000500 -0.000866 0.000000 -0.000500 -0.000736 0.000000 -0.000677 -0.000736 0.000000 -0.000677 -0.000951 0.000000 0.000309 -0.000951 0.000000 0.000309 0.000407 0.000000 0.000914 0.000407 0.000000 0.000914 -0.000407 0.000000 0.000914 -0.000407 0.000000 0.000914 0.000995 0.000000 -0.000104 0.000995 -0.000000 -0.000104 0.000995 0.000000 -0.000104 0.000951 0.000000 0.000309 0.000951 0.000000 0.000309 -0.000999 0.000000 -0.000031 0.000661 0.000000 -0.000750 0.000661 0.000000 -0.000750 0.000790 0.000000 -0.000613 0.000790 -0.000000 -0.000613 0.000790 0.000000 -0.000613 0.000339 0.000000 0.000941 0.000339 0.000000 0.000941 0.000339 0.000000 0.000941 0.000339 0.000000 0.000941 0.000334 0.000000 0.000943 -0.000976 0.000000 -0.000218 -0.000976 0.000000 -0.000218 -0.000976 0.000000 -0.000218 -0.000918 0.000000 -0.000397 -0.000918 0.000000 -0.000397 -0.000960 0.000000 -0.000279 -0.000960 0.000000 -0.000279 -0.000218 0.000000 -0.000976 -0.000218 0.000000 -0.000976 0.000827 0.000000 -0.000562 0.000827 0.000000 -0.000562 0.000827 0.000000 -0.000562 0.000976 0.000000 -0.000218 0.000976 0.000000 -0.000218 0.000976 0.000000 -0.000218 0.000509 0.000000 -0.000861 0.000509 -0.000000 -0.000861 0.000509 0.000000 -0.000861 0.000613 0.000000 -0.000790 0.000613 0.000000 -0.000790 0.000094 0.000000 -0.000996 -0.000156 0.000000 0.000988 -0.000156 0.000000 0.000988 -0.000156 0.000000 0.000988 -0.000156 0.000000 0.000988 -0.000218 0.000000 0.000976 -0.000218 0.000000 0.000976 -0.000218 0.000000 0.000976 -0.000218 0.000000 0.000976 -0.000613 0.000000 0.000790 -0.000613 0.000000 0.000790 -0.000613 0.000000 0.000790 -0.000827 0.000000 0.000562 -0.000827 0.000000 0.000562 -0.000861 0.000000 0.000509 -0.000861 0.000000 0.000509 -0.000996 0.000000 0.000094 0.000156 0.000000 0.000988 0.000156 0.000000 0.000988 0.000156 0.000000 0.000988 0.000156 0.000000 0.000988 0.000613 0.000000 0.000790 0.000613 0.000000 0.000790 0.000613 0.000000 0.000790 -0.000941 0.000000 -0.000339 -0.000941 0.000000 -0.000339 -0.000707 0.000000 -0.000707 -0.000790 0.000000 -0.000613 -0.000790 -0.000000 -0.000613 -0.000790 0.000000 -0.000613 -0.000891 0.000000 -0.000454 -0.000891 0.000000 -0.000454 -0.000031 0.000000 -0.000999 -0.000031 0.000000 -0.000999 -0.000156 0.000000 -0.000988 -0.000156 0.000000 -0.000988 -0.000339 0.000000 -0.000941 -0.000339 0.000000 -0.000941 -0.000279 0.000000 -0.000960 -0.000279 0.000000 -0.000960 -0.000509 0.000000 -0.000861 -0.000509 -0.000000 -0.000861 -0.000509 0.000000 -0.000861 -0.000661 0.000000 -0.000750 -0.000661 0.000000 -0.000750 0.000999 0.000000 -0.000031 0.000707 0.000000 -0.000707 0.000750 0.000000 -0.000661 0.000750 0.000000 -0.000661 0.000861 0.000000 -0.000509 0.000861 0.000000 -0.000509 0.000918 0.000000 -0.000397 0.000918 0.000000 -0.000397 0.000988 0.000000 -0.000156 0.000941 0.000000 -0.000339 0.000941 0.000000 -0.000339 0.000960 0.000000 -0.000279 0.000960 0.000000 -0.000279 0.000562 0.000000 -0.000827 0.000562 0.000000 -0.000827 0.000397 0.000000 -0.000918 0.000397 -0.000000 -0.000918 0.000397 0.000000 -0.000918 0.000454 0.000000 -0.000891 0.000454 0.000000 -0.000891 0.000339 0.000000 -0.000941 0.000339 0.000000 -0.000941 0.000218 0.000000 -0.000976 0.000218 0.000000 -0.000976 0.000031 0.000000 -0.000999 0.000031 0.000000 -0.000999 0.000156 0.000000 -0.000988 0.000156 0.000000 -0.000988 -0.000031 0.000000 0.000999 -0.000031 0.000000 0.000999 -0.000031 0.000000 0.000999 -0.000397 0.000000 0.000918 -0.000397 0.000000 0.000918 -0.000397 0.000000 0.000918 -0.000397 0.000000 0.000918 -0.000790 0.000000 0.000613 -0.000941 0.000000 0.000339 -0.000941 0.000000 0.000339 0.000218 0.000000 0.000976 0.000218 0.000000 0.000976 0.000218 0.000000 0.000976 0.000218 0.000000 0.000976 0.000454 0.000000 0.000891 0.000454 0.000000 0.000891 0.000454 0.000000 0.000891 0.000454 0.000000 0.000891 0.000454 0.000000 0.000891 0.000750 0.000000 0.000661 0.000750 0.000000 0.000661 0.000750 0.000000 0.000661 0.000827 0.000000 0.000562 0.000827 0.000000 0.000562 0.000790 0.000000 0.000613 0.000861 0.000000 0.000509 0.000861 0.000000 0.000509 0.000988 0.000000 0.000156 0.000976 0.000000 0.000218 0.000976 0.000000 0.000218 0.000960 0.000000 0.000279 0.000960 0.000000 0.000279 -0.000988 0.000000 -0.000156 -0.000996 0.000000 -0.000094 -0.000750 0.000000 -0.000661 -0.000750 0.000000 -0.000661 -0.000861 0.000000 -0.000509 -0.000861 0.000000 -0.000509 -0.000827 0.000000 -0.000562 -0.000827 0.000000 -0.000562 -0.000827 0.000000 -0.000562 -0.000094 0.000000 -0.000996 -0.000454 0.000000 -0.000891 -0.000454 0.000000 -0.000891 -0.000397 0.000000 -0.000918 -0.000397 -0.000000 -0.000918 -0.000397 0.000000 -0.000918 -0.000613 0.000000 -0.000790 -0.000613 0.000000 -0.000790 -0.000562 0.000000 -0.000827 -0.000562 0.000000 -0.000827 0.000891 0.000000 -0.000454 0.000891 0.000000 -0.000454 0.000996 0.000000 -0.000094 0.000279 0.000000 -0.000960 0.000279 0.000000 -0.000960 -0.000999 0.000000 0.000031 -0.000094 0.000000 0.000996 -0.000094 0.000000 0.000996 -0.000094 0.000000 0.000996 -0.000094 0.000000 0.000996 -0.000279 0.000000 0.000960 -0.000279 0.000000 0.000960 -0.000279 0.000000 0.000960 -0.000279 0.000000 0.000960 -0.000339 0.000000 0.000941 -0.000339 0.000000 0.000941 -0.000334 0.000000 0.000943 -0.000339 0.000000 0.000941 -0.000339 0.000000 0.000941 -0.000661 0.000000 0.000750 -0.000661 0.000000 0.000750 -0.000661 -0.000000 0.000750 -0.000661 0.000000 0.000750 -0.000707 0.000000 0.000707 -0.000707 0.000000 0.000707 -0.000707 0.000000 0.000707 -0.000454 0.000000 0.000891 -0.000454 0.000000 0.000891 -0.000454 0.000000 0.000891 -0.000454 0.000000 0.000891 -0.000454 0.000000 0.000891 -0.000509 0.000000 0.000861 -0.000509 0.000000 0.000861 -0.000509 0.000000 0.000861 -0.000509 0.000000 0.000861 -0.000562 0.000000 0.000827 -0.000562 0.000000 0.000827 -0.000562 0.000000 0.000827 -0.000562 0.000000 0.000827 -0.000750 0.000000 0.000661 -0.000750 0.000000 0.000661 -0.000750 0.000000 0.000661 -0.000891 0.000000 0.000454 -0.000891 0.000000 0.000454 -0.000918 0.000000 0.000397 -0.000918 0.000000 0.000397 -0.000976 0.000000 0.000218 -0.000976 0.000000 0.000218 -0.000988 0.000000 0.000156 -0.000960 0.000000 0.000279 -0.000960 0.000000 0.000279 0.000279 0.000000 0.000960 0.000279 0.000000 0.000960 0.000279 0.000000 0.000960 0.000279 0.000000 0.000960 0.000094 0.000000 0.000996 0.000094 0.000000 0.000996 0.000094 0.000000 0.000996 0.000094 0.000000 0.000996 0.000031 0.000000 0.000999 0.000031 0.000000 0.000999 0.000031 0.000000 0.000999 0.000562 0.000000 0.000827 0.000562 0.000000 0.000827 0.000562 0.000000 0.000827 0.000562 0.000000 0.000827 0.000509 0.000000 0.000861 0.000509 0.000000 0.000861 0.000509 0.000000 0.000861 0.000509 0.000000 0.000861 0.000397 0.000000 0.000918 0.000397 0.000000 0.000918 0.000397 0.000000 0.000918 0.000397 0.000000 0.000918 0.000707 0.000000 0.000707 0.000707 0.000000 0.000707 0.000707 0.000000 0.000707 0.000661 0.000000 0.000750 0.000661 0.000000 0.000750 0.000661 -0.000000 0.000750 0.000661 0.000000 0.000750 0.000918 0.000000 0.000397 0.000918 0.000000 0.000397 0.000891 0.000000 0.000454 0.000891 0.000000 0.000454 0.000999 0.000000 0.000031 0.000996 0.000000 0.000094 0.000941 0.000000 0.000339 0.000941 0.000000 0.000339 -0.000999 0.000000 -0.000031 -0.000999 0.000000 -0.000031 0.000031 0.000000 -0.000999 -0.000661 0.000000 -0.000750 -0.000661 0.000000 -0.000750 -0.000218 0.000000 0.000976 -0.000218 0.000000 0.000976 0.000000 -0.001000 0.000000 0.000000 -0.001000 -0.000000 0.000000 -0.001000 -0.000000 0.000000 -0.001000 0.000000 0.000000 -0.001000 -0.000000 0.000000 -0.001000 0.000000 0.000000 -0.001000 -0.000000 0.000000 -0.001000 0.000000 0.000000 -0.001000 0.000000 0.000000 -0.001000 -0.000000 0.000000 -0.001000 0.000000 0.000000 -0.001000 -0.000000 0.000000 -0.001000 0.000000 0.000000 -0.001000 -0.000000 0.000000 -0.001000 -0.000000 0.000000 -0.001000 0.000000 0.000000 -0.001000 0.000000 0.000000 -0.001000 0.000000 0.000000 -0.001000 0.000000 0.000000 -0.001000 -0.000000 0.000000 -0.001000 0.000000 0.000000 -0.001000 -0.000000 0.000000 -0.001000 0.000000 0.000000 -0.001000 0.000000 0.000000 -0.001000 -0.000000 0.000000 -0.001000 -0.000000 0.000000 -0.001000 0.000000 0.000000 -0.001000 -0.000000 0.000000 -0.001000 0.000000 0.000000 -0.001000 -0.000000 0.000000 -0.001000 -0.000000 0.000000 -0.001000 0.000000 0.000000 -0.001000 -0.000000 0.000000 -0.001000 0.000000 0.000000 -0.001000 -0.000000 0.000000 -0.001000 0.000000 0.000000 -0.001000 -0.000000 0.000000 -0.001000 0.000000 0.000000 -0.001000 -0.000000 0.000000 -0.001000 0.000000 0.000000 -0.001000 -0.000000 0.000000 -0.001000 0.000000 0.000000 -0.001000 -0.000000 0.000000 -0.001000 0.000000 0.000000 -0.001000 0.000000 0.000000 -0.001000 -0.000000 0.000000 -0.001000 0.000000 0.000000 -0.001000 0.000000 0.000000 -0.001000 0.000000 0.000000 -0.001000 -0.000000 0.000000 -0.001000 -0.000000 0.000000 -0.001000 0.000000 0.000000 -0.001000 -0.000000 0.000000 -0.001000 0.000000 0.000000 -0.001000 0.000000 0.000000 -0.001000 -0.000000 0.000000 -0.001000 -0.000000 0.000000 -0.001000 -0.000000 0.000000 -0.001000 0.000000 0.000000 -0.001000 0.000000 0.000000 -0.001000 -0.000000 0.000000 -0.001000 -0.000000 0.000000 -0.001000 0.000000 0.000000 -0.001000 -0.000000 0.000000 -0.001000 -0.000000 0.000000 -0.001000 0.000000 0.000000 -0.001000 -0.000000 0.000000 -0.001000 0.000000 0.000000 -0.001000 -0.000000 0.000000 -0.001000 0.000000 0.000000 -0.001000 0.000000 0.000000 -0.001000 -0.000000 0.000279 0.000000 0.000960 -0.000397 0.000000 0.000918 -0.000397 0.000000 0.000918 -0.000891 0.000000 0.000454 -0.000891 0.000000 0.000454 -0.000156 0.000000 -0.000988 -0.000156 0.000000 -0.000988 -0.000790 0.000000 -0.000613 -0.000790 0.000000 -0.000613 0.000941 0.000000 0.000339 0.000941 0.000000 0.000339 0.000861 0.000000 0.000509 0.000861 0.000000 0.000509 0.000218 0.000000 -0.000976 0.000218 0.000000 -0.000976 0.000707 0.000000 0.000707 0.000707 0.000000 0.000707 0.000031 -0.000000 0.000999 0.000036 0.000000 0.000999 -0.000988 0.000000 0.000156 -0.000988 0.000000 0.000156 -0.000036 0.000000 -0.000999 -0.000031 0.000000 -0.000999 -0.000707 0.000000 -0.000707 -0.000707 0.000000 -0.000707 -0.000960 0.000000 -0.000279 -0.000960 0.000000 -0.000279 -0.000988 0.000000 -0.000156 -0.000988 0.000000 -0.000156 0.000988 0.000000 0.000156 0.000988 0.000000 0.000156 0.000999 0.000000 -0.000031 0.000999 0.000000 -0.000031 0.000960 0.000000 -0.000279 0.000960 0.000000 -0.000279 0.000861 0.000000 -0.000509 0.000861 0.000000 -0.000509 0.000156 0.000000 -0.000988 0.000156 0.000000 -0.000988 0.000613 0.000000 0.000790 0.000613 0.000000 0.000790 -0.000094 0.000000 0.000996 -0.000094 0.000000 0.000996 -0.000031 0.000000 0.000999 0.000156 0.000000 0.000988 0.000156 0.000000 0.000988 0.000094 0.000000 0.000996 0.000094 0.000000 0.000996 0.000562 0.000000 0.000827 0.000562 0.000000 0.000827 0.000218 0.000000 0.000976 0.000218 0.000000 0.000976 0.000339 0.000000 0.000941 0.000339 0.000000 0.000941 -0.000941 0.000000 0.000339 -0.000941 0.000000 0.000339 -0.000827 0.000000 0.000562 -0.000827 0.000000 0.000562 -0.000861 0.000000 0.000509 -0.000861 0.000000 0.000509 -0.000750 0.000000 0.000661 -0.000750 0.000000 0.000661 -0.000509 0.000000 -0.000861 -0.000509 0.000000 -0.000861 -0.000339 0.000000 -0.000941 -0.000339 0.000000 -0.000941 0.000036 0.000000 -0.000999 0.000031 0.000000 -0.000999 -0.000891 0.000000 -0.000454 -0.000891 0.000000 -0.000454 -0.000918 0.000000 -0.000397 -0.000918 0.000000 -0.000397 -0.000941 0.000000 -0.000339 -0.000941 0.000000 -0.000339 -0.000976 0.000000 -0.000218 -0.000976 0.000000 -0.000218 -0.000996 0.000000 -0.000094 -0.000996 0.000000 -0.000094 0.000999 0.000000 0.000031 0.000999 0.000000 0.000031 0.000941 0.000000 -0.000339 0.000941 0.000000 -0.000339 0.000988 0.000000 -0.000156 0.000988 0.000000 -0.000156 0.000918 0.000000 -0.000397 0.000918 0.000000 -0.000397 0.000790 0.000000 -0.000613 0.000790 0.000000 -0.000613 0.000094 0.000000 -0.000996 0.000094 0.000000 -0.000996 0.000279 0.000000 -0.000960 0.000562 0.000000 -0.000827 0.000562 0.000000 -0.000827 0.000661 0.000000 0.000750 0.000661 0.000000 0.000750 0.000509 0.000000 0.000861 0.000509 0.000000 0.000861 0.000827 0.000000 0.000562 0.000827 0.000000 0.000562 0.000790 0.000000 0.000613 0.000790 0.000000 0.000613 0.000750 0.000000 0.000661 0.000750 0.000000 0.000661 -0.000156 0.000000 0.000988 -0.000156 0.000000 0.000988 -0.000279 0.000000 0.000960 -0.000339 0.000000 0.000941 -0.000339 0.000000 0.000941 -0.000036 0.000000 0.000999 -0.000031 -0.000000 0.000999 0.000031 0.000000 0.000999 0.000454 0.000000 0.000891 0.000454 0.000000 0.000891 0.000397 0.000000 0.000918 0.000397 0.000000 0.000918 -0.000661 0.000000 0.000750 -0.000661 0.000000 0.000750 -0.000454 0.000000 0.000891 -0.000454 0.000000 0.000891 -0.000613 0.000000 0.000790 -0.000613 0.000000 0.000790 -0.000509 0.000000 0.000861 -0.000509 0.000000 0.000861 -0.000562 0.000000 0.000827 -0.000562 0.000000 0.000827 -0.000918 0.000000 0.000397 -0.000918 0.000000 0.000397 -0.000790 0.000000 0.000613 -0.000790 0.000000 0.000613 -0.000960 0.000000 0.000279 -0.000960 0.000000 0.000279 -0.000976 0.000000 0.000218 -0.000976 0.000000 0.000218 -0.000996 0.000000 0.000094 -0.000996 0.000000 0.000094 -0.000999 0.000000 0.000031 -0.000999 0.000000 0.000031 -0.000397 0.000000 -0.000918 -0.000397 0.000000 -0.000918 -0.000454 0.000000 -0.000891 -0.000454 0.000000 -0.000891 -0.000562 0.000000 -0.000827 -0.000562 0.000000 -0.000827 -0.000279 0.000000 -0.000960 -0.000218 0.000000 -0.000976 -0.000218 0.000000 -0.000976 -0.000094 0.000000 -0.000996 -0.000094 0.000000 -0.000996 -0.000031 0.000000 -0.000999 -0.000861 0.000000 -0.000509 -0.000861 0.000000 -0.000509 -0.000827 0.000000 -0.000562 -0.000827 0.000000 -0.000562 -0.000750 0.000000 -0.000661 -0.000750 0.000000 -0.000661 0.000918 0.000000 0.000397 0.000918 0.000000 0.000397 0.000976 0.000000 0.000218 0.000976 0.000000 0.000218 0.000960 0.000000 0.000279 0.000960 0.000000 0.000279 0.000996 0.000000 0.000094 0.000996 0.000000 0.000094 0.000996 0.000000 -0.000094 0.000996 0.000000 -0.000094 0.000976 0.000000 -0.000218 0.000976 0.000000 -0.000218 0.000827 0.000000 -0.000562 0.000827 0.000000 -0.000562 0.000339 0.000000 -0.000941 0.000339 0.000000 -0.000941 0.000397 0.000000 -0.000918 0.000397 0.000000 -0.000918 0.000454 0.000000 -0.000891 0.000454 0.000000 -0.000891 -0.000707 0.000000 0.000707 -0.000707 0.000000 0.000707 -0.000613 0.000000 -0.000790 -0.000613 0.000000 -0.000790 0.000891 0.000000 0.000454 0.000891 0.000000 0.000454 0.000661 0.000000 -0.000750 0.000661 0.000000 -0.000750 0.000891 0.000000 -0.000454 0.000891 0.000000 -0.000454 0.000509 0.000000 -0.000861 0.000509 0.000000 -0.000861 0.000613 0.000000 -0.000790 0.000613 0.000000 -0.000790 0.000707 0.000000 -0.000707 0.000707 0.000000 -0.000707 0.000750 0.000000 -0.000661 0.000750 0.000000 -0.000661
</float_array>
          <technique_common>
            <accessor source="#Racecar_Chassis_Wheel-mesh-normals-array" count="1730" stride="3">
              <param name="X" type="float" />
              <param name="Y" type="float" />
              <param name="Z" type="float" />
            </accessor>
          </technique_common>
        </source>
        <vertices id="Racecar_Chassis_Wheel-mesh-vertices">
          <input semantic="POSITION" source="#Racecar_Chassis_Wheel-mesh-positions" />
        </vertices>
        <triangles material="Material_001-material" count="1770">
          <input semantic="VERTEX" source="#Racecar_Chassis_Wheel-mesh-vertices" offset="0" />
          <input semantic="NORMAL" source="#Racecar_Chassis_Wheel-mesh-normals" offset="1" />
          <p>0 0 1 0 2 0 1 0 0 0 3 0 4 1 2 1 5 1 2 2 4 2 0 2 6 3 7 3 8 3 7 3 6 3 9 3 10 4 11 4 12 4 11 5 10 5 13 5 14 6 15 6 16 6 15 6 14 6 17 6 18 7 19 7 20 7 19 7 18 7 21 7 22 8 23 8 24 8 23 8 22 8 25 8 26 9 27 9 28 9 27 9 26 9 29 9 30 10 31 10 32 10 31 11 30 11 33 11 34 12 35 12 36 12 35 13 34 13 37 13 38 14 39 14 40 14 39 15 38 15 41 15 42 16 43 16 44 16 43 17 42 17 45 17 46 18 47 18 48 18 47 18 46 18 49 18 50 19 51 19 52 19 51 20 50 20 53 20 54 21 55 21 56 21 55 22 54 22 57 22 58 23 59 23 60 23 59 23 58 23 61 23 56 24 62 24 63 24 62 25 56 25 55 25 64 26 65 26 66 26 65 27 64 27 67 27 12 28 68 28 69 28 68 29 12 29 11 29 70 30 71 30 72 30 71 30 70 30 73 30 74 15 75 15 76 15 75 15 74 15 77 15 78 31 79 31 80 31 79 32 78 32 81 32 82 15 83 15 84 15 83 15 82 15 85 15 86 33 87 33 88 33 87 33 86 33 89 33 90 34 91 34 92 34 91 35 90 35 87 35 49 36 93 36 47 36 93 37 49 37 94 37 21 38 95 38 19 38 95 39 21 39 96 39 97 40 44 40 98 40 44 41 97 41 42 41 99 42 100 42 101 42 100 43 99 43 102 43 103 44 104 44 105 44 104 45 103 45 106 45 107 46 28 46 108 46 28 47 107 47 26 47 109 48 105 48 110 48 105 49 109 49 103 49 111 50 112 50 113 50 112 51 111 51 114 51 115 52 33 52 30 52 33 53 115 53 116 53 117 54 73 54 70 54 73 54 117 54 118 54 119 55 13 55 10 55 13 56 119 56 120 56 121 57 92 57 122 57 92 58 121 58 90 58 123 59 124 59 125 59 124 60 123 60 126 60 69 61 127 61 12 61 12 62 128 62 10 62 129 63 130 63 131 63 130 64 129 64 132 64 133 65 34 65 134 65 34 66 133 66 37 66 135 67 136 67 137 67 136 68 135 68 138 68 138 69 36 69 136 69 36 70 138 70 34 70 139 71 121 71 140 71 121 72 139 72 90 72 88 73 90 73 139 73 90 74 88 74 87 74 45 75 48 75 43 75 48 76 45 76 46 76 17 77 20 77 15 77 20 78 17 78 18 78 96 79 98 79 95 79 98 80 96 80 97 80 69 81 102 81 99 81 102 82 69 82 68 82 101 83 61 83 58 83 61 83 101 83 100 83 106 84 141 84 104 84 141 84 106 84 142 84 72 85 120 85 119 85 120 86 72 86 71 86 9 87 110 87 7 87 110 88 9 88 109 88 143 89 108 89 144 89 108 90 143 90 107 90 145 91 114 91 111 91 114 91 145 91 146 91 23 92 146 92 145 92 146 92 23 92 25 92 32 93 118 93 117 93 118 93 32 93 31 93 3 94 147 94 1 94 147 94 3 94 148 94 149 15 150 15 151 15 149 95 125 95 150 95 125 96 149 96 123 96 152 15 153 15 151 15 154 97 80 97 155 97 80 98 154 98 78 98 156 99 38 99 126 99 38 99 156 99 157 99 79 15 149 15 151 15 161 100 158 100 162 100 158 15 161 15 159 15 162 15 163 15 161 15 162 101 164 101 163 101 165 15 164 15 162 15 166 15 165 15 167 15 169 102 165 102 168 102 172 15 165 15 171 15 173 103 165 103 172 103 174 15 165 15 173 15 175 15 165 15 174 15 164 15 165 15 175 15 176 104 177 104 178 104 179 15 177 15 176 15 177 105 179 105 180 105 181 15 180 15 179 15 182 106 180 106 181 106 165 107 182 107 183 107 182 15 165 15 180 15 184 15 165 15 183 15 185 15 165 15 184 15 186 15 165 15 185 15 187 15 165 15 186 15 189 15 165 15 188 15 190 102 165 102 189 102 162 108 37 108 165 108 37 109 162 109 35 109 192 110 193 110 194 110 193 111 192 111 195 111 195 112 8 112 193 112 8 112 195 112 6 112 196 15 194 15 197 15 198 15 84 15 83 15 84 15 198 15 199 15 200 15 199 15 198 15 199 113 200 113 201 113 202 114 37 114 133 114 37 115 202 115 165 115 203 116 135 116 204 116 135 116 203 116 138 116 134 117 138 117 203 117 138 118 134 118 34 118 205 119 206 119 207 119 206 119 205 119 208 119 41 120 209 120 39 120 209 121 41 121 206 121 210 122 122 122 211 122 122 123 210 123 121 123 204 124 89 124 86 124 89 124 204 124 135 124 94 125 5 125 93 125 5 126 94 126 4 126 52 127 57 127 54 127 57 128 52 128 51 128 67 129 144 129 65 129 144 130 67 130 143 130 113 131 116 131 115 131 116 132 113 132 112 132 29 133 24 133 27 133 24 134 29 134 22 134 148 135 151 135 147 135 151 136 148 136 212 136 155 15 80 15 151 15 153 15 155 15 151 15 213 137 206 137 41 137 206 137 213 137 207 137 157 138 41 138 38 138 41 139 157 139 213 139 40 15 126 15 38 15 126 140 40 140 124 140 214 141 126 141 123 141 126 142 214 142 156 142 215 143 123 143 149 143 123 144 215 144 214 144 81 145 149 145 79 145 149 146 81 146 215 146 80 15 79 15 151 15 216 147 194 147 196 147 194 148 216 148 192 148 217 149 199 149 201 149 199 149 217 149 218 149 201 150 219 150 220 150 219 15 201 15 200 15 221 151 131 151 82 151 131 152 221 152 129 152 208 153 222 153 223 153 222 154 208 154 224 154 223 155 206 155 208 155 206 156 223 156 209 156 224 157 211 157 222 157 211 158 224 158 210 158 140 159 210 159 225 159 210 160 140 160 121 160 89 161 137 161 226 161 137 162 89 162 135 162 87 163 226 163 91 163 226 15 87 15 89 15 227 164 14 164 16 164 14 164 227 164 228 164 63 165 228 165 227 165 228 165 63 165 62 165 60 166 53 166 50 166 53 166 60 166 59 166 142 167 66 167 141 167 66 168 142 168 64 168 229 169 155 169 153 169 155 169 229 169 154 169 230 170 153 170 152 170 153 171 230 171 229 171 212 172 152 172 151 172 152 173 212 173 230 173 76 15 231 15 232 15 231 174 76 174 75 174 180 175 77 175 74 175 77 176 180 176 165 176 233 15 194 15 234 15 235 177 196 177 197 177 196 178 235 178 216 178 217 179 220 179 236 179 220 179 217 179 201 179 237 15 238 15 239 15 238 15 237 15 240 15 241 15 240 15 237 15 240 180 241 180 242 180 243 181 244 181 245 181 244 181 243 181 246 181 247 182 233 182 234 182 233 183 247 183 248 183 132 184 234 184 130 184 234 185 132 185 247 185 249 15 130 15 194 15 250 15 130 15 249 15 130 186 250 186 131 186 85 15 131 15 250 15 131 187 85 187 82 187 218 188 84 188 199 188 84 189 218 189 251 189 251 190 82 190 84 190 82 190 251 190 221 190 252 191 208 191 205 191 208 191 252 191 224 191 225 192 224 192 252 192 224 193 225 193 210 193 253 194 165 194 202 194 165 195 253 195 77 195 254 196 75 196 255 196 75 197 254 197 231 197 256 15 244 15 257 15 244 15 256 15 258 15 259 198 231 198 254 198 231 198 259 198 258 198 248 199 260 199 233 199 260 200 248 200 261 200 262 201 240 201 263 201 240 202 262 202 238 202 263 203 242 203 264 203 242 204 263 204 240 204 236 205 238 205 262 205 238 205 236 205 220 205 264 206 265 206 266 206 265 207 264 207 242 207 255 208 77 208 253 208 77 209 255 209 75 209 234 15 194 15 130 15 261 210 197 210 260 210 197 210 261 210 235 210 239 15 220 15 219 15 220 15 239 15 238 15 232 211 258 211 256 211 258 212 232 212 231 212 257 15 246 15 267 15 246 15 257 15 244 15 245 213 258 213 259 213 258 213 245 213 244 213 266 214 246 214 243 214 246 215 266 215 265 215 197 15 194 15 260 15 260 15 194 15 233 15 268 216 242 216 241 216 242 15 268 15 265 15 267 15 265 15 268 15 265 15 267 15 246 15 269 217 270 217 271 217 272 15 270 15 269 15 273 218 270 218 272 218 274 219 270 219 273 219 275 220 270 220 274 220 275 15 276 15 270 15 277 15 276 15 275 15 278 15 276 15 277 15 276 221 278 221 279 221 1 222 280 222 281 222 147 223 280 223 1 223 282 224 194 224 283 224 165 225 77 225 284 225 234 226 233 226 285 226 75 227 183 227 286 227 75 228 184 228 183 228 75 229 287 229 184 229 287 230 75 230 77 230 288 231 8 231 7 231 173 232 37 232 289 232 172 233 37 233 173 233 290 232 37 232 172 232 37 234 290 234 165 234 101 235 291 235 99 235 292 236 293 236 5 236 152 237 294 237 295 237 92 232 41 232 122 232 41 232 92 232 206 232 82 238 131 238 296 238 242 239 76 239 232 239 76 240 242 240 265 240 297 241 265 241 298 241 84 242 241 242 237 242 241 232 84 232 199 232 93 243 293 243 47 243 299 244 72 244 270 244 300 15 276 15 301 15 302 15 276 15 300 15 303 15 276 15 302 15 304 245 276 245 303 245 305 15 276 15 304 15 306 15 276 15 305 15 276 246 306 246 307 246 293 247 308 247 309 247 293 248 310 248 308 248 293 15 311 15 310 15 293 249 312 249 311 249 293 15 313 15 312 15 293 250 314 250 313 250 314 15 293 15 315 15 316 15 317 15 318 15 316 251 319 251 317 251 316 252 320 252 319 252 316 253 321 253 320 253 316 254 322 254 321 254 316 255 323 255 322 255 323 256 316 256 324 256 325 15 316 15 318 15 326 251 316 251 325 251 327 257 316 257 326 257 328 15 316 15 327 15 329 258 316 258 328 258 330 259 316 259 329 259 316 260 330 260 331 260 5 261 293 261 93 261 2 262 332 262 5 262 39 232 80 232 40 232 80 232 39 232 79 232 137 263 224 263 226 263 224 232 137 232 210 232 36 264 121 264 136 264 121 232 36 232 90 232 162 232 87 232 35 232 87 232 162 232 89 232 196 232 250 232 249 232 250 232 196 232 197 232 333 265 199 265 334 265 276 266 110 266 105 266 244 267 297 267 335 267 334 268 82 268 336 268 131 232 239 232 219 232 239 269 131 269 82 269 260 232 83 232 85 232 83 232 260 232 233 232 337 270 110 270 276 270 338 15 276 15 339 15 23 271 340 271 341 271 338 272 113 272 115 272 227 273 342 273 63 273 293 274 343 274 344 274 345 275 101 275 346 275 332 276 292 276 5 276 223 232 149 232 209 232 149 232 223 232 123 232 125 232 152 232 150 232 152 232 125 232 153 232 79 277 347 277 80 277 149 278 348 278 349 278 159 279 158 279 160 279 350 280 158 280 161 280 350 232 135 232 158 232 135 232 350 232 138 232 165 281 284 281 351 281 41 282 352 282 38 282 35 232 90 232 36 232 90 232 35 232 87 232 249 232 194 232 196 232 196 283 194 283 282 283 242 284 240 284 353 284 238 285 220 285 354 285 231 286 355 286 356 286 177 287 357 287 179 287 258 232 357 232 177 232 357 288 258 288 231 288 65 289 358 289 359 289 288 290 7 290 110 290 288 291 110 291 337 291 131 292 130 292 296 292 82 293 237 293 239 293 237 232 82 232 84 232 130 232 219 232 200 232 219 232 130 232 131 232 360 294 130 294 361 294 362 295 196 295 363 295 197 232 85 232 250 232 85 232 197 232 260 232 363 296 196 296 282 296 339 15 276 15 340 15 364 297 365 297 70 297 299 15 276 15 364 15 365 15 276 15 366 15 342 298 367 298 63 298 293 299 368 299 369 299 293 300 370 300 371 300 20 301 344 301 15 301 44 302 372 302 98 302 293 303 342 303 373 303 1 304 332 304 2 304 281 305 332 305 1 305 153 306 294 306 152 306 151 307 280 307 147 307 40 232 155 232 124 232 155 232 40 232 80 232 80 308 347 308 155 308 122 232 38 232 211 232 38 232 122 232 41 232 175 232 34 232 374 232 174 232 34 232 175 232 289 232 34 232 174 232 34 309 289 309 37 309 155 310 347 310 375 310 222 232 123 232 223 232 123 232 222 232 126 232 206 311 376 311 377 311 210 312 378 312 224 312 224 313 378 313 379 313 87 314 89 314 380 314 381 315 199 315 333 315 199 316 381 316 201 316 240 317 232 317 256 317 232 318 240 318 242 318 265 319 242 319 298 319 231 320 258 320 355 320 77 321 75 321 284 321 244 322 177 322 180 322 177 323 244 323 258 323 265 324 74 324 76 324 74 325 265 325 246 325 276 326 105 326 104 326 382 327 24 327 383 327 359 15 276 15 384 15 385 328 8 328 288 328 84 329 82 329 334 329 199 330 84 330 334 330 234 232 200 232 198 232 200 232 234 232 130 232 233 232 198 232 83 232 198 232 233 232 234 232 336 331 82 331 296 331 130 332 234 332 361 332 361 333 234 333 285 333 285 334 260 334 386 334 233 335 260 335 285 335 260 336 197 336 386 336 197 337 196 337 362 337 283 338 8 338 385 338 293 339 387 339 315 339 292 15 387 15 293 15 292 340 388 340 387 340 332 15 388 15 292 15 332 341 389 341 388 341 281 15 389 15 332 15 281 15 390 15 389 15 281 15 391 15 390 15 280 342 391 342 281 342 280 343 392 343 391 343 393 15 392 15 280 15 393 344 394 344 392 344 295 15 394 15 393 15 295 345 395 345 394 345 294 346 395 346 295 346 294 347 396 347 395 347 375 15 396 15 294 15 396 15 375 15 397 15 347 15 397 15 375 15 397 15 347 15 398 15 349 15 398 15 347 15 398 15 349 15 399 15 348 15 399 15 349 15 399 15 348 15 400 15 401 348 400 348 348 348 400 15 401 15 402 15 403 15 402 15 401 15 402 15 403 15 404 15 352 15 404 15 403 15 404 15 352 15 405 15 406 15 405 15 352 15 405 15 406 15 407 15 377 15 407 15 406 15 407 15 377 15 408 15 376 15 408 15 377 15 408 15 376 15 409 15 379 15 409 15 376 15 409 15 379 15 410 15 378 15 410 15 379 15 410 349 378 349 411 349 412 350 411 350 378 350 411 15 412 15 413 15 414 15 413 15 412 15 413 351 414 351 415 351 380 352 415 352 414 352 416 15 417 15 380 15 415 15 380 15 417 15 418 15 276 15 307 15 418 353 337 353 276 353 419 15 337 15 418 15 419 354 288 354 337 354 420 355 288 355 419 355 421 15 288 15 420 15 421 356 385 356 288 356 422 15 385 15 421 15 422 357 283 357 385 357 423 358 283 358 422 358 423 359 282 359 283 359 424 15 282 15 423 15 424 360 363 360 282 360 425 15 363 15 424 15 425 361 362 361 363 361 426 15 362 15 425 15 386 15 426 15 427 15 426 362 386 362 362 362 285 363 427 363 428 363 427 15 285 15 386 15 361 15 428 15 429 15 428 364 361 364 285 364 360 365 429 365 430 365 296 366 430 366 431 366 429 15 360 15 361 15 336 15 431 15 432 15 430 367 296 367 360 367 334 368 432 368 433 368 333 369 433 369 434 369 431 370 336 370 296 370 381 371 434 371 435 371 432 15 334 15 336 15 354 372 435 372 436 372 437 15 436 15 438 15 433 373 333 373 334 373 353 374 438 374 439 374 434 15 381 15 333 15 440 375 439 375 441 375 298 376 441 376 442 376 297 377 442 377 443 377 435 15 354 15 381 15 335 378 443 378 444 378 355 15 444 15 445 15 356 15 445 15 446 15 447 15 446 15 448 15 436 379 437 379 354 379 284 15 448 15 449 15 417 15 416 15 450 15 451 15 450 15 416 15 438 15 353 15 437 15 450 15 451 15 452 15 439 380 440 380 353 380 453 15 452 15 451 15 441 15 298 15 440 15 452 15 453 15 454 15 442 381 297 381 298 381 455 15 454 15 453 15 443 382 335 382 297 382 454 15 455 15 456 15 444 383 355 383 335 383 457 15 456 15 455 15 445 15 356 15 355 15 456 15 457 15 449 15 446 384 447 384 356 384 351 15 449 15 457 15 448 15 284 15 447 15 449 15 351 15 284 15 338 385 111 385 113 385 271 386 10 386 128 386 270 387 72 387 119 387 458 388 30 388 366 388 459 389 338 389 115 389 364 15 276 15 365 15 316 390 128 390 12 390 128 391 316 391 271 391 370 392 60 392 50 392 99 393 291 393 460 393 293 394 291 394 345 394 101 395 345 395 291 395 346 396 101 396 58 396 293 397 367 397 342 397 54 398 371 398 52 398 63 399 369 399 56 399 369 400 54 400 56 400 461 401 47 401 293 401 462 402 19 402 463 402 372 403 44 403 464 403 98 404 463 404 95 404 342 405 16 405 373 405 16 406 342 406 227 406 151 232 150 232 152 232 124 232 153 232 125 232 153 232 124 232 155 232 41 407 406 407 352 407 211 232 126 232 222 232 126 232 211 232 38 232 191 232 165 232 167 232 190 232 165 232 191 232 187 232 165 232 188 232 165 408 187 408 465 408 171 232 165 232 290 232 170 232 165 232 171 232 169 232 165 232 170 232 166 232 165 232 168 232 77 409 185 409 287 409 77 410 186 410 185 410 77 411 465 411 186 411 465 412 77 412 165 412 37 413 457 413 34 413 37 414 165 414 457 414 151 415 393 415 280 415 152 416 393 416 151 416 209 232 79 232 39 232 79 232 209 232 149 232 38 417 352 417 126 417 41 418 377 418 406 418 377 419 41 419 206 419 210 420 121 420 378 420 136 232 210 232 137 232 210 232 136 232 121 232 224 421 376 421 208 421 208 422 376 422 206 422 90 423 380 423 414 423 163 232 138 232 350 232 164 232 138 232 163 232 374 232 138 232 164 232 138 424 374 424 34 424 158 232 89 232 162 232 89 232 158 232 135 232 220 232 257 232 267 232 257 232 220 232 238 232 199 425 268 425 241 425 268 232 199 232 201 232 238 426 256 426 257 426 256 427 238 427 240 427 240 428 238 428 353 428 231 429 181 429 357 429 231 430 182 430 181 430 231 431 286 431 182 431 286 432 231 432 75 432 246 433 265 433 297 433 284 434 75 434 447 434 75 435 231 435 447 435 383 15 276 15 382 15 466 15 276 15 467 15 466 436 144 436 108 436 28 437 468 437 466 437 382 438 27 438 24 438 384 15 276 15 469 15 296 439 130 439 360 439 386 440 197 440 362 440 194 441 193 441 283 441 193 442 8 442 283 442 340 443 145 443 111 443 340 444 23 444 145 444 470 15 276 15 279 15 276 15 470 15 301 15 331 15 271 15 316 15 471 445 271 445 331 445 472 446 271 446 471 446 271 447 472 447 269 447 270 448 276 448 299 448 364 449 70 449 72 449 72 450 299 450 364 450 340 451 111 451 339 451 339 452 111 452 338 452 366 453 30 453 32 453 458 454 115 454 30 454 366 15 276 15 458 15 459 455 276 455 338 455 366 456 32 456 117 456 127 390 316 390 12 390 316 457 127 457 460 457 291 15 473 15 460 15 291 15 474 15 473 15 291 458 475 458 474 458 291 459 476 459 475 459 291 460 477 460 476 460 478 461 293 461 479 461 480 15 293 15 478 15 477 15 293 15 480 15 293 462 477 462 291 462 481 15 293 15 309 15 293 463 481 463 479 463 460 15 324 15 316 15 460 464 482 464 324 464 460 465 483 465 482 465 483 15 460 15 473 15 293 466 484 466 370 466 293 467 345 467 346 467 484 468 58 468 60 468 370 469 484 469 60 469 293 470 369 470 367 470 63 471 367 471 369 471 52 472 371 472 370 472 293 473 371 473 368 473 43 474 464 474 44 474 47 475 485 475 48 475 293 476 373 476 343 476 95 477 463 477 19 477 462 478 344 478 19 478 153 479 375 479 294 479 155 480 375 480 153 480 457 481 165 481 351 481 34 482 455 482 138 482 34 483 457 483 455 483 152 484 295 484 393 484 126 485 401 485 123 485 123 486 401 486 149 486 79 487 349 487 347 487 149 488 349 488 79 488 126 489 403 489 401 489 126 490 352 490 403 490 87 491 380 491 90 491 224 492 379 492 376 492 91 493 206 493 92 493 206 494 91 494 208 494 226 232 208 232 91 232 208 232 226 232 224 232 121 495 412 495 378 495 89 496 135 496 416 496 135 497 451 497 416 497 138 498 455 498 453 498 135 499 138 499 451 499 298 500 242 500 440 500 242 501 353 501 440 501 354 502 201 502 381 502 246 503 180 503 74 503 180 232 246 232 244 232 244 504 246 504 297 504 447 505 231 505 356 505 340 15 276 15 341 15 341 506 276 506 383 506 358 507 65 507 144 507 341 508 24 508 23 508 24 509 341 509 383 509 468 510 28 510 382 510 467 15 276 15 358 15 384 511 104 511 141 511 358 512 276 512 359 512 270 513 119 513 271 513 271 514 119 514 10 514 365 515 366 515 117 515 365 516 117 516 70 516 458 517 276 517 459 517 459 518 115 518 458 518 460 519 127 519 69 519 99 520 460 520 69 520 293 521 346 521 484 521 484 522 346 522 58 522 54 523 368 523 371 523 369 524 368 524 54 524 52 525 370 525 50 525 293 15 485 15 461 15 461 526 485 526 47 526 293 15 486 15 372 15 293 527 463 527 486 527 485 528 464 528 48 528 15 529 373 529 16 529 373 530 15 530 343 530 15 531 344 531 343 531 19 532 344 532 20 532 293 533 462 533 463 533 293 534 344 534 462 534 149 535 401 535 348 535 121 536 414 536 412 536 90 537 414 537 121 537 89 538 416 538 380 538 138 539 453 539 451 539 353 540 238 540 437 540 437 541 238 541 354 541 201 542 267 542 268 542 267 543 201 543 220 543 220 544 201 544 354 544 258 545 335 545 355 545 258 546 244 546 335 546 382 547 28 547 27 547 144 548 467 548 358 548 467 549 144 549 466 549 466 550 108 550 28 550 382 551 276 551 468 551 468 552 276 552 466 552 359 553 66 553 65 553 104 554 469 554 276 554 469 555 104 555 384 555 359 556 141 556 66 556 384 557 141 557 359 557 48 558 464 558 43 558 293 15 464 15 485 15 293 559 372 559 464 559 486 560 463 560 98 560 486 561 98 561 372 561 11 562 13 562 487 562 3 563 488 563 489 563 0 564 488 564 3 564 490 565 109 565 491 565 4 566 492 566 488 566 493 567 213 567 494 567 213 568 493 568 207 568 495 569 86 569 88 569 496 570 497 570 202 570 498 571 106 571 499 571 500 572 6 572 195 572 501 573 502 573 230 573 46 574 503 574 49 574 4 575 488 575 0 575 103 576 109 576 499 576 499 577 109 577 490 577 504 578 505 578 506 578 507 579 508 579 505 579 519 586 520 586 521 586 522 587 520 587 519 587 523 232 524 232 525 232 526 232 525 232 524 232 520 232 522 232 526 232 526 588 522 588 525 588 519 589 527 589 522 589 499 590 527 590 519 590 499 591 528 591 527 591 528 232 499 232 529 232 530 232 519 232 521 232 531 232 519 232 530 232 532 592 531 592 533 592 505 593 504 593 507 593 506 594 533 594 504 594 532 595 533 595 506 595 531 232 532 232 519 232 534 232 519 232 532 232 534 232 535 232 519 232 536 596 535 596 534 596 535 597 536 597 537 597 524 232 523 232 538 232 539 232 538 232 523 232 516 599 542 599 543 599 97 600 544 600 545 600 546 601 262 601 547 601 548 602 202 602 133 602 229 603 549 603 154 603 545 232 544 232 535 232 550 232 551 232 535 232 106 604 103 604 499 604 552 605 261 605 248 605 552 606 247 606 553 606 554 607 254 607 555 607 556 608 245 608 259 608 546 609 236 609 262 609 557 610 495 610 139 610 156 611 558 611 157 611 502 612 559 612 230 612 212 613 501 613 230 613 42 614 560 614 45 614 11 615 487 615 519 615 561 232 562 232 535 232 49 616 503 616 563 616 564 232 499 232 565 232 566 232 499 232 567 232 22 617 565 617 25 617 565 618 22 618 564 618 568 619 216 619 235 619 500 620 195 620 192 620 569 621 132 621 129 621 554 622 570 622 254 622 553 623 247 623 132 623 569 624 129 624 221 624 571 625 218 625 572 625 573 626 263 626 264 626 218 627 574 627 572 627 574 628 218 628 217 628 575 629 266 629 576 629 576 630 266 630 243 630 495 631 577 631 86 631 134 632 548 632 133 632 205 633 578 633 252 633 579 634 558 634 156 634 215 635 580 635 214 635 581 636 582 636 81 636 78 637 581 637 81 637 148 638 583 638 212 638 563 232 503 232 535 232 55 639 562 639 62 639 584 232 585 232 535 232 228 640 586 640 14 640 17 641 551 641 550 641 31 642 33 642 566 642 491 643 6 643 587 643 499 644 588 644 529 644 499 645 589 645 588 645 490 232 589 232 499 232 491 232 589 232 490 232 589 232 491 232 590 232 587 646 590 646 491 646 591 232 590 232 587 232 590 232 591 232 595 232 591 652 587 652 500 652 608 653 500 653 609 653 595 232 591 232 596 232 500 654 608 654 591 654 610 232 608 232 609 232 608 232 610 232 611 232 568 232 611 232 610 232 611 232 568 232 612 232 613 232 612 232 568 232 552 232 612 232 613 232 553 655 612 655 552 655 614 232 612 232 553 232 615 656 614 656 569 656 614 232 615 232 612 232 616 657 615 657 569 657 571 658 615 658 616 658 572 232 615 232 571 232 622 660 512 660 619 660 623 232 512 232 622 232 516 661 624 661 619 661 516 232 625 232 624 232 669 232 535 232 537 232 670 232 535 232 669 232 488 691 670 691 671 691 672 232 671 232 673 232 670 692 492 692 535 692 670 693 488 693 492 693 672 232 673 232 674 232 671 699 489 699 488 699 671 232 672 232 489 232 489 700 672 700 583 700 689 232 583 232 672 232 583 232 689 232 501 232 502 701 689 701 690 701 689 702 502 702 501 702 559 703 690 703 691 703 690 704 559 704 502 704 691 705 549 705 559 705 691 232 581 232 549 232 691 706 582 706 581 706 691 707 692 707 582 707 693 708 692 708 691 708 692 709 693 709 580 709 493 710 693 710 694 710 578 711 694 711 695 711 693 712 579 712 580 712 693 658 558 658 579 658 704 714 695 714 705 714 693 715 494 715 558 715 702 232 703 232 705 232 706 232 705 232 703 232 705 232 706 232 707 232 693 232 493 232 494 232 557 716 706 716 708 716 495 717 708 717 709 717 577 718 709 718 710 718 711 232 575 232 712 232 694 719 578 719 493 719 576 232 712 232 575 232 695 232 704 232 578 232 712 720 576 720 713 720 705 721 714 721 704 721 556 722 713 722 576 722 705 232 707 232 714 232 713 232 556 232 715 232 706 232 557 232 707 232 570 232 715 232 556 232 708 723 495 723 557 723 554 232 715 232 570 232 709 724 577 724 495 724 555 725 715 725 554 725 710 232 716 232 577 232 497 726 715 726 555 726 710 232 717 232 716 232 496 727 715 727 497 727 710 232 718 232 717 232 715 232 496 232 710 232 710 728 548 728 718 728 710 729 496 729 548 729 742 748 734 748 741 748 753 758 752 758 754 758 574 232 615 232 572 232 615 232 574 232 755 232 546 232 755 232 574 232 755 759 546 759 756 759 547 232 756 232 546 232 756 760 547 760 754 760 754 761 711 761 753 761 573 762 754 762 547 762 757 232 754 232 573 232 575 232 711 232 757 232 754 232 757 232 711 232 745 15 735 15 773 15 779 232 499 232 780 232 26 770 107 770 781 770 782 232 499 232 783 232 487 771 120 771 784 771 13 772 120 772 487 772 609 773 192 773 216 773 500 774 192 774 609 774 568 775 235 775 613 775 609 776 216 776 610 776 610 777 216 777 568 777 552 778 248 778 247 778 553 779 132 779 614 779 571 780 221 780 251 780 571 781 251 781 218 781 573 782 262 782 263 782 575 783 264 783 266 783 576 784 243 784 245 784 203 785 718 785 134 785 718 786 548 786 134 786 716 787 717 787 203 787 207 788 578 788 205 788 717 789 718 789 203 789 716 790 203 790 204 790 714 791 707 791 140 791 714 792 140 792 225 792 139 793 495 793 88 793 558 794 494 794 213 794 157 795 558 795 213 795 214 796 580 796 156 796 81 797 582 797 215 797 154 798 581 798 78 798 559 799 549 799 229 799 230 800 559 800 229 800 583 801 501 801 212 801 4 802 535 802 492 802 94 803 535 803 4 803 42 804 545 804 560 804 560 232 545 232 535 232 49 805 563 805 535 805 49 806 535 806 94 806 61 807 100 807 585 807 586 232 561 232 535 232 61 808 585 808 584 808 102 809 785 809 100 809 62 810 586 810 228 810 17 811 550 811 18 811 33 812 116 812 786 812 71 813 73 813 787 813 116 814 788 814 789 814 783 232 499 232 788 232 114 815 146 815 782 815 109 816 9 816 491 816 9 817 6 817 491 817 780 232 499 232 790 232 790 818 143 818 780 818 791 232 499 232 779 232 781 819 143 819 790 819 784 820 71 820 792 820 120 821 71 821 784 821 497 822 255 822 253 822 497 823 253 823 202 823 570 824 556 824 259 824 570 825 259 825 254 825 587 826 6 826 500 826 613 827 235 827 261 827 613 828 261 828 552 828 614 829 132 829 569 829 569 830 221 830 616 830 616 831 221 831 571 831 546 832 217 832 236 832 757 833 573 833 264 833 757 834 264 834 575 834 493 835 578 835 207 835 548 836 496 836 202 836 577 837 716 837 204 837 577 838 204 838 86 838 252 839 714 839 225 839 140 840 557 840 139 840 707 841 557 841 140 841 580 842 579 842 156 842 692 843 580 843 215 843 582 844 692 844 215 844 549 845 581 845 154 845 3 846 583 846 148 846 489 847 583 847 3 847 793 848 794 848 535 848 21 849 794 849 793 849 551 232 795 232 535 232 795 850 17 850 14 850 17 851 795 851 551 851 53 852 796 852 51 852 785 232 797 232 535 232 487 232 499 232 519 232 46 853 560 853 503 853 503 232 560 232 535 232 45 854 560 854 46 854 102 855 797 855 785 855 53 856 59 856 796 856 59 857 584 857 796 857 18 858 550 858 21 858 786 859 116 859 789 859 786 232 499 232 566 232 566 860 33 860 786 860 112 861 114 861 788 861 116 862 112 862 788 862 798 863 26 863 781 863 565 232 499 232 782 232 788 864 114 864 783 864 783 865 114 865 782 865 146 866 25 866 782 866 498 232 499 232 791 232 64 867 142 867 779 867 143 868 67 868 780 868 779 869 142 869 791 869 73 870 567 870 787 870 784 232 499 232 487 232 555 871 254 871 255 871 555 872 255 872 497 872 556 873 576 873 245 873 547 874 262 874 573 874 574 875 217 875 546 875 704 876 714 876 252 876 578 877 704 877 252 877 97 878 545 878 42 878 544 232 793 232 535 232 21 879 550 879 794 879 794 880 550 880 535 880 14 881 586 881 795 881 795 232 586 232 535 232 57 882 799 882 562 882 562 883 799 883 535 883 68 884 797 884 102 884 68 885 11 885 797 885 100 886 800 886 585 886 100 887 785 887 800 887 59 888 61 888 584 888 796 232 584 232 535 232 801 232 796 232 535 232 799 232 801 232 535 232 73 889 118 889 567 889 118 890 566 890 567 890 118 891 31 891 566 891 788 883 499 883 789 883 789 232 499 232 786 232 782 892 25 892 565 892 564 893 22 893 802 893 107 894 143 894 781 894 802 895 26 895 798 895 142 896 106 896 791 896 791 897 106 897 498 897 67 898 64 898 779 898 780 899 67 899 779 899 567 232 499 232 787 232 71 900 787 900 792 900 97 901 793 901 544 901 62 902 561 902 586 902 62 903 562 903 561 903 55 904 57 904 562 904 797 232 519 232 535 232 11 905 519 905 797 905 800 906 785 906 535 906 585 232 800 232 535 232 57 907 801 907 799 907 51 908 796 908 801 908 29 909 26 909 802 909 22 910 29 910 802 910 790 232 499 232 781 232 781 848 499 848 798 848 787 232 499 232 792 232 792 906 499 906 784 906 21 911 793 911 96 911 96 912 793 912 97 912 51 913 801 913 57 913 798 880 499 880 802 880 802 232 499 232 564 232 507 914 803 914 804 914 803 915 507 915 504 915 530 916 805 916 531 916 805 917 530 917 806 917 521 918 806 918 530 918 806 918 521 918 807 918 526 919 808 919 809 919 808 919 526 919 524 919 504 920 810 920 803 920 810 920 504 920 533 920 533 929 805 929 810 929 805 930 533 930 531 930 524 931 812 931 808 931 812 932 524 932 538 932 819 933 820 933 821 933 822 934 819 934 823 934 819 15 822 15 820 15 824 935 822 935 823 935 825 15 822 15 824 15 826 936 822 936 825 936 827 937 822 937 826 937 828 15 827 15 829 15 828 15 829 15 830 15 828 15 830 15 831 15 828 938 831 938 832 938 827 15 828 15 822 15 832 939 833 939 828 939 832 940 834 940 833 940 835 941 834 941 832 941 834 942 835 942 836 942 835 943 837 943 836 943 838 15 837 15 835 15 839 15 837 15 838 15 846 945 837 945 839 945 806 15 847 15 848 15 806 15 848 15 849 15 807 15 847 15 806 15 806 15 849 15 850 15 847 15 807 15 851 15 806 946 850 946 852 946 851 15 807 15 853 15 805 947 852 947 854 947 853 15 807 15 855 15 803 15 854 15 856 15 855 948 807 948 857 948 858 949 857 949 807 949 852 950 805 950 806 950 854 951 810 951 805 951 804 952 856 952 859 952 854 953 803 953 810 953 856 954 804 954 803 954 860 955 804 955 859 955 861 15 860 15 862 15 861 15 862 15 863 15 861 15 863 15 864 15 821 15 864 15 819 15 864 956 821 956 865 956 861 957 864 957 865 957 860 958 861 958 804 958 857 947 858 947 870 947 809 15 870 15 858 15 808 962 870 962 809 962 870 15 808 15 871 15 812 963 871 963 808 963 871 964 812 964 872 964 812 965 873 965 872 965 874 15 873 15 812 15 873 15 874 15 875 15 875 966 874 966 876 966 876 967 874 967 877 967 878 968 877 968 879 968 877 969 878 969 880 969 877 15 874 15 879 15 890 15 880 15 878 15 891 15 880 15 890 15 880 984 891 984 892 984 891 985 893 985 892 985 891 986 894 986 893 986 891 987 895 987 894 987 891 988 896 988 895 988 897 15 896 15 891 15 896 15 897 15 898 15 898 989 897 989 899 989 899 15 897 15 900 15 900 990 897 990 901 990 902 991 901 991 897 991 903 15 901 15 902 15 904 992 903 992 905 992 903 993 904 993 901 993 906 994 904 994 905 994 906 15 907 15 904 15 906 995 910 995 907 995 837 15 846 15 845 15 845 997 846 997 913 997 845 998 913 998 916 998 845 15 916 15 917 15 917 999 918 999 845 999 917 1000 919 1000 918 1000 920 15 919 15 917 15 919 15 920 15 921 15 921 1001 920 1001 922 1001 923 1002 922 1002 920 1002 924 15 922 15 923 15 925 1003 922 1003 924 1003 926 15 922 15 925 15 927 1004 926 1004 928 1004 927 1005 928 1005 929 1005 927 1006 929 1006 930 1006 926 15 927 15 922 15 931 15 927 15 930 15 932 1007 927 1007 931 1007 927 15 932 15 933 15 933 15 932 15 934 15 950 15 949 15 951 15 950 1020 934 1020 932 1020 934 1021 950 1021 951 1021 949 15 950 15 952 15 949 15 952 15 953 15 954 15 949 15 953 15 949 15 954 15 955 15 956 15 955 15 954 15 957 1023 955 1023 956 1023 955 1024 957 1024 958 1024 959 15 958 15 957 15 958 1025 959 1025 960 1025 961 1026 962 1026 959 1026 960 15 959 15 962 15 963 15 906 15 908 15 906 1027 963 1027 910 1027 963 1028 908 1028 964 1028 964 15 908 15 965 15 965 15 908 15 966 15 967 1029 966 1029 908 1029 968 1030 966 1030 967 1030 969 1031 968 1031 970 1031 969 1032 970 1032 971 1032 968 1033 969 1033 966 1033 971 1034 972 1034 969 1034 971 15 973 15 972 15 971 15 974 15 973 15 971 15 975 15 974 15 976 1035 975 1035 971 1035 975 1036 976 1036 977 1036 977 1037 976 1037 978 1037 978 15 976 15 979 15 976 1038 980 1038 979 1038 981 15 976 15 982 15 981 1039 982 1039 983 1039 976 1040 981 1040 980 1040 990 1043 983 1043 991 1043 992 1044 988 1044 989 1044 983 15 990 15 981 15 988 1045 990 1045 991 1045 990 15 988 15 993 15 993 15 988 15 994 15 988 15 992 15 994 15 995 1046 989 1046 996 1046 989 1047 997 1047 992 1047 998 1048 996 1048 999 1048 998 1049 999 1049 1000 1049 1001 1050 1000 1050 1002 1050 989 1051 995 1051 997 1051 962 1052 961 1052 1003 1052 1004 1053 1003 1053 961 1053 996 15 998 15 995 15 1005 15 1003 15 1004 15 1000 1026 1001 1026 998 1026 1006 15 1003 15 1005 15 1002 1054 1007 1054 1001 1054 1008 15 1003 15 1006 15 1002 15 1009 15 1007 15 1003 15 1008 15 1002 15 1002 15 1010 15 1009 15 1002 15 1008 15 1010 15 520 1057 807 1057 521 1057 807 1058 520 1058 858 1058 520 1059 809 1059 858 1059 809 1060 520 1060 526 1060 837 1064 671 1064 836 1064 671 1065 837 1065 673 1065 537 1068 833 1068 669 1068 833 1069 537 1069 828 1069 828 1070 537 1070 536 1070 536 1071 822 1071 828 1071 822 1072 536 1072 534 1072 505 1073 821 1073 506 1073 821 1074 505 1074 865 1074 670 1077 833 1077 834 1077 833 1078 670 1078 669 1078 671 1087 834 1087 836 1087 834 1088 671 1088 670 1088 508 1089 865 1089 505 1089 865 1089 508 1089 861 1089 512 1092 869 1092 518 1092 532 1095 822 1095 534 1095 822 1095 532 1095 820 1095 506 1096 820 1096 532 1096 820 1097 506 1097 821 1097 949 1098 705 1098 951 1098 705 1098 949 1098 702 1098 933 1099 693 1099 927 1099 693 1099 933 1099 694 1099 693 1100 922 1100 927 1100 922 1101 693 1101 691 1101 689 1102 918 1102 919 1102 918 1103 689 1103 672 1103 934 1106 694 1106 933 1106 694 1107 934 1107 695 1107 951 1118 695 1118 934 1118 695 1119 951 1119 705 1119 674 1120 918 1120 672 1120 918 1121 674 1121 845 1121 691 1124 921 1124 922 1124 921 1125 691 1125 690 1125 690 1126 919 1126 921 1126 919 1127 690 1127 689 1127 753 1130 996 1130 989 1130 996 1131 753 1131 711 1131 1000 1132 715 1132 1002 1132 715 1133 1000 1133 713 1133 1002 925 710 925 1003 925 710 925 1002 925 715 925 708 1134 958 1134 960 1134 958 1134 708 1134 706 1134 712 1135 1000 1135 999 1135 1000 1136 712 1136 713 1136 711 1144 999 1144 996 1144 999 1144 711 1144 712 1144 706 1145 955 1145 958 1145 955 1146 706 1146 703 1146 1003 1149 709 1149 962 1149 709 1150 1003 1150 710 1150 709 1151 960 1151 962 1151 960 1152 709 1152 708 1152 591 1156 908 1156 596 1156 908 1157 591 1157 967 1157 611 1158 971 1158 970 1158 971 1159 611 1159 612 1159 612 1160 976 1160 971 1160 976 1161 612 1161 615 1161 983 1106 754 1106 991 1106 754 1107 983 1107 756 1107 591 1164 968 1164 967 1164 968 1165 591 1165 608 1165 608 1174 970 1174 968 1174 970 1175 608 1175 611 1175 991 1176 752 1176 988 1176 752 1176 991 1176 754 1176 976 1181 755 1181 982 1181 755 1181 976 1181 615 1181 982 1118 756 1118 983 1118 756 1119 982 1119 755 1119 936 1183 758 1183 605 1183 523 1184 874 1184 539 1184 874 1184 523 1184 879 1184 527 1187 890 1187 522 1187 890 1187 527 1187 891 1187 527 1188 897 1188 891 1188 897 1189 527 1189 528 1189 589 1190 905 1190 903 1190 905 1191 589 1191 590 1191 882 1194 516 1194 543 1194 525 1096 879 1096 523 1096 879 1097 525 1097 878 1097 522 1073 878 1073 525 1073 878 1074 522 1074 890 1074 905 1205 595 1205 906 1205 595 1206 905 1206 590 1206 528 1209 902 1209 897 1209 529 1210 902 1210 528 1210 902 1211 529 1211 588 1211 588 1212 903 1212 902 1212 903 1213 588 1213 589 1213 846 1214 389 1214 390 1214 389 1214 846 1214 839 1214 880 1215 274 1215 877 1215 274 1216 880 1216 275 1216 893 1217 279 1217 278 1217 894 1218 279 1218 893 1218 279 1219 894 1219 470 1219 186 1220 998 1220 187 1220 998 1221 186 1221 995 1221 443 1222 465 1222 187 1222 442 1223 465 1223 443 1223 465 1224 442 1224 186 1224 835 1225 315 1225 387 1225 832 1226 315 1226 835 1226 315 1227 832 1227 314 1227 830 1228 311 1228 312 1228 311 1229 830 1229 829 1229 832 1230 313 1230 314 1230 313 1231 832 1231 831 1231 850 1232 321 1232 852 1232 321 1233 850 1233 320 1233 894 1234 301 1234 470 1234 895 1235 301 1235 894 1235 301 1236 895 1236 300 1236 901 1237 307 1237 306 1237 904 1238 307 1238 901 1238 307 1239 904 1239 418 1239 873 1240 269 1240 472 1240 875 1241 269 1241 873 1241 269 1242 875 1242 272 1242 877 1243 273 1243 876 1243 273 1244 877 1244 274 1244 853 1245 325 1245 851 1245 325 1245 853 1245 326 1245 168 1246 1004 1246 169 1246 1004 1247 168 1247 1005 1247 454 1248 169 1248 452 1248 169 1249 454 1249 168 1249 169 1250 961 1250 170 1250 961 1251 169 1251 1004 1251 452 1252 170 1252 450 1252 170 1253 452 1253 169 1253 164 1254 950 1254 163 1254 950 1254 164 1254 952 1254 409 1255 163 1255 408 1255 163 1256 409 1256 164 1256 929 1257 400 1257 402 1257 400 1258 929 1258 928 1258 928 1259 399 1259 400 1259 399 1260 928 1260 926 1260 916 1261 391 1261 392 1261 391 1261 916 1261 913 1261 189 1262 1009 1262 190 1262 1009 1263 189 1263 1007 1263 445 1264 190 1264 446 1264 190 1265 445 1265 189 1265 181 1266 993 1266 182 1266 993 1266 181 1266 990 1266 435 1267 182 1267 436 1267 182 1268 435 1268 181 1268 831 1269 312 1269 313 1269 312 1270 831 1270 830 1270 823 1271 477 1271 480 1271 477 1271 823 1271 819 1271 825 1272 479 1272 481 1272 824 1273 479 1273 825 1273 479 1274 824 1274 478 1274 829 1275 310 1275 311 1275 310 1276 829 1276 827 1276 847 1277 317 1277 848 1277 317 1278 847 1278 318 1278 849 1279 320 1279 850 1279 320 1280 849 1280 319 1280 854 1281 323 1281 856 1281 323 1282 854 1282 322 1282 852 1283 322 1283 854 1283 322 1284 852 1284 321 1284 862 1285 473 1285 474 1285 860 1286 473 1286 862 1286 473 1287 860 1287 483 1287 864 1288 477 1288 819 1288 477 1289 864 1289 476 1289 910 1290 421 1290 420 1290 421 1290 910 1290 963 1290 880 1291 277 1291 275 1291 277 1291 880 1291 892 1291 892 1292 278 1292 277 1292 278 1293 892 1293 893 1293 895 1294 302 1294 300 1294 302 1295 895 1295 896 1295 898 1296 304 1296 303 1296 304 1297 898 1297 899 1297 904 1298 419 1298 418 1298 419 1298 904 1298 907 1298 899 1299 305 1299 304 1299 305 1300 899 1300 900 1300 900 1301 306 1301 305 1301 306 1302 900 1302 901 1302 876 1303 272 1303 875 1303 272 1304 876 1304 273 1304 871 1305 331 1305 330 1305 872 1306 331 1306 871 1306 331 1307 872 1307 471 1307 873 1308 471 1308 872 1308 471 1309 873 1309 472 1309 871 1310 329 1310 870 1310 329 1311 871 1311 330 1311 857 1312 327 1312 855 1312 327 1313 857 1313 328 1313 851 1314 318 1314 847 1314 318 1315 851 1315 325 1315 855 1316 326 1316 853 1316 326 1317 855 1317 327 1317 167 1318 1006 1318 166 1318 1006 1319 167 1319 1008 1319 449 1320 166 1320 456 1320 166 1320 449 1320 167 1320 172 1321 956 1321 173 1321 956 1322 172 1322 957 1322 415 1323 173 1323 413 1323 173 1324 415 1324 172 1324 930 1325 402 1325 404 1325 402 1325 930 1325 929 1325 924 1326 396 1326 397 1326 396 1327 924 1327 923 1327 188 1328 1007 1328 189 1328 1007 1329 188 1329 1001 1329 444 1330 189 1330 445 1330 189 1331 444 1331 188 1331 184 1332 997 1332 185 1332 997 1333 184 1333 992 1333 441 1334 287 1334 185 1334 439 1335 287 1335 441 1335 287 1336 439 1336 184 1336 432 1337 176 1337 433 1337 979 1338 176 1338 432 1338 176 1339 979 1339 980 1339 977 1340 431 1340 430 1340 431 1341 977 1341 978 1341 978 1342 432 1342 431 1342 432 1342 978 1342 979 1342 975 1343 430 1343 429 1343 430 1344 975 1344 977 1344 965 1345 424 1345 423 1345 424 1345 965 1345 966 1345 966 1346 425 1346 424 1346 425 1347 966 1347 969 1347 969 1348 426 1348 425 1348 426 1349 969 1349 972 1349 838 1350 387 1350 388 1350 387 1350 838 1350 835 1350 839 1351 388 1351 389 1351 388 1351 839 1351 838 1351 824 1352 480 1352 478 1352 480 1353 824 1353 823 1353 827 1354 308 1354 310 1354 308 1355 827 1355 826 1355 826 1356 309 1356 308 1356 825 1357 309 1357 826 1357 309 1358 825 1358 481 1358 848 1359 319 1359 849 1359 319 1359 848 1359 317 1359 859 1360 483 1360 860 1360 483 1361 859 1361 482 1361 859 1362 324 1362 482 1362 856 1363 324 1363 859 1363 324 1364 856 1364 323 1364 863 1365 476 1365 864 1365 476 1366 863 1366 475 1366 862 1367 475 1367 863 1367 475 1368 862 1368 474 1368 896 1369 303 1369 302 1369 303 1370 896 1370 898 1370 907 1371 420 1371 419 1371 420 1371 907 1371 910 1371 870 1372 328 1372 857 1372 328 1373 870 1373 329 1373 913 1374 390 1374 391 1374 390 1374 913 1374 846 1374 166 1375 1005 1375 168 1375 1005 1376 166 1376 1006 1376 456 1377 168 1377 454 1377 168 1378 456 1378 166 1378 170 1379 959 1379 171 1379 959 1380 170 1380 961 1380 450 1381 171 1381 417 1381 171 1382 450 1382 170 1382 171 1383 957 1383 172 1383 957 1384 171 1384 959 1384 415 1385 290 1385 172 1385 417 1386 290 1386 415 1386 290 1387 417 1387 171 1387 163 1388 932 1388 161 1388 932 1388 163 1388 950 1388 407 1389 350 1389 161 1389 408 1390 350 1390 407 1390 350 1391 408 1391 163 1391 932 1392 159 1392 161 1392 159 1393 932 1393 931 1393 161 1394 405 1394 407 1394 405 1394 161 1394 159 1394 173 1395 954 1395 174 1395 954 1396 173 1396 956 1396 411 1397 289 1397 174 1397 413 1398 289 1398 411 1398 289 1399 413 1399 173 1399 174 1400 953 1400 175 1400 953 1401 174 1401 954 1401 411 1402 175 1402 410 1402 175 1403 411 1403 174 1403 175 1404 952 1404 164 1404 952 1404 175 1404 953 1404 409 1405 374 1405 164 1405 410 1406 374 1406 409 1406 374 1407 410 1407 175 1407 159 1408 404 1408 405 1408 930 1409 159 1409 931 1409 159 1410 930 1410 404 1410 926 1411 398 1411 399 1411 398 1412 926 1412 925 1412 925 1413 397 1413 398 1413 397 1414 925 1414 924 1414 920 1415 394 1415 395 1415 394 1416 920 1416 917 1416 917 1417 392 1417 394 1417 392 1417 917 1417 916 1417 923 1418 395 1418 396 1418 395 1419 923 1419 920 1419 187 1420 1001 1420 188 1420 1001 1421 187 1421 998 1421 443 1422 188 1422 444 1422 188 1423 443 1423 187 1423 190 1424 1010 1424 191 1424 1010 1425 190 1425 1009 1425 446 1426 191 1426 448 1426 191 1427 446 1427 190 1427 191 1428 1008 1428 167 1428 1008 1429 191 1429 1010 1429 448 1430 167 1430 449 1430 167 1430 448 1430 191 1430 182 1431 994 1431 183 1431 994 1431 182 1431 993 1431 438 1432 286 1432 183 1432 436 1433 286 1433 438 1433 286 1434 436 1434 182 1434 183 1435 992 1435 184 1435 992 1436 183 1436 994 1436 438 1437 184 1437 439 1437 184 1438 438 1438 183 1438 185 1439 995 1439 186 1439 995 1440 185 1440 997 1440 441 1441 186 1441 442 1441 186 1442 441 1442 185 1442 980 1443 179 1443 176 1443 179 1444 980 1444 981 1444 176 1445 434 1445 433 1445 434 1445 176 1445 179 1445 179 1446 990 1446 181 1446 990 1446 179 1446 981 1446 435 1447 357 1447 181 1447 434 1448 357 1448 435 1448 357 1449 434 1449 179 1449 973 1450 428 1450 427 1450 428 1451 973 1451 974 1451 974 1452 429 1452 428 1452 429 1453 974 1453 975 1453 963 1454 422 1454 421 1454 422 1454 963 1454 964 1454 964 1455 423 1455 422 1455 423 1455 964 1455 965 1455 972 1456 427 1456 426 1456 427 1457 972 1457 973 1457 1013 232 1018 232 1019 232 1020 1465 1018 1465 1013 1465 1020 1466 1021 1466 1018 1466 1022 1467 1021 1467 1020 1467 1022 1468 1023 1468 1021 1468 1024 232 1023 232 1022 232 1024 1469 1025 1469 1023 1469 1026 1470 1025 1470 1024 1470 1026 232 1027 232 1025 232 1028 1472 1029 1472 1027 1472 1105 1532 1017 1532 1104 1532 1105 1533 1016 1533 1017 1533 1106 232 1016 232 1105 232 1106 1534 1107 1534 1016 1534 1108 1535 1107 1535 1106 1535 1108 1536 1109 1536 1107 1536 1109 232 1108 232 1110 232 644 1542 1023 1542 645 1542 1022 1551 628 1551 1024 1551 773 1555 1108 1555 745 1555 1019 1558 622 1558 619 1558 657 1560 1014 1560 1041 1560 624 1603 1019 1603 619 1603 1109 1645 742 1645 741 1645</p>
        </triangles>
        <triangles material="Material_002-material" count="602">
          <input semantic="VERTEX" source="#Racecar_Chassis_Wheel-mesh-vertices" offset="0" />
          <input semantic="NORMAL" source="#Racecar_Chassis_Wheel-mesh-normals" offset="1" />
          <p>509 232 508 232 507 232 510 580 509 580 511 580 512 581 511 581 513 581 509 232 510 232 508 232 512 582 513 582 514 582 515 583 516 583 517 583 517 232 516 232 514 232 511 584 518 584 510 584 512 232 514 232 516 232 511 585 512 585 518 585 539 232 540 232 538 232 541 232 540 232 539 232 540 232 541 232 542 232 542 598 516 598 515 598 543 232 542 232 541 232 592 232 593 232 594 232 595 232 596 232 594 232 592 232 594 232 597 232 593 647 598 647 599 647 593 648 600 648 598 648 593 649 601 649 600 649 593 232 592 232 602 232 593 650 603 650 601 650 593 651 602 651 603 651 602 232 592 232 604 232 605 232 604 232 592 232 604 232 605 232 606 232 606 232 605 232 607 232 594 232 596 232 597 232 617 232 516 232 618 232 516 232 619 232 512 232 620 659 618 659 621 659 516 662 626 662 625 662 516 663 627 663 626 663 516 664 628 664 627 664 516 665 629 665 628 665 516 666 630 666 629 666 516 667 631 667 630 667 516 668 632 668 631 668 516 669 617 669 632 669 618 670 633 670 617 670 618 671 620 671 633 671 621 672 634 672 620 672 621 673 635 673 634 673 621 674 636 674 635 674 621 675 637 675 636 675 621 676 638 676 637 676 621 677 639 677 638 677 640 678 639 678 621 678 640 679 641 679 639 679 599 680 640 680 642 680 640 681 643 681 641 681 599 682 642 682 593 682 640 683 599 683 643 683 644 232 512 232 623 232 645 232 512 232 644 232 646 684 512 684 645 684 647 232 512 232 646 232 648 232 512 232 647 232 649 685 512 685 648 685 650 686 512 686 649 686 651 232 512 232 650 232 512 232 651 232 652 232 653 232 652 232 651 232 654 687 652 687 653 687 652 688 654 688 655 688 656 232 655 232 654 232 657 232 655 232 656 232 658 689 655 689 657 689 659 232 655 232 658 232 660 232 655 232 659 232 661 232 655 232 660 232 661 690 662 690 655 690 663 232 662 232 661 232 664 232 662 232 663 232 665 232 662 232 664 232 666 232 662 232 665 232 662 232 667 232 668 232 667 232 662 232 666 232 674 232 673 232 675 232 676 232 668 232 667 232 677 232 668 232 676 232 668 232 677 232 678 232 679 232 678 232 677 232 680 232 678 232 679 232 678 232 680 232 675 232 674 232 675 232 681 232 680 694 679 694 682 694 683 695 682 695 684 695 683 696 684 696 685 696 686 697 685 697 687 697 686 698 687 698 688 698 675 232 680 232 681 232 696 232 697 232 698 232 697 713 696 713 699 713 699 232 696 232 700 232 701 232 700 232 696 232 701 232 702 232 700 232 703 232 702 232 701 232 686 730 688 730 719 730 682 731 683 731 680 731 686 732 719 732 720 732 685 733 686 733 683 733 721 232 686 232 720 232 722 734 721 734 723 734 722 735 723 735 724 735 722 736 724 736 725 736 722 737 725 737 726 737 722 738 726 738 727 738 722 739 727 739 728 739 729 740 728 740 730 740 729 741 730 741 731 741 699 742 731 742 697 742 732 743 698 743 733 743 734 232 735 232 736 232 721 744 722 744 686 744 737 745 698 745 732 745 698 746 737 746 734 746 734 232 737 232 738 232 739 232 734 232 740 232 741 747 734 747 739 747 735 749 734 749 742 749 743 750 736 750 744 750 744 232 736 232 745 232 740 232 734 232 738 232 746 751 747 751 748 751 728 752 729 752 722 752 749 753 748 753 750 753 731 754 699 754 729 754 733 232 698 232 697 232 745 232 736 232 735 232 748 755 749 755 746 755 750 756 751 756 749 756 752 757 751 757 750 757 752 232 753 232 751 232 758 232 607 232 605 232 607 232 758 232 759 232 759 232 758 232 760 232 760 232 758 232 761 232 761 232 758 232 762 232 758 763 763 763 762 763 764 232 763 232 758 232 763 232 764 232 765 232 765 232 764 232 766 232 766 232 764 232 767 232 767 764 764 764 768 764 768 232 764 232 769 232 769 232 764 232 770 232 747 765 770 765 764 765 770 766 747 766 771 766 771 232 747 232 772 232 774 232 736 232 743 232 775 232 736 232 774 232 736 767 775 767 746 767 776 768 746 768 775 768 777 743 746 743 776 743 778 232 746 232 777 232 746 769 778 769 747 769 772 232 747 232 778 232 538 921 811 921 812 921 811 922 538 922 540 922 517 923 813 923 515 923 814 924 515 924 813 924 515 924 814 924 542 924 815 925 514 925 816 925 514 925 815 925 517 925 511 926 817 926 818 926 817 926 511 926 509 926 509 927 804 927 817 927 804 928 509 928 507 928 840 15 841 15 842 15 841 944 843 944 844 944 837 15 845 15 842 15 861 959 817 959 804 959 866 15 817 15 861 15 817 15 866 15 818 15 867 960 868 960 869 960 818 961 869 961 868 961 869 15 818 15 866 15 811 970 874 970 812 970 881 971 811 971 814 971 882 972 814 972 813 972 811 15 881 15 874 15 883 973 813 973 815 973 868 974 867 974 816 974 884 975 816 975 867 975 814 976 882 976 881 976 816 15 884 15 815 15 813 977 883 977 882 977 885 978 815 978 884 978 815 979 885 979 883 979 886 980 885 980 884 980 886 981 887 981 885 981 888 15 887 15 886 15 888 982 889 982 887 982 841 15 889 15 888 15 889 983 841 983 844 983 908 15 906 15 909 15 840 15 842 15 911 15 841 996 912 996 843 996 914 15 909 15 915 15 841 15 840 15 912 15 842 15 845 15 911 15 935 15 844 15 843 15 844 15 915 15 909 15 936 1008 844 1008 935 1008 915 15 844 15 936 15 937 15 935 15 843 15 937 1009 938 1009 935 1009 939 1010 937 1010 940 1010 937 1011 939 1011 938 1011 941 1012 940 1012 942 1012 943 15 938 15 939 15 944 1013 942 1013 945 1013 938 1014 943 1014 946 1014 947 1015 946 1015 943 1015 940 1016 941 1016 939 1016 942 1017 944 1017 941 1017 945 1018 948 1018 944 1018 949 1019 948 1019 945 1019 949 1022 955 1022 948 1022 908 15 909 15 914 15 946 1041 947 1041 984 1041 985 1042 984 1042 947 1042 984 15 985 15 986 15 987 15 986 15 985 15 987 15 988 15 986 15 989 15 988 15 987 15 540 1055 814 1055 811 1055 814 1055 540 1055 542 1055 517 1056 815 1056 813 1056 513 1061 816 1061 514 1061 513 1062 868 1062 816 1062 868 1063 511 1063 818 1063 511 1063 868 1063 513 1063 655 1066 886 1066 884 1066 886 1067 655 1067 662 1067 888 1075 678 1075 841 1075 678 1076 888 1076 668 1076 508 1079 866 1079 861 1079 866 1080 508 1080 510 1080 652 1081 884 1081 867 1081 884 1082 652 1082 655 1082 841 925 675 925 842 925 675 925 841 925 678 925 842 1083 673 1083 837 1083 673 1084 842 1084 675 1084 662 1085 888 1085 886 1085 888 1086 662 1086 668 1086 510 1090 869 1090 866 1090 869 1091 510 1091 518 1091 869 1093 512 1093 867 1093 867 1094 512 1094 652 1094 729 1104 942 1104 940 1104 942 1105 729 1105 699 1105 681 1108 845 1108 674 1108 845 1109 681 1109 911 1109 683 1110 843 1110 912 1110 843 1111 683 1111 686 1111 699 1112 945 1112 942 1112 945 1113 699 1113 700 1113 700 1114 949 1114 945 1114 949 1115 700 1115 702 1115 686 1116 937 1116 843 1116 937 1117 686 1117 722 1117 680 918 911 918 681 918 911 918 680 918 840 918 683 1122 840 1122 680 1122 840 1123 683 1123 912 1123 722 1128 940 1128 937 1128 940 1129 722 1129 729 1129 703 1137 948 1137 955 1137 948 1138 703 1138 701 1138 734 1139 941 1139 698 1139 941 1140 734 1140 939 1140 749 1141 987 1141 985 1141 987 1141 749 1141 751 1141 751 1142 989 1142 987 1142 989 1143 751 1143 753 1143 736 918 939 918 734 918 939 918 736 918 943 918 701 1147 944 1147 948 1147 944 1147 701 1147 696 1147 698 1148 944 1148 696 1148 944 1148 698 1148 941 1148 943 1153 736 1153 746 1153 947 1154 943 1154 746 1154 749 1155 947 1155 746 1155 947 1155 749 1155 985 1155 592 1162 936 1162 605 1162 936 1163 592 1163 915 1163 752 1166 986 1166 988 1166 986 1167 752 1167 750 1167 747 1168 938 1168 946 1168 938 1169 747 1169 764 1169 597 918 915 918 592 918 915 918 597 918 914 918 596 1170 914 1170 597 1170 914 1171 596 1171 908 1171 764 1172 935 1172 938 1172 935 1173 764 1173 758 1173 750 1177 984 1177 986 1177 984 1178 750 1178 748 1178 748 1179 946 1179 984 1179 946 1180 748 1180 747 1180 758 1182 936 1182 935 1182 640 1185 885 1185 887 1185 885 1186 640 1186 621 1186 516 1192 883 1192 618 1192 883 1193 516 1193 882 1193 906 1195 594 1195 909 1195 594 1196 906 1196 595 1196 642 1197 887 1197 889 1197 887 1198 642 1198 640 1198 543 1199 881 1199 882 1199 881 1200 543 1200 541 1200 541 1201 874 1201 881 1201 874 1202 541 1202 539 1202 621 1203 883 1203 885 1203 883 1204 621 1204 618 1204 909 925 593 925 844 925 593 925 909 925 594 925 844 1207 642 1207 889 1207 642 1208 844 1208 593 1208 679 1458 1011 1458 1012 1458 1011 1459 679 1459 677 1459 1013 1460 624 1460 625 1460 654 1461 1014 1461 656 1461 1014 1462 654 1462 1015 1462 1016 1463 738 1463 1017 1463 738 1464 1016 1464 740 1464 1028 1471 1027 1471 1026 1471 1030 1473 1029 1473 1028 1473 1030 1474 1031 1474 1029 1474 1032 1475 1031 1475 1030 1475 1032 1476 1033 1476 1031 1476 1034 1477 1033 1477 1032 1477 1034 1478 1035 1478 1033 1478 1036 1479 1035 1479 1034 1479 1036 1480 1037 1480 1035 1480 1038 232 1037 232 1036 232 1038 1481 1015 1481 1037 1481 1039 232 1015 232 1038 232 1039 1482 1014 1482 1015 1482 1040 232 1014 232 1039 232 1040 1483 1041 1483 1014 1483 1042 1484 1041 1484 1040 1484 1042 1485 1043 1485 1041 1485 1044 1486 1043 1486 1042 1486 1044 1487 1045 1487 1043 1487 1046 232 1045 232 1044 232 1046 1488 1047 1488 1045 1488 1048 232 1047 232 1046 232 1048 1489 1049 1489 1047 1489 1050 1490 1049 1490 1048 1490 1050 1491 1051 1491 1049 1491 1052 1492 1051 1492 1050 1492 1052 1493 1053 1493 1051 1493 1054 232 1053 232 1052 232 1054 1494 1055 1494 1053 1494 1056 1495 1055 1495 1054 1495 1056 1496 1057 1496 1055 1496 1058 1497 1057 1497 1056 1497 1058 1498 1059 1498 1057 1498 1060 232 1059 232 1058 232 1060 1499 1061 1499 1059 1499 1062 232 1061 232 1060 232 1062 1500 1011 1500 1061 1500 1063 232 1011 232 1062 232 1063 1501 1012 1501 1011 1501 1064 232 1012 232 1063 232 1064 1502 1065 1502 1012 1502 1066 232 1065 232 1064 232 1066 1503 1067 1503 1065 1503 1068 1504 1067 1504 1066 1504 1068 1505 1069 1505 1067 1505 1070 232 1069 232 1068 232 1070 1506 1071 1506 1069 1506 1072 1507 1071 1507 1070 1507 1072 1508 1073 1508 1071 1508 1074 232 1073 232 1072 232 1074 1509 1075 1509 1073 1509 1076 1510 1075 1510 1074 1510 1076 1511 1077 1511 1075 1511 1078 232 1077 232 1076 232 1078 1512 1079 1512 1077 1512 1080 1513 1079 1513 1078 1513 1080 1514 1081 1514 1079 1514 1082 1515 1081 1515 1080 1515 1082 1516 1083 1516 1081 1516 1084 1517 1083 1517 1082 1517 1084 1518 1085 1518 1083 1518 1086 232 1085 232 1084 232 1086 1519 1087 1519 1085 1519 1088 232 1087 232 1086 232 1088 1520 1089 1520 1087 1520 1090 232 1089 232 1088 232 1090 1521 1091 1521 1089 1521 1092 232 1091 232 1090 232 1092 1522 1093 1522 1091 1522 1094 232 1093 232 1092 232 1094 1523 1095 1523 1093 1523 1096 1524 1095 1524 1094 1524 1096 1525 1097 1525 1095 1525 1098 232 1097 232 1096 232 1098 1526 1099 1526 1097 1526 1100 1527 1099 1527 1098 1527 1100 1528 1101 1528 1099 1528 1102 1529 1101 1529 1100 1529 1102 1530 1103 1530 1101 1530 1104 232 1103 232 1102 232 1104 1531 1017 1531 1103 1531 1102 1537 774 1537 1104 1537 774 1537 1102 1537 775 1537 1101 1538 733 1538 1099 1538 733 1539 1101 1539 732 1539 721 1540 1077 1540 1079 1540 1077 1541 721 1541 720 1541 1023 1543 644 1543 1021 1543 659 1544 1043 1544 1045 1544 1043 1545 659 1545 658 1545 760 1546 1074 1546 1072 1546 1074 1547 760 1547 761 1547 763 1548 1080 1548 1078 1548 1080 1549 763 1549 765 1549 628 1550 1022 1550 627 1550 768 1552 1088 1552 1086 1552 1088 1553 768 1553 769 1553 1108 1554 773 1554 1110 1554 685 1556 1067 1556 1069 1556 1067 1557 685 1557 684 1557 622 1559 1019 1559 1018 1559 1014 1561 657 1561 656 1561 666 1562 1055 1562 1057 1562 1055 1563 666 1563 665 1563 676 1564 1059 1564 1061 1564 1059 1565 676 1565 667 1565 606 1566 1068 1566 1066 1566 1068 1567 606 1567 607 1567 603 1568 1063 1568 1062 1568 1063 1569 603 1569 602 1569 599 1570 1056 1570 1054 1570 1056 1571 599 1571 598 1571 638 1572 1048 1572 1046 1572 1048 1573 638 1573 639 1573 627 1574 1020 1574 626 1574 1020 1575 627 1575 1022 1575 1090 1576 771 1576 1092 1576 771 1577 1090 1577 770 1577 1109 1578 739 1578 1107 1578 739 1579 1109 1579 741 1579 742 1580 1110 1580 735 1580 1105 1581 744 1581 1106 1581 744 1582 1105 1582 743 1582 1106 1583 745 1583 1108 1583 745 1584 1106 1584 744 1584 1092 1585 772 1585 1094 1585 772 1586 1092 1586 771 1586 1104 1587 743 1587 1105 1587 743 1588 1104 1588 774 1588 1100 1589 775 1589 1102 1589 775 1590 1100 1590 776 1590 719 1591 1073 1591 1075 1591 1073 1592 719 1592 688 1592 724 1593 1081 1593 1083 1593 1081 1594 724 1594 723 1594 723 1595 1079 1595 1081 1595 1079 1596 723 1596 721 1596 726 1597 1085 1597 1087 1597 1085 1598 726 1598 725 1598 650 1599 1035 1599 651 1599 1035 1600 650 1600 1033 1600 647 1601 1029 1601 648 1601 1029 1602 647 1602 1027 1602 1019 1604 624 1604 1013 1604 663 1605 1049 1605 1051 1605 1049 1606 663 1606 661 1606 664 1607 1051 1607 1053 1607 1051 1608 664 1608 663 1608 665 1609 1053 1609 1055 1609 1053 1610 665 1610 664 1610 667 1611 1057 1611 1059 1611 1057 1612 667 1612 666 1612 677 1613 1061 1613 1011 1613 1061 1614 677 1614 676 1614 602 1615 1064 1615 1063 1615 1064 1616 602 1616 604 1616 643 1617 1054 1617 1052 1617 1054 1618 643 1618 599 1618 600 1619 1060 1619 1058 1619 1060 1620 600 1620 601 1620 641 1621 1052 1621 1050 1621 1052 1622 641 1622 643 1622 636 1623 1044 1623 1042 1623 1044 1624 636 1624 637 1624 626 1625 1013 1625 625 1625 1013 1626 626 1626 1020 1626 629 1627 1024 1627 628 1627 1024 1627 629 1627 1026 1627 633 1628 1034 1628 617 1628 1034 1629 633 1629 1036 1629 1088 1630 770 1630 1090 1630 770 1631 1088 1631 769 1631 1094 1632 778 1632 1096 1632 778 1633 1094 1633 772 1633 765 1634 1082 1634 1080 1634 1082 1635 765 1635 766 1635 766 1636 1084 1636 1082 1636 1084 1637 766 1637 767 1637 767 1638 1086 1638 1084 1638 1086 1639 767 1639 768 1639 1107 1640 740 1640 1016 1640 740 1641 1107 1641 739 1641 1017 1642 737 1642 1103 1642 737 1642 1017 1642 738 1642 1103 1643 732 1643 1101 1643 732 1644 1103 1644 737 1644 742 1646 1109 1646 1110 1646 735 1647 1110 1647 773 1647 1096 1648 777 1648 1098 1648 777 1649 1096 1649 778 1649 1098 1650 776 1650 1100 1650 776 1651 1098 1651 777 1651 1091 1652 727 1652 1089 1652 727 1653 1091 1653 728 1653 1099 1654 697 1654 1097 1654 697 1655 1099 1655 733 1655 1093 1656 728 1656 1091 1656 728 1657 1093 1657 730 1657 1097 1658 731 1658 1095 1658 731 1659 1097 1659 697 1659 1095 1660 730 1660 1093 1660 730 1661 1095 1661 731 1661 720 1662 1075 1662 1077 1662 1075 1663 720 1663 719 1663 725 1664 1083 1664 1085 1664 1083 1665 725 1665 724 1665 688 1666 1071 1666 1073 1666 1071 1667 688 1667 687 1667 687 1668 1069 1668 1071 1668 1069 1669 687 1669 685 1669 684 1670 1065 1670 1067 1670 1065 1671 684 1671 682 1671 682 1672 1012 1672 1065 1672 1012 1673 682 1673 679 1673 648 1674 1031 1674 649 1674 1031 1675 648 1675 1029 1675 649 1676 1033 1676 650 1676 1033 1677 649 1677 1031 1677 651 1678 1037 1678 653 1678 1037 1679 651 1679 1035 1679 646 1680 1027 1680 647 1680 1027 1680 646 1680 1025 1680 645 1681 1025 1681 646 1681 1025 1682 645 1682 1023 1682 623 1683 1021 1683 644 1683 1021 1684 623 1684 1018 1684 1018 1685 623 1685 622 1685 661 1686 1047 1686 1049 1686 1047 1687 661 1687 660 1687 660 1688 1045 1688 1047 1688 1045 1689 660 1689 659 1689 658 1690 1041 1690 1043 1690 1041 1691 658 1691 657 1691 761 1692 1076 1692 1074 1692 1076 1693 761 1693 762 1693 607 1694 1070 1694 1068 1694 1070 1695 607 1695 759 1695 759 1696 1072 1696 1070 1696 1072 1697 759 1697 760 1697 604 1698 1066 1698 1064 1698 1066 1699 604 1699 606 1699 601 1700 1062 1700 1060 1700 1062 1701 601 1701 603 1701 598 1702 1058 1702 1056 1702 1058 1703 598 1703 600 1703 637 1704 1046 1704 1044 1704 1046 1705 637 1705 638 1705 630 1706 1026 1706 629 1706 1026 1707 630 1707 1028 1707 631 1708 1028 1708 630 1708 1028 1709 631 1709 1030 1709 632 1710 1030 1710 631 1710 1030 1711 632 1711 1032 1711 727 1712 1087 1712 1089 1712 1087 1713 727 1713 726 1713 653 1714 1015 1714 654 1714 1015 1715 653 1715 1037 1715 762 1716 1078 1716 1076 1716 1078 1717 762 1717 763 1717 634 1718 1038 1718 620 1718 1038 1719 634 1719 1039 1719 639 1720 1050 1720 1048 1720 1050 1721 639 1721 641 1721 617 1722 1032 1722 632 1722 1032 1723 617 1723 1034 1723 620 1724 1036 1724 633 1724 1036 1725 620 1725 1038 1725 634 1726 1040 1726 1039 1726 1040 1727 634 1727 635 1727 635 1728 1042 1728 1040 1728 1042 1729 635 1729 636 1729</p>
        </triangles>
      </mesh>
    </geometry>
  </library_geometries>
  <library_controllers />
  <library_visual_scenes>
    <visual_scene id="Scene" name="Scene">
      <node id="Camera" name="Camera" type="NODE">
        <matrix sid="transform">1.0 0.0 0.0 0.0 0.0 1.0 0.0 0.0 0.0 0.0 1.0 0.0 0.0 0.0 0.0 1.0</matrix>
        <instance_camera url="#Camera-camera" />
      </node>
      <node id="Lamp" name="Lamp" type="NODE">
        <matrix sid="transform">1.0 0.0 0.0 0.0 0.0 1.0 0.0 0.0 0.0 0.0 1.0 0.0 0.0 0.0 0.0 1.0</matrix>
        <instance_light url="#Lamp-light" />
      </node>
      <node id="Racecar_Chassis_Wheel" name="Racecar_Chassis_Wheel" type="NODE">
        <matrix sid="transform">1.0 0.0 0.0 0.0 0.0 1.0 0.0 0.0 0.0 0.0 1.0 0.0 0.0 0.0 0.0 1.0</matrix>
        <instance_geometry url="#Racecar_Chassis_Wheel-mesh" name="Racecar_Chassis_Wheel">
          <bind_material>
            <technique_common>
              <instance_material symbol="Material_001-material" target="#Material_001-material" />
              <instance_material symbol="Material_002-material" target="#Material_002-material" />
            </technique_common>
          </bind_material>
        </instance_geometry>
      </node>
    </visual_scene>
  </library_visual_scenes>
  <scene>
    <instance_visual_scene url="#Scene" />
  </scene>
</COLLADA>