<?xml version='1.0' encoding='utf-8'?>
<COLLADA xmlns="http://www.collada.org/2005/11/COLLADASchema" version="1.4.1">
  <asset>
    <contributor>
      <author>Blender User</author>
      <authoring_tool>Blender 2.79.0 commit date:2018-03-22, commit time:14:10, hash:f4dc9f9d68b</authoring_tool>
    </contributor>
    <created>2019-06-12T19:45:27</created>
    <modified>2019-06-12T19:45:27</modified>
    <unit name="meter" meter="1" />
    <up_axis>Z_UP</up_axis>
  </asset>
  <library_cameras>
    <camera id="Camera-camera" name="Camera">
      <optics>
        <technique_common>
          <perspective>
            <xfov sid="xfov">49.13434</xfov>
            <aspect_ratio>1.777778</aspect_ratio>
            <znear sid="znear">0.1</znear>
            <zfar sid="zfar">100</zfar>
          </perspective>
        </technique_common>
      </optics>
      <extra>
        <technique profile="blender">
          <shiftx sid="shiftx" type="float">0</shiftx>
          <shifty sid="shifty" type="float">0</shifty>
          <YF_dofdist sid="YF_dofdist" type="float">0</YF_dofdist>
        </technique>
      </extra>
    </camera>
  </library_cameras>
  <library_lights>
    <light id="Lamp-light" name="Lamp">
      <technique_common>
        <point>
          <color sid="color">1 1 1</color>
          <constant_attenuation>1</constant_attenuation>
          <linear_attenuation>0</linear_attenuation>
          <quadratic_attenuation>0.00111109</quadratic_attenuation>
        </point>
      </technique_common>
      <extra>
        <technique profile="blender">
          <type sid="type" type="int">0</type>
          <flag sid="flag" type="int">0</flag>
          <mode sid="mode" type="int">8192</mode>
          <gamma sid="blender_gamma" type="float">1</gamma>
          <red sid="red" type="float">1</red>
          <green sid="green" type="float">1</green>
          <blue sid="blue" type="float">1</blue>
          <shadow_r sid="blender_shadow_r" type="float">0</shadow_r>
          <shadow_g sid="blender_shadow_g" type="float">0</shadow_g>
          <shadow_b sid="blender_shadow_b" type="float">0</shadow_b>
          <energy sid="blender_energy" type="float">1</energy>
          <dist sid="blender_dist" type="float">29.99998</dist>
          <spotsize sid="spotsize" type="float">75</spotsize>
          <spotblend sid="spotblend" type="float">0.15</spotblend>
          <halo_intensity sid="blnder_halo_intensity" type="float">1</halo_intensity>
          <att1 sid="att1" type="float">0</att1>
          <att2 sid="att2" type="float">1</att2>
          <falloff_type sid="falloff_type" type="int">2</falloff_type>
          <clipsta sid="clipsta" type="float">1.000799</clipsta>
          <clipend sid="clipend" type="float">30.002</clipend>
          <bias sid="bias" type="float">1</bias>
          <soft sid="soft" type="float">3</soft>
          <compressthresh sid="compressthresh" type="float">0.04999995</compressthresh>
          <bufsize sid="bufsize" type="int">2880</bufsize>
          <samp sid="samp" type="int">3</samp>
          <buffers sid="buffers" type="int">1</buffers>
          <filtertype sid="filtertype" type="int">0</filtertype>
          <bufflag sid="bufflag" type="int">0</bufflag>
          <buftype sid="buftype" type="int">2</buftype>
          <ray_samp sid="ray_samp" type="int">1</ray_samp>
          <ray_sampy sid="ray_sampy" type="int">1</ray_sampy>
          <ray_sampz sid="ray_sampz" type="int">1</ray_sampz>
          <ray_samp_type sid="ray_samp_type" type="int">0</ray_samp_type>
          <area_shape sid="area_shape" type="int">1</area_shape>
          <area_size sid="area_size" type="float">0.1</area_size>
          <area_sizey sid="area_sizey" type="float">0.1</area_sizey>
          <area_sizez sid="area_sizez" type="float">1</area_sizez>
          <adapt_thresh sid="adapt_thresh" type="float">0.000999987</adapt_thresh>
          <ray_samp_method sid="ray_samp_method" type="int">1</ray_samp_method>
          <shadhalostep sid="shadhalostep" type="int">0</shadhalostep>
          <sun_effect_type sid="sun_effect_type" type="int">0</sun_effect_type>
          <skyblendtype sid="skyblendtype" type="int">1</skyblendtype>
          <horizon_brightness sid="horizon_brightness" type="float">1</horizon_brightness>
          <spread sid="spread" type="float">1</spread>
          <sun_brightness sid="sun_brightness" type="float">1</sun_brightness>
          <sun_size sid="sun_size" type="float">1</sun_size>
          <backscattered_light sid="backscattered_light" type="float">1</backscattered_light>
          <sun_intensity sid="sun_intensity" type="float">1</sun_intensity>
          <atm_turbidity sid="atm_turbidity" type="float">2</atm_turbidity>
          <atm_extinction_factor sid="atm_extinction_factor" type="float">1</atm_extinction_factor>
          <atm_distance_factor sid="atm_distance_factor" type="float">1</atm_distance_factor>
          <skyblendfac sid="skyblendfac" type="float">1</skyblendfac>
          <sky_exposure sid="sky_exposure" type="float">1</sky_exposure>
          <sky_colorspace sid="sky_colorspace" type="int">0</sky_colorspace>
        </technique>
      </extra>
    </light>
  </library_lights>
  <library_images />
  <library_effects>
    <effect id="Material_001-effect">
      <profile_COMMON>
        <technique sid="common">
          <phong>
            <emission>
              <color sid="emission">0 0 0 1</color>
            </emission>
            <ambient>
              <color sid="ambient">0 0 0 1</color>
            </ambient>
            <diffuse>
              <color sid="diffuse">0.2425578 0.2425578 0.2425578 1</color>
            </diffuse>
            <specular>
              <color sid="specular">0.5 0.5 0.5 1</color>
            </specular>
            <shininess>
              <float sid="shininess">50</float>
            </shininess>
            <index_of_refraction>
              <float sid="index_of_refraction">1</float>
            </index_of_refraction>
          </phong>
        </technique>
      </profile_COMMON>
    </effect>
    <effect id="Material_002-effect">
      <profile_COMMON>
        <technique sid="common">
          <phong>
            <emission>
              <color sid="emission">0 0 0 1</color>
            </emission>
            <ambient>
              <color sid="ambient">0 0 0 1</color>
            </ambient>
            <diffuse>
              <color sid="diffuse">0.003165162 0.006608368 0.5390775 1</color>
            </diffuse>
            <specular>
              <color sid="specular">0.5 0.5 0.5 1</color>
            </specular>
            <shininess>
              <float sid="shininess">50</float>
            </shininess>
            <index_of_refraction>
              <float sid="index_of_refraction">1</float>
            </index_of_refraction>
          </phong>
        </technique>
      </profile_COMMON>
    </effect>
    <effect id="Material_003-effect">
      <profile_COMMON>
        <technique sid="common">
          <phong>
            <emission>
              <color sid="emission">0 0 0 1</color>
            </emission>
            <ambient>
              <color sid="ambient">0 0 0 1</color>
            </ambient>
            <diffuse>
              <color sid="diffuse">0.5013294 0.5013294 0.5013294 1</color>
            </diffuse>
            <specular>
              <color sid="specular">0.5 0.5 0.5 1</color>
            </specular>
            <shininess>
              <float sid="shininess">50</float>
            </shininess>
            <index_of_refraction>
              <float sid="index_of_refraction">1</float>
            </index_of_refraction>
          </phong>
        </technique>
      </profile_COMMON>
    </effect>
  </library_effects>
  <library_materials>
    <material id="Material_001-material" name="Material_001">
      <instance_effect url="#Material_001-effect" />
    </material>
    <material id="Material_002-material" name="Material_002">
      <instance_effect url="#Material_002-effect" />
    </material>
    <material id="Material_003-material" name="Material_003">
      <instance_effect url="#Material_003-effect" />
    </material>
  </library_materials>
  <library_geometries>
    <geometry id="Racecar_Ydlidar-mesh" name="Racecar Ydlidar">
      <mesh>
        <source id="Racecar_Ydlidar-mesh-positions">
          <float_array id="Racecar_Ydlidar-mesh-positions-array" count="3696">
0.028905 0.015890 0.029500 0.029367 0.014907 0.025235 0.028905 0.015890 0.025235 0.029625 0.014359 0.025206 0.029367 0.014907 0.025148 0.030668 0.012142 0.029500 0.030602 0.012282 0.024531 0.030668 0.012142 0.024405 0.029367 0.014907 0.014821 0.029625 0.014359 0.014764 0.029367 0.014907 0.014735 0.028905 0.015890 0.007970 0.028905 0.015890 0.014735 0.030668 0.012142 0.007970 0.030602 0.012282 0.015438 0.030668 0.012142 0.015564 0.032724 -0.004134 0.029500 0.032985 0.000000 0.007970 0.032985 0.000000 0.029500 0.032724 -0.004134 0.007970 0.026685 0.019388 0.025235 0.026685 0.019388 0.029500 0.026685 0.019388 0.007970 0.026685 0.019388 0.014735 0.014044 0.029845 0.007970 0.010193 0.031370 0.029500 0.014044 0.029845 0.029500 0.010193 0.031370 0.007970 -0.010193 0.031370 0.007970 -0.014044 0.029845 0.029500 -0.010193 0.031370 0.029500 -0.014044 0.029845 0.007970 -0.030668 0.012142 0.007970 -0.028905 0.015890 0.029500 -0.028905 0.015890 0.007970 -0.030668 0.012142 0.029500 0.002071 0.032919 0.007970 -0.002071 0.032919 0.029500 0.002071 0.032919 0.029500 -0.002071 0.032919 0.007970 0.017674 0.027850 0.007970 0.017674 0.027850 0.029500 -0.032985 0.000000 0.007970 -0.032724 0.004134 0.029500 -0.032724 0.004134 0.007970 -0.032985 0.000000 0.029500 -0.026685 0.019388 0.007970 -0.024045 0.022580 0.029500 -0.024045 0.022580 0.007970 -0.026685 0.019388 0.029500 -0.006181 0.032400 0.007970 -0.006181 0.032400 0.029500 -0.021025 0.025415 0.007970 -0.021025 0.025415 0.029500 0.031948 0.008203 0.029500 0.031150 0.010660 0.023071 0.031438 0.009772 0.021076 0.031438 0.009772 0.018893 0.031948 0.008203 0.007970 0.031150 0.010660 0.016899 0.024045 0.022580 0.024083 0.021025 0.025415 0.029500 0.024045 0.022580 0.029500 0.023682 0.022920 0.023886 0.022316 0.024203 0.022120 0.021832 0.024657 0.019985 0.021025 0.025415 0.007970 0.024045 0.022580 0.015887 0.024045 0.022580 0.007970 0.023682 0.022920 0.016083 0.022316 0.024203 0.017849 0.025327 0.021030 0.024978 0.026669 0.019407 0.025235 0.026669 0.019407 0.025148 0.025327 0.021030 0.014992 0.026669 0.019407 0.014735 0.026669 0.019407 0.014821 0.006181 0.032400 0.029500 0.006181 0.032400 0.007970 0.032724 0.004134 0.029500 0.031948 -0.008203 0.029500 0.030668 -0.012142 0.029500 0.028905 -0.015890 0.029500 0.026685 -0.019388 0.029500 0.024045 -0.022580 0.029500 0.021025 -0.025415 0.029500 0.017674 -0.027850 0.029500 0.014044 -0.029845 0.029500 0.010193 -0.031370 0.029500 0.006181 -0.032400 0.029500 0.002071 -0.032919 0.029500 -0.002071 -0.032919 0.029500 -0.006181 -0.032400 0.029500 -0.010193 -0.031370 0.029500 -0.014044 -0.029845 0.029500 -0.017674 0.027850 0.029500 -0.017674 -0.027850 0.029500 -0.021025 -0.025415 0.029500 -0.024045 -0.022580 0.029500 -0.026685 -0.019388 0.029500 -0.028905 -0.015890 0.029500 -0.030668 -0.012142 0.029500 -0.031948 0.008203 0.029500 -0.031948 -0.008203 0.029500 -0.032724 -0.004134 0.029500 -0.031948 0.008203 0.007970 -0.017674 0.027850 0.007970 0.032724 0.004134 0.007970 0.030741 -0.011918 0.019655 0.030741 -0.011918 0.020314 0.030714 -0.012000 0.020969 0.030668 -0.012142 0.021522 0.031948 -0.008203 0.007970 0.030714 -0.012000 0.019001 0.030668 -0.012142 0.018448 0.030668 -0.012142 0.007970 -0.002071 -0.032919 0.007970 0.002071 -0.032919 0.007970 -0.032724 -0.004134 0.007970 0.034315 0.000000 0.004470 0.035500 0.000000 0.004470 0.035220 0.004449 0.004470 0.034044 0.004301 0.004470 0.034384 0.008828 0.004470 0.035220 -0.004449 0.004470 0.034044 -0.004301 0.004470 0.033236 0.008534 0.004470 0.033007 0.013068 0.004470 0.031905 0.012632 0.004470 0.031108 0.017102 0.004470 0.030070 0.016531 0.004470 0.028720 0.020866 0.004470 0.027761 0.020170 0.004470 0.025878 0.024301 0.004470 0.025014 0.023490 0.004470 0.022628 0.027353 0.004470 0.021873 0.026440 0.004470 0.019022 0.029973 0.004470 0.018387 0.028973 0.004470 0.015115 0.032121 0.004470 0.014610 0.031049 0.004470 0.010970 0.033762 0.004470 0.010604 0.032635 0.004470 0.006652 0.034871 0.004470 0.006430 0.033707 0.004470 0.002229 0.035429 0.004470 0.002155 0.034247 0.004470 -0.002155 0.034247 0.004470 -0.002229 0.035429 0.004470 -0.006430 0.033707 0.004470 -0.006652 0.034871 0.004470 -0.010604 0.032635 0.004470 -0.010970 0.033762 0.004470 -0.014610 0.031049 0.004470 -0.015115 0.032121 0.004470 -0.018387 0.028973 0.004470 -0.021873 0.026440 0.004470 -0.034044 0.004301 0.004470 -0.056150 0.015834 0.004470 -0.034315 0.000000 0.004470 -0.033236 0.008534 0.004470 -0.031905 0.012632 0.004470 -0.030070 0.016531 0.004470 -0.027761 0.020170 0.004470 -0.025014 0.023490 0.004470 0.034384 -0.008828 0.004470 0.033236 -0.008534 0.004470 0.033007 -0.013068 0.004470 0.031905 -0.012632 0.004470 0.031108 -0.017102 0.004470 0.030070 -0.016531 0.004470 0.028720 -0.020866 0.004470 0.027761 -0.020170 0.004470 0.025878 -0.024301 0.004470 0.025014 -0.023490 0.004470 0.022628 -0.027353 0.004470 0.021873 -0.026440 0.004470 0.019022 -0.029973 0.004470 0.018387 -0.028973 0.004470 0.015115 -0.032121 0.004470 0.014610 -0.031049 0.004470 0.010970 -0.033762 0.004470 0.010604 -0.032635 0.004470 0.006652 -0.034871 0.004470 0.006430 -0.033707 0.004470 0.002229 -0.035429 0.004470 0.002155 -0.034247 0.004470 -0.002155 -0.034247 0.004470 -0.002229 -0.035429 0.004470 -0.006430 -0.033707 0.004470 -0.006652 -0.034871 0.004470 -0.010604 -0.032635 0.004470 -0.010970 -0.033762 0.004470 -0.014610 -0.031049 0.004470 -0.015115 -0.032121 0.004470 -0.018387 -0.028973 0.004470 -0.021873 -0.026440 0.004470 -0.058076 0.014776 0.004470 -0.059854 0.013484 0.004470 -0.034044 -0.004301 0.004470 -0.056150 -0.015834 0.004470 -0.033236 -0.008534 0.004470 -0.031905 -0.012632 0.004470 -0.030070 -0.016531 0.004470 -0.025014 -0.023490 0.004470 -0.027761 -0.020170 0.004470 -0.061456 0.011979 0.004470 -0.062857 0.010286 0.004470 -0.058076 -0.014776 0.004470 -0.064035 0.008431 0.004470 -0.059854 -0.013484 0.004470 -0.064970 0.006442 0.004470 -0.061456 -0.011979 0.004470 -0.065649 0.004352 0.004470 -0.062857 -0.010286 0.004470 -0.066061 0.002193 0.004470 -0.064035 -0.008431 0.004470 -0.066199 0.000000 0.004470 -0.064970 -0.006442 0.004470 -0.065649 -0.004352 0.004470 -0.066061 -0.002193 0.004470 -0.028905 -0.015890 0.007970 -0.030668 -0.012142 0.007970 0.006181 -0.032400 0.007970 0.010193 -0.031370 0.007970 0.014044 -0.029845 0.007970 -0.031948 -0.008203 0.007970 0.021025 -0.025415 0.007970 0.024045 -0.022580 0.007970 0.026438 -0.019686 0.024585 0.026685 -0.019388 0.024726 0.025978 -0.020243 0.024232 0.025557 -0.020751 0.023812 0.025184 -0.021202 0.023331 0.024863 -0.021590 0.022798 0.024601 -0.021908 0.022220 0.024196 -0.022397 0.020314 0.024196 -0.022397 0.019655 0.024264 -0.022314 0.020969 0.024400 -0.022150 0.021607 0.026685 -0.019388 0.015244 0.026438 -0.019686 0.015384 0.025978 -0.020243 0.015737 0.025557 -0.020751 0.016158 0.025184 -0.021202 0.016638 0.024863 -0.021590 0.017172 0.024601 -0.021908 0.017749 0.024400 -0.022150 0.018362 0.026685 -0.019388 0.007970 0.024264 -0.022314 0.019001 0.028518 -0.016499 0.025193 0.028905 -0.015890 0.025077 0.028101 -0.017157 0.025235 0.027683 -0.017815 0.025193 0.027272 -0.018463 0.025070 0.026874 -0.019090 0.024866 0.028518 -0.016499 0.014776 0.028905 -0.015890 0.007970 0.028905 -0.015890 0.014892 0.028101 -0.017157 0.014735 0.027683 -0.017815 0.014776 0.027272 -0.018463 0.014900 0.026874 -0.019090 0.015104 -0.014044 -0.029845 0.007970 -0.010193 -0.031370 0.007970 -0.006181 -0.032400 0.007970 -0.024045 -0.022580 0.007970 -0.026685 -0.019388 0.007970 -0.021025 -0.025415 0.007970 0.017674 -0.027850 0.007970 0.030658 -0.012164 0.021607 0.030544 -0.012407 0.022220 0.030394 -0.012725 0.022798 0.030212 -0.013112 0.023331 0.030000 -0.013563 0.023812 0.029761 -0.014071 0.024232 0.029499 -0.014628 0.024585 0.029218 -0.015225 0.024866 0.028923 -0.015852 0.025070 0.030658 -0.012164 0.018362 0.030544 -0.012407 0.017749 0.030394 -0.012725 0.017172 0.030212 -0.013112 0.016638 0.030000 -0.013563 0.016158 0.029761 -0.014071 0.015737 0.029499 -0.014628 0.015384 0.029218 -0.015225 0.015104 0.028923 -0.015852 0.014900 -0.017674 -0.027850 0.007970 0.031905 0.012632 0.007970 0.030070 0.016531 0.007970 0.034044 -0.004301 0.007970 0.034315 0.000000 0.007970 0.027761 0.020170 0.007970 0.006430 0.033707 0.007970 0.010604 0.032635 0.007970 0.014610 0.031049 0.007970 -0.014610 0.031049 0.007970 -0.010604 0.032635 0.007970 -0.030070 0.016531 0.007970 -0.031905 0.012632 0.007970 0.021873 0.026440 0.007970 0.025014 0.023490 0.007970 0.002155 0.034247 0.007970 0.018387 0.028973 0.007970 -0.033236 0.008534 0.007970 -0.034044 0.004301 0.007970 -0.025014 0.023490 0.007970 -0.027761 0.020170 0.007970 -0.006430 0.033707 0.007970 -0.002155 0.034247 0.007970 -0.021873 0.026440 0.007970 -0.021873 -0.026440 0.007970 -0.025014 -0.023490 0.007970 -0.031905 -0.012632 0.007970 -0.030070 -0.016531 0.007970 0.030070 -0.016531 0.007970 0.031905 -0.012632 0.007970 0.018387 -0.028973 0.007970 0.014610 -0.031049 0.007970 0.033236 0.008534 0.007970 -0.034315 0.000000 0.007970 -0.018387 0.028973 0.007970 0.034044 0.004301 0.007970 0.033236 -0.008534 0.007970 -0.027761 -0.020170 0.007970 0.025014 -0.023490 0.007970 0.027761 -0.020170 0.007970 0.006430 -0.033707 0.007970 0.002155 -0.034247 0.007970 0.021873 -0.026440 0.007970 0.010604 -0.032635 0.007970 -0.002155 -0.034247 0.007970 -0.006430 -0.033707 0.007970 -0.010604 -0.032635 0.007970 -0.014610 -0.031049 0.007970 -0.018387 -0.028973 0.007970 -0.033236 -0.008534 0.007970 -0.034044 -0.004301 0.007970 0.018985 0.014907 0.014821 0.018985 0.014907 0.014735 0.018985 0.014907 0.025235 0.018985 0.014907 0.025148 0.018985 0.019407 0.014735 0.018985 0.019407 0.014821 0.018985 0.019407 0.025148 0.018985 0.019407 0.025235 0.018985 0.012282 0.024531 0.018985 0.014359 0.025206 0.018985 0.010660 0.023071 0.018985 0.012282 0.015438 0.018985 0.014359 0.014764 0.018985 0.009772 0.021076 0.018985 0.010660 0.016899 0.018985 0.009772 0.018893 0.018985 0.024203 0.022120 0.018985 0.024203 0.017849 0.018985 0.024657 0.019985 0.018985 0.022920 0.023886 0.018985 0.021030 0.024978 0.018985 0.022920 0.016083 0.018985 0.021030 0.014992 0.017985 -0.016499 0.014776 0.017985 -0.017157 0.014735 0.017985 -0.017157 0.025235 0.017985 -0.017815 0.025193 0.017985 -0.011918 0.020314 0.017985 -0.012000 0.020969 0.017985 -0.013563 0.023812 0.017985 -0.014071 0.024232 0.017985 -0.012407 0.022220 0.017985 -0.012725 0.022798 0.017985 -0.019686 0.015384 0.017985 -0.020243 0.015737 0.017985 -0.014628 0.015384 0.017985 -0.015225 0.015104 0.017985 -0.015852 0.014900 0.017985 -0.014071 0.015737 0.017985 -0.011918 0.019655 0.017985 -0.012000 0.019001 0.017985 -0.012164 0.018362 0.017985 -0.015225 0.024866 0.017985 -0.015852 0.025070 0.017985 -0.014628 0.024585 0.017985 -0.016499 0.025193 0.017985 -0.013112 0.023331 0.017985 -0.012164 0.021607 0.017985 -0.017815 0.014776 0.017985 -0.022150 0.018362 0.017985 -0.022314 0.019001 0.017985 -0.013563 0.016158 0.017985 -0.012725 0.017172 0.017985 -0.013112 0.016638 0.017985 -0.012407 0.017749 0.017985 -0.021202 0.016638 0.017985 -0.021590 0.017172 0.017985 -0.018463 0.014900 0.017985 -0.019090 0.015104 0.017985 -0.021908 0.017749 0.017985 -0.018463 0.025070 0.017985 -0.019090 0.024866 0.017985 -0.019686 0.024585 0.017985 -0.020243 0.024232 0.017985 -0.020751 0.023812 0.017985 -0.020751 0.016158 0.017985 -0.021202 0.023331 0.017985 -0.021590 0.022798 0.017985 -0.021908 0.022220 0.017985 -0.022150 0.021607 0.017985 -0.022314 0.020969 0.017985 -0.022397 0.020314 0.017985 -0.022397 0.019655 0.031108 0.017102 -0.005530 0.033007 0.013068 -0.005530 0.028720 0.020866 -0.005530 0.015115 0.032121 -0.002780 0.015115 0.032121 -0.005530 0.014832 0.032233 -0.002780 0.014832 0.032233 0.001720 0.015115 0.032121 0.001720 0.010970 0.033762 -0.005530 -0.006652 0.034871 -0.005530 -0.010970 0.033762 -0.005530 -0.064035 0.008431 -0.005530 -0.062857 0.010286 -0.005530 0.035220 -0.004449 -0.005530 0.034384 -0.008828 -0.005530 0.002229 0.035429 -0.005530 -0.002229 0.035429 -0.005530 0.019022 0.029973 -0.005530 0.019022 0.029973 -0.002780 0.019022 0.029973 0.001720 -0.058076 0.014776 -0.005530 -0.059854 0.013484 -0.005530 -0.056150 0.015834 -0.005530 0.035500 0.000000 -0.005530 0.015115 -0.032121 0.001720 0.019022 -0.029973 0.001720 0.015115 -0.032121 -0.005530 0.019022 -0.029973 -0.002780 0.015115 -0.032121 -0.002780 0.019022 -0.029973 -0.005530 0.033007 -0.013068 -0.005530 0.034384 0.008828 -0.005530 0.035220 0.004449 -0.005530 0.025523 0.024634 0.001720 0.025523 0.024634 -0.002780 0.025878 0.024301 -0.005530 0.022628 0.027353 -0.005530 0.022628 0.027353 -0.002780 0.022628 0.027353 0.001720 0.006652 0.034871 -0.005530 0.021050 0.028500 -0.002780 0.021050 0.028500 -0.005530 0.020200 0.029117 -0.005530 0.020200 0.029117 -0.002780 -0.066199 0.000000 -0.005530 -0.066061 0.002193 -0.005530 -0.064970 0.006442 -0.005530 -0.065649 0.004352 -0.005530 -0.061456 0.011979 -0.005530 -0.036986 0.023440 -0.002780 -0.036986 0.023440 -0.005530 -0.039094 0.022604 -0.002780 -0.039094 0.022604 0.001720 -0.026415 0.027636 0.001720 -0.026415 0.027636 -0.002780 -0.015115 0.032121 -0.005530 -0.032289 0.025305 -0.005530 -0.032289 0.025305 -0.002780 0.002229 -0.035429 -0.005530 0.006652 -0.034871 -0.005530 0.031108 -0.017102 -0.005530 0.028720 -0.020866 -0.005530 -0.002229 -0.035429 -0.005530 -0.066061 -0.002193 -0.005530 -0.065649 -0.004352 -0.005530 -0.059854 -0.013484 -0.005530 -0.058076 -0.014776 -0.005530 -0.061456 -0.011979 -0.005530 0.014832 -0.032233 0.001720 0.014832 -0.032233 -0.002780 0.010970 -0.033762 -0.005530 0.022628 -0.027353 -0.002780 0.022628 -0.027353 -0.005530 0.025523 -0.024634 -0.002780 0.025523 -0.024634 0.001720 0.022628 -0.027353 0.001720 0.025878 -0.024301 -0.005530 -0.032289 -0.025305 -0.002780 -0.032289 -0.025305 -0.005530 -0.026415 -0.027636 -0.002780 -0.039094 -0.022604 0.001720 -0.039094 -0.022604 -0.002780 -0.056150 -0.015834 -0.005530 -0.036986 -0.023440 -0.005530 -0.036986 -0.023440 -0.002780 -0.026415 -0.027636 0.001720 -0.015115 -0.032121 -0.005530 -0.010970 -0.033762 -0.005530 -0.062857 -0.010286 -0.005530 -0.064035 -0.008431 -0.005530 -0.064970 -0.006442 -0.005530 0.021050 -0.028500 -0.005530 0.021050 -0.028500 -0.002780 0.020200 -0.029117 -0.002780 0.020200 -0.029117 -0.005530 -0.006652 -0.034871 -0.005530 -0.032826 0.002005 -0.005530 -0.032826 -0.002005 -0.005530 -0.032700 0.000000 -0.005530 -0.033202 -0.003979 -0.005530 -0.033556 -0.022500 -0.005530 -0.033823 -0.005890 -0.005530 -0.034679 -0.007708 -0.005530 -0.035755 -0.009404 -0.005530 -0.038501 -0.012328 -0.005530 -0.036443 -0.022500 -0.005530 -0.043755 -0.015217 -0.005530 -0.037036 -0.010953 -0.005530 -0.040126 -0.013509 -0.005530 -0.041887 -0.014477 -0.005530 -0.045701 -0.015716 -0.005530 -0.047695 -0.015968 -0.005530 -0.049704 -0.015968 -0.005530 -0.051697 -0.015716 -0.005530 -0.053644 -0.015217 -0.005530 -0.055512 -0.014477 -0.005530 -0.057272 -0.013509 -0.005530 -0.058898 -0.012328 -0.005530 -0.060363 -0.010953 -0.005530 -0.061643 -0.009404 -0.005530 -0.062720 -0.007708 -0.005530 -0.063576 -0.005890 -0.005530 -0.064196 -0.003979 -0.005530 -0.064573 -0.002005 -0.005530 0.020556 -0.028500 -0.005530 0.020556 0.028500 -0.005530 -0.032113 -0.025000 -0.005530 -0.032113 0.025000 -0.005530 -0.033202 0.003979 -0.005530 -0.033823 0.005890 -0.005530 -0.033556 0.022500 -0.005530 -0.034679 0.007708 -0.005530 -0.035755 0.009404 -0.005530 -0.037036 0.010953 -0.005530 -0.038501 0.012328 -0.005530 -0.036443 0.022500 -0.005530 -0.040126 0.013509 -0.005530 -0.041887 0.014477 -0.005530 -0.043755 0.015217 -0.005530 -0.045701 0.015716 -0.005530 -0.047695 0.015968 -0.005530 -0.049704 0.015968 -0.005530 -0.051697 0.015716 -0.005530 -0.053644 0.015217 -0.005530 -0.055512 0.014477 -0.005530 -0.057272 0.013509 -0.005530 -0.058898 0.012328 -0.005530 -0.060363 0.010953 -0.005530 -0.061643 0.009404 -0.005530 -0.062720 0.007708 -0.005530 -0.063576 0.005890 -0.005530 -0.064196 0.003979 -0.005530 -0.064573 0.002005 -0.005530 -0.064699 0.000000 -0.005530 0.019113 0.031000 -0.002780 0.024886 0.031000 -0.002780 0.026750 0.031000 -0.002780 0.026712 0.030404 -0.002780 0.026600 0.029818 -0.002780 0.026712 0.031595 -0.002780 0.026600 0.032181 -0.002780 0.026416 0.032748 -0.002780 0.026162 0.033288 -0.002780 0.023443 0.028500 -0.002780 0.023443 0.033500 -0.002780 0.025842 0.033792 -0.002780 0.025462 0.034251 -0.002780 0.025027 0.034659 -0.002780 0.024545 0.035010 -0.002780 0.024022 0.035297 -0.002780 0.023467 0.035517 -0.002780 0.022890 0.035665 -0.002780 0.022298 0.035740 -0.002780 0.021701 0.035740 -0.002780 0.020556 0.033500 -0.002780 0.021110 0.035665 -0.002780 0.020532 0.035517 -0.002780 0.019977 0.035297 -0.002780 0.019455 0.035010 -0.002780 0.019455 0.035010 0.001720 0.019977 0.035297 0.001720 0.022890 0.035665 0.001720 0.023467 0.035517 0.001720 0.020532 0.035517 0.001720 0.026750 0.031000 0.001720 0.026712 0.031595 0.001720 0.026600 0.029818 0.001720 0.026600 0.032181 0.001720 0.026712 0.030404 0.001720 0.026416 0.032748 0.001720 0.026162 0.033288 0.001720 0.025842 0.033792 0.001720 0.025462 0.034251 0.001720 0.025027 0.034659 0.001720 0.024545 0.035010 0.001720 0.024022 0.035297 0.001720 0.022298 0.035740 0.001720 0.021701 0.035740 0.001720 0.021110 0.035665 0.001720 -0.039749 0.025000 -0.002780 -0.039712 0.025595 0.001720 -0.039712 0.025595 -0.002780 -0.039749 0.025000 0.001720 -0.033532 0.029517 -0.002780 -0.034109 0.029666 0.001720 -0.033532 0.029517 0.001720 -0.034109 0.029666 -0.002780 -0.036467 0.029517 -0.002780 -0.037022 0.029298 0.001720 -0.036467 0.029517 0.001720 -0.037022 0.029298 -0.002780 -0.039416 0.026748 -0.002780 -0.039162 0.027288 0.001720 -0.039162 0.027288 -0.002780 -0.039416 0.026748 0.001720 -0.039600 0.026181 -0.002780 -0.039600 0.026181 0.001720 0.023443 -0.033500 -0.002780 0.025027 -0.034659 -0.002780 0.024545 -0.035010 -0.002780 0.024022 -0.035297 -0.002780 0.023467 -0.035517 -0.002780 0.024886 -0.031000 -0.002780 0.022890 -0.035665 -0.002780 0.022298 -0.035740 -0.002780 0.021701 -0.035740 -0.002780 0.020556 -0.033500 -0.002780 0.021110 -0.035665 -0.002780 0.020532 -0.035517 -0.002780 0.019977 -0.035297 -0.002780 0.019455 -0.035010 -0.002780 0.019113 -0.031000 -0.002780 0.026750 -0.031000 -0.002780 0.026712 -0.031595 -0.002780 0.026600 -0.032181 -0.002780 0.026712 -0.030404 -0.002780 0.026416 -0.032748 -0.002780 0.026162 -0.033288 -0.002780 0.025842 -0.033792 -0.002780 0.026600 -0.029818 -0.002780 0.025462 -0.034251 -0.002780 0.023443 -0.028500 -0.002780 -0.036443 0.027500 -0.002780 -0.038462 0.028251 -0.002780 -0.038027 0.028660 -0.002780 -0.038842 0.027792 -0.002780 -0.039162 0.022711 -0.002780 -0.039416 0.023251 -0.002780 -0.037886 0.025000 -0.002780 -0.039600 0.023818 -0.002780 -0.039712 0.024404 -0.002780 -0.033556 0.027500 -0.002780 -0.034701 0.029740 -0.002780 -0.035298 0.029740 -0.002780 -0.035890 0.029666 -0.002780 -0.037545 0.029010 -0.002780 -0.035298 0.029740 0.001720 -0.034701 0.029740 0.001720 -0.035890 0.029666 0.001720 -0.038027 0.028660 0.001720 -0.037545 0.029010 0.001720 -0.038462 0.028251 0.001720 -0.038842 0.027792 0.001720 0.026750 -0.031000 0.001720 0.026712 -0.030404 0.001720 0.026600 -0.029818 0.001720 0.026712 -0.031595 0.001720 0.026600 -0.032181 0.001720 0.026416 -0.032748 0.001720 0.026162 -0.033288 0.001720 0.025842 -0.033792 0.001720 0.025462 -0.034251 0.001720 0.025027 -0.034659 0.001720 0.024545 -0.035010 0.001720 0.024022 -0.035297 0.001720 0.023467 -0.035517 0.001720 0.022890 -0.035665 0.001720 0.022298 -0.035740 0.001720 0.021701 -0.035740 0.001720 0.021110 -0.035665 0.001720 0.020532 -0.035517 0.001720 0.019977 -0.035297 0.001720 0.019455 -0.035010 0.001720 -0.039416 0.023251 0.001720 -0.039162 0.022711 0.001720 -0.039600 0.023818 0.001720 -0.039712 0.024404 0.001720 -0.038027 -0.028660 -0.002780 -0.037545 -0.029010 0.001720 -0.038027 -0.028660 0.001720 -0.037545 -0.029010 -0.002780 -0.034109 -0.029666 -0.002780 -0.033532 -0.029517 0.001720 -0.034109 -0.029666 0.001720 -0.033532 -0.029517 -0.002780 -0.039749 -0.025000 -0.002780 -0.039712 -0.024404 0.001720 -0.039712 -0.024404 -0.002780 -0.039749 -0.025000 0.001720 -0.039600 -0.023818 -0.002780 -0.039416 -0.023251 0.001720 -0.039416 -0.023251 -0.002780 -0.039600 -0.023818 0.001720 -0.039600 -0.026181 -0.002780 -0.039712 -0.025595 0.001720 -0.039712 -0.025595 -0.002780 -0.039600 -0.026181 0.001720 -0.033556 -0.027500 -0.002780 -0.034701 -0.029740 -0.002780 -0.035298 -0.029740 -0.002780 -0.036443 -0.027500 -0.002780 -0.035890 -0.029666 -0.002780 -0.036467 -0.029517 -0.002780 -0.037022 -0.029298 -0.002780 -0.038462 -0.028251 -0.002780 -0.038842 -0.027792 -0.002780 -0.039162 -0.027288 -0.002780 -0.037886 -0.025000 -0.002780 -0.039416 -0.026748 -0.002780 -0.039162 -0.022711 -0.002780 -0.038462 -0.028251 0.001720 -0.034701 -0.029740 0.001720 -0.035298 -0.029740 0.001720 -0.035890 -0.029666 0.001720 -0.036467 -0.029517 0.001720 -0.037022 -0.029298 0.001720 -0.038842 -0.027792 0.001720 -0.039162 -0.022711 0.001720 -0.039162 -0.027288 0.001720 -0.039416 -0.026748 0.001720 0.033007 0.013068 -0.013030 0.031108 0.017102 -0.015030 0.031108 0.017102 -0.013030 0.033007 0.013068 -0.015030 0.028720 0.020866 -0.015030 0.028720 0.020866 -0.013030 0.014832 0.032233 -0.015030 0.010970 0.033762 -0.013030 0.014832 0.032233 -0.013030 0.010970 0.033762 -0.015030 -0.006652 0.034871 -0.015030 -0.010970 0.033762 -0.013030 -0.006652 0.034871 -0.013030 -0.010970 0.033762 -0.015030 -0.064035 0.008431 -0.015030 -0.062857 0.010286 -0.013030 -0.062857 0.010286 -0.015030 -0.064035 0.008431 -0.013030 0.034384 -0.008828 -0.013030 0.035220 -0.004449 -0.015030 0.035220 -0.004449 -0.013030 0.034384 -0.008828 -0.015030 0.002229 0.035429 -0.015030 -0.002229 0.035429 -0.013030 0.002229 0.035429 -0.013030 -0.002229 0.035429 -0.015030 -0.066061 0.002193 -0.015030 -0.065649 0.004352 -0.013030 -0.065649 0.004352 -0.015030 -0.066061 0.002193 -0.013030 -0.058076 0.014776 -0.015030 -0.059854 0.013484 -0.013030 -0.058076 0.014776 -0.013030 -0.059854 0.013484 -0.015030 -0.056150 0.015834 -0.015030 -0.056150 0.015834 -0.013030 0.035500 0.000000 -0.015030 0.035500 0.000000 -0.013030 0.033007 -0.013068 -0.013030 0.033007 -0.013068 -0.015030 0.034384 0.008828 -0.013030 0.034384 0.008828 -0.015030 0.025878 0.024301 -0.015030 0.025523 0.024634 -0.013030 0.025878 0.024301 -0.013030 0.025523 0.024634 -0.015030 0.006652 0.034871 -0.013030 0.006652 0.034871 -0.015030 -0.066199 0.000000 -0.015030 -0.066199 0.000000 -0.013030 0.024886 0.031000 -0.013030 0.026750 0.031000 -0.013030 0.026712 0.031595 -0.013030 0.026600 0.032181 -0.013030 0.026712 0.030404 -0.013030 0.026416 0.032748 -0.013030 0.026162 0.033288 -0.013030 0.025842 0.033792 -0.013030 0.026600 0.029818 -0.013030 0.023443 0.028500 -0.013030 0.025462 0.034251 -0.013030 0.035220 0.004449 -0.013030 0.031108 -0.017102 -0.013030 0.028720 -0.020866 -0.013030 0.025523 -0.024634 -0.013030 0.025878 -0.024301 -0.013030 0.024886 -0.031000 -0.013030 0.026750 -0.031000 -0.013030 0.026712 -0.030404 -0.013030 0.026600 -0.029818 -0.013030 0.026712 -0.031595 -0.013030 0.026600 -0.032181 -0.013030 0.026416 -0.032748 -0.013030 0.026162 -0.033288 -0.013030 0.023443 -0.028500 -0.013030 0.023443 -0.033500 -0.013030 0.023443 0.033500 -0.013030 0.025027 0.034659 -0.013030 0.020556 0.028500 -0.013030 0.025842 -0.033792 -0.013030 0.024545 0.035010 -0.013030 0.024022 0.035297 -0.013030 0.023467 0.035517 -0.013030 0.022890 0.035665 -0.013030 0.022298 0.035740 -0.013030 0.021701 0.035740 -0.013030 0.020556 0.033500 -0.013030 0.021110 0.035665 -0.013030 0.020532 0.035517 -0.013030 0.019977 0.035297 -0.013030 0.019455 0.035010 -0.013030 0.019113 0.031000 -0.013030 -0.032700 0.000000 -0.013030 0.020556 -0.028500 -0.013030 -0.039416 0.026748 -0.013030 -0.037886 0.025000 -0.013030 -0.039162 0.027288 -0.013030 -0.039600 0.026181 -0.013030 -0.039162 0.022711 -0.013030 -0.039416 0.023251 -0.013030 -0.039094 0.022604 -0.013030 -0.039712 0.025595 -0.013030 -0.039600 0.023818 -0.013030 -0.039749 0.025000 -0.013030 -0.039712 0.024404 -0.013030 -0.039416 -0.023251 -0.013030 -0.037886 -0.025000 -0.013030 -0.039162 -0.022711 -0.013030 -0.039162 -0.027288 -0.013030 -0.038842 -0.027792 -0.013030 -0.039600 -0.023818 -0.013030 -0.039416 -0.026748 -0.013030 -0.039712 -0.024404 -0.013030 -0.039600 -0.026181 -0.013030 -0.039749 -0.025000 -0.013030 -0.039712 -0.025595 -0.013030 -0.033202 -0.003979 -0.013030 -0.015115 -0.032121 -0.013030 -0.032826 -0.002005 -0.013030 -0.026415 0.027636 -0.013030 -0.032826 0.002005 -0.013030 -0.033202 0.003979 -0.013030 -0.034679 0.007708 -0.013030 -0.033556 0.022500 -0.013030 -0.033823 0.005890 -0.013030 -0.035755 0.009404 -0.013030 -0.038501 0.012328 -0.013030 -0.036443 0.022500 -0.013030 -0.037036 0.010953 -0.013030 -0.038842 0.027792 -0.013030 -0.036443 0.027500 -0.013030 -0.038462 0.028251 -0.013030 -0.040126 0.013509 -0.013030 -0.041887 0.014477 -0.013030 -0.043755 0.015217 -0.013030 -0.045701 0.015716 -0.013030 -0.047695 0.015968 -0.013030 -0.049704 0.015968 -0.013030 -0.051697 0.015716 -0.013030 -0.053644 0.015217 -0.013030 -0.055512 0.014477 -0.013030 -0.057272 0.013509 -0.013030 -0.058898 0.012328 -0.013030 -0.060363 0.010953 -0.013030 -0.061456 0.011979 -0.013030 -0.061643 0.009404 -0.013030 -0.062720 0.007708 -0.013030 -0.063576 0.005890 -0.013030 -0.064970 0.006442 -0.013030 -0.064196 0.003979 -0.013030 -0.064573 0.002005 -0.013030 -0.010970 -0.033762 -0.013030 -0.033556 -0.027500 -0.013030 -0.026415 -0.027636 -0.013030 -0.032113 -0.025000 -0.013030 -0.033532 -0.029517 -0.013030 -0.034109 -0.029666 -0.013030 -0.034701 -0.029740 -0.013030 -0.035298 -0.029740 -0.013030 -0.036443 -0.027500 -0.013030 -0.035890 -0.029666 -0.013030 -0.036467 -0.029517 -0.013030 -0.037022 -0.029298 -0.013030 -0.037545 -0.029010 -0.013030 -0.038027 -0.028660 -0.013030 -0.033823 -0.005890 -0.013030 -0.034679 -0.007708 -0.013030 -0.033556 -0.022500 -0.013030 -0.035755 -0.009404 -0.013030 -0.037036 -0.010953 -0.013030 -0.038501 -0.012328 -0.013030 -0.036443 -0.022500 -0.013030 -0.038462 -0.028251 -0.013030 -0.039094 -0.022604 -0.013030 -0.040126 -0.013509 -0.013030 -0.041887 -0.014477 -0.013030 -0.043755 -0.015217 -0.013030 -0.045701 -0.015716 -0.013030 -0.047695 -0.015968 -0.013030 -0.049704 -0.015968 -0.013030 -0.051697 -0.015716 -0.013030 -0.056150 -0.015834 -0.013030 -0.053644 -0.015217 -0.013030 -0.055512 -0.014477 -0.013030 -0.057272 -0.013509 -0.013030 -0.058076 -0.014776 -0.013030 -0.058898 -0.012328 -0.013030 -0.059854 -0.013484 -0.013030 -0.060363 -0.010953 -0.013030 -0.061456 -0.011979 -0.013030 -0.061643 -0.009404 -0.013030 -0.062857 -0.010286 -0.013030 -0.062720 -0.007708 -0.013030 -0.064035 -0.008431 -0.013030 -0.063576 -0.005890 -0.013030 -0.064970 -0.006442 -0.013030 -0.064196 -0.003979 -0.013030 -0.065649 -0.004352 -0.013030 -0.064573 -0.002005 -0.013030 -0.066061 -0.002193 -0.013030 -0.064699 0.000000 -0.013030 0.025462 -0.034251 -0.013030 0.025027 -0.034659 -0.013030 0.024545 -0.035010 -0.013030 0.024022 -0.035297 -0.013030 0.023467 -0.035517 -0.013030 0.022890 -0.035665 -0.013030 0.022298 -0.035740 -0.013030 0.021701 -0.035740 -0.013030 0.020556 -0.033500 -0.013030 0.021110 -0.035665 -0.013030 0.020532 -0.035517 -0.013030 0.019977 -0.035297 -0.013030 0.019455 -0.035010 -0.013030 0.019113 -0.031000 -0.013030 0.014832 -0.032233 -0.013030 0.006652 -0.034871 -0.013030 0.010970 -0.033762 -0.013030 0.002229 -0.035429 -0.013030 -0.002229 -0.035429 -0.013030 -0.006652 -0.034871 -0.013030 -0.015115 0.032121 -0.013030 -0.032113 0.025000 -0.013030 -0.033556 0.027500 -0.013030 -0.033532 0.029517 -0.013030 -0.034109 0.029666 -0.013030 -0.034701 0.029740 -0.013030 -0.035298 0.029740 -0.013030 -0.035890 0.029666 -0.013030 -0.036467 0.029517 -0.013030 -0.037022 0.029298 -0.013030 -0.037545 0.029010 -0.013030 -0.038027 0.028660 -0.013030 -0.064970 0.006442 -0.015030 -0.061456 0.011979 -0.015030 -0.039094 0.022604 -0.015030 -0.015115 0.032121 -0.015030 -0.026415 0.027636 -0.015030 0.035220 0.004449 -0.015030 -0.002229 -0.035429 -0.015030 0.002229 -0.035429 -0.015030 -0.064970 -0.006442 -0.015030 -0.065649 -0.004352 -0.015030 0.024886 -0.031000 -0.015030 0.026750 -0.031000 -0.015030 0.026712 -0.031595 -0.015030 0.026600 -0.032181 -0.015030 0.026712 -0.030404 -0.015030 0.026416 -0.032748 -0.015030 0.026162 -0.033288 -0.015030 0.025842 -0.033792 -0.015030 0.026600 -0.029818 -0.015030 0.023443 -0.028500 -0.015030 0.025462 -0.034251 -0.015030 0.031108 -0.017102 -0.015030 0.028720 -0.020866 -0.015030 0.025523 -0.024634 -0.015030 0.025878 -0.024301 -0.015030 0.024886 0.031000 -0.015030 0.026750 0.031000 -0.015030 0.026712 0.030404 -0.015030 0.026600 0.029818 -0.015030 0.026712 0.031595 -0.015030 0.026600 0.032181 -0.015030 0.026416 0.032748 -0.015030 0.026162 0.033288 -0.015030 0.023443 0.028500 -0.015030 0.023443 0.033500 -0.015030 0.023443 -0.033500 -0.015030 0.025027 -0.034659 -0.015030 0.025842 0.033792 -0.015030 0.024545 -0.035010 -0.015030 0.024022 -0.035297 -0.015030 0.023467 -0.035517 -0.015030 0.022890 -0.035665 -0.015030 0.022298 -0.035740 -0.015030 0.021701 -0.035740 -0.015030 0.020556 -0.033500 -0.015030 0.021110 -0.035665 -0.015030 0.020532 -0.035517 -0.015030 0.019977 -0.035297 -0.015030 0.019455 -0.035010 -0.015030 0.019113 -0.031000 -0.015030 0.020556 -0.028500 -0.015030 -0.032700 0.000000 -0.015030 0.020556 0.028500 -0.015030 0.014832 -0.032233 -0.015030 -0.039416 -0.026748 -0.015030 -0.037886 -0.025000 -0.015030 -0.039162 -0.027288 -0.015030 -0.039600 -0.026181 -0.015030 -0.039162 -0.022711 -0.015030 -0.039416 -0.023251 -0.015030 -0.039094 -0.022604 -0.015030 -0.039712 -0.025595 -0.015030 -0.039600 -0.023818 -0.015030 -0.039749 -0.025000 -0.015030 -0.039712 -0.024404 -0.015030 -0.039416 0.023251 -0.015030 -0.037886 0.025000 -0.015030 -0.039162 0.022711 -0.015030 -0.039162 0.027288 -0.015030 -0.038842 0.027792 -0.015030 -0.039600 0.023818 -0.015030 -0.039416 0.026748 -0.015030 -0.039712 0.024404 -0.015030 -0.039600 0.026181 -0.015030 -0.039749 0.025000 -0.015030 -0.039712 0.025595 -0.015030 -0.033202 0.003979 -0.015030 -0.032826 0.002005 -0.015030 -0.026415 -0.027636 -0.015030 -0.032826 -0.002005 -0.015030 -0.033202 -0.003979 -0.015030 -0.034679 -0.007708 -0.015030 -0.033556 -0.022500 -0.015030 -0.033823 -0.005890 -0.015030 -0.035755 -0.009404 -0.015030 -0.038501 -0.012328 -0.015030 -0.036443 -0.022500 -0.015030 -0.037036 -0.010953 -0.015030 -0.038842 -0.027792 -0.015030 -0.036443 -0.027500 -0.015030 -0.038462 -0.028251 -0.015030 -0.040126 -0.013509 -0.015030 -0.041887 -0.014477 -0.015030 -0.043755 -0.015217 -0.015030 -0.045701 -0.015716 -0.015030 -0.047695 -0.015968 -0.015030 -0.049704 -0.015968 -0.015030 -0.051697 -0.015716 -0.015030 -0.056150 -0.015834 -0.015030 -0.053644 -0.015217 -0.015030 -0.055512 -0.014477 -0.015030 -0.057272 -0.013509 -0.015030 -0.058076 -0.014776 -0.015030 -0.058898 -0.012328 -0.015030 -0.059854 -0.013484 -0.015030 -0.060363 -0.010953 -0.015030 -0.061456 -0.011979 -0.015030 -0.061643 -0.009404 -0.015030 -0.062857 -0.010286 -0.015030 -0.062720 -0.007708 -0.015030 -0.064035 -0.008431 -0.015030 -0.063576 -0.005890 -0.015030 -0.064196 -0.003979 -0.015030 -0.064573 -0.002005 -0.015030 -0.033556 0.027500 -0.015030 -0.032113 0.025000 -0.015030 -0.033532 0.029517 -0.015030 -0.034109 0.029666 -0.015030 -0.034701 0.029740 -0.015030 -0.035298 0.029740 -0.015030 -0.036443 0.027500 -0.015030 -0.035890 0.029666 -0.015030 -0.036467 0.029517 -0.015030 -0.037022 0.029298 -0.015030 -0.037545 0.029010 -0.015030 -0.038027 0.028660 -0.015030 -0.033823 0.005890 -0.015030 -0.034679 0.007708 -0.015030 -0.033556 0.022500 -0.015030 -0.035755 0.009404 -0.015030 -0.037036 0.010953 -0.015030 -0.038501 0.012328 -0.015030 -0.036443 0.022500 -0.015030 -0.040126 0.013509 -0.015030 -0.038462 0.028251 -0.015030 -0.041887 0.014477 -0.015030 -0.043755 0.015217 -0.015030 -0.045701 0.015716 -0.015030 -0.047695 0.015968 -0.015030 -0.049704 0.015968 -0.015030 -0.051697 0.015716 -0.015030 -0.053644 0.015217 -0.015030 -0.055512 0.014477 -0.015030 -0.057272 0.013509 -0.015030 -0.058898 0.012328 -0.015030 -0.060363 0.010953 -0.015030 -0.061643 0.009404 -0.015030 -0.062720 0.007708 -0.015030 -0.063576 0.005890 -0.015030 -0.064196 0.003979 -0.015030 -0.064573 0.002005 -0.015030 -0.064699 0.000000 -0.015030 -0.066061 -0.002193 -0.015030 0.025462 0.034251 -0.015030 0.025027 0.034659 -0.015030 0.024545 0.035010 -0.015030 0.024022 0.035297 -0.015030 0.023467 0.035517 -0.015030 0.022890 0.035665 -0.015030 0.022298 0.035740 -0.015030 0.021701 0.035740 -0.015030 0.020556 0.033500 -0.015030 0.021110 0.035665 -0.015030 0.020532 0.035517 -0.015030 0.019977 0.035297 -0.015030 0.019455 0.035010 -0.015030 0.019113 0.031000 -0.015030 0.010970 -0.033762 -0.015030 0.006652 -0.034871 -0.015030 -0.006652 -0.034871 -0.015030 -0.010970 -0.033762 -0.015030 -0.015115 -0.032121 -0.015030 -0.032113 -0.025000 -0.015030 -0.033556 -0.027500 -0.015030 -0.033532 -0.029517 -0.015030 -0.034109 -0.029666 -0.015030 -0.034701 -0.029740 -0.015030 -0.035298 -0.029740 -0.015030 -0.035890 -0.029666 -0.015030 -0.036467 -0.029517 -0.015030 -0.037022 -0.029298 -0.015030 -0.037545 -0.029010 -0.015030 -0.038027 -0.028660 -0.015030 0.020556 0.028500 -0.029500 0.023443 0.028500 -0.029500 0.023443 0.033500 -0.029500 0.024886 0.031000 -0.029500 0.019113 0.031000 -0.029500 0.020556 0.033500 -0.029500 -0.036443 0.022500 -0.029500 -0.033556 0.022500 -0.029500 -0.033556 0.027500 -0.029500 -0.032113 0.025000 -0.029500 -0.037886 0.025000 -0.029500 -0.036443 0.027500 -0.029500 0.020556 -0.033500 -0.029500 0.023443 -0.033500 -0.029500 0.023443 -0.028500 -0.029500 0.024886 -0.031000 -0.029500 0.019113 -0.031000 -0.029500 0.020556 -0.028500 -0.029500 -0.036443 -0.027500 -0.029500 -0.033556 -0.027500 -0.029500 -0.033556 -0.022500 -0.029500 -0.032113 -0.025000 -0.029500 -0.037886 -0.025000 -0.029500 -0.036443 -0.022500 -0.029500 -0.032826 0.002005 -0.025530 -0.032700 0.000000 -0.025530 -0.064699 0.000000 -0.025530 -0.064573 0.002005 -0.025530 -0.047695 0.015968 -0.025530 -0.049704 0.015968 -0.025530 -0.049704 -0.015968 -0.025530 -0.047695 -0.015968 -0.025530 -0.037036 0.010953 -0.025530 -0.038501 0.012328 -0.025530 -0.058898 0.012328 -0.025530 -0.060363 0.010953 -0.025530 -0.053644 0.015217 -0.025530 -0.055512 0.014477 -0.025530 -0.034679 -0.007708 -0.025530 -0.035755 -0.009404 -0.025530 -0.034679 0.007708 -0.025530 -0.033823 0.005890 -0.025530 -0.035755 0.009404 -0.025530 -0.041887 0.014477 -0.025530 -0.043755 0.015217 -0.025530 -0.045701 0.015716 -0.025530 -0.040126 0.013509 -0.025530 -0.062720 0.007708 -0.025530 -0.061643 0.009404 -0.025530 -0.064196 0.003979 -0.025530 -0.063576 0.005890 -0.025530 -0.057272 0.013509 -0.025530 -0.051697 0.015716 -0.025530 -0.045701 -0.015716 -0.025530 -0.033202 0.003979 -0.025530 -0.032826 -0.002005 -0.025530 -0.033202 -0.003979 -0.025530 -0.033823 -0.005890 -0.025530 -0.037036 -0.010953 -0.025530 -0.038501 -0.012328 -0.025530 -0.040126 -0.013509 -0.025530 -0.041887 -0.014477 -0.025530 -0.043755 -0.015217 -0.025530 -0.051697 -0.015716 -0.025530 -0.053644 -0.015217 -0.025530 -0.055512 -0.014477 -0.025530 -0.057272 -0.013509 -0.025530 -0.058898 -0.012328 -0.025530 -0.060363 -0.010953 -0.025530 -0.061643 -0.009404 -0.025530 -0.062720 -0.007708 -0.025530 -0.063576 -0.005890 -0.025530 -0.064196 -0.003979 -0.025530 -0.064573 -0.002005 -0.025530
</float_array>
          <technique_common>
            <accessor source="#Racecar_Ydlidar-mesh-positions-array" count="1232" stride="3">
              <param name="X" type="float" />
              <param name="Y" type="float" />
              <param name="Z" type="float" />
            </accessor>
          </technique_common>
        </source>
        <source id="Racecar_Ydlidar-mesh-normals">
          <float_array id="Racecar_Ydlidar-mesh-normals-array" count="4692">
0.000905 0.000426 0.000000 0.000905 0.000426 0.000000 0.000905 0.000426 0.000000 0.000905 0.000426 -0.000000 0.000905 0.000426 -0.000000 0.000905 0.000426 0.000000 0.000905 0.000426 0.000000 0.000905 0.000426 0.000000 0.000905 0.000426 -0.000000 0.000905 0.000426 0.000000 0.000905 0.000426 0.000000 0.000905 0.000426 0.000000 0.000998 -0.000063 0.000000 0.000998 -0.000063 0.000000 0.000844 0.000536 0.000000 0.000844 0.000536 0.000000 0.000844 0.000536 0.000000 0.000844 0.000536 0.000000 0.000368 0.000930 0.000000 0.000368 0.000930 0.000000 -0.000368 0.000930 0.000000 -0.000368 0.000930 0.000000 -0.000905 0.000426 0.000000 -0.000905 0.000426 0.000000 0.000000 0.001000 0.000000 0.000482 0.000876 0.000000 0.000482 0.000876 0.000000 -0.000998 0.000063 0.000000 -0.000998 0.000063 0.000000 -0.000771 0.000637 0.000000 -0.000771 0.000637 0.000000 -0.000249 0.000969 0.000000 -0.000249 0.000969 0.000000 -0.000685 0.000729 0.000000 0.000951 0.000309 0.000000 0.000951 0.000309 -0.000000 0.000951 0.000309 0.000000 0.000951 0.000309 0.000000 0.000951 0.000309 0.000000 0.000951 0.000309 -0.000000 0.000951 0.000309 0.000000 0.000951 0.000309 0.000000 0.000685 0.000729 0.000000 0.000685 0.000729 0.000000 0.000685 0.000729 -0.000000 0.000685 0.000729 0.000000 0.000685 0.000729 0.000000 0.000685 0.000729 0.000000 0.000685 0.000729 0.000000 0.000685 0.000729 0.000000 0.000685 0.000729 -0.000000 0.000770 0.000637 0.000000 0.000771 0.000637 0.000000 0.000770 0.000637 0.000000 0.000771 0.000636 0.000000 0.000770 0.000637 0.000000 0.000770 0.000637 0.000000 0.000771 0.000637 0.000000 0.000770 0.000637 -0.000000 0.000771 0.000636 0.000000 0.000771 0.000637 -0.000000 0.000249 0.000969 0.000000 0.000249 0.000969 0.000000 0.000125 0.000992 0.000000 0.000125 0.000992 0.000000 0.000588 0.000809 0.000000 0.000588 0.000809 0.000000 0.000000 0.000000 0.001000 0.000000 0.000000 0.001000 -0.000000 0.000000 0.001000 0.000000 0.000000 0.001000 0.000000 0.000000 0.001000 -0.000000 0.000000 0.001000 0.000000 0.000000 0.001000 -0.000000 0.000000 0.001000 0.000000 0.000000 0.001000 -0.000000 0.000000 0.001000 -0.000000 0.000000 0.001000 0.000000 0.000000 0.001000 -0.000000 0.000000 0.001000 0.000000 0.000000 0.001000 -0.000000 0.000000 0.001000 0.000000 0.000000 0.001000 -0.000000 0.000000 0.001000 0.000000 0.000000 0.001000 -0.000000 0.000000 0.001000 0.000000 0.000000 0.001000 -0.000000 0.000000 0.001000 0.000000 0.000000 0.001000 -0.000000 0.000000 0.001000 -0.000000 0.000000 0.001000 0.000000 0.000000 0.001000 -0.000000 0.000000 0.001000 -0.000000 0.000000 0.001000 0.000000 0.000000 0.001000 0.000000 0.000000 0.001000 -0.000000 0.000000 0.001000 -0.000951 0.000309 0.000000 -0.000951 0.000309 0.000000 -0.000982 0.000187 0.000000 -0.000982 0.000187 0.000000 -0.000844 0.000536 0.000000 -0.000844 0.000536 0.000000 -0.000125 0.000992 0.000000 -0.000588 0.000809 0.000000 -0.000588 0.000809 0.000000 -0.000482 0.000876 0.000000 -0.000482 0.000876 0.000000 0.000998 0.000063 0.000000 0.000998 0.000063 0.000000 0.000951 -0.000309 0.000000 0.000951 -0.000309 0.000000 0.000951 -0.000309 0.000000 0.000951 -0.000309 -0.000000 0.000951 -0.000309 0.000000 0.000951 -0.000309 -0.000000 0.000951 -0.000309 0.000000 0.000951 -0.000309 0.000000 0.000000 -0.001000 0.000000 -0.000998 -0.000063 0.000000 -0.000998 -0.000063 0.000000 -0.000000 0.000000 0.001000 0.000000 0.000000 0.001000 -0.000000 0.000000 0.001000 -0.000000 0.000000 0.001000 0.000000 0.000000 0.001000 -0.000000 0.000000 0.001000 0.000000 0.000000 0.001000 -0.000000 0.000000 0.001000 -0.000000 0.000000 0.001000 -0.000000 0.000000 0.001000 0.000000 0.000000 0.001000 0.000000 0.000000 0.001000 -0.000000 0.000000 0.001000 -0.000000 0.000000 0.001000 0.000000 0.000000 0.001000 0.000000 0.000000 0.001000 0.000000 0.000000 0.001000 -0.000000 0.000000 0.001000 -0.000000 0.000000 0.001000 0.000000 0.000000 0.001000 0.000000 0.000000 0.001000 0.000000 0.000000 0.001000 0.000000 0.000000 0.001000 0.000000 0.000000 0.001000 -0.000000 0.000000 0.001000 -0.000000 0.000000 0.001000 0.000000 0.000000 0.001000 -0.000000 0.000000 0.001000 -0.000000 0.000000 0.001000 -0.000000 0.000000 0.001000 0.000000 0.000000 0.001000 -0.000000 0.000000 0.001000 0.000000 0.000000 0.001000 -0.000000 0.000000 0.001000 0.000000 0.000000 0.001000 0.000000 0.000000 0.001000 -0.000000 0.000000 0.001000 -0.000000 0.000000 0.001000 0.000000 0.000000 0.001000 0.000000 0.000000 0.001000 0.000000 0.000000 0.001000 0.000000 0.000000 0.001000 0.000000 0.000000 0.001000 0.000000 0.000000 0.001000 0.000000 0.000000 0.001000 -0.000905 -0.000426 0.000000 -0.000905 -0.000426 0.000000 0.000125 -0.000992 0.000000 0.000368 -0.000930 0.000000 0.000368 -0.000930 0.000000 0.000982 0.000187 0.000000 0.000982 0.000187 0.000000 0.000982 -0.000187 0.000000 0.000982 -0.000187 0.000000 -0.000951 -0.000309 0.000000 -0.000951 -0.000309 0.000000 -0.000982 -0.000187 0.000000 -0.000982 -0.000187 0.000000 0.000685 -0.000729 0.000000 0.000771 -0.000637 0.000000 0.000771 -0.000637 0.000000 0.000771 -0.000637 0.000000 0.000770 -0.000637 -0.000000 0.000771 -0.000637 0.000000 0.000770 -0.000637 -0.000000 0.000770 -0.000637 -0.000000 0.000771 -0.000637 0.000000 0.000770 -0.000638 -0.000000 0.000771 -0.000637 0.000000 0.000770 -0.000637 -0.000000 0.000771 -0.000637 -0.000000 0.000771 -0.000637 -0.000000 0.000770 -0.000637 0.000000 0.000771 -0.000637 -0.000000 0.000770 -0.000637 0.000000 0.000770 -0.000637 0.000000 0.000770 -0.000637 0.000000 0.000771 -0.000637 0.000000 0.000771 -0.000637 -0.000000 0.000770 -0.000638 0.000000 0.000771 -0.000637 0.000000 0.000844 -0.000536 0.000000 0.000844 -0.000536 0.000000 0.000844 -0.000536 0.000000 0.000844 -0.000536 -0.000000 0.000844 -0.000536 -0.000000 0.000844 -0.000536 0.000000 0.000844 -0.000536 0.000000 0.000844 -0.000536 0.000000 0.000844 -0.000536 -0.000000 0.000844 -0.000536 0.000000 0.000844 -0.000536 0.000000 0.000844 -0.000536 -0.000000 0.000844 -0.000536 0.000000 0.000844 -0.000536 -0.000000 0.000249 -0.000969 0.000000 0.000249 -0.000969 0.000000 -0.000368 -0.000930 0.000000 -0.000368 -0.000930 0.000000 -0.000249 -0.000969 0.000000 -0.000249 -0.000969 0.000000 -0.000125 -0.000992 0.000000 -0.000125 -0.000992 0.000000 -0.000771 -0.000637 0.000000 -0.000771 -0.000637 0.000000 -0.000685 -0.000729 0.000000 0.000588 -0.000809 0.000000 0.000588 -0.000809 0.000000 0.000482 -0.000876 0.000000 0.000482 -0.000876 0.000000 0.000905 -0.000426 0.000000 0.000905 -0.000426 0.000000 0.000905 -0.000426 0.000000 0.000905 -0.000426 -0.000000 0.000905 -0.000426 0.000000 0.000905 -0.000426 0.000000 0.000905 -0.000426 -0.000000 0.000905 -0.000426 0.000000 0.000905 -0.000426 -0.000000 0.000905 -0.000426 -0.000000 0.000905 -0.000426 0.000000 0.000905 -0.000426 0.000000 0.000905 -0.000426 -0.000000 0.000905 -0.000426 -0.000000 0.000905 -0.000426 0.000000 0.000905 -0.000426 -0.000000 0.000905 -0.000426 -0.000000 0.000905 -0.000426 0.000000 0.000905 -0.000426 -0.000000 0.000905 -0.000426 0.000000 0.000905 -0.000426 0.000000 0.000905 -0.000426 0.000000 -0.000844 -0.000536 0.000000 -0.000844 -0.000536 0.000000 -0.000482 -0.000876 0.000000 -0.000482 -0.000876 0.000000 -0.000588 -0.000809 0.000000 -0.000588 -0.000809 0.000000 0.000905 0.000426 0.000000 0.000998 -0.000063 0.000000 0.000998 -0.000063 0.000000 0.000844 0.000536 0.000000 0.000249 0.000969 0.000000 0.000249 0.000969 0.000000 0.000368 0.000930 0.000000 0.000368 0.000930 0.000000 -0.000368 0.000930 0.000000 -0.000368 0.000930 0.000000 -0.000905 0.000426 0.000000 0.000685 0.000729 0.000000 0.000685 0.000729 0.000000 0.000125 0.000992 0.000000 0.000125 0.000992 0.000000 0.000482 0.000876 0.000000 0.000482 0.000876 0.000000 -0.000982 0.000187 0.000000 -0.000982 0.000187 0.000000 -0.000771 0.000637 0.000000 -0.000771 0.000637 0.000000 -0.000125 0.000992 0.000000 -0.000125 0.000992 0.000000 -0.000685 0.000729 0.000000 -0.000685 0.000729 0.000000 -0.000685 -0.000729 0.000000 -0.000685 -0.000729 0.000000 -0.000905 -0.000426 0.000000 0.000905 -0.000426 0.000000 0.000482 -0.000876 0.000000 0.000482 -0.000876 0.000000 0.000951 0.000309 0.000000 0.000951 0.000309 0.000000 0.000771 0.000637 0.000000 0.000771 0.000637 0.000000 0.000588 0.000809 0.000000 0.000588 0.000809 0.000000 -0.000998 0.000063 0.000000 -0.000998 0.000063 0.000000 -0.000951 0.000309 0.000000 -0.000951 0.000309 0.000000 -0.000844 0.000536 0.000000 -0.000249 0.000969 0.000000 -0.000249 0.000969 0.000000 -0.000588 0.000809 0.000000 -0.000588 0.000809 0.000000 -0.000482 0.000876 0.000000 -0.000482 0.000876 0.000000 0.000998 0.000063 0.000000 0.000998 0.000063 0.000000 0.000951 -0.000309 0.000000 0.000951 -0.000309 0.000000 -0.000844 -0.000536 0.000000 0.000771 -0.000637 0.000000 0.000771 -0.000637 0.000000 0.000125 -0.000992 0.000000 0.000125 -0.000992 0.000000 0.000982 0.000187 0.000000 0.000982 0.000187 0.000000 -0.000000 0.000000 0.001000 0.000000 0.000000 0.001000 0.000000 0.000000 0.001000 0.000000 0.000000 0.001000 -0.000000 0.000000 0.001000 0.000000 0.000000 0.001000 0.000000 0.000000 0.001000 -0.000000 0.000000 0.001000 0.000000 0.000000 0.001000 -0.000000 0.000000 0.001000 0.000000 0.000000 0.001000 -0.000000 0.000000 0.001000 0.000000 0.000000 0.001000 -0.000000 0.000000 0.001000 -0.000000 0.000000 0.001000 0.000000 0.000000 0.001000 -0.000000 0.000000 0.001000 -0.000000 0.000000 0.001000 0.000000 0.000000 0.001000 -0.000000 0.000000 0.001000 0.000000 0.000000 0.001000 0.000000 0.000000 0.001000 0.000000 0.000000 0.001000 0.000000 0.000000 0.001000 -0.000000 0.000000 0.001000 0.000000 0.000000 0.001000 -0.000000 0.000000 0.001000 0.000000 0.000000 0.001000 -0.000000 0.000000 0.001000 0.000000 0.000000 0.001000 -0.000000 0.000000 0.001000 0.000000 0.000000 0.001000 -0.000000 0.000000 0.001000 -0.000000 0.000000 0.001000 -0.000588 -0.000809 0.000000 -0.000588 -0.000809 0.000000 -0.000998 -0.000063 0.000000 -0.000998 -0.000063 0.000000 -0.000951 -0.000309 0.000000 -0.000951 -0.000309 0.000000 -0.000771 -0.000637 0.000000 -0.000771 -0.000637 0.000000 0.000844 -0.000536 0.000000 0.000368 -0.000930 0.000000 0.000368 -0.000930 0.000000 0.000249 -0.000969 0.000000 0.000249 -0.000969 0.000000 0.000685 -0.000729 0.000000 0.000685 -0.000729 0.000000 0.000982 -0.000187 0.000000 0.000982 -0.000187 0.000000 -0.000368 -0.000930 0.000000 -0.000368 -0.000930 0.000000 -0.000982 -0.000187 0.000000 -0.000982 -0.000187 0.000000 0.000588 -0.000809 0.000000 0.000588 -0.000809 0.000000 -0.000482 -0.000876 0.000000 -0.000482 -0.000876 0.000000 -0.000249 -0.000969 0.000000 -0.000249 -0.000969 0.000000 -0.000125 -0.000992 0.000000 -0.000125 -0.000992 0.000000 0.001000 -0.000000 0.000000 0.001000 0.000000 0.000000 0.001000 -0.000000 0.000000 0.001000 0.000000 0.000000 0.001000 0.000000 0.000000 0.001000 -0.000000 0.000000 0.001000 0.000000 0.000000 0.001000 0.000000 0.000000 0.000000 0.000000 0.001000 0.000000 0.000000 -0.001000 -0.000000 0.000000 -0.001000 0.000000 -0.000104 -0.000995 0.000000 -0.000104 -0.000995 0.000000 -0.000104 0.000995 0.000000 -0.000104 0.000995 0.000000 0.000669 -0.000743 0.000000 0.000669 -0.000743 0.000000 0.000669 -0.000743 0.000000 0.000914 -0.000407 0.000000 0.000914 -0.000407 0.000000 0.000309 -0.000951 0.000000 0.000309 -0.000951 0.000000 0.000309 0.000951 0.000000 0.000309 0.000951 0.000000 0.000669 0.000743 0.000000 0.000669 0.000743 0.000000 0.000669 0.000743 0.000000 0.000914 0.000407 0.000000 0.000914 0.000407 0.000000 -0.000978 -0.000208 0.000000 -0.000978 -0.000208 0.000000 -0.000105 -0.000995 0.000000 -0.000105 -0.000995 0.000000 -0.000809 -0.000588 0.000000 -0.000809 -0.000588 0.000000 -0.000105 0.000995 0.000000 -0.000105 0.000995 0.000000 -0.000500 0.000866 0.000000 -0.000500 0.000866 0.000000 -0.000500 0.000866 0.000000 -0.000500 -0.000866 0.000000 -0.000500 -0.000866 0.000000 -0.000500 -0.000866 0.000000 -0.000978 0.000208 0.000000 -0.000978 0.000208 0.000000 -0.000809 0.000588 0.000000 -0.000809 0.000588 0.000000 -0.000063 0.000998 0.000000 -0.000063 0.000998 0.000000 0.000063 -0.000998 0.000000 0.000063 -0.000998 0.000000 -0.000992 -0.000125 0.000000 -0.000992 -0.000125 0.000000 -0.000637 -0.000771 0.000000 -0.000637 -0.000771 0.000000 -0.000876 -0.000482 0.000000 -0.000876 -0.000482 0.000000 0.000536 0.000844 0.000000 0.000536 0.000844 0.000000 -0.000426 0.000905 0.000000 -0.000426 0.000905 0.000003 -0.000189 0.000982 0.000000 -0.000187 0.000982 0.000000 -0.000187 0.000982 0.000000 -0.000536 0.000844 0.000000 -0.000536 0.000844 0.000000 -0.000992 0.000125 0.000000 -0.000992 0.000125 0.000000 -0.000969 0.000249 0.000000 -0.000969 0.000249 0.000000 -0.000968 0.000249 0.000000 -0.000309 -0.000951 0.000000 -0.000309 -0.000951 0.000000 -0.000426 -0.000905 0.000000 -0.000426 -0.000905 0.000000 -0.000063 -0.000998 0.000000 -0.000063 -0.000998 0.000000 -0.000809 -0.000588 0.000000 -0.000809 -0.000588 0.000000 -0.000969 -0.000249 0.000000 -0.000968 -0.000249 0.000000 -0.000969 -0.000249 0.000000 0.000063 0.000998 0.000000 0.000063 0.000998 0.000000 0.000969 0.000249 0.000000 0.000969 0.000249 0.000000 -0.000309 0.000951 0.000000 -0.000309 0.000951 0.000000 -0.000637 0.000771 0.000000 -0.000637 0.000771 0.000000 -0.000809 0.000588 0.000000 -0.000809 0.000588 0.000000 -0.000930 0.000368 0.000000 -0.000930 0.000368 0.000000 -0.000876 0.000482 0.000000 -0.000876 0.000482 0.000000 -0.000536 -0.000844 0.000000 -0.000536 -0.000844 0.000003 -0.000189 -0.000982 0.000000 -0.000187 -0.000982 0.000000 -0.000187 -0.000982 0.000000 0.000809 0.000588 0.000000 0.000809 0.000588 0.000000 0.000309 0.000951 0.000000 0.000309 0.000951 -0.000001 0.000426 0.000905 0.000000 0.000426 0.000905 0.000000 0.000426 0.000905 0.000000 0.000187 0.000982 0.000000 0.000187 0.000982 0.000000 0.000876 0.000482 0.000000 0.000876 0.000482 0.000000 0.000930 0.000368 0.000000 0.000930 0.000368 0.000000 -0.000729 0.000685 0.000000 -0.000729 0.000685 0.000000 -0.000729 -0.000685 0.000000 -0.000729 -0.000685 0.000000 -0.000930 -0.000368 0.000000 -0.000930 -0.000368 0.001000 -0.000000 0.000000 0.001000 -0.000000 0.000000 0.001000 0.000000 0.000000 0.001000 0.000000 0.000000 0.001000 -0.000000 0.000000 0.001000 0.000000 0.000000 0.001000 0.000000 0.000000 0.001000 -0.000000 0.000000 0.001000 0.000000 0.000000 0.001000 -0.000000 0.000000 0.001000 -0.000000 0.000000 0.001000 -0.000000 0.000000 0.001000 0.000000 0.000000 0.001000 -0.000000 0.000000 0.001000 0.000000 0.000000 0.001000 0.000000 0.000000 0.001000 0.000000 0.000000 0.001000 -0.000000 0.000000 0.001000 0.000000 0.000000 0.001000 -0.000000 0.000000 0.001000 0.000000 0.000000 0.001000 0.000000 0.000000 0.001000 -0.000000 0.000000 0.001000 0.000000 0.000000 0.001000 -0.000000 0.000000 0.001000 0.000000 0.000000 0.001000 0.000000 0.000000 0.001000 -0.000000 0.000000 0.001000 0.000000 0.000000 0.000000 0.000969 -0.000249 0.000000 0.000969 -0.000249 0.000000 0.000637 -0.000771 0.000000 0.000637 -0.000771 0.000000 0.000309 -0.000951 0.000000 0.000309 -0.000951 0.000000 0.000729 0.000685 0.000000 0.000729 0.000685 0.000000 0.000637 0.000771 0.000000 0.000637 0.000771 0.000000 0.000992 0.000125 0.000000 0.000992 0.000125 0.000000 0.000876 -0.000482 0.000000 0.000876 -0.000482 0.000000 0.000809 -0.000588 0.000000 0.000809 -0.000588 0.000000 0.000729 -0.000685 0.000000 0.000729 -0.000685 -0.000000 0.000426 -0.000905 0.000000 0.000426 -0.000905 0.000000 0.000426 -0.000905 0.000000 0.000187 -0.000982 0.000000 0.000187 -0.000982 0.000000 0.000992 -0.000125 0.000000 0.000992 -0.000125 0.000000 0.000930 -0.000368 0.000000 0.000930 -0.000368 0.000000 0.000536 -0.000844 0.000000 0.000536 -0.000844 0.000905 0.000426 0.000000 0.000905 0.000426 0.000000 0.000844 0.000536 0.000000 0.000844 0.000536 0.000000 0.000368 0.000930 0.000000 0.000368 0.000930 0.000000 0.000368 0.000930 -0.000000 0.000368 0.000930 0.000000 0.000368 0.000930 0.000000 0.000368 0.000930 0.000000 -0.000249 0.000969 0.000000 -0.000844 0.000536 0.000000 0.000982 -0.000187 0.000000 0.000982 -0.000187 0.000000 0.000482 0.000876 0.000000 0.000482 0.000876 0.000000 0.000482 0.000876 0.000000 0.000482 0.000876 0.000000 -0.000588 0.000809 0.000000 -0.000588 0.000809 0.000000 -0.000125 0.000992 0.000000 -0.000125 0.000992 0.000000 -0.000482 0.000876 0.000000 0.000998 -0.000063 0.000000 0.000482 -0.000876 0.000000 0.000482 -0.000876 0.000000 0.000482 -0.000876 0.000000 0.000482 -0.000876 0.000000 0.000951 -0.000309 0.000000 0.000951 -0.000309 0.000000 0.000982 0.000187 0.000000 0.000982 0.000187 0.000000 0.000951 0.000309 0.000000 0.000951 0.000309 0.000000 0.000685 0.000729 0.000000 0.000685 0.000729 0.000000 0.000685 0.000729 0.000000 0.000685 0.000729 -0.000000 0.000685 0.000729 0.000000 0.000685 0.000729 0.000000 0.000249 0.000969 0.000000 0.000125 0.000992 0.000000 0.000125 0.000992 0.000000 0.000588 0.000809 0.000000 0.000588 0.000809 0.000000 0.000588 0.000809 0.000000 0.000588 0.000809 0.000000 0.000588 0.000809 0.000000 0.000588 0.000809 0.000000 -0.000998 0.000063 0.000000 -0.000998 0.000063 0.000000 -0.000905 0.000426 0.000000 -0.000905 0.000426 0.000000 -0.000951 0.000309 0.000000 -0.000951 0.000309 0.000000 -0.000771 0.000637 0.000000 -0.000771 0.000637 0.000000 -0.000685 0.000729 0.000000 -0.000685 0.000729 0.000000 -0.000369 0.000929 0.000000 -0.000369 0.000929 -0.000000 -0.000369 0.000929 0.000000 -0.000369 0.000929 0.000000 -0.000369 0.000929 0.000000 -0.000369 0.000929 0.000000 -0.000369 0.000929 -0.000000 -0.000369 0.000929 0.000000 -0.000369 0.000929 0.000000 -0.000369 0.000929 0.000000 -0.000368 0.000930 0.000000 -0.000368 0.000930 0.000000 0.000998 0.000063 0.000000 0.000125 -0.000992 0.000000 0.000125 -0.000992 0.000000 0.000771 0.000637 0.000000 0.000771 0.000637 0.000000 -0.000982 0.000187 0.000000 -0.000982 0.000187 0.000000 0.000844 -0.000536 0.000000 0.000844 -0.000536 0.000000 0.000905 -0.000426 0.000000 0.000905 -0.000426 0.000000 -0.000998 -0.000063 0.000000 -0.000998 -0.000063 0.000000 -0.000982 -0.000187 0.000000 -0.000982 -0.000187 0.000000 -0.000588 -0.000809 0.000000 -0.000588 -0.000809 0.000000 -0.000685 -0.000729 0.000000 -0.000685 -0.000729 0.000000 0.000368 -0.000930 -0.000000 0.000368 -0.000930 0.000000 0.000368 -0.000930 0.000000 0.000368 -0.000930 0.000000 0.000368 -0.000930 0.000000 0.000368 -0.000930 0.000000 0.000249 -0.000969 0.000000 0.000685 -0.000729 0.000000 0.000685 -0.000729 0.000000 0.000685 -0.000729 0.000000 0.000685 -0.000729 0.000000 0.000685 -0.000729 0.000000 0.000685 -0.000729 -0.000000 -0.000369 -0.000929 0.000000 -0.000369 -0.000929 -0.000000 -0.000369 -0.000929 0.000000 -0.000369 -0.000929 0.000000 -0.000369 -0.000929 0.000000 -0.000369 -0.000929 0.000000 -0.000369 -0.000929 -0.000000 -0.000369 -0.000929 0.000000 -0.000369 -0.000929 0.000000 -0.000369 -0.000929 0.000000 -0.000368 -0.000930 0.000000 -0.000368 -0.000930 0.000000 -0.000771 -0.000637 0.000000 -0.000771 -0.000637 0.000000 -0.000905 -0.000426 0.000000 -0.000905 -0.000426 0.000000 -0.000951 -0.000309 0.000000 -0.000951 -0.000309 0.000000 -0.000844 -0.000536 0.000000 0.000771 -0.000637 0.000000 0.000771 -0.000637 0.000000 0.000588 -0.000809 0.000000 0.000588 -0.000809 0.000000 0.000588 -0.000809 0.000000 0.000588 -0.000809 0.000000 0.000588 -0.000809 0.000000 0.000588 -0.000809 0.000000 -0.000125 -0.000992 0.000000 -0.000125 -0.000992 0.000000 -0.000249 -0.000969 0.000000 -0.000482 -0.000876 0.000000 -0.000000 0.000000 -0.001000 0.000000 0.000000 -0.001000 -0.000000 0.000000 -0.001000 0.000000 0.000000 -0.001000 0.000000 0.000000 -0.001000 0.000000 0.000000 -0.001000 -0.000000 0.000000 -0.001000 -0.000000 0.000000 -0.001000 -0.000000 0.000000 -0.001000 0.000000 0.000000 -0.001000 0.000000 0.000000 -0.001000 0.000000 0.000000 -0.001000 0.000000 0.000000 -0.001000 0.000000 0.000000 -0.001000 0.000000 0.000000 -0.001000 0.000000 0.000000 -0.001000 -0.000000 0.000000 -0.001000 0.000000 0.000000 -0.001000 -0.000000 0.000000 -0.001000 0.000000 0.000000 -0.001000 0.000000 0.000000 -0.001000 -0.000000 0.000000 -0.001000 0.000000 0.000000 -0.001000 -0.000000 0.000000 -0.001000 0.000000 0.000000 -0.001000 -0.000000 0.000000 -0.001000 -0.000000 0.000000 -0.001000 0.000000 0.000000 -0.001000 -0.000000 0.000000 -0.001000 -0.000000 0.000000 -0.001000 0.000000 0.000000 -0.001000 0.000000 0.000000 -0.001000 0.000000 0.000000 -0.001000 -0.000000 0.000000 -0.001000 0.000000 0.000000 -0.001000 -0.000000 0.000000 -0.001000 0.000000 0.000000 -0.001000 -0.000000 0.000000 -0.001000 0.000000 0.000000 -0.001000 0.000000 0.000000 -0.001000 0.000000 0.000000 -0.001000 -0.000000 0.000000 -0.001000 -0.000000 0.000000 -0.001000 0.000000 0.000000 -0.001000 0.000000 0.000000 -0.001000 -0.000000 0.000000 -0.001000 0.000000 0.000000 -0.001000 0.000000 0.000000 -0.001000 0.000000 0.000000 -0.001000 0.000000 0.000000 -0.001000 -0.000000 0.000000 -0.001000 -0.000000 0.000000 -0.001000 0.000000 0.000000 -0.001000 -0.000000 0.000000 -0.001000 0.000000 0.000000 -0.001000 -0.000000 0.000000 -0.001000 0.000000 0.000000 -0.001000 0.000000 0.000000 -0.001000 -0.000000 0.000000 -0.001000 0.000000 0.000000 -0.001000 -0.000482 0.000876 0.000000 -0.000515 0.000857 0.000000 -0.000515 0.000857 0.000000 0.000249 0.000969 0.000000 0.000249 0.000969 0.000000 -0.000368 0.000930 0.000000 -0.000368 0.000930 0.000000 0.000998 0.000063 0.000000 0.000998 0.000063 0.000000 0.000979 -0.000203 0.000000 0.000979 -0.000203 0.000000 0.000000 0.000000 0.001000 -0.000000 0.000000 0.001000 -0.000000 0.000000 0.001000 0.000000 0.000000 0.001000 0.000000 0.000000 0.001000 0.000000 0.000000 0.001000 -0.000000 0.000000 0.001000 0.000000 0.000000 0.001000 0.000000 0.000000 0.001000 0.000000 0.000000 0.001000 -0.000000 0.000000 0.001000 0.000000 0.000000 0.001000 0.000000 0.000000 0.001000 -0.000000 0.000000 0.001000 0.000000 0.000000 0.001000 0.000000 0.000000 0.001000 -0.000000 0.000000 0.001000 0.000000 0.000000 0.001000 0.000125 0.000992 0.000000 0.000125 0.000992 0.000000 0.000368 0.000930 0.000000 0.000368 0.000930 0.000000 -0.000125 0.000992 0.000000 -0.000125 0.000992 0.000000 -0.000249 0.000969 0.000000 -0.000249 0.000969 0.000000 0.000982 0.000187 0.000000 0.000982 0.000187 0.000000 0.000998 -0.000063 0.000000 0.000998 -0.000063 0.000000 0.000982 -0.000187 0.000000 0.000982 -0.000187 0.000000 0.000685 0.000729 0.000000 0.000685 0.000729 0.000000 0.000844 0.000536 0.000000 0.000844 0.000536 0.000000 0.000951 0.000309 0.000000 0.000951 0.000309 0.000000 0.000482 0.000876 0.000000 0.000588 0.000809 0.000000 0.000588 0.000809 0.000000 0.000771 0.000637 0.000000 0.000771 0.000637 0.000000 0.000905 0.000426 0.000000 0.000905 0.000426 0.000000 -0.000998 0.000063 0.000000 -0.000998 0.000063 0.000000 0.000249 0.000969 0.000000 0.000256 0.000967 0.000000 0.000256 0.000967 0.000000 -0.000368 0.000930 0.000000 -0.000368 0.000930 0.000000 -0.000905 0.000426 0.000000 -0.000905 0.000426 0.000000 -0.000951 0.000309 0.000000 -0.000951 0.000309 0.000000 0.000000 0.000000 -0.001000 -0.000000 0.000000 -0.001000 0.000000 0.000000 -0.001000 -0.000000 0.000000 -0.001000 0.000000 0.000000 -0.001000 -0.000000 0.000000 -0.001000 0.000000 0.000000 -0.001000 -0.000000 0.000000 -0.001000 -0.000000 0.000000 -0.001000 -0.000000 0.000000 -0.001000 0.000000 0.000000 -0.001000 -0.000000 0.000000 -0.001000 0.000000 0.000000 -0.001000 0.000000 0.000000 -0.001000 0.000000 0.000000 -0.001000 -0.000000 0.000000 -0.001000 0.000000 0.000000 -0.001000 0.000000 0.000000 -0.001000 0.000000 0.000000 -0.001000 -0.000000 0.000000 -0.001000 -0.000125 0.000992 0.000000 -0.000249 0.000969 0.000000 -0.000588 0.000809 0.000000 -0.000588 0.000809 0.000000 -0.000482 0.000876 0.000000 -0.000482 0.000876 0.000000 -0.000685 0.000729 0.000000 -0.000685 0.000729 0.000000 -0.000771 0.000637 0.000000 -0.000771 0.000637 0.000000 -0.000844 0.000536 0.000000 -0.000844 0.000536 0.000000 -0.000982 0.000187 0.000000 -0.000000 0.000000 0.001000 0.000000 0.000000 0.001000 0.000000 0.000000 0.001000 0.000000 0.000000 0.001000 -0.000000 0.000000 0.001000 0.000000 0.000000 0.001000 -0.000000 0.000000 0.001000 0.000000 0.000000 0.001000 -0.000000 0.000000 0.001000 0.000000 0.000000 0.001000 -0.000000 0.000000 0.001000 0.000000 0.000000 0.001000 -0.000000 0.000000 0.001000 0.000000 0.000000 0.001000 0.000000 0.000000 0.001000 -0.000000 0.000000 0.001000 0.000000 0.000000 0.001000 -0.000000 0.000000 0.001000 0.000000 0.000000 0.001000 0.000000 0.000000 0.001000 0.000000 0.000000 0.001000 -0.000000 0.000000 0.001000 0.000000 0.000000 0.001000 -0.000951 -0.000309 0.000000 -0.000951 -0.000309 0.000000 -0.000905 -0.000426 0.000000 -0.000905 -0.000426 0.000000 0.000125 0.000992 0.000000 -0.000982 -0.000187 0.000000 -0.000998 -0.000063 0.000000 -0.000998 -0.000063 0.000000 -0.000844 -0.000536 0.000000 -0.000844 -0.000536 0.000000 -0.000515 -0.000857 0.000000 -0.000515 -0.000857 0.000000 0.000979 0.000203 0.000000 0.000979 0.000203 0.000000 0.000982 0.000187 0.000000 0.000982 0.000187 0.000000 0.000844 -0.000536 0.000000 0.000844 -0.000536 0.000000 0.000249 -0.000969 0.000000 0.000249 -0.000969 0.000000 0.000368 -0.000930 0.000000 0.000368 -0.000930 0.000000 0.000685 -0.000729 0.000000 0.000685 -0.000729 0.000000 0.000588 -0.000809 0.000000 0.000588 -0.000809 0.000000 0.000125 -0.000992 0.000000 0.000125 -0.000992 0.000000 0.000982 -0.000187 0.000000 0.000982 -0.000187 0.000000 0.000951 -0.000309 0.000000 0.000951 -0.000309 0.000000 -0.000249 -0.000969 0.000000 -0.000249 -0.000969 0.000000 0.000905 -0.000426 0.000000 0.000905 -0.000426 0.000000 0.000482 -0.000876 0.000000 0.000771 -0.000637 0.000000 0.000771 -0.000637 0.000000 -0.000482 -0.000876 0.000000 -0.000125 -0.000992 0.000000 -0.000125 -0.000992 0.000000 -0.000368 -0.000930 0.000000 -0.000368 -0.000930 0.000000 -0.000588 -0.000809 0.000000 -0.000588 -0.000809 0.000000 0.000249 -0.000969 0.000000 0.000256 -0.000967 0.000000 0.000256 -0.000967 0.000000 -0.000000 0.000000 -0.001000 -0.000000 0.000000 -0.001000 0.000000 0.000000 -0.001000 0.000000 0.000000 -0.001000 -0.000685 -0.000729 0.000000 -0.000685 -0.000729 0.000000 0.000125 -0.000992 0.000000 0.000000 0.000000 0.001000 -0.000000 0.000000 0.001000 0.000000 0.000000 0.001000 -0.000000 0.000000 0.001000 0.000000 0.000000 0.001000 0.000000 0.000000 0.001000 0.000000 0.000000 0.001000 -0.000000 0.000000 0.001000 0.000000 0.000000 0.001000 -0.000771 -0.000637 0.000000 -0.000771 -0.000637 0.000000 -0.000844 -0.000536 0.000000 -0.000844 -0.000536 0.000000 -0.000368 -0.000930 0.000000 -0.000368 -0.000930 0.000000 -0.000125 -0.000992 0.000000 -0.000482 -0.000876 0.000000 -0.000482 -0.000876 0.000000 -0.000249 -0.000969 0.000000 -0.000844 0.000536 0.000000 -0.000844 0.000536 0.000000 0.000905 0.000426 0.000000 0.000905 0.000426 0.000000 0.000844 0.000536 0.000000 0.000844 0.000536 0.000000 0.000368 0.000930 0.000000 -0.000249 0.000969 0.000000 -0.000249 0.000969 0.000000 -0.000844 0.000536 0.000000 -0.000844 0.000536 0.000000 0.000982 -0.000187 0.000000 0.000982 -0.000187 0.000000 -0.000982 0.000187 0.000000 -0.000982 0.000187 0.000000 -0.000588 0.000809 0.000000 -0.000588 0.000809 0.000000 -0.000125 0.000992 0.000000 -0.000482 0.000876 0.000000 0.000998 -0.000063 0.000000 0.000998 -0.000063 0.000000 0.000951 -0.000309 0.000000 0.000951 0.000309 0.000000 0.000685 0.000729 0.000000 0.000249 0.000969 0.000000 0.000249 0.000969 0.000000 0.000125 0.000992 0.000000 -0.000998 0.000063 0.000000 0.000000 0.000000 0.001000 -0.000000 0.000000 0.001000 -0.000000 0.000000 0.001000 0.000000 0.000000 0.001000 -0.000000 0.000000 0.001000 0.000000 0.000000 0.001000 -0.000000 0.000000 0.001000 0.000000 0.000000 0.001000 0.000000 0.000000 0.001000 -0.000000 0.000000 0.001000 -0.000000 0.000000 0.001000 -0.000000 0.000000 0.001000 0.000000 0.000000 0.001000 -0.000000 0.000000 0.001000 0.000000 0.000000 0.001000 0.000000 0.000000 0.001000 -0.000000 0.000000 0.001000 -0.000000 0.000000 0.001000 0.000000 0.000000 0.001000 0.000000 0.000000 0.001000 -0.000000 0.000000 0.001000 -0.000000 0.000000 0.001000 0.000000 0.000000 0.001000 -0.000000 0.000000 0.001000 -0.000000 0.000000 0.001000 0.000000 0.000000 0.001000 0.000000 0.000000 0.001000 0.000000 0.000000 0.001000 0.000000 0.000000 0.001000 0.000000 0.000000 0.001000 -0.000000 0.000000 0.001000 0.000000 0.000000 0.001000 -0.000000 0.000000 0.001000 0.000000 0.000000 0.001000 0.000000 0.000000 0.001000 -0.000000 0.000000 0.001000 -0.000000 0.000000 0.001000 0.000000 0.000000 0.001000 0.000000 0.000000 0.001000 -0.000000 0.000000 0.001000 0.000000 0.000000 0.001000 0.000000 0.000000 0.001000 -0.000000 0.000000 0.001000 0.000000 0.000000 0.001000 0.000000 0.000000 0.001000 0.000000 0.000000 0.001000 -0.000000 0.000000 0.001000 -0.000000 0.000000 0.001000 0.000000 0.000000 0.001000 -0.000000 0.000000 0.001000 -0.000000 0.000000 0.001000 -0.000000 0.000000 0.001000 -0.000000 0.000000 0.001000 0.000000 0.000000 0.001000 0.000000 0.000000 0.001000 -0.000000 0.000000 0.001000 0.000000 0.000000 0.001000 0.000000 0.000000 0.001000 -0.000000 0.000000 0.001000 0.000000 0.000000 0.001000 -0.000000 0.000000 0.001000 0.000000 0.000000 0.001000 -0.000000 0.000000 0.001000 0.000000 0.000000 0.001000 0.000000 0.000000 0.001000 -0.000000 0.000000 0.001000 -0.000000 0.000000 0.001000 -0.000000 0.000000 0.001000 0.000000 0.000000 0.001000 0.000000 0.000000 0.001000 -0.000000 0.000000 0.001000 0.000000 0.000000 0.001000 0.000000 0.000000 0.001000 0.000000 0.000000 0.001000 -0.000000 0.000000 0.001000 0.000000 0.000000 0.001000 0.000000 0.000000 0.001000 0.000000 0.000000 0.001000 0.000000 0.000000 0.001000 -0.000000 0.000000 0.001000 0.000000 0.000000 0.001000 -0.000000 0.000000 0.001000 -0.000000 0.000000 0.001000 0.000000 0.000000 0.001000 -0.000000 0.000000 0.001000 0.000000 0.000000 0.001000 -0.000905 0.000426 0.000000 -0.000951 0.000309 0.000000 -0.000951 0.000309 0.000000 -0.000771 0.000637 0.000000 -0.000771 0.000637 0.000000 -0.000685 0.000729 0.000000 -0.000685 0.000729 0.000000 -0.000369 0.000929 0.000000 -0.000369 0.000929 0.000000 -0.000369 0.000929 0.000000 -0.000368 0.000930 0.000000 0.000998 0.000063 0.000000 0.000998 0.000063 0.000000 -0.000951 -0.000309 0.000000 -0.000951 -0.000309 0.000000 0.000000 0.000000 -0.001000 -0.000000 0.000000 -0.001000 0.000000 0.000000 -0.001000 -0.000000 0.000000 -0.001000 -0.000000 0.000000 -0.001000 0.000000 0.000000 -0.001000 -0.000000 0.000000 -0.001000 0.000000 0.000000 -0.001000 -0.000000 0.000000 -0.001000 0.000000 0.000000 -0.001000 -0.000000 0.000000 -0.001000 0.000000 0.000000 -0.001000 0.000000 0.000000 -0.001000 0.000000 0.000000 -0.001000 -0.000000 0.000000 -0.001000 -0.000000 0.000000 -0.001000 0.000000 0.000000 -0.001000 -0.000000 0.000000 -0.001000 -0.000000 0.000000 -0.001000 0.000000 0.000000 -0.001000 -0.000000 0.000000 -0.001000 -0.000000 0.000000 -0.001000 -0.000000 0.000000 -0.001000 0.000000 0.000000 -0.001000 0.000000 0.000000 -0.001000 -0.000000 0.000000 -0.001000 0.000000 0.000000 -0.001000 0.000000 0.000000 -0.001000 -0.000000 0.000000 -0.001000 0.000000 0.000000 -0.001000 -0.000000 0.000000 -0.001000 -0.000000 0.000000 -0.001000 0.000000 0.000000 -0.001000 0.000000 0.000000 -0.001000 -0.000000 0.000000 -0.001000 0.000000 0.000000 -0.001000 -0.000000 0.000000 -0.001000 -0.000000 0.000000 -0.001000 0.000000 0.000000 -0.001000 -0.000000 0.000000 -0.001000 0.000000 0.000000 -0.001000 -0.000000 0.000000 -0.001000 0.000000 0.000000 -0.001000 0.000000 0.000000 -0.001000 0.000000 0.000000 -0.001000 0.000000 0.000000 -0.001000 -0.000000 0.000000 -0.001000 -0.000000 0.000000 -0.001000 0.000000 0.000000 -0.001000 0.000000 0.000000 -0.001000 0.000000 0.000000 -0.001000 -0.000000 0.000000 -0.001000 0.000000 0.000000 -0.001000 0.000000 0.000000 -0.001000 -0.000000 0.000000 -0.001000 -0.000000 0.000000 -0.001000 -0.000000 0.000000 -0.001000 0.000000 0.000000 -0.001000 0.000000 0.000000 -0.001000 0.000000 0.000000 -0.001000 0.000000 0.000000 -0.001000 -0.000000 0.000000 -0.001000 0.000000 0.000000 -0.001000 0.000000 0.000000 -0.001000 0.000000 0.000000 -0.001000 -0.000000 0.000000 -0.001000 -0.000000 0.000000 -0.001000 0.000000 0.000000 -0.001000 -0.000000 0.000000 -0.001000 0.000000 0.000000 -0.001000 -0.000000 0.000000 -0.001000 -0.000000 0.000000 -0.001000 -0.000000 0.000000 -0.001000 -0.000000 0.000000 -0.001000 0.000000 0.000000 -0.001000 -0.000000 0.000000 -0.001000 0.000000 0.000000 -0.001000 -0.000000 0.000000 -0.001000 -0.000000 0.000000 -0.001000 0.000000 0.000000 -0.001000 0.000000 0.000000 -0.001000 -0.000000 0.000000 -0.001000 0.000000 0.000000 -0.001000 0.000125 -0.000992 0.000000 0.000982 0.000187 0.000000 0.000982 0.000187 0.000000 0.000771 0.000637 0.000000 0.000771 0.000637 0.000000 0.000771 -0.000637 0.000000 0.000771 -0.000637 0.000000 0.000844 -0.000536 0.000000 0.000844 -0.000536 0.000000 -0.000998 -0.000063 0.000000 -0.000685 -0.000729 0.000000 -0.000685 -0.000729 0.000000 0.000368 -0.000930 0.000000 0.000249 -0.000969 0.000000 0.000249 -0.000969 0.000000 0.000685 -0.000729 0.000000 0.000905 -0.000426 0.000000 0.000905 -0.000426 0.000000 -0.000369 -0.000929 0.000000 -0.000369 -0.000929 0.000000 -0.000369 -0.000929 0.000000 -0.000368 -0.000930 0.000000 -0.000771 -0.000637 0.000000 -0.000771 -0.000637 0.000000 -0.000905 -0.000426 0.000000 -0.000982 -0.000187 0.000000 -0.000982 -0.000187 0.000000 -0.000844 -0.000536 0.000000 -0.000844 -0.000536 0.000000 -0.000249 -0.000969 0.000000 -0.000249 -0.000969 0.000000 -0.000125 -0.000992 0.000000 -0.000482 -0.000876 0.000000 -0.000588 -0.000809 0.000000 -0.000588 -0.000809 0.000000 0.000998 -0.000063 0.000000 0.000998 -0.000063 0.000000 0.000979 -0.000203 0.000000 0.000979 -0.000203 0.000000 0.000982 -0.000187 0.000000 0.000982 -0.000187 0.000000 -0.000515 0.000857 0.000000 -0.000515 0.000857 0.000000 -0.000249 0.000969 0.000000 0.000125 0.000992 0.000000 0.000125 0.000992 0.000000 0.000368 0.000930 0.000000 0.000482 0.000876 0.000000 -0.000125 0.000992 0.000000 -0.000125 0.000992 0.000000 0.000249 0.000969 0.000000 0.000951 0.000309 0.000000 0.000951 0.000309 0.000000 0.000588 0.000809 0.000000 0.000588 0.000809 0.000000 -0.000482 0.000876 0.000000 -0.000368 0.000930 0.000000 0.000844 0.000536 0.000000 0.000982 0.000187 0.000000 0.000982 0.000187 0.000000 0.000685 0.000729 0.000000 0.000685 0.000729 0.000000 0.000771 0.000637 0.000000 0.000905 0.000426 0.000000 0.000905 0.000426 0.000000 0.000998 0.000063 0.000000 0.000998 0.000063 0.000000 0.000256 0.000967 0.000000 -0.000588 0.000809 0.000000 -0.000588 0.000809 0.000000 0.000249 0.000969 0.000000 0.000125 0.000992 0.000000 -0.000905 0.000426 0.000000 -0.000905 0.000426 0.000000 -0.000368 0.000930 0.000000 -0.000368 0.000930 0.000000 -0.000249 0.000969 0.000000 -0.000998 0.000063 0.000000 -0.000998 0.000063 0.000000 -0.000771 0.000637 0.000000 -0.000771 0.000637 0.000000 -0.000685 0.000729 0.000000 -0.000951 0.000309 0.000000 -0.000951 0.000309 0.000000 -0.000844 0.000536 0.000000 -0.000482 0.000876 0.000000 -0.000482 0.000876 0.000000 -0.000125 0.000992 0.000000 -0.000998 -0.000063 0.000000 -0.000998 -0.000063 0.000000 -0.000905 -0.000426 0.000000 -0.000905 -0.000426 0.000000 -0.000951 -0.000309 0.000000 -0.000951 -0.000309 0.000000 -0.000982 0.000187 0.000000 -0.000982 -0.000187 0.000000 -0.000844 -0.000536 0.000000 -0.000515 -0.000857 0.000000 -0.000515 -0.000857 0.000000 0.000979 0.000203 0.000000 0.000979 0.000203 0.000000 0.000982 0.000187 0.000000 0.000982 0.000187 0.000000 0.000844 -0.000536 0.000000 0.000249 -0.000969 0.000000 0.000771 -0.000637 0.000000 0.000588 -0.000809 0.000000 0.000588 -0.000809 0.000000 0.000951 -0.000309 0.000000 0.000951 -0.000309 0.000000 0.000685 -0.000729 0.000000 0.000685 -0.000729 0.000000 0.000482 -0.000876 0.000000 0.000368 -0.000930 0.000000 0.000125 -0.000992 0.000000 0.000125 -0.000992 0.000000 0.000982 -0.000187 0.000000 0.000982 -0.000187 0.000000 0.000905 -0.000426 0.000000 0.000905 -0.000426 0.000000 -0.000482 -0.000876 0.000000 -0.000125 -0.000992 0.000000 -0.000125 -0.000992 0.000000 -0.000249 -0.000969 0.000000 -0.000368 -0.000930 0.000000 0.000249 -0.000969 0.000000 0.000256 -0.000967 0.000000 -0.000482 -0.000876 0.000000 -0.000482 -0.000876 0.000000 -0.000844 0.000536 0.000000 -0.000771 -0.000637 0.000000 -0.000771 -0.000637 0.000000 -0.000368 -0.000930 0.000000 -0.000368 -0.000930 0.000000 -0.000588 -0.000809 0.000000 -0.000588 -0.000809 0.000000 -0.000249 -0.000969 0.000000 0.000125 -0.000992 0.000000 -0.000844 -0.000536 0.000000 -0.000685 -0.000729 0.000000 -0.000125 -0.000992 0.000000 0.000000 -0.001000 0.000000 0.000866 0.000500 0.000000 0.000866 0.000500 0.000000 0.000866 0.000500 0.000000 0.000866 0.000500 0.000000 0.000866 -0.000500 0.000000 0.000866 -0.000500 0.000000 0.000866 -0.000500 0.000000 0.000866 -0.000500 0.000000 -0.000866 0.000500 0.000000 -0.000866 0.000500 0.000000 -0.000866 0.000500 0.000000 -0.000866 0.000500 0.000000 -0.000866 -0.000500 0.000000 -0.000866 -0.000500 0.000000 -0.000866 -0.000500 0.000000 -0.000866 -0.000500 0.000000 -0.000866 -0.000500 0.000000 -0.000866 -0.000500 0.000000 0.000866 0.000500 0.000000 0.000866 0.000500 0.000000 0.000866 0.000500 0.000000 0.000866 0.000500 0.000000 0.000866 0.000500 0.000000 0.000866 0.000500 0.000000 0.000866 -0.000500 0.000000 0.000866 -0.000500 0.000000 0.000866 -0.000500 0.000000 0.000866 -0.000500 0.000000 -0.000866 0.000500 0.000000 -0.000866 0.000500 0.000000 -0.000866 -0.000500 0.000000 -0.000866 -0.000500 0.000000 -0.000866 -0.000500 0.000000 -0.000866 -0.000500 0.000000 -0.000866 -0.000500 0.000000 -0.000866 0.000500 0.000000 -0.000866 0.000500 0.000000 -0.000866 0.000500 0.000000 -0.000866 0.000500 0.000000 0.000000 0.001000 0.000000 -0.000866 -0.000500 0.000000 -0.000866 -0.000500 0.000000 0.000866 0.000500 0.000000 0.000866 0.000500 0.000000 0.000866 -0.000500 0.000000 0.000866 -0.000500 0.000000 0.000866 -0.000500 0.000000 0.000866 -0.000500 -0.000000 -0.000866 0.000500 0.000000 -0.000866 0.000500 -0.000000 -0.000866 0.000500 0.000000 -0.000866 0.000500 0.000000 -0.000866 -0.000500 0.000000 0.000998 0.000063 0.000000 0.000998 0.000063 0.000000 0.000998 0.000063 0.000000 -0.000998 0.000063 0.000000 -0.000998 0.000063 0.000000 -0.000998 0.000063 0.000000 -0.000998 0.000063 0.000000 0.000685 0.000729 0.000000 0.000685 0.000729 0.000000 0.000685 0.000729 0.000000 0.000685 0.000729 0.000000 -0.000685 0.000729 0.000000 -0.000685 0.000729 0.000000 -0.000685 0.000729 0.000000 -0.000685 0.000729 0.000000 -0.000368 0.000930 0.000000 -0.000368 0.000930 0.000000 -0.000368 0.000930 0.000000 -0.000368 0.000930 0.000000 0.000844 -0.000536 0.000000 0.000844 -0.000536 0.000000 0.000844 -0.000536 0.000000 0.000844 -0.000536 0.000000 0.000905 0.000426 0.000000 0.000905 0.000426 0.000000 0.000905 0.000426 0.000000 0.000905 0.000426 0.000000 0.000844 0.000536 0.000000 0.000844 0.000536 0.000000 0.000844 0.000536 0.000000 0.000844 0.000536 0.000000 0.000368 0.000930 0.000000 0.000368 0.000930 0.000000 0.000368 0.000930 0.000000 0.000249 0.000969 0.000000 0.000249 0.000969 0.000000 0.000249 0.000969 0.000000 0.000482 0.000876 0.000000 0.000482 0.000876 0.000000 0.000482 0.000876 0.000000 0.000482 0.000876 0.000000 -0.000844 0.000536 0.000000 -0.000844 0.000536 0.000000 -0.000844 0.000536 0.000000 -0.000771 0.000637 0.000000 -0.000771 0.000637 0.000000 -0.000771 0.000637 0.000000 -0.000951 0.000309 0.000000 -0.000951 0.000309 0.000000 -0.000951 0.000309 0.000000 -0.000951 0.000309 0.000000 -0.000588 0.000809 0.000000 -0.000588 0.000809 0.000000 -0.000588 0.000809 0.000000 -0.000588 0.000809 0.000000 -0.000125 0.000992 0.000000 -0.000125 0.000992 0.000000 -0.000125 0.000992 0.000000 -0.000125 0.000992 0.000000 0.000125 -0.000992 0.000000 0.000125 -0.000992 0.000000 0.000125 -0.000992 0.000000 0.000125 -0.000992 0.000000 0.000951 0.000309 0.000000 0.000951 0.000309 0.000000 0.000951 0.000309 0.000000 0.000982 0.000187 0.000000 0.000982 0.000187 0.000000 0.000982 0.000187 0.000000 0.000982 0.000187 0.000000 0.000771 0.000637 0.000000 0.000771 0.000637 0.000000 0.000771 0.000637 0.000000 0.000771 0.000637 0.000000 0.000125 0.000992 0.000000 0.000125 0.000992 0.000000 0.000125 0.000992 0.000000 0.000125 0.000992 0.000000 0.000588 0.000809 0.000000 0.000588 0.000809 0.000000 0.000588 0.000809 0.000000 0.000588 0.000809 0.000000 -0.000905 0.000426 0.000000 -0.000905 0.000426 0.000000 -0.000905 0.000426 0.000000 -0.000905 0.000426 0.000000 -0.000982 0.000187 0.000000 -0.000982 0.000187 0.000000 -0.000982 0.000187 0.000000 -0.000482 0.000876 0.000000 -0.000482 0.000876 0.000000 -0.000482 0.000876 0.000000 -0.000482 0.000876 0.000000 0.000998 -0.000063 0.000000 0.000998 -0.000063 0.000000 0.000998 -0.000063 0.000000 0.000000 0.000000 -0.001000 -0.000000 0.000000 -0.001000 0.000000 0.000000 -0.001000 -0.000000 0.000000 -0.001000 0.000000 0.000000 -0.001000 -0.000000 0.000000 -0.001000 0.000000 0.000000 -0.001000 -0.000000 0.000000 -0.001000 -0.000000 0.000000 -0.001000 0.000000 0.000000 -0.001000 -0.000000 0.000000 -0.001000 0.000000 0.000000 -0.001000 -0.000000 0.000000 -0.001000 -0.000000 0.000000 -0.001000 -0.000000 0.000000 -0.001000 0.000000 0.000000 -0.001000 -0.000000 0.000000 -0.001000 0.000000 0.000000 -0.001000 -0.000000 0.000000 -0.001000 -0.000000 0.000000 -0.001000 0.000000 0.000000 -0.001000 -0.000000 0.000000 -0.001000 0.000000 0.000000 -0.001000 -0.000000 0.000000 -0.001000 0.000000 0.000000 -0.001000 -0.000000 0.000000 -0.001000 0.000000 0.000000 -0.001000 -0.000000 0.000000 -0.001000 -0.000000 0.000000 -0.001000 0.000368 -0.000930 0.000000 0.000368 -0.000930 0.000000 0.000368 -0.000930 0.000000 -0.000249 0.000969 0.000000 -0.000249 0.000969 0.000000 -0.000249 0.000969 0.000000 0.000482 -0.000876 0.000000 0.000482 -0.000876 0.000000 0.000482 -0.000876 0.000000 0.000482 -0.000876 0.000000 -0.000368 -0.000930 0.000000 -0.000368 -0.000930 0.000000 -0.000368 -0.000930 0.000000 -0.000368 -0.000930 0.000000 -0.000771 -0.000637 0.000000 -0.000771 -0.000637 0.000000 -0.000771 -0.000637 0.000000 -0.000951 -0.000309 0.000000 -0.000951 -0.000309 0.000000 -0.000951 -0.000309 0.000000 -0.000951 -0.000309 0.000000 0.000249 -0.000969 0.000000 0.000249 -0.000969 0.000000 0.000249 -0.000969 0.000000 0.000951 -0.000309 0.000000 0.000951 -0.000309 0.000000 0.000951 -0.000309 0.000000 0.000951 -0.000309 0.000000 0.000905 -0.000426 0.000000 0.000905 -0.000426 0.000000 0.000905 -0.000426 0.000000 0.000905 -0.000426 0.000000 0.000982 -0.000187 0.000000 0.000982 -0.000187 0.000000 0.000982 -0.000187 0.000000 0.000982 -0.000187 0.000000 0.000685 -0.000729 0.000000 0.000685 -0.000729 0.000000 0.000685 -0.000729 0.000000 0.000685 -0.000729 0.000000 0.000771 -0.000637 0.000000 0.000771 -0.000637 0.000000 0.000771 -0.000637 0.000000 0.000771 -0.000637 0.000000 0.000588 -0.000809 0.000000 0.000588 -0.000809 0.000000 0.000588 -0.000809 0.000000 0.000588 -0.000809 0.000000 -0.000588 -0.000809 0.000000 -0.000588 -0.000809 0.000000 -0.000588 -0.000809 0.000000 -0.000588 -0.000809 0.000000 -0.000249 -0.000969 0.000000 -0.000249 -0.000969 0.000000 -0.000249 -0.000969 0.000000 -0.000685 -0.000729 0.000000 -0.000685 -0.000729 0.000000 -0.000685 -0.000729 0.000000 -0.000685 -0.000729 0.000000 -0.000905 -0.000426 0.000000 -0.000905 -0.000426 0.000000 -0.000905 -0.000426 0.000000 -0.000905 -0.000426 0.000000 -0.000982 -0.000187 0.000000 -0.000982 -0.000187 0.000000 -0.000982 -0.000187 0.000000 -0.000998 -0.000063 0.000000 -0.000998 -0.000063 0.000000 -0.000998 -0.000063 0.000000 -0.000998 -0.000063 0.000000 -0.000125 -0.000992 0.000000 -0.000125 -0.000992 0.000000 -0.000125 -0.000992 0.000000 -0.000125 -0.000992 0.000000 -0.000844 -0.000536 0.000000 -0.000844 -0.000536 0.000000 -0.000844 -0.000536 0.000000 -0.000482 -0.000876 0.000000 -0.000482 -0.000876 0.000000 -0.000482 -0.000876 0.000000 -0.000482 -0.000876 0.000000
</float_array>
          <technique_common>
            <accessor source="#Racecar_Ydlidar-mesh-normals-array" count="1564" stride="3">
              <param name="X" type="float" />
              <param name="Y" type="float" />
              <param name="Z" type="float" />
            </accessor>
          </technique_common>
        </source>
        <vertices id="Racecar_Ydlidar-mesh-vertices">
          <input semantic="POSITION" source="#Racecar_Ydlidar-mesh-positions" />
        </vertices>
        <triangles material="Material_001-material" count="1582">
          <input semantic="VERTEX" source="#Racecar_Ydlidar-mesh-vertices" offset="0" />
          <input semantic="NORMAL" source="#Racecar_Ydlidar-mesh-normals" offset="1" />
          <p>1 1 3 1 4 1 71 55 72 55 73 55 22 59 75 59 23 59 104 67 43 67 45 67 119 67 120 67 121 67 122 121 121 121 123 121 120 67 119 67 124 67 125 67 124 67 119 67 121 67 122 67 119 67 123 122 126 122 122 122 127 123 126 123 123 123 127 67 128 67 126 67 129 124 128 124 127 124 129 67 130 67 128 67 131 125 130 125 129 125 133 126 132 126 131 126 133 127 134 127 132 127 135 128 134 128 133 128 135 67 136 67 134 67 137 129 136 129 135 129 137 67 138 67 136 67 139 130 138 130 137 130 139 67 140 67 138 67 141 67 140 67 139 67 141 131 142 131 140 131 143 132 142 132 141 132 143 133 144 133 142 133 145 134 144 134 143 134 145 135 146 135 144 135 145 67 147 67 146 67 148 67 147 67 145 67 148 136 149 136 147 136 150 67 149 67 148 67 150 137 151 137 149 137 152 138 151 138 150 138 152 139 153 139 151 139 154 67 153 67 152 67 154 67 155 67 153 67 154 140 156 140 155 140 157 67 158 67 159 67 160 67 158 67 157 67 161 67 158 67 160 67 162 141 158 141 161 141 163 142 158 142 162 142 164 67 158 67 163 67 156 67 158 67 164 67 158 143 156 143 154 143 124 121 125 121 165 121 166 144 165 144 125 144 166 145 167 145 165 145 168 67 167 67 166 67 168 67 169 67 167 67 170 146 169 146 168 146 170 147 171 147 169 147 172 67 171 67 170 67 172 148 173 148 171 148 174 67 173 67 172 67 174 149 175 149 173 149 176 67 175 67 174 67 176 150 177 150 175 150 178 67 177 67 176 67 178 130 179 130 177 130 180 67 179 67 178 67 180 67 181 67 179 67 182 67 181 67 180 67 182 151 183 151 181 151 184 152 183 152 182 152 184 153 185 153 183 153 186 67 185 67 184 67 187 67 185 67 186 67 187 67 188 67 185 67 189 154 188 154 187 154 189 155 190 155 188 155 191 156 190 156 189 156 191 157 192 157 190 157 193 158 192 158 191 158 193 67 194 67 192 67 195 67 194 67 193 67 196 140 194 140 195 140 197 67 159 67 158 67 198 159 159 159 197 159 199 160 200 160 201 160 201 161 200 161 202 161 202 162 200 162 203 162 196 163 200 163 194 163 204 67 200 67 196 67 205 67 200 67 204 67 203 67 200 67 205 67 206 67 159 67 198 67 159 67 200 67 199 67 207 67 159 67 206 67 200 67 159 67 208 67 209 67 159 67 207 67 208 164 159 164 210 164 211 67 159 67 209 67 210 67 159 67 212 67 213 67 159 67 211 67 212 67 159 67 214 67 215 67 159 67 213 67 214 67 159 67 216 67 217 67 159 67 215 67 216 67 159 67 218 67 219 165 159 165 220 165 218 67 159 67 219 67 159 67 217 67 220 67 81 231 270 231 111 231 278 241 82 241 251 241 279 242 115 242 114 242 257 251 287 251 258 251 339 24 10 24 340 24 4 24 341 24 1 24 341 24 4 24 342 24 343 118 76 118 344 118 76 118 343 118 75 118 72 118 345 118 73 118 342 382 346 382 341 382 344 382 339 382 343 382 343 382 339 382 340 382 340 389 23 389 75 389 287 442 256 442 258 442 250 479 278 479 251 479 127 559 412 559 129 559 412 560 127 560 413 560 129 561 414 561 131 561 414 562 129 562 412 562 415 563 416 563 417 563 418 564 139 564 419 564 139 565 418 565 141 565 417 566 141 566 418 566 420 567 417 567 416 567 417 568 420 568 141 568 421 569 152 569 150 569 152 569 421 569 422 569 423 570 207 570 424 570 207 570 423 570 209 570 165 571 425 571 124 571 425 572 165 572 426 572 427 24 148 24 145 24 148 24 427 24 428 24 429 573 415 573 430 573 415 574 429 574 416 574 431 575 139 575 137 575 139 576 431 576 419 576 432 577 198 577 197 577 198 578 432 578 433 578 428 579 150 579 148 579 150 580 428 580 421 580 434 581 197 581 158 581 197 581 434 581 432 581 124 582 435 582 120 582 435 582 124 582 425 582 436 583 177 583 179 583 177 584 436 584 437 584 438 585 439 585 440 585 439 586 438 586 441 586 167 587 426 587 165 587 426 588 167 588 442 588 121 589 443 589 123 589 443 590 121 590 444 590 123 591 413 591 127 591 413 592 123 592 443 592 133 593 445 593 135 593 133 594 446 594 445 594 447 595 446 595 133 595 448 596 446 596 447 596 446 597 448 597 449 597 135 598 445 598 450 598 420 599 143 599 141 599 143 599 420 599 451 599 451 600 145 600 143 600 145 601 451 601 427 601 448 602 452 602 449 602 452 603 448 603 453 603 450 604 137 604 135 604 137 605 450 605 431 605 454 606 430 606 455 606 430 607 454 607 429 607 456 608 215 608 457 608 215 609 456 609 217 609 458 610 209 610 423 610 209 611 458 611 211 611 459 612 211 612 458 612 211 613 459 613 213 613 424 614 206 614 460 614 206 615 424 615 207 615 433 616 206 616 198 616 206 617 433 617 460 617 461 618 462 618 463 618 464 619 154 619 465 619 154 620 466 620 465 620 467 621 466 621 154 621 468 622 466 622 467 622 466 623 468 623 469 623 154 624 464 624 158 624 463 625 158 625 464 625 434 626 463 626 462 626 463 627 434 627 158 627 422 628 154 628 152 628 154 629 422 629 467 629 120 630 444 630 121 630 444 630 120 630 435 630 470 631 183 631 185 631 183 632 470 632 471 632 131 633 447 633 133 633 447 634 131 634 414 634 457 635 213 635 459 635 213 636 457 636 215 636 171 637 472 637 169 637 472 638 171 638 473 638 169 639 442 639 167 639 442 640 169 640 472 640 474 118 185 118 188 118 185 118 474 118 470 118 475 641 217 641 456 641 217 642 475 642 220 642 476 643 220 643 475 643 220 644 476 644 219 644 477 645 208 645 210 645 208 646 477 646 478 646 479 647 210 647 212 647 210 648 479 648 477 648 181 649 480 649 179 649 181 650 481 650 480 650 482 651 481 651 181 651 438 652 481 652 482 652 481 653 438 653 440 653 179 654 480 654 436 654 471 655 181 655 183 655 181 655 471 655 482 655 483 656 484 656 485 656 486 657 175 657 487 657 175 658 486 658 173 658 485 659 173 659 486 659 485 660 488 660 173 660 488 661 485 661 484 661 489 662 490 662 491 662 200 663 492 663 194 663 200 664 493 664 492 664 494 665 493 665 200 665 495 666 493 666 494 666 493 667 495 667 496 667 497 668 194 668 492 668 491 669 194 669 497 669 491 670 498 670 194 670 498 671 491 671 490 671 498 672 192 672 194 672 192 673 498 673 499 673 479 674 214 674 500 674 214 675 479 675 212 675 501 676 218 676 502 676 218 677 501 677 216 677 502 678 219 678 476 678 219 679 502 679 218 679 500 680 216 680 501 680 216 680 500 680 214 680 173 681 473 681 171 681 473 682 173 682 488 682 437 683 175 683 177 683 175 684 437 684 487 684 503 685 483 685 504 685 483 686 503 686 484 686 441 687 505 687 439 687 505 688 441 688 506 688 507 689 188 689 190 689 188 690 507 690 474 690 499 691 190 691 192 691 190 691 499 691 507 691 478 692 200 692 208 692 200 692 478 692 494 692 422 693 508 693 467 693 498 694 509 694 510 694 498 695 511 695 509 695 498 696 512 696 513 696 498 697 513 697 511 697 512 698 514 698 513 698 512 699 515 699 514 699 516 390 512 390 517 390 518 700 517 700 495 700 512 701 519 701 515 701 512 702 516 702 519 702 517 703 520 703 516 703 517 704 521 704 520 704 517 705 518 705 521 705 495 706 522 706 518 706 495 707 523 707 522 707 495 390 524 390 523 390 495 708 525 708 524 708 494 709 525 709 495 709 525 710 494 710 526 710 526 390 494 390 527 390 494 711 528 711 527 711 478 390 528 390 494 390 478 390 529 390 528 390 477 390 529 390 478 390 477 390 530 390 529 390 479 712 530 712 477 712 479 390 531 390 530 390 500 390 531 390 479 390 531 390 500 390 532 390 501 390 532 390 500 390 532 390 501 390 533 390 502 390 533 390 501 390 533 390 502 390 534 390 534 390 476 390 535 390 476 390 534 390 502 390 425 390 444 390 435 390 426 713 444 713 425 713 426 714 443 714 444 714 442 715 443 715 426 715 536 390 443 390 442 390 536 716 442 716 472 716 510 390 443 390 536 390 536 717 472 717 473 717 443 390 510 390 413 390 536 718 473 718 488 718 413 719 537 719 412 719 536 390 488 390 484 390 412 720 537 720 414 720 447 721 537 721 448 721 536 390 484 390 503 390 448 390 537 390 453 390 414 722 537 722 447 722 413 390 510 390 537 390 441 723 536 723 506 723 536 390 441 390 438 390 536 724 438 724 482 724 471 390 536 390 482 390 537 725 429 725 454 725 416 390 537 390 420 390 429 390 537 390 416 390 470 726 536 726 471 726 537 727 451 727 420 727 474 390 536 390 470 390 537 728 427 728 451 728 510 729 474 729 507 729 537 390 428 390 427 390 510 730 507 730 499 730 510 731 428 731 537 731 510 732 499 732 498 732 428 390 510 390 421 390 474 390 510 390 536 390 508 390 421 390 510 390 512 390 498 390 538 390 538 390 498 390 490 390 421 390 508 390 422 390 467 733 539 733 468 733 540 734 467 734 508 734 541 390 467 390 540 390 542 390 467 390 541 390 467 390 542 390 539 390 543 390 542 390 541 390 544 735 542 735 543 735 545 390 542 390 544 390 546 390 542 390 545 390 542 390 546 390 547 390 548 390 547 390 546 390 549 736 547 736 548 736 550 390 547 390 549 390 547 390 550 390 462 390 551 390 462 390 550 390 552 390 462 390 551 390 553 390 462 390 552 390 554 390 462 390 553 390 434 737 554 737 555 737 434 390 555 390 556 390 554 709 434 709 462 709 557 711 434 711 556 711 557 390 432 390 434 390 558 390 432 390 557 390 558 738 433 738 432 738 559 390 433 390 558 390 559 390 460 390 433 390 560 739 460 739 559 739 424 390 560 390 561 390 560 390 424 390 460 390 423 390 561 390 562 390 561 390 423 390 424 390 458 390 562 390 563 390 459 390 563 390 564 390 562 390 458 390 423 390 457 740 564 740 565 740 475 390 535 390 476 390 535 741 475 741 565 741 563 390 459 390 458 390 456 390 565 390 475 390 564 390 457 390 459 390 565 390 456 390 457 390 455 390 430 390 566 390 567 390 568 390 569 390 567 742 569 742 570 742 568 390 567 390 571 390 571 390 567 390 572 390 572 390 567 390 573 390 573 390 567 390 574 390 575 743 570 743 446 743 576 390 574 390 567 390 574 390 576 390 577 390 577 390 576 390 578 390 570 390 575 390 567 390 449 390 575 390 446 390 575 390 449 390 452 390 578 744 576 744 579 744 579 390 576 390 580 390 580 390 576 390 581 390 581 390 576 390 582 390 576 745 583 745 582 745 576 746 584 746 583 746 576 390 585 390 584 390 586 390 585 390 576 390 585 747 586 747 587 747 586 748 588 748 587 748 586 749 589 749 588 749 586 750 590 750 589 750 566 751 590 751 586 751 415 390 566 390 430 390 566 390 415 390 590 390 590 752 415 752 417 752 589 753 591 753 592 753 591 753 589 753 590 753 590 754 418 754 591 754 418 755 590 755 417 755 582 756 593 756 594 756 593 757 582 757 583 757 588 758 592 758 595 758 592 759 588 759 589 759 596 760 571 760 597 760 571 761 596 761 568 761 445 762 570 762 598 762 570 763 445 763 446 763 450 67 596 67 597 67 450 764 597 764 599 764 596 765 450 765 600 765 450 766 599 766 601 766 431 767 601 767 602 767 431 67 602 67 603 67 600 768 450 768 598 768 431 769 603 769 604 769 431 770 604 770 605 770 431 771 605 771 606 771 431 772 606 772 607 772 431 773 607 773 594 773 431 774 594 774 593 774 598 775 450 775 445 775 431 776 593 776 608 776 431 67 608 67 609 67 431 777 609 777 610 777 431 778 610 778 595 778 431 779 595 779 592 779 431 780 592 780 591 780 601 67 431 67 450 67 591 781 419 781 431 781 419 67 591 67 418 67 583 782 608 782 593 782 608 783 583 783 584 783 581 784 594 784 607 784 594 785 581 785 582 785 585 786 610 786 609 786 610 787 585 787 587 787 587 788 595 788 610 788 595 789 587 789 588 789 597 790 572 790 599 790 572 791 597 791 571 791 600 792 568 792 596 792 568 793 600 793 569 793 598 794 569 794 600 794 569 795 598 795 570 795 584 24 609 24 608 24 609 24 584 24 585 24 578 796 605 796 604 796 605 797 578 797 579 797 602 798 577 798 603 798 577 799 602 799 574 799 599 800 573 800 601 800 573 801 599 801 572 801 580 802 607 802 606 802 607 802 580 802 581 802 579 803 606 803 605 803 606 804 579 804 580 804 603 805 578 805 604 805 578 806 603 806 577 806 601 807 574 807 602 807 574 808 601 808 573 808 611 809 612 809 613 809 612 810 611 810 614 810 615 811 616 811 617 811 616 756 615 756 618 756 466 812 617 812 465 812 617 813 466 813 615 813 619 814 620 814 621 814 620 815 619 815 622 815 623 816 624 816 625 816 624 817 623 817 626 817 627 818 626 818 623 818 626 819 627 819 628 819 629 820 630 820 631 820 629 821 631 821 632 821 629 822 632 822 633 822 630 390 629 390 634 390 635 390 629 390 633 390 636 823 629 823 635 823 637 390 629 390 636 390 638 824 637 824 639 824 637 390 638 390 629 390 640 825 638 825 639 825 641 390 638 390 640 390 642 390 638 390 641 390 642 751 643 751 638 751 440 390 643 390 642 390 643 390 440 390 439 390 440 826 642 826 481 826 634 390 644 390 645 390 634 390 645 390 646 390 644 390 634 390 647 390 634 827 646 827 648 827 634 390 648 390 649 390 634 390 649 390 650 390 647 390 634 390 651 390 634 828 650 828 652 828 634 829 652 829 630 829 653 830 651 830 634 830 651 831 653 831 485 831 653 832 483 832 485 832 483 390 653 390 504 390 505 390 643 390 439 390 654 390 655 390 656 390 654 390 657 390 655 390 658 833 461 833 463 833 659 390 461 390 658 390 461 390 659 390 660 390 654 390 625 390 657 390 661 390 660 390 659 390 660 390 623 390 625 390 662 390 660 390 661 390 660 834 627 834 623 834 611 390 660 390 662 390 660 835 613 835 627 835 660 390 611 390 613 390 663 390 466 390 469 390 466 390 663 390 615 390 663 748 618 748 615 748 663 836 664 836 618 836 663 390 665 390 664 390 654 390 665 390 663 390 665 390 654 390 666 390 654 745 619 745 666 745 654 837 622 837 619 837 654 838 667 838 622 838 625 390 654 390 660 390 654 839 656 839 667 839 664 24 668 24 669 24 668 24 664 24 665 24 665 840 670 840 668 840 670 840 665 840 666 840 666 789 621 789 670 789 621 841 666 841 619 841 667 842 671 842 672 842 671 843 667 843 656 843 622 844 672 844 620 844 672 845 622 845 667 845 656 846 673 846 671 846 673 847 656 847 655 847 657 848 673 848 655 848 673 849 657 849 674 849 625 850 674 850 657 850 674 851 625 851 624 851 613 852 628 852 627 852 628 852 613 852 612 852 487 853 675 853 676 853 487 854 676 854 677 854 675 67 487 67 678 67 678 67 487 67 679 67 679 67 487 67 680 67 437 67 680 67 487 67 487 855 677 855 486 855 680 67 437 67 681 67 681 67 437 67 682 67 682 67 437 67 683 67 683 67 437 67 684 67 684 67 437 67 685 67 685 856 437 856 686 856 686 67 437 67 687 67 687 857 437 857 688 857 688 858 437 858 689 858 689 67 437 67 690 67 690 859 437 859 691 859 691 860 437 860 692 860 692 67 437 67 693 67 693 861 437 861 694 861 436 67 694 67 437 67 694 862 436 862 480 862 464 863 617 863 616 863 464 864 616 864 669 864 464 67 669 67 668 67 464 865 668 865 670 865 464 866 670 866 621 866 464 867 621 867 620 867 464 868 620 868 672 868 464 869 672 869 671 869 464 870 671 870 673 870 464 871 673 871 674 871 617 67 464 67 465 67 624 67 464 67 674 67 626 67 464 67 624 67 695 67 464 67 626 67 464 872 695 872 696 872 628 873 695 873 626 873 628 874 697 874 695 874 612 67 697 67 628 67 612 875 698 875 697 875 698 67 612 67 614 67 659 876 697 876 661 876 697 877 659 877 695 877 658 878 695 878 659 878 695 879 658 879 696 879 618 880 669 880 616 880 669 880 618 880 664 880 661 881 698 881 662 881 698 881 661 881 697 881 662 882 614 882 611 882 614 883 662 883 698 883 463 884 696 884 658 884 696 885 463 885 464 885 675 760 647 760 676 760 647 761 675 761 644 761 481 886 694 886 480 886 694 887 481 887 642 887 677 888 485 888 486 888 485 889 677 889 651 889 676 890 651 890 677 890 651 891 676 891 647 891 682 892 649 892 681 892 649 893 682 893 650 893 635 894 687 894 688 894 687 895 635 895 633 895 633 896 686 896 687 896 686 897 633 897 632 897 630 898 683 898 684 898 683 899 630 899 652 899 631 900 684 900 685 900 684 901 631 901 630 901 636 902 688 902 689 902 688 903 636 903 635 903 679 904 645 904 678 904 645 905 679 905 646 905 678 792 644 792 675 792 644 793 678 793 645 793 680 906 646 906 679 906 646 907 680 907 648 907 640 908 691 908 692 908 691 909 640 909 639 909 681 910 648 910 680 910 648 911 681 911 649 911 632 912 685 912 686 912 685 912 632 912 631 912 683 913 650 913 682 913 650 914 683 914 652 914 642 915 693 915 694 915 693 915 642 915 641 915 639 916 690 916 691 916 690 917 639 917 637 917 637 118 689 118 690 118 689 118 637 118 636 118 641 918 692 918 693 918 692 919 641 919 640 919 699 920 700 920 701 920 700 921 699 921 702 921 703 895 704 895 705 895 704 922 703 922 706 922 707 809 708 809 709 809 708 810 707 810 710 810 711 818 712 818 713 818 712 819 711 819 714 819 709 852 714 852 711 852 714 852 709 852 708 852 706 923 497 923 704 923 497 924 706 924 491 924 715 881 716 881 717 881 716 881 715 881 718 881 719 390 491 390 706 390 491 390 719 390 489 390 703 925 719 925 706 925 720 390 719 390 703 390 721 390 719 390 720 390 722 926 721 926 723 926 721 390 722 390 719 390 724 927 722 927 723 927 725 390 722 390 724 390 702 390 722 390 725 390 699 390 722 390 702 390 726 390 722 390 699 390 727 390 722 390 726 390 728 390 722 390 727 390 713 390 496 390 729 390 722 390 728 390 729 390 730 390 729 390 728 390 715 390 729 390 730 390 496 390 713 390 731 390 496 928 731 928 493 928 717 390 729 390 715 390 729 834 711 834 713 834 707 390 729 390 717 390 729 835 709 835 711 835 729 390 707 390 709 390 726 929 701 929 732 929 701 930 726 930 699 930 720 931 705 931 733 931 705 931 720 931 703 931 492 932 704 932 497 932 704 933 492 933 705 933 705 67 492 67 733 67 733 67 492 67 734 67 734 67 492 67 735 67 735 934 492 934 736 934 736 67 492 67 737 67 737 935 492 935 700 935 700 936 492 936 701 936 701 67 492 67 732 67 732 937 492 937 738 937 712 938 492 938 739 938 492 67 740 67 738 67 492 939 712 939 740 939 712 940 741 940 740 940 714 873 741 873 712 873 714 874 718 874 741 874 708 67 718 67 714 67 708 875 716 875 718 875 716 67 708 67 710 67 713 816 739 816 731 816 739 817 713 817 712 817 730 876 718 876 715 876 718 877 730 877 741 877 717 882 710 882 707 882 710 883 717 883 716 883 726 941 738 941 727 941 738 942 726 942 732 942 727 943 740 943 728 943 740 944 727 944 738 944 728 878 741 878 730 878 741 879 728 879 740 879 725 945 736 945 737 945 736 946 725 946 724 946 723 947 734 947 735 947 734 947 723 947 721 947 702 948 737 948 700 948 737 949 702 949 725 949 724 950 735 950 736 950 735 908 724 908 723 908 721 118 733 118 734 118 733 118 721 118 720 118 731 951 492 951 493 951 492 952 731 952 739 952 742 953 743 953 744 953 743 954 742 954 745 954 744 955 746 955 747 955 746 956 744 956 743 956 748 957 749 957 750 957 749 957 748 957 751 957 752 958 753 958 754 958 753 959 752 959 755 959 756 960 757 960 758 960 757 961 756 961 759 961 760 962 761 962 762 962 761 963 760 963 763 963 764 24 765 24 766 24 765 24 764 24 767 24 768 964 769 964 770 964 769 965 768 965 771 965 772 966 773 966 774 966 773 967 772 967 775 967 767 968 754 968 765 968 754 580 767 580 752 580 776 581 774 581 777 581 774 969 776 969 772 969 762 970 778 970 779 970 778 971 762 971 761 971 780 972 763 972 760 972 763 972 780 972 781 972 782 973 745 973 742 973 745 973 782 973 783 973 784 974 785 974 786 974 785 974 784 974 787 974 751 975 788 975 749 975 788 976 751 976 789 976 789 600 766 600 788 600 766 977 789 977 764 977 790 978 771 978 768 978 771 978 790 978 791 978 792 67 793 67 794 67 792 979 794 979 795 979 793 67 792 67 796 67 792 980 795 980 797 980 792 981 797 981 798 981 792 982 798 982 799 982 796 67 792 67 800 67 801 983 800 983 792 983 792 984 799 984 802 984 803 67 762 67 779 67 782 985 762 985 803 985 782 986 760 986 762 986 742 987 760 987 782 987 742 988 780 988 760 988 744 67 780 67 742 67 744 989 804 989 780 989 747 67 804 67 744 67 747 990 805 990 804 990 785 67 747 67 786 67 747 991 785 991 805 991 806 67 805 67 785 67 805 992 806 992 807 992 808 67 809 67 810 67 808 993 810 993 811 993 809 67 808 67 812 67 812 67 808 67 813 67 813 67 808 67 814 67 814 67 808 67 815 67 816 67 811 67 806 67 817 67 815 67 808 67 800 67 801 67 785 67 818 67 802 67 819 67 820 67 785 67 801 67 815 67 817 67 821 67 818 994 819 994 822 994 818 995 822 995 823 995 818 67 823 67 824 67 802 996 818 996 792 996 825 67 818 67 824 67 826 67 818 67 825 67 827 67 818 67 826 67 828 997 827 997 829 997 827 67 828 67 818 67 830 67 828 67 829 67 831 67 828 67 830 67 832 67 828 67 831 67 832 998 833 998 828 998 820 67 834 67 835 67 750 999 833 999 832 999 836 67 837 67 838 67 839 67 837 67 836 67 840 67 837 67 841 67 837 1000 840 1000 842 1000 843 67 837 67 839 67 837 1001 844 1001 841 1001 845 67 837 67 843 67 837 1002 846 1002 844 1002 837 67 845 67 846 67 847 67 848 67 849 67 848 1003 850 1003 851 1003 852 67 848 67 847 67 848 1004 853 1004 850 1004 854 67 848 67 852 67 848 1001 855 1001 853 1001 856 67 848 67 854 67 848 1002 857 1002 855 1002 848 67 856 67 857 67 858 1005 859 1005 860 1005 861 1006 862 1006 834 1006 861 67 863 67 862 67 864 1007 861 1007 865 1007 861 1008 866 1008 863 1008 861 1009 864 1009 866 1009 865 1010 867 1010 864 1010 868 67 865 67 869 67 865 1011 870 1011 867 1011 842 1012 869 1012 837 1012 871 67 872 67 873 67 838 67 872 67 871 67 869 67 842 67 874 67 872 67 838 67 837 67 865 1013 868 1013 870 1013 869 1014 874 1014 868 1014 842 1015 875 1015 874 1015 842 1016 876 1016 875 1016 842 1017 877 1017 876 1017 842 1018 878 1018 877 1018 842 67 879 67 878 67 842 1019 880 1019 879 1019 777 67 880 67 842 67 880 67 777 67 881 67 881 67 777 67 882 67 777 1020 883 1020 882 1020 774 1021 883 1021 777 1021 774 1022 884 1022 883 1022 773 67 884 67 774 67 773 67 885 67 884 67 886 67 885 67 773 67 886 67 887 67 885 67 757 67 887 67 886 67 887 67 757 67 888 67 759 67 888 67 757 67 888 67 759 67 889 67 890 67 889 67 759 67 889 1023 890 1023 891 1023 891 67 769 67 892 67 769 67 891 67 890 67 893 67 860 67 859 67 894 67 895 67 896 67 895 67 894 67 897 67 894 1024 898 1024 897 1024 894 1025 899 1025 898 1025 894 67 900 67 899 67 901 67 900 67 894 67 900 67 901 67 902 67 901 1026 903 1026 902 1026 901 67 904 67 903 67 901 1027 905 1027 904 1027 851 67 901 67 848 67 901 1028 906 1028 905 1028 859 1029 858 1029 895 1029 907 67 895 67 858 67 908 1030 895 1030 907 1030 895 1031 909 1031 896 1031 895 1032 908 1032 909 1032 910 1033 909 1033 908 1033 911 1034 909 1034 910 1034 912 1035 909 1035 911 1035 909 67 912 67 913 67 901 67 914 67 906 67 913 1036 915 1036 848 1036 916 67 913 67 912 67 849 1037 848 1037 915 1037 901 67 851 67 914 67 913 67 916 67 915 67 917 67 915 67 916 67 918 67 915 67 917 67 919 67 915 67 918 67 920 67 915 67 919 67 921 67 915 67 920 67 922 67 915 67 921 67 923 67 922 67 924 67 923 67 924 67 925 67 922 67 923 67 915 67 926 1038 923 1038 925 1038 926 1039 927 1039 923 1039 928 1040 927 1040 926 1040 928 67 929 67 927 67 930 67 929 67 928 67 930 67 931 67 929 67 932 67 931 67 930 67 933 1041 932 1041 934 1041 932 67 933 67 931 67 935 67 934 67 936 67 934 1042 935 1042 933 1042 937 1043 936 1043 938 1043 939 67 938 67 940 67 936 67 937 67 935 67 941 67 940 67 942 67 771 1044 892 1044 769 1044 892 67 771 67 942 67 938 1045 939 1045 937 1045 791 67 942 67 771 67 940 1044 941 1044 939 1044 942 67 791 67 941 67 811 1046 816 1046 808 1046 785 67 820 67 806 67 806 67 820 67 835 67 806 67 835 67 816 67 750 1047 820 1047 833 1047 834 67 820 67 750 67 821 67 817 67 943 67 943 67 817 67 944 67 944 1048 817 1048 945 1048 945 67 817 67 946 67 946 67 817 67 947 67 817 1024 948 1024 947 1024 817 1049 949 1049 948 1049 817 67 950 67 949 67 951 67 950 67 817 67 950 67 951 67 952 67 951 1026 953 1026 952 1026 951 67 954 67 953 67 951 1050 955 1050 954 1050 956 1051 955 1051 951 1051 956 67 957 67 955 67 835 1052 957 1052 956 1052 834 1053 750 1053 749 1053 958 67 835 67 834 67 834 1054 749 1054 788 1054 835 1055 959 1055 957 1055 834 1056 788 1056 766 1056 835 67 958 67 959 67 834 67 766 67 765 67 958 67 834 67 960 67 834 1057 765 1057 754 1057 960 67 834 67 961 67 834 1058 754 1058 753 1058 961 67 834 67 962 67 834 1059 753 1059 963 1059 860 1060 962 1060 834 1060 834 1061 963 1061 861 1061 962 1062 860 1062 893 1062 865 1063 861 1063 964 1063 965 67 861 67 966 67 861 67 965 67 964 67 967 67 965 67 966 67 968 67 965 67 967 67 969 67 965 67 968 67 872 1064 969 1064 970 1064 969 67 872 67 965 67 971 67 872 67 970 67 972 67 872 67 971 67 973 67 872 67 972 67 974 67 872 67 973 67 873 67 872 67 974 67 975 1065 759 1065 756 1065 759 1065 975 1065 890 1065 770 1066 890 1066 975 1066 890 1067 770 1067 769 1067 758 1068 886 1068 976 1068 886 1069 758 1069 757 1069 775 1070 886 1070 773 1070 886 1071 775 1071 976 1071 977 1072 777 1072 842 1072 777 1072 977 1072 776 1072 978 1073 861 1073 963 1073 861 1074 978 1074 979 1074 755 1075 963 1075 753 1075 963 1075 755 1075 978 1075 779 1076 980 1076 803 1076 980 1077 779 1077 778 1077 981 118 960 118 961 118 960 118 981 118 982 118 983 1078 939 1078 984 1078 939 1079 983 1079 937 1079 985 390 986 390 987 390 985 390 987 390 988 390 986 390 985 390 989 390 985 390 988 390 990 390 985 1080 990 1080 991 1080 985 1081 991 1081 992 1081 989 390 985 390 993 390 994 1082 993 1082 985 1082 985 1083 992 1083 995 1083 761 390 980 390 778 390 763 390 980 390 761 390 763 1084 783 1084 980 1084 781 390 783 390 763 390 781 1085 745 1085 783 1085 996 1086 745 1086 781 1086 996 1087 743 1087 745 1087 997 390 743 390 996 390 997 1088 746 1088 743 1088 998 390 997 390 999 390 997 390 998 390 746 390 787 390 746 390 998 390 746 1089 787 1089 784 1089 1000 390 1001 390 1002 390 1000 390 1002 390 1003 390 1001 390 1000 390 1004 390 1004 390 1000 390 1005 390 1005 390 1000 390 1006 390 1006 390 1000 390 1007 390 1008 390 1003 390 787 390 1009 390 1007 390 1000 390 993 390 994 390 998 390 1010 1090 995 1090 1011 1090 1007 390 1009 390 1012 390 1010 390 1011 390 1013 390 1010 1091 1013 1091 1014 1091 1010 390 1014 390 1015 390 995 1092 1010 1092 985 1092 1016 390 1010 390 1015 390 1017 1093 1010 1093 1016 1093 1018 390 1010 390 1017 390 1019 1094 1018 1094 1020 1094 1018 390 1019 390 1010 390 1021 390 1019 390 1020 390 1022 390 1019 390 1021 390 1023 390 1019 390 1022 390 1023 1095 1024 1095 1019 1095 1025 390 1026 390 1027 390 1028 1096 1024 1096 1023 1096 1029 390 1030 390 1031 390 1032 390 1030 390 1029 390 1033 1097 1030 1097 1034 1097 1030 1098 1033 1098 1035 1098 1036 390 1030 390 1032 390 1030 390 1037 390 1034 390 1038 390 1030 390 1036 390 1030 390 1039 390 1037 390 1030 390 1038 390 1039 390 1040 390 1041 390 1042 390 1041 1099 1043 1099 1044 1099 1045 390 1041 390 1040 390 1041 1100 1046 1100 1043 1100 1047 390 1041 390 1045 390 1041 390 1048 390 1046 390 1049 390 1041 390 1047 390 1041 390 1050 390 1048 390 1041 390 1049 390 1050 390 1051 1101 978 1101 1052 1101 1053 1102 1054 1102 1026 1102 1053 1103 1055 1103 1054 1103 1056 1104 1053 1104 1057 1104 1053 1105 1058 1105 1055 1105 1053 1106 1056 1106 1058 1106 1057 1107 1059 1107 1056 1107 1060 390 1057 390 1061 390 1057 1108 1062 1108 1059 1108 1035 390 1061 390 1030 390 1063 390 1064 390 1065 390 1031 390 1064 390 1063 390 1066 1109 1061 1109 1035 1109 1064 390 1031 390 1030 390 1057 1110 1060 1110 1062 1110 1061 1111 1066 1111 1060 1111 1035 1112 1067 1112 1066 1112 1035 1113 1068 1113 1067 1113 1035 1114 1069 1114 1068 1114 1035 1115 1070 1115 1069 1115 1035 390 1071 390 1070 390 1035 1116 1072 1116 1071 1116 1073 390 1072 390 1035 390 1072 390 1073 390 1074 390 1074 390 1073 390 1075 390 1073 1117 1076 1117 1075 1117 1077 1118 1076 1118 1073 1118 1077 1119 1078 1119 1076 1119 1079 390 1078 390 1077 390 1079 390 1080 390 1078 390 1081 390 1080 390 1079 390 1081 1120 1082 1120 1080 1120 1083 390 1082 390 1081 390 1082 1121 1083 1121 1084 1121 1085 390 1084 390 1083 390 1084 390 1085 390 1086 390 983 1122 1086 1122 1085 1122 1086 390 983 390 1087 390 1087 390 984 390 1088 390 984 390 1087 390 983 390 755 1123 1052 1123 978 1123 1089 390 979 390 1090 390 979 390 1089 390 1091 390 1089 1124 1092 1124 1091 1124 1089 1125 1093 1125 1092 1125 1089 390 1094 390 1093 390 1095 390 1094 390 1089 390 1094 390 1095 390 1096 390 1095 1126 1097 1126 1096 1126 1095 390 1098 390 1097 390 1095 1127 1099 1127 1098 1127 1044 390 1095 390 1041 390 1095 390 1100 390 1099 390 978 390 1051 390 979 390 1101 390 979 390 1051 390 1102 390 979 390 1101 390 979 390 1103 390 1090 390 979 1128 1102 1128 1103 1128 1104 390 1103 390 1102 390 1105 390 1103 390 1104 390 1106 390 1103 390 1105 390 1103 390 1106 390 1107 390 1108 390 1107 390 1106 390 1095 1129 1109 1129 1100 1129 1107 390 977 390 1041 390 977 390 1107 390 1108 390 1042 390 1041 390 977 390 1095 390 1044 390 1109 390 1110 390 977 390 1108 390 1111 1130 977 1130 1110 1130 1112 1131 977 1131 1111 1131 1113 390 977 390 1112 390 1114 390 977 390 1113 390 1115 390 977 390 1114 390 776 390 1115 390 1116 390 776 390 1116 390 1117 390 1115 390 776 390 977 390 1118 390 776 390 1117 390 1118 1132 772 1132 776 1132 1119 1119 772 1119 1118 1119 1119 1133 775 1133 772 1133 1120 390 775 390 1119 390 1120 390 976 390 775 390 1121 1120 976 1120 1120 1120 758 1134 1121 1134 1122 1134 1121 1135 758 1135 976 1135 756 1136 1122 1136 1123 1136 1122 1137 756 1137 758 1137 975 390 1123 390 1124 390 770 1138 1124 1138 1125 1138 1123 1139 975 1139 756 1139 768 1140 1125 1140 1126 1140 1127 1141 1088 1141 984 1141 1088 1142 1127 1142 1126 1142 1124 1143 770 1143 975 1143 790 390 1126 390 1127 390 1125 1141 768 1141 770 1141 1126 390 790 390 768 390 1025 390 998 390 994 390 1003 1144 1008 1144 1000 1144 998 1145 1025 1145 787 1145 787 390 1027 390 1008 390 1027 390 787 390 1025 390 1028 1146 1025 1146 1024 1146 1026 1147 1025 1147 1028 1147 1012 390 1009 390 1128 390 1128 1148 1009 1148 1129 1148 1129 390 1009 390 1130 390 1130 390 1009 390 1131 390 1131 390 1009 390 1132 390 1009 748 1133 748 1132 748 1009 1149 1134 1149 1133 1149 1009 390 1135 390 1134 390 1136 390 1135 390 1009 390 1135 1150 1136 1150 1137 1150 1136 745 1138 745 1137 745 1136 390 1139 390 1138 390 1136 1151 1140 1151 1139 1151 1141 1152 1140 1152 1136 1152 1141 390 748 390 1140 390 1027 1153 748 1153 1141 1153 1026 1154 1028 1154 1142 1154 789 390 1027 390 1026 390 1026 390 1142 390 1143 390 1027 1155 751 1155 748 1155 1026 1156 1143 1156 982 1156 1027 390 789 390 751 390 1026 390 982 390 981 390 789 390 1026 390 764 390 1026 1157 981 1157 1144 1157 764 390 1026 390 767 390 1026 390 1144 390 1145 390 767 390 1026 390 752 390 1026 1158 1145 1158 1146 1158 1052 390 752 390 1026 390 1026 1159 1146 1159 1053 1159 752 390 1052 390 755 390 1057 390 1053 390 1147 390 1148 390 1053 390 1149 390 1053 390 1148 390 1147 390 1150 1160 1148 1160 1149 1160 1151 390 1148 390 1150 390 1152 390 1148 390 1151 390 1064 1161 1152 1161 1153 1161 1152 390 1064 390 1148 390 1154 390 1064 390 1153 390 1155 390 1064 390 1154 390 1156 390 1064 390 1155 390 1157 390 1064 390 1156 390 1065 1162 1064 1162 1157 1162 982 1163 958 1163 960 1163 958 632 982 632 1143 632 803 1164 783 1164 782 1164 783 1165 803 1165 980 1165 747 1166 784 1166 786 1166 784 1167 747 1167 746 1167 807 1168 997 1168 805 1168 997 1169 807 1169 999 1169 805 1170 996 1170 804 1170 996 1171 805 1171 997 1171 1127 1172 791 1172 790 1172 791 1172 1127 1172 941 1172 1081 1173 929 1173 931 1173 929 1174 1081 1174 1079 1174 1142 1175 957 1175 959 1175 957 1175 1142 1175 1028 1175 1143 1176 959 1176 958 1176 959 1177 1143 1177 1142 1177 998 1178 807 1178 806 1178 807 1178 998 1178 999 1178 804 1179 781 1179 780 1179 781 1180 804 1180 996 1180 1073 1181 915 1181 923 1181 915 1181 1073 1181 1035 1181 1053 1182 859 1182 895 1182 859 1183 1053 1183 1146 1183 1146 1184 893 1184 859 1184 893 1184 1146 1184 1145 1184 1081 1185 933 1185 1083 1185 933 1186 1081 1186 931 1186 1085 1187 937 1187 983 1187 937 1187 1085 1187 935 1187 984 1188 941 1188 1127 1188 941 1189 984 1189 939 1189 1083 1190 935 1190 1085 1190 935 1191 1083 1191 933 1191 1145 1192 962 1192 893 1192 962 1193 1145 1193 1144 1193 1144 689 961 689 962 689 961 1194 1144 1194 981 1194 1077 1195 923 1195 927 1195 923 692 1077 692 1073 692 1079 1196 927 1196 929 1196 927 1197 1079 1197 1077 1197 796 1198 1001 1198 793 1198 1001 1199 796 1199 1002 1199 785 1200 1003 1200 800 1200 1003 1201 785 1201 787 1201 800 1202 1002 1202 796 1202 1002 1203 800 1203 1003 1203 1140 1204 750 1204 832 1204 750 1205 1140 1205 748 1205 1137 1206 830 1206 829 1206 830 789 1137 789 1138 789 1133 1207 826 1207 825 1207 826 1208 1133 1208 1134 1208 1131 1209 824 1209 823 1209 824 1209 1131 1209 1132 1209 1130 1210 823 1210 822 1210 823 1210 1130 1210 1131 1210 1135 1211 829 1211 827 1211 829 1212 1135 1212 1137 1212 1132 756 825 756 824 756 825 1213 1132 1213 1133 1213 1134 24 827 24 826 24 827 24 1134 24 1135 24 795 1214 1006 1214 797 1214 1006 1215 795 1215 1005 1215 1129 1216 822 1216 819 1216 822 1217 1129 1217 1130 1217 1139 1218 832 1218 831 1218 832 1218 1139 1218 1140 1218 1138 1219 831 1219 830 1219 831 1219 1138 1219 1139 1219 798 798 1012 798 799 798 1012 1220 798 1220 1007 1220 794 1221 1005 1221 795 1221 1005 1222 794 1222 1004 1222 1128 1223 819 1223 802 1223 819 1224 1128 1224 1129 1224 799 1225 1128 1225 802 1225 1128 1225 799 1225 1012 1225 797 1226 1007 1226 798 1226 1007 1227 797 1227 1006 1227 793 1228 1004 1228 794 1228 1004 1229 793 1229 1001 1229 979 1230 966 1230 861 1230 966 1230 979 1230 1091 1230 1099 1231 974 1231 973 1231 974 1232 1099 1232 1100 1232 1091 1233 967 1233 966 1233 967 756 1091 756 1092 756 1092 1234 968 1234 967 1234 968 1234 1092 1234 1093 1234 1046 1235 838 1235 1043 1235 838 1236 1046 1236 836 1236 1097 1237 972 1237 971 1237 972 1238 1097 1238 1098 1238 1096 789 971 789 970 789 971 1239 1096 1239 1097 1239 1049 1240 843 1240 1050 1240 843 1241 1049 1241 845 1241 1044 1242 873 1242 1109 1242 873 1243 1044 1243 871 1243 1100 1244 873 1244 974 1244 873 1244 1100 1244 1109 1244 1048 1245 836 1245 1046 1245 836 1246 1048 1246 839 1246 1043 1247 871 1247 1044 1247 871 851 1043 851 838 851 1098 1248 973 1248 972 1248 973 1249 1098 1249 1099 1249 1093 24 969 24 968 24 969 24 1093 24 1094 24 1094 1250 970 1250 969 1250 970 1250 1094 1250 1096 1250 1047 1251 845 1251 1049 1251 845 1252 1047 1252 846 1252 1042 1253 841 1253 1040 1253 841 1254 1042 1254 840 1254 1040 1255 844 1255 1045 1255 844 1256 1040 1256 841 1256 1050 1257 839 1257 1048 1257 839 1257 1050 1257 843 1257 1045 1258 846 1258 1047 1258 846 1258 1045 1258 844 1258 977 1259 840 1259 1042 1259 840 1259 977 1259 842 1259 809 1228 989 1228 810 1228 989 1229 809 1229 986 1229 1028 1260 955 1260 957 1260 955 1261 1028 1261 1023 1261 811 1262 998 1262 806 1262 998 1263 811 1263 993 1263 810 1264 993 1264 811 1264 993 1265 810 1265 989 1265 821 1266 991 1266 815 1266 991 893 821 893 992 893 1016 1267 947 1267 948 1267 947 895 1016 895 1015 895 943 1268 992 1268 821 1268 992 1268 943 1268 995 1268 1013 1269 944 1269 945 1269 944 1270 1013 1270 1011 1270 814 1271 988 1271 813 1271 988 1272 814 1272 990 1272 1011 1273 943 1273 944 1273 943 1274 1011 1274 995 1274 1014 1275 945 1275 946 1275 945 1275 1014 1275 1013 1275 1015 1276 946 1276 947 1276 946 1276 1015 1276 1014 1276 1017 1277 948 1277 949 1277 948 1278 1017 1278 1016 1278 812 1198 986 1198 809 1198 986 1199 812 1199 987 1199 813 1279 987 1279 812 1279 987 1280 813 1280 988 1280 815 1281 990 1281 814 1281 990 1282 815 1282 991 1282 1023 1283 954 1283 955 1283 954 1283 1023 1283 1022 1283 1020 1284 950 1284 952 1284 950 1285 1020 1285 1018 1285 1021 908 952 908 953 908 952 1286 1021 1286 1020 1286 1018 118 949 118 950 118 949 118 1018 118 1017 118 1022 1287 953 1287 954 1287 953 1287 1022 1287 1021 1287 1150 895 897 895 898 895 897 1288 1150 1288 1149 1288 1038 1240 854 1240 1039 1240 854 1241 1038 1241 856 1241 1037 1245 847 1245 1034 1245 847 1246 1037 1246 852 1246 1149 1289 895 1289 897 1289 895 1289 1149 1289 1053 1289 1156 1290 904 1290 905 1290 904 1291 1156 1291 1155 1291 1034 1235 849 1235 1033 1235 849 1236 1034 1236 847 1236 1033 1292 915 1292 1035 1292 915 1292 1033 1292 849 1292 1039 1257 852 1257 1037 1257 852 1257 1039 1257 854 1257 1031 1253 853 1253 1029 1253 853 1254 1031 1254 850 1254 1065 1293 851 1293 1063 1293 851 1294 1065 1294 914 1294 1036 1251 856 1251 1038 1251 856 1252 1036 1252 857 1252 1029 1255 855 1255 1032 1255 855 1256 1029 1256 853 1256 1032 1258 857 1258 1036 1258 857 1258 1032 1258 855 1258 1155 1295 903 1295 904 1295 903 1296 1155 1296 1154 1296 1157 1297 905 1297 906 1297 905 1298 1157 1298 1156 1298 1154 1299 902 1299 903 1299 902 908 1154 908 1153 908 1152 118 899 118 900 118 899 118 1152 118 1151 118 1151 1300 898 1300 899 1300 898 1300 1151 1300 1150 1300 1063 943 850 943 1031 943 850 1301 1063 1301 851 1301 1065 1302 906 1302 914 1302 906 1302 1065 1302 1157 1302 1153 1303 900 1303 902 1303 900 1303 1153 1303 1152 1303 1158 118 1008 118 1027 118 1008 118 1158 118 1159 118 537 118 820 118 453 118 453 118 575 118 452 118 801 1304 453 1304 820 1304 453 118 801 118 575 118 1000 1305 1160 1305 1009 1305 1160 1306 1000 1306 1161 1306 567 1307 818 1307 576 1307 818 1308 567 1308 792 1308 1008 1309 1161 1309 1000 1309 1161 1310 1008 1310 1159 1310 575 1311 792 1311 567 1311 792 1312 575 1312 801 1312 1162 1313 1136 1313 1163 1313 1136 1314 1162 1314 1141 1314 833 1315 586 1315 828 1315 586 1316 833 1316 566 1316 1160 24 1136 24 1009 24 1136 24 1160 24 1163 24 818 24 586 24 576 24 586 24 818 24 828 24 1158 1317 1141 1317 1162 1317 1141 1318 1158 1318 1027 1318 833 1319 454 1319 566 1319 820 1320 454 1320 833 1320 454 1321 820 1321 537 1321 566 1322 454 1322 455 1322 1159 390 1160 390 1161 390 1158 390 1160 390 1159 390 1163 390 1160 390 1158 390 1163 390 1158 390 1162 390 1164 118 1103 118 1107 118 869 118 542 118 547 118 542 118 869 118 865 118 1090 1323 1166 1323 1089 1323 1166 1324 1090 1324 1167 1324 468 1325 663 1325 469 1325 663 1326 468 1326 965 1326 964 1327 468 1327 539 1327 468 1328 964 1328 965 1328 1103 1329 1167 1329 1090 1329 1167 1330 1103 1330 1165 1330 542 1331 964 1331 539 1331 964 1332 542 1332 865 1332 1168 1313 1095 1313 1169 1313 1095 1333 1168 1333 1041 1333 837 1334 654 1334 872 1334 654 1316 837 1316 660 1316 1166 24 1095 24 1089 24 1095 24 1166 24 1169 24 965 24 654 24 663 24 654 24 965 24 872 24 1164 1335 1041 1335 1168 1335 1041 1318 1164 1318 1107 1318 837 1336 462 1336 660 1336 869 1337 462 1337 837 1337 462 1338 869 1338 547 1338 660 1339 462 1339 461 1339 1166 390 1167 390 1165 390 1164 390 1166 390 1165 390 1164 390 1169 390 1166 390 1169 390 1164 390 1168 390 1170 118 1010 118 1019 118 1010 118 1170 118 1171 118 951 118 629 118 638 118 629 118 951 118 817 118 985 1305 1172 1305 994 1305 1172 1306 985 1306 1173 1306 634 1307 816 1307 653 1307 816 1308 634 1308 808 1308 1010 1309 1173 1309 985 1309 1173 1310 1010 1310 1171 1310 629 1311 808 1311 634 1311 808 1312 629 1312 817 1312 1174 1313 1025 1313 1175 1313 1025 1314 1174 1314 1024 1314 835 1340 506 1340 536 1340 956 1341 506 1341 835 1341 643 1342 506 1342 956 1342 506 1343 643 1343 505 1343 1172 24 1025 24 994 24 1025 24 1172 24 1175 24 653 24 503 24 504 24 816 24 503 24 653 24 835 1344 503 1344 816 1344 503 24 835 24 536 24 1170 1317 1024 1317 1174 1317 1024 1318 1170 1318 1019 1318 951 1345 643 1345 956 1345 643 1346 951 1346 638 1346 1171 390 1172 390 1173 390 1170 390 1172 390 1171 390 1175 390 1172 390 1170 390 1175 390 1170 390 1174 390 1176 118 1148 118 1064 118 1148 118 1176 118 1177 118 901 118 719 118 722 118 719 118 901 118 894 118 1147 1323 1178 1323 1057 1323 1178 1324 1147 1324 1179 1324 538 1347 909 1347 512 1347 909 1348 538 1348 896 1348 1148 1329 1179 1329 1147 1329 1179 1330 1148 1330 1177 1330 489 1349 719 1349 490 1349 490 1350 896 1350 538 1350 894 1351 490 1351 719 1351 490 1352 894 1352 896 1352 1180 1313 1061 1313 1181 1313 1061 1333 1180 1333 1030 1333 913 1353 495 1353 517 1353 848 1354 495 1354 913 1354 729 1355 495 1355 848 1355 495 1356 729 1356 496 1356 1178 24 1061 24 1057 24 1061 24 1178 24 1181 24 909 24 517 24 512 24 517 24 909 24 913 24 1176 1335 1030 1335 1180 1335 1030 1318 1176 1318 1064 1318 901 1345 729 1345 848 1345 729 1357 901 1357 722 1357 1177 390 1178 390 1179 390 1176 390 1178 390 1177 390 1176 390 1181 390 1178 390 1176 390 1180 390 1181 390 1213 390 1182 390 1183 390 1214 1454 1182 1454 1213 1454 1231 1482 1185 1482 1207 1482 1185 390 1231 390 1184 390</p>
        </triangles>
        <triangles material="Material_002-material" count="649">
          <input semantic="VERTEX" source="#Racecar_Ydlidar-mesh-vertices" offset="0" />
          <input semantic="NORMAL" source="#Racecar_Ydlidar-mesh-normals" offset="1" />
          <p>0 0 1 0 2 0 0 2 3 2 1 2 5 3 3 3 0 3 3 4 5 4 6 4 6 5 5 5 7 5 8 6 9 6 10 6 10 7 11 7 12 7 9 8 11 8 10 8 13 9 9 9 14 9 13 10 14 10 15 10 9 11 13 11 11 11 16 12 17 12 18 12 17 13 16 13 19 13 0 14 20 14 21 14 20 15 0 15 2 15 12 16 22 16 23 16 22 17 12 17 11 17 24 18 25 18 26 18 25 19 24 19 27 19 28 20 29 20 30 20 29 21 28 21 31 21 32 22 33 22 34 22 33 23 32 23 35 23 36 24 37 24 38 24 37 24 36 24 39 24 40 25 26 25 41 25 26 26 40 26 24 26 42 27 43 27 44 27 43 28 42 28 45 28 46 29 47 29 48 29 47 30 46 30 49 30 50 31 30 31 51 31 30 32 50 32 28 32 52 33 47 33 53 33 47 33 52 33 48 33 54 34 7 34 5 34 7 35 54 35 55 35 56 36 54 36 57 36 55 37 54 37 56 37 58 38 15 38 59 38 58 39 59 39 57 39 15 40 58 40 13 40 58 41 57 41 54 41 60 42 61 42 62 42 63 43 61 43 60 43 64 44 61 44 63 44 65 45 61 45 64 45 66 46 67 46 68 46 67 47 66 47 69 47 69 48 66 48 70 48 65 49 66 49 61 49 70 50 66 50 65 50 62 51 71 51 60 51 21 52 71 52 62 52 71 53 21 53 72 53 72 54 21 54 20 54 74 56 68 56 67 56 75 57 74 57 76 57 22 58 74 58 75 58 74 60 22 60 68 60 27 61 77 61 25 61 77 62 27 62 78 62 78 63 38 63 77 63 38 64 78 64 36 64 66 65 41 65 61 65 41 66 66 66 40 66 79 67 16 67 18 67 54 67 16 67 79 67 54 67 80 67 16 67 5 68 80 68 54 68 5 69 81 69 80 69 0 67 81 67 5 67 0 70 82 70 81 70 21 71 82 71 0 71 21 72 83 72 82 72 62 67 83 67 21 67 62 67 84 67 83 67 61 73 84 73 62 73 61 74 85 74 84 74 41 67 85 67 61 67 41 75 86 75 85 75 26 67 86 67 41 67 26 76 87 76 86 76 25 67 87 67 26 67 25 77 88 77 87 77 77 78 88 78 25 78 77 79 89 79 88 79 38 80 89 80 77 80 38 81 90 81 89 81 37 67 90 67 38 67 37 67 91 67 90 67 51 82 91 82 37 82 51 83 92 83 91 83 30 84 92 84 51 84 30 85 93 85 92 85 29 86 93 86 30 86 29 87 94 87 93 87 95 67 94 67 29 67 95 88 96 88 94 88 53 67 96 67 95 67 53 89 97 89 96 89 47 67 97 67 53 67 47 90 98 90 97 90 49 67 98 67 47 67 49 67 99 67 98 67 33 91 99 91 49 91 33 92 100 92 99 92 35 93 100 93 33 93 35 94 101 94 100 94 102 95 101 95 35 95 102 96 103 96 101 96 43 67 103 67 102 67 43 67 104 67 103 67 105 97 35 97 32 97 35 98 105 98 102 98 44 99 102 99 105 99 102 100 44 100 43 100 34 101 49 101 46 101 49 102 34 102 33 102 39 103 51 103 37 103 51 103 39 103 50 103 106 104 53 104 95 104 53 105 106 105 52 105 31 106 95 106 29 106 95 107 31 107 106 107 18 108 107 108 79 108 107 109 18 109 17 109 108 110 80 110 109 110 80 111 110 111 109 111 111 112 80 112 81 112 80 113 111 113 110 113 80 114 108 114 112 114 113 115 112 115 108 115 114 116 112 116 113 116 112 117 114 117 115 117 116 118 90 118 91 118 90 118 116 118 117 118 118 119 45 119 42 119 45 120 118 120 104 120 131 67 132 67 130 67 221 166 101 166 222 166 101 167 221 167 100 167 117 168 89 168 90 168 89 168 117 168 223 168 224 169 87 169 88 169 87 170 224 170 225 170 79 171 58 171 54 171 58 172 79 172 107 172 80 173 19 173 16 173 19 174 80 174 112 174 222 175 103 175 226 175 103 176 222 176 101 176 226 177 104 177 118 177 104 178 226 178 103 178 227 179 84 179 85 179 84 179 227 179 228 179 83 180 229 180 230 180 84 181 229 181 83 181 229 182 84 182 231 182 231 183 84 183 232 183 232 184 84 184 233 184 233 185 84 185 234 185 234 186 84 186 235 186 236 187 84 187 237 187 238 188 84 188 236 188 239 189 84 189 238 189 235 190 84 190 239 190 228 191 240 191 241 191 228 192 241 192 242 192 228 193 242 193 243 193 228 194 243 194 244 194 228 195 244 195 245 195 228 196 245 196 246 196 228 197 246 197 247 197 240 198 228 198 248 198 249 199 228 199 247 199 237 200 228 200 249 200 228 201 237 201 84 201 82 202 250 202 251 202 82 203 252 203 250 203 82 204 253 204 252 204 83 205 253 205 82 205 253 206 83 206 254 206 254 207 83 207 255 207 255 208 83 208 230 208 256 209 257 209 258 209 259 210 257 210 256 210 248 211 259 211 260 211 248 212 260 212 261 212 248 213 261 213 262 213 248 214 262 214 240 214 259 215 248 215 257 215 223 216 88 216 89 216 88 217 223 217 224 217 263 218 93 218 94 218 93 219 263 219 264 219 264 220 92 220 93 220 92 221 264 221 265 221 265 222 91 222 92 222 91 223 265 223 116 223 266 224 99 224 267 224 99 225 266 225 98 225 266 226 97 226 98 226 97 226 266 226 268 226 269 227 85 227 86 227 85 228 269 228 227 228 225 229 86 229 87 229 86 230 225 230 269 230 81 232 271 232 270 232 81 233 272 233 271 233 81 234 273 234 272 234 81 235 274 235 273 235 81 236 275 236 274 236 81 237 276 237 275 237 81 238 277 238 276 238 82 239 277 239 81 239 277 240 82 240 278 240 280 243 115 243 279 243 281 244 115 244 280 244 282 245 115 245 281 245 283 246 115 246 282 246 284 247 115 247 283 247 285 248 115 248 284 248 286 249 115 249 285 249 257 250 286 250 287 250 286 252 257 252 115 252 267 253 100 253 221 253 100 254 267 254 99 254 288 255 94 255 96 255 94 256 288 256 263 256 268 257 96 257 97 257 96 258 268 258 288 258 289 259 130 259 290 259 130 259 289 259 128 259 291 260 119 260 292 260 119 261 291 261 125 261 290 262 132 262 293 262 132 262 290 262 130 262 142 263 294 263 295 263 294 264 142 264 144 264 140 265 295 265 296 265 295 266 140 266 142 266 151 267 297 267 298 267 297 268 151 268 153 268 161 269 299 269 162 269 299 269 161 269 300 269 134 270 301 270 302 270 301 271 134 271 136 271 144 272 303 272 294 272 303 273 144 273 146 273 138 274 296 274 304 274 296 275 138 275 140 275 157 276 305 276 160 276 305 277 157 277 306 277 163 278 307 278 164 278 307 279 163 279 308 279 147 280 309 280 310 280 309 281 147 281 149 281 156 282 307 282 311 282 307 283 156 283 164 283 204 284 312 284 313 284 312 285 204 285 196 285 203 286 314 286 202 286 314 286 203 286 315 286 316 287 168 287 317 287 168 287 316 287 170 287 180 288 318 288 319 288 318 289 180 289 178 289 320 290 128 290 289 290 128 291 320 291 126 291 293 292 134 292 302 292 134 293 293 293 132 293 146 24 310 24 303 24 310 24 146 24 147 24 136 294 304 294 301 294 304 295 136 295 138 295 159 296 306 296 157 296 306 297 159 297 321 297 160 298 300 298 161 298 300 299 160 299 305 299 162 300 308 300 163 300 308 300 162 300 299 300 149 301 298 301 309 301 298 302 149 302 151 302 155 303 311 303 322 303 311 304 155 304 156 304 153 305 322 305 297 305 322 306 153 306 155 306 292 307 122 307 323 307 122 308 292 308 119 308 317 309 166 309 324 309 166 310 317 310 168 310 205 311 315 311 203 311 315 311 205 311 325 311 326 312 172 312 327 312 172 313 326 313 174 313 186 314 328 314 329 314 328 315 186 315 184 315 323 316 126 316 320 316 126 317 323 317 122 317 17 67 292 67 323 67 107 67 323 67 320 67 292 67 17 67 291 67 19 67 291 67 17 67 323 67 107 67 17 67 320 67 58 67 107 67 289 318 58 318 320 318 289 319 13 319 58 319 290 320 13 320 289 320 290 67 11 67 13 67 293 67 11 67 290 67 293 67 22 67 11 67 302 321 22 321 293 321 302 322 68 322 22 322 301 323 68 323 302 323 301 67 66 67 68 67 304 67 66 67 301 67 304 67 40 67 66 67 296 67 40 67 304 67 296 324 24 324 40 324 295 67 24 67 296 67 295 325 27 325 24 325 294 67 27 67 295 67 294 326 78 326 27 326 303 67 78 67 294 67 303 327 36 327 78 327 303 67 39 67 36 67 310 67 39 67 303 67 310 328 50 328 39 328 309 67 50 67 310 67 309 329 28 329 50 329 298 67 28 67 309 67 298 330 31 330 28 330 297 67 31 67 298 67 297 331 106 331 31 331 322 67 106 67 297 67 322 67 52 67 106 67 311 67 52 67 322 67 311 67 48 67 52 67 307 332 48 332 311 332 307 333 46 333 48 333 308 334 46 334 307 334 308 67 34 67 46 67 299 67 34 67 308 67 299 67 32 67 34 67 300 67 32 67 299 67 300 335 105 335 32 335 305 336 105 336 300 336 306 67 44 67 305 67 105 67 305 67 44 67 291 67 19 67 324 67 112 67 324 67 19 67 112 337 317 337 324 337 115 338 317 338 112 338 115 339 316 339 317 339 257 67 316 67 115 67 257 67 327 67 316 67 248 67 327 67 257 67 248 340 326 340 327 340 228 67 326 67 248 67 228 67 330 67 326 67 227 67 330 67 228 67 227 67 318 67 330 67 269 67 318 67 227 67 269 67 319 67 318 67 225 341 319 341 269 341 225 67 331 67 319 67 224 67 331 67 225 67 224 67 328 67 331 67 223 67 328 67 224 67 223 67 329 67 328 67 117 342 329 342 223 342 116 67 329 67 117 67 116 67 332 67 329 67 265 343 332 343 116 343 265 67 333 67 332 67 264 344 333 344 265 344 264 67 334 67 333 67 263 345 334 345 264 345 263 67 335 67 334 67 288 346 335 346 263 346 288 67 336 67 335 67 268 67 336 67 288 67 268 67 312 67 336 67 266 67 312 67 268 67 266 67 313 67 312 67 267 347 313 347 266 347 267 348 325 348 313 348 221 349 325 349 267 349 221 67 315 67 325 67 222 67 315 67 221 67 222 350 314 350 315 350 226 351 314 351 222 351 337 67 226 67 118 67 226 336 337 336 314 336 338 67 118 67 42 67 44 67 306 67 42 67 321 67 42 67 306 67 118 67 338 67 337 67 42 67 321 67 338 67 196 352 336 352 312 352 336 353 196 353 195 353 199 354 321 354 159 354 321 355 199 355 338 355 202 356 337 356 201 356 337 357 202 357 314 357 204 358 325 358 205 358 325 359 204 359 313 359 327 360 170 360 316 360 170 360 327 360 172 360 182 361 319 361 331 361 319 362 182 362 180 362 184 363 331 363 328 363 331 364 184 364 182 364 176 365 326 365 330 365 326 366 176 366 174 366 324 367 125 367 291 367 125 368 324 368 166 368 187 118 329 118 332 118 329 118 187 118 186 118 193 369 334 369 335 369 334 370 193 370 191 370 201 371 338 371 199 371 338 372 201 372 337 372 178 373 330 373 318 373 330 374 178 374 176 374 195 375 335 375 336 375 335 376 195 376 193 376 191 377 333 377 334 377 333 378 191 378 189 378 189 379 332 379 333 379 332 380 189 380 187 380 10 24 339 24 8 24 345 118 72 118 346 118 347 381 342 381 348 381 349 382 342 382 347 382 342 382 349 382 339 382 339 382 350 382 351 382 352 382 339 382 349 382 339 382 353 382 350 382 339 382 352 382 353 382 353 382 352 382 354 382 342 382 345 382 346 382 345 382 342 382 344 382 339 382 344 382 342 382 355 383 356 383 357 383 345 384 355 384 358 384 355 382 345 382 356 382 345 385 358 385 359 385 344 386 356 386 345 386 356 387 344 387 360 387 360 388 344 388 361 388 340 67 12 67 23 67 340 67 75 67 343 67 12 67 340 67 10 67 341 390 2 390 1 390 2 391 341 391 20 391 20 390 341 390 72 390 72 390 341 390 346 390 57 24 352 24 56 24 352 24 57 24 354 24 348 392 4 392 3 392 4 393 348 393 342 393 351 394 8 394 339 394 8 395 351 395 9 395 349 396 7 396 55 396 7 397 349 397 6 397 6 398 349 398 347 398 352 399 55 399 56 399 55 400 352 400 349 400 347 401 3 401 6 401 3 402 347 402 348 402 350 403 9 403 351 403 9 404 350 404 14 404 353 405 15 405 14 405 353 406 14 406 350 406 15 407 353 407 59 407 59 408 354 408 57 408 354 409 59 409 353 409 65 410 355 410 357 410 355 411 65 411 64 411 345 412 71 412 73 412 71 413 345 413 359 413 64 414 358 414 355 414 358 415 64 415 63 415 344 416 74 416 361 416 74 417 344 417 76 417 361 418 67 418 69 418 361 419 69 419 360 419 67 420 361 420 74 420 359 421 60 421 71 421 60 422 359 422 63 422 63 423 359 423 358 423 356 424 65 424 357 424 65 425 356 425 70 425 360 426 70 426 356 426 70 427 360 427 69 427 362 428 259 428 256 428 259 429 362 429 363 429 364 430 253 430 365 430 253 431 364 431 252 431 366 432 110 432 367 432 110 433 366 433 109 433 368 434 275 434 369 434 275 435 368 435 274 435 370 436 272 436 371 436 272 437 370 437 271 437 372 438 242 438 241 438 242 439 372 439 373 439 374 440 286 440 285 440 286 441 374 441 375 441 376 443 256 443 287 443 256 444 376 444 362 444 377 445 285 445 284 445 285 446 377 446 374 446 113 447 378 447 379 447 378 448 113 448 108 448 379 449 114 449 113 449 279 450 379 450 380 450 379 451 279 451 114 451 381 452 278 452 382 452 278 453 381 453 277 453 383 454 277 454 381 454 277 455 383 455 276 455 384 456 252 456 364 456 252 457 384 457 250 457 371 458 273 458 385 458 273 459 371 459 272 459 367 460 270 460 386 460 270 461 367 461 111 461 111 462 367 462 110 462 363 463 260 463 259 463 260 464 363 464 387 464 388 465 249 465 247 465 249 466 388 466 389 466 375 467 287 467 286 467 287 468 375 468 376 468 390 469 284 469 283 469 284 470 390 470 377 470 378 118 109 118 366 118 109 118 378 118 108 118 282 471 391 471 392 471 391 472 282 472 281 472 280 473 380 473 393 473 380 474 280 474 279 474 281 475 393 475 391 475 393 476 281 476 280 476 369 477 276 477 383 477 276 478 369 478 275 478 382 480 250 480 384 480 250 481 382 481 278 481 394 482 245 482 244 482 245 483 394 483 395 483 396 484 262 484 261 484 262 485 396 485 397 485 262 486 241 486 240 486 397 487 241 487 262 487 241 488 397 488 372 488 387 489 261 489 260 489 261 490 387 490 396 490 395 491 246 491 245 491 246 492 395 492 398 492 398 493 247 493 246 493 247 494 398 494 388 494 283 495 392 495 390 495 392 496 283 496 282 496 385 497 274 497 368 497 274 498 385 498 273 498 386 499 271 499 370 499 271 500 386 500 270 500 367 382 378 382 366 382 367 501 379 501 378 501 386 382 379 382 367 382 386 502 380 502 379 502 370 382 380 382 386 382 370 503 393 503 380 503 371 382 393 382 370 382 371 382 391 382 393 382 385 382 391 382 371 382 385 504 392 504 391 504 368 505 392 505 385 505 368 506 390 506 392 506 369 507 390 507 368 507 369 508 377 508 390 508 383 382 377 382 369 382 383 509 374 509 377 509 381 382 374 382 383 382 381 510 375 510 374 510 382 382 375 382 381 382 382 511 376 511 375 511 384 382 376 382 382 382 384 512 362 512 376 512 364 382 362 382 384 382 364 513 363 513 362 513 365 382 363 382 364 382 365 514 387 514 363 514 399 382 387 382 365 382 399 515 396 515 387 515 400 382 396 382 399 382 400 516 397 516 396 516 401 382 397 382 400 382 401 517 372 517 397 517 402 518 372 518 401 518 402 519 373 519 372 519 403 520 373 520 402 520 403 521 404 521 373 521 405 382 404 382 403 382 405 522 394 522 404 522 406 382 394 382 405 382 406 523 395 523 394 523 407 524 395 524 406 524 407 382 398 382 395 382 408 525 398 525 407 525 408 526 388 526 398 526 409 527 388 527 408 527 409 528 389 528 388 528 410 382 389 382 409 382 389 529 410 529 411 529 238 530 408 530 239 530 408 531 238 531 409 531 402 532 232 532 403 532 232 533 402 533 231 533 399 534 255 534 400 534 255 535 399 535 254 535 404 536 244 536 243 536 244 537 404 537 394 537 373 538 243 538 242 538 243 539 373 539 404 539 389 540 237 540 249 540 237 541 389 541 411 541 237 24 410 24 236 24 410 24 237 24 411 24 235 542 406 542 234 542 406 543 235 543 407 543 234 544 405 544 233 544 405 545 234 545 406 545 233 546 403 546 232 546 403 547 233 547 405 547 229 548 255 548 230 548 400 549 229 549 401 549 229 550 400 550 255 550 365 551 254 551 399 551 254 552 365 552 253 552 236 553 409 553 238 553 409 554 236 554 410 554 239 555 407 555 235 555 407 556 239 556 408 556 401 557 231 557 402 557 231 558 401 558 229 558</p>
        </triangles>
        <triangles material="Material_003-material" count="245">
          <input semantic="VERTEX" source="#Racecar_Ydlidar-mesh-vertices" offset="0" />
          <input semantic="NORMAL" source="#Racecar_Ydlidar-mesh-normals" offset="1" />
          <p>1103 118 1164 118 1165 118 1026 1358 1182 1358 1052 1358 1182 1358 1026 1358 1183 1358 510 1359 862 1359 508 1359 862 1360 510 1360 834 1360 1184 1361 1125 1361 1185 1361 1125 1362 1184 1362 1126 1362 942 1363 564 1363 892 1363 564 1364 942 1364 565 1364 1186 24 1114 24 1113 24 1114 24 1186 24 1187 24 878 24 553 24 552 24 553 24 878 24 879 24 921 118 523 118 524 118 523 118 921 118 920 118 1188 118 1070 118 1071 118 1070 118 1188 118 1189 118 1190 1365 1106 1365 1105 1365 1106 1366 1190 1366 1191 1366 870 1367 546 1367 545 1367 546 1368 870 1368 868 1368 884 1369 559 1369 558 1369 559 1370 884 1370 885 1370 1192 1371 1120 1371 1119 1371 1120 1372 1192 1372 1193 1372 1194 1373 1117 1373 1116 1373 1117 1374 1194 1374 1195 1374 881 1375 556 1375 555 1375 556 1376 881 1376 882 1376 1059 1377 1196 1377 1056 1377 1196 1378 1059 1378 1197 1378 515 1379 908 1379 514 1379 908 1380 515 1380 910 1380 1101 1381 1198 1381 1102 1381 1198 1382 1101 1382 1199 1382 541 1383 864 1383 543 1383 864 1384 541 1384 866 1384 1102 1385 1200 1385 1104 1385 1200 1386 1102 1386 1198 1386 543 1387 867 1387 544 1387 867 1388 543 1388 864 1388 875 1389 550 1389 549 1389 550 1389 875 1389 876 1389 1201 1390 1111 1390 1110 1390 1111 1391 1201 1391 1202 1391 876 1392 551 1392 550 1392 551 1393 876 1393 877 1393 1202 1394 1112 1394 1111 1394 1112 1394 1202 1394 1203 1394 1204 1395 1110 1395 1108 1395 1110 1396 1204 1396 1201 1396 874 1397 549 1397 548 1397 549 1398 874 1398 875 1398 1205 1399 1121 1399 1206 1399 1121 1400 1205 1400 1122 1400 888 1401 560 1401 887 1401 560 1401 888 1401 561 1401 887 1402 559 1402 885 1402 559 1402 887 1402 560 1402 1206 1403 1120 1403 1193 1403 1120 1404 1206 1404 1121 1404 1207 1405 1123 1405 1208 1405 1123 1406 1207 1406 1124 1406 891 1407 562 1407 889 1407 562 1408 891 1408 563 1408 1209 1409 1119 1409 1118 1409 1119 1410 1209 1410 1192 1410 883 1411 558 1411 557 1411 558 1412 883 1412 884 1412 1187 1413 1115 1413 1114 1413 1115 1414 1187 1414 1210 1414 879 1415 554 1415 553 1415 554 1416 879 1416 880 1416 1189 1417 1069 1417 1070 1417 1069 1418 1189 1418 1211 1418 920 1419 522 1419 523 1419 522 1420 920 1420 919 1420 1051 1421 1199 1421 1101 1421 1199 1422 1051 1422 1212 1422 540 592 866 592 541 592 866 1423 540 1423 863 1423 1052 1424 1212 1424 1051 1424 1212 1425 1052 1425 1182 1425 508 1426 863 1426 540 1426 863 1427 508 1427 862 1427 1104 1428 1190 1428 1105 1428 1190 1429 1104 1429 1200 1429 544 1430 870 1430 545 1430 870 1431 544 1431 867 1431 1203 1432 1113 1432 1112 1432 1113 1433 1203 1433 1186 1433 877 1434 552 1434 551 1434 552 1435 877 1435 878 1435 1191 1436 1108 1436 1106 1436 1108 1437 1191 1437 1204 1437 868 1438 548 1438 546 1438 548 1439 868 1439 874 1439 1208 1440 1122 1440 1205 1440 1122 1441 1208 1441 1123 1441 889 1442 561 1442 888 1442 561 1443 889 1443 562 1443 1185 1444 1124 1444 1207 1444 1124 1445 1185 1445 1125 1445 892 1446 563 1446 891 1446 563 1446 892 1446 564 1446 1195 1447 1118 1447 1117 1447 1118 1448 1195 1448 1209 1448 882 1449 557 1449 556 1449 557 1450 882 1450 883 1450 509 1451 834 1451 510 1451 834 1452 509 1452 860 1452 1054 1453 1183 1453 1026 1453 1183 1453 1054 1453 1213 1453 1214 1455 1212 1455 1182 1455 1215 1456 1212 1456 1214 1456 1215 1457 1199 1457 1212 1457 1196 390 1199 390 1215 390 1196 1458 1198 1458 1199 1458 1197 390 1198 390 1196 390 1197 1459 1200 1459 1198 1459 1216 1460 1200 1460 1197 1460 1216 1461 1190 1461 1200 1461 1217 390 1190 390 1216 390 1217 1462 1191 1462 1190 1462 1218 390 1191 390 1217 390 1218 1463 1204 1463 1191 1463 1219 390 1204 390 1218 390 1219 1464 1201 1464 1204 1464 1220 1465 1201 1465 1219 1465 1220 1466 1202 1466 1201 1466 1211 390 1202 390 1220 390 1211 1467 1203 1467 1202 1467 1189 390 1203 390 1211 390 1189 1468 1186 1468 1203 1468 1188 390 1186 390 1189 390 1188 390 1187 390 1186 390 1221 1469 1187 1469 1188 1469 1221 1470 1210 1470 1187 1470 1222 1471 1210 1471 1221 1471 1222 1472 1194 1472 1210 1472 1223 390 1194 390 1222 390 1223 1473 1195 1473 1194 1473 1224 390 1195 390 1223 390 1224 1474 1209 1474 1195 1474 1225 390 1209 390 1224 390 1225 1475 1192 1475 1209 1475 1226 390 1192 390 1225 390 1226 1476 1193 1476 1192 1476 1227 390 1193 390 1226 390 1227 1477 1206 1477 1193 1477 1228 390 1206 390 1227 390 1228 1478 1205 1478 1206 1478 1229 1479 1205 1479 1228 1479 1229 1480 1208 1480 1205 1480 1230 390 1208 390 1229 390 1230 1481 1207 1481 1208 1481 1231 390 1207 390 1230 390 918 1483 521 1483 518 1483 521 1483 918 1483 917 1483 1220 1484 1067 1484 1068 1484 1067 1485 1220 1485 1219 1485 1210 1486 1116 1486 1115 1486 1116 1486 1210 1486 1194 1486 880 1487 555 1487 554 1487 555 1488 880 1488 881 1488 917 1489 520 1489 521 1489 520 1490 917 1490 916 1490 1219 1491 1066 1491 1067 1491 1066 1492 1219 1492 1218 1492 925 1493 526 1493 527 1493 526 1494 925 1494 924 1494 1223 1495 1074 1495 1075 1495 1074 1496 1223 1496 1222 1496 930 1497 531 1497 932 1497 531 1497 930 1497 530 1497 1226 1498 1082 1498 1227 1498 1082 1499 1226 1499 1080 1499 1229 1500 1087 1500 1230 1500 1087 1501 1229 1501 1086 1501 936 1502 534 1502 938 1502 534 1503 936 1503 533 1503 919 1504 518 1504 522 1504 518 1505 919 1505 918 1505 1211 1506 1068 1506 1069 1506 1068 1506 1211 1506 1220 1506 1058 1507 1214 1507 1055 1507 1214 1508 1058 1508 1215 1508 513 1509 858 1509 511 1509 858 1510 513 1510 907 1510 514 1511 907 1511 513 1511 907 1512 514 1512 908 1512 1056 1513 1215 1513 1058 1513 1215 1514 1056 1514 1196 1514 1055 1515 1213 1515 1054 1515 1213 1516 1055 1516 1214 1516 511 1517 860 1517 509 1517 860 1518 511 1518 858 1518 912 1519 519 1519 516 1519 519 1520 912 1520 911 1520 1217 1521 1062 1521 1060 1521 1062 1522 1217 1522 1216 1522 1062 1523 1197 1523 1059 1523 1197 1524 1062 1524 1216 1524 519 1525 910 1525 515 1525 910 1526 519 1526 911 1526 916 1527 516 1527 520 1527 516 1528 916 1528 912 1528 1218 1529 1060 1529 1066 1529 1060 1530 1218 1530 1217 1530 1225 1531 1076 1531 1078 1531 1076 1532 1225 1532 1224 1532 928 1533 528 1533 529 1533 528 1534 928 1534 926 1534 1222 1535 1072 1535 1074 1535 1072 1535 1222 1535 1221 1535 924 1536 525 1536 526 1536 525 1537 924 1537 922 1537 1226 1538 1078 1538 1080 1538 1078 1539 1226 1539 1225 1539 930 1540 529 1540 530 1540 529 1541 930 1541 928 1541 1228 1542 1086 1542 1229 1542 1086 1543 1228 1543 1084 1543 934 1544 533 1544 936 1544 533 1545 934 1545 532 1545 1230 1546 1088 1546 1231 1546 1088 1547 1230 1547 1087 1547 938 1548 535 1548 940 1548 535 1548 938 1548 534 1548 1231 1549 1126 1549 1184 1549 1126 1550 1231 1550 1088 1550 940 1551 565 1551 942 1551 565 1552 940 1552 535 1552 922 1553 524 1553 525 1553 524 1554 922 1554 921 1554 1221 1555 1071 1555 1072 1555 1071 1556 1221 1556 1188 1556 1227 1557 1084 1557 1228 1557 1084 1558 1227 1558 1082 1558 932 1559 532 1559 934 1559 532 1559 932 1559 531 1559 926 1560 527 1560 528 1560 527 1561 926 1561 925 1561 1224 1562 1075 1562 1076 1562 1075 1563 1224 1563 1223 1563</p>
        </triangles>
      </mesh>
    </geometry>
  </library_geometries>
  <library_controllers />
  <library_visual_scenes>
    <visual_scene id="Scene" name="Scene">
      <node id="Camera" name="Camera" type="NODE">
        <matrix sid="transform">1.0 0.0 0.0 0.0 0.0 1.0 0.0 0.0 0.0 0.0 1.0 0.0 0.0 0.0 0.0 1.0</matrix>
        <instance_camera url="#Camera-camera" />
      </node>
      <node id="Lamp" name="Lamp" type="NODE">
        <matrix sid="transform">1.0 0.0 0.0 0.0 0.0 1.0 0.0 0.0 0.0 0.0 1.0 0.0 0.0 0.0 0.0 1.0</matrix>
        <instance_light url="#Lamp-light" />
      </node>
      <node id="Racecar_Ydlidar" name="Racecar_Ydlidar" type="NODE">
        <matrix sid="transform">1.0 0.0 0.0 0.0 0.0 1.0 0.0 0.0 0.0 0.0 1.0 0.0 0.0 0.0 0.0 1.0</matrix>
        <instance_geometry url="#Racecar_Ydlidar-mesh" name="Racecar_Ydlidar">
          <bind_material>
            <technique_common>
              <instance_material symbol="Material_001-material" target="#Material_001-material" />
              <instance_material symbol="Material_002-material" target="#Material_002-material" />
              <instance_material symbol="Material_003-material" target="#Material_003-material" />
            </technique_common>
          </bind_material>
        </instance_geometry>
      </node>
    </visual_scene>
  </library_visual_scenes>
  <scene>
    <instance_visual_scene url="#Scene" />
  </scene>
</COLLADA>