<?xml version='1.0' encoding='utf-8'?>
<COLLADA xmlns="http://www.collada.org/2005/11/COLLADASchema" version="1.4.1">
  <asset>
    <contributor>
      <author>Blender User</author>
      <authoring_tool>Blender 4.5.4 LTS commit date:2025-10-27, commit time:12:46, hash:b3efe983cc58</authoring_tool>
    </contributor>
    <created>2025-11-05T17:59:00</created>
    <modified>2025-11-05T17:59:00</modified>
    <unit name="meter" meter="1" />
    <up_axis>Z_UP</up_axis>
  </asset>
  <library_effects>
    <effect id="Material-塑胶_232-effect">
      <profile_COMMON>
        <technique sid="common">
          <lambert>
            <emission>
              <color sid="emission">0 0 0 1</color>
            </emission>
            <diffuse>
              <color sid="diffuse">0.058824 0.058824 0.058824 1</color>
            </diffuse>
            <index_of_refraction>
              <float sid="ior">1.5</float>
            </index_of_refraction>
          </lambert>
        </technique>
      </profile_COMMON>
    </effect>
    <effect id="a0000000-0000-0000-0000-000000000000_014-effect">
      <profile_COMMON>
        <technique sid="common">
          <lambert>
            <emission>
              <color sid="emission">0 0 0 1</color>
            </emission>
            <diffuse>
              <color sid="diffuse">0.980392 0.980392 0.980392 1</color>
            </diffuse>
            <reflectivity>
              <float sid="specular">1</float>
            </reflectivity>
            <index_of_refraction>
              <float sid="ior">0</float>
            </index_of_refraction>
          </lambert>
        </technique>
      </profile_COMMON>
    </effect>
    <effect id="Material-金属_002-effect">
      <profile_COMMON>
        <technique sid="common">
          <lambert>
            <emission>
              <color sid="emission">0 0 0 1</color>
            </emission>
            <diffuse>
              <color sid="diffuse">0 0 0 1</color>
            </diffuse>
            <index_of_refraction>
              <float sid="ior">0</float>
            </index_of_refraction>
          </lambert>
        </technique>
      </profile_COMMON>
    </effect>
  </library_effects>
  <library_images />
  <library_materials>
    <material id="Material-塑胶_232-material" name="Material-塑胶.232">
      <instance_effect url="#Material-塑胶_232-effect" />
    </material>
    <material id="a0000000-0000-0000-0000-000000000000_014-material" name="a0000000-0000-0000-0000-000000000000.014">
      <instance_effect url="#a0000000-0000-0000-0000-000000000000_014-effect" />
    </material>
    <material id="Material-金属_002-material" name="Material-金属.002">
      <instance_effect url="#Material-金属_002-effect" />
    </material>
  </library_materials>
  <library_geometries>
    <geometry id="mesh-ae77987a-8215-47ae-8774-4f9d516c7173_002-mesh" name="mesh-ae77987a-8215-47ae-8774-4f9d516c7173.002">
      <mesh>
        <source id="mesh-ae77987a-8215-47ae-8774-4f9d516c7173_002-mesh-positions">
          <float_array id="mesh-ae77987a-8215-47ae-8774-4f9d516c7173_002-mesh-positions-array" count="2460">
0.004600 0.025530 0.010732 0.004900 0.025530 0.010732 0.004900 0.027291 0.010413 0.004600 0.027291 0.010413 0.004900 0.028911 0.009652 0.004600 0.028911 0.009652 0.004900 0.030280 0.008501 0.004600 0.030280 0.008501 0.004900 0.031308 0.007036 0.004600 0.031308 0.007036 0.004900 0.033027 0.003399 0.004600 0.033027 0.003399 0.004900 0.034450 -0.000364 0.004600 0.034450 -0.000364 0.004900 0.035568 -0.004228 0.004600 0.035568 -0.004228 0.004900 0.035674 -0.005991 0.004600 0.035674 -0.005991 0.004900 0.035148 -0.007677 0.004600 0.035148 -0.007677 0.004900 0.034059 -0.009068 0.004600 0.034059 -0.009068 0.004900 0.032547 -0.009982 0.004600 0.032547 -0.009982 0.004900 0.030810 -0.010300 0.004600 0.030810 -0.010300 0.004600 -0.030810 -0.010300 0.004900 -0.030810 -0.010300 0.004900 -0.032548 -0.009982 0.004600 -0.032548 -0.009982 0.004900 -0.034059 -0.009068 0.004600 -0.034059 -0.009068 0.004900 -0.035149 -0.007677 0.004600 -0.035149 -0.007677 0.004900 -0.035674 -0.005991 0.004600 -0.035674 -0.005991 0.004900 -0.035568 -0.004228 0.004600 -0.035568 -0.004228 0.004900 -0.034450 -0.000364 0.004600 -0.034450 -0.000364 0.004900 -0.033027 0.003399 0.004600 -0.033027 0.003399 0.004900 -0.031308 0.007036 0.004600 -0.031308 0.007036 0.004900 -0.030281 0.008501 0.004600 -0.030281 0.008501 0.004900 -0.028911 0.009652 0.004600 -0.028911 0.009652 0.004900 -0.027291 0.010413 0.004600 -0.027291 0.010413 0.004900 -0.025530 0.010732 0.004600 -0.025530 0.010732 0.004900 -0.008513 0.011287 0.004600 -0.008513 0.011287 0.004900 0.008513 0.011287 0.004600 0.008513 0.011287 0.004600 0.034059 -0.009068 0.004600 0.032547 -0.009982 0.004600 0.030810 -0.010300 0.004600 0.034450 -0.000364 0.004600 0.008513 0.011287 0.004600 0.033027 0.003399 0.004600 0.025530 0.010732 0.004600 0.031308 0.007036 0.004600 0.027291 0.010413 0.004600 0.030280 0.008501 0.004600 0.027291 0.010413 0.004600 0.028911 0.009652 0.004600 0.035568 -0.004228 0.004600 0.035674 -0.005991 0.004600 0.035148 -0.007677 0.004600 -0.035674 -0.005991 0.004600 -0.035568 -0.004228 0.004600 -0.035149 -0.007677 0.004600 -0.008513 0.011287 0.004600 -0.034059 -0.009068 0.004600 -0.032548 -0.009982 0.004600 -0.034450 -0.000364 0.004600 -0.033027 0.003399 0.004600 -0.025530 0.010732 0.004600 -0.033027 0.003399 0.004600 -0.031308 0.007036 0.004600 -0.027291 0.010413 0.004600 -0.031308 0.007036 0.004600 -0.030281 0.008501 0.004600 -0.028911 0.009652 0.004600 0.030810 -0.010300 0.004600 -0.030810 -0.010300 0.004900 0.035674 -0.005991 0.004900 0.035568 -0.004228 0.004900 0.008513 0.011287 0.004900 0.034450 -0.000364 0.004900 0.033027 0.003399 0.004900 0.025530 0.010732 0.004900 0.031308 0.007036 0.004900 0.027291 0.010413 0.004900 0.030280 0.008501 0.004900 0.028911 0.009652 0.004900 0.035148 -0.007677 0.004900 0.034059 -0.009068 0.004900 0.032547 -0.009982 0.004900 0.030810 -0.010300 0.004900 -0.035568 -0.004228 0.004900 -0.035674 -0.005991 0.004900 -0.008513 0.011287 0.004900 -0.035149 -0.007677 0.004900 -0.030810 -0.010300 0.004900 -0.032548 -0.009982 0.004900 -0.034059 -0.009068 0.004900 -0.028911 0.009652 0.004900 -0.030281 0.008501 0.004900 -0.027291 0.010413 0.004900 -0.031308 0.007036 0.004900 -0.025530 0.010732 0.004900 -0.033027 0.003399 0.004900 -0.034450 -0.000364 0.005000 -0.007768 -0.003430 0.005000 -0.007875 -0.003900 0.005000 -0.006175 -0.003900 0.005000 -0.008250 0.003000 0.005000 -0.008418 0.002375 0.005000 -0.007768 -0.001430 0.005000 -0.008875 0.001917 0.005000 -0.008500 -0.000698 0.005000 -0.010750 0.003000 0.005000 -0.013725 0.003900 0.005000 -0.010583 0.002375 0.005000 -0.013725 -0.003900 0.005000 -0.010125 0.001917 0.005000 -0.009500 -0.000430 0.005000 -0.009500 0.001750 0.005000 -0.010500 -0.000698 0.005000 -0.011232 -0.001430 0.005000 -0.011500 -0.002430 0.005000 -0.008500 -0.004162 0.005000 -0.009500 -0.004430 0.005000 -0.007875 -0.004640 0.005000 -0.013725 -0.004640 0.005000 -0.010500 -0.004162 0.005000 -0.011232 -0.003430 0.005000 -0.008418 0.003625 0.005000 -0.007875 0.003900 0.005000 -0.007500 -0.002430 0.005000 -0.008875 0.004082 0.005000 -0.007875 0.004550 0.005000 -0.009500 0.004250 0.005000 -0.013725 0.004550 0.005000 -0.010125 0.004082 0.005000 -0.010583 0.003625 0.005000 0.030810 -0.010300 0.005000 0.032547 -0.009982 0.005000 0.029730 -0.004640 0.005000 0.034059 -0.009068 0.005000 0.035148 -0.007677 0.005000 -0.034059 -0.009068 0.005000 -0.032548 -0.009982 0.005000 -0.030810 -0.010300 0.005000 -0.035568 -0.004228 0.005000 -0.035674 -0.005991 0.005000 -0.035149 -0.007677 0.005000 -0.020000 -0.004050 0.005000 -0.021647 -0.003700 0.005000 -0.023010 -0.002710 0.005000 -0.023852 -0.001252 0.005000 -0.034450 -0.000364 0.005000 -0.024028 0.000423 0.005000 -0.033027 0.003399 0.005000 -0.023507 0.002025 0.005000 -0.022381 0.003276 0.005000 -0.020842 0.003961 0.005000 -0.031308 0.007036 0.005000 -0.020000 0.004050 0.005000 -0.019158 0.003961 0.005000 -0.008513 0.011287 0.005000 -0.025530 0.010732 0.005000 -0.027291 0.010413 0.005000 -0.028911 0.009652 0.005000 -0.030281 0.008501 0.005000 -0.006175 0.004550 0.005000 -0.006175 0.011320 0.005000 -0.007875 0.011297 0.005000 -0.000891 0.004767 0.005000 -0.000000 0.004850 0.005000 0.005550 0.011327 0.005000 0.025530 0.010732 0.005000 0.008513 0.011287 0.005000 0.015000 0.004550 0.005000 0.030280 0.008501 0.005000 0.028911 0.009652 0.005000 0.029730 0.004550 0.005000 0.027291 0.010413 0.005000 0.031308 0.007036 0.005000 0.029730 0.003900 0.005000 0.033027 0.003399 0.005000 0.034450 -0.000364 0.005000 0.029730 -0.003900 0.005000 0.035568 -0.004228 0.005000 -0.017620 0.003276 0.005000 -0.018353 -0.003700 0.005000 -0.016990 -0.002710 0.005000 -0.016493 0.002025 0.005000 -0.015972 0.000423 0.005000 -0.016148 -0.001252 0.005000 -0.002553 0.004123 0.005000 -0.006175 0.003900 0.005000 -0.003268 -0.003584 0.005000 -0.004342 -0.002162 0.005000 -0.004829 -0.000448 0.005000 -0.004665 0.001327 0.005000 -0.003871 0.002923 0.005000 0.001752 -0.004522 0.005000 -0.000000 -0.004850 0.005000 0.005550 -0.010300 0.005000 -0.006175 -0.010300 0.005000 0.005550 -0.003900 0.005000 0.004829 -0.000448 0.005000 0.004341 -0.002162 0.005000 0.005550 0.003900 0.005000 0.003870 0.002923 0.005000 0.004665 0.001327 0.005000 0.002553 0.004123 0.005000 0.005550 0.004550 0.005000 0.000891 0.004767 0.005000 -0.006175 -0.004640 0.005000 -0.001752 -0.004522 0.005000 -0.013725 -0.010300 0.005000 -0.007875 -0.010300 0.005000 0.010779 0.003668 0.005000 0.012204 0.003034 0.005000 0.015000 0.003900 0.005000 0.007213 -0.002509 0.005000 0.006433 -0.001159 0.005000 0.006270 0.000392 0.005000 0.006752 0.001875 0.005000 0.012786 -0.002509 0.005000 0.011525 -0.003426 0.005000 0.015000 -0.003900 0.005000 0.010000 -0.003750 0.005000 0.008475 -0.003426 0.005000 0.007796 0.003034 0.005000 0.009220 0.003668 0.005000 0.010000 0.003750 0.005000 0.013247 0.001875 0.005000 0.013729 0.000392 0.005000 0.013566 -0.001159 0.005000 0.020779 0.003668 0.005000 0.022204 0.003034 0.005000 0.017796 0.003034 0.005000 0.019220 0.003668 0.005000 0.020000 0.003750 0.005000 0.023247 0.001875 0.005000 0.023729 0.000392 0.005000 0.023566 -0.001159 0.005000 0.022787 -0.002509 0.005000 0.021525 -0.003426 0.005000 0.020000 -0.003750 0.005000 0.018474 -0.003426 0.005000 0.017213 -0.002509 0.005000 0.016433 -0.001159 0.005000 0.016270 0.000392 0.005000 0.016752 0.001875 0.005000 0.005550 -0.004640 0.005000 0.015000 -0.004640 0.005000 0.035674 -0.005991 0.005000 0.003267 -0.003584 0.005000 0.015000 -0.010300 0.005000 0.029730 -0.010300 0.004900 -0.010583 0.003625 0.004900 -0.010750 0.003000 0.004900 -0.013725 0.003900 0.004900 -0.013725 -0.003900 0.004900 -0.007875 0.003900 0.004900 -0.007768 -0.001430 0.004900 -0.008250 0.003000 0.004900 -0.008418 0.002375 0.004900 -0.010583 0.002375 0.004900 -0.010125 0.001917 0.004900 -0.011232 -0.001430 0.004900 -0.011500 -0.002430 0.004900 -0.011232 -0.003430 0.004900 -0.010500 -0.004162 0.004900 -0.008875 0.001917 0.004900 -0.008500 -0.000698 0.004900 -0.009500 0.001750 0.004900 -0.009500 -0.000430 0.004900 -0.010500 -0.000698 0.004900 -0.006175 -0.003900 0.004900 -0.007875 -0.003900 0.004900 -0.007768 -0.003430 0.004900 -0.008500 -0.004162 0.004900 -0.007875 -0.004640 0.004900 -0.009500 -0.004430 0.004900 -0.013725 -0.004640 0.004900 0.004665 0.001327 0.004900 0.005550 0.003900 0.004900 0.004829 -0.000448 0.004900 0.005550 -0.003900 0.004900 0.004341 -0.002162 0.004900 0.003267 -0.003584 0.004900 -0.004342 -0.002162 0.004900 -0.003268 -0.003584 0.004900 -0.001752 -0.004522 0.004900 -0.004829 -0.000448 0.004900 -0.006175 0.003900 0.004900 -0.004665 0.001327 0.004900 0.003870 0.002923 0.004900 0.002553 0.004123 0.004900 0.005550 0.004550 0.004900 0.000891 0.004767 0.004900 0.005550 0.011327 0.004900 -0.000000 0.004850 0.004900 -0.006175 0.011320 0.004900 -0.000891 0.004767 0.004900 -0.006175 0.004550 0.004900 -0.002553 0.004123 0.004900 -0.003871 0.002923 0.004900 -0.008418 0.003625 0.004900 -0.008875 0.004082 0.004900 -0.007875 0.004550 0.004900 -0.010125 0.004082 0.004900 -0.013725 0.004550 0.004900 -0.009500 0.004250 0.004900 -0.019158 0.003961 0.004900 -0.020000 0.004050 0.004900 -0.031308 0.007036 0.004900 -0.020842 0.003961 0.004900 -0.033027 0.003399 0.004900 -0.020000 -0.004050 0.004900 -0.020000 -0.004050 0.004900 -0.018353 -0.003700 0.004900 -0.016493 0.002025 0.004900 -0.017620 0.003276 0.004900 -0.016990 -0.002710 0.004900 -0.016148 -0.001252 0.004900 -0.015972 0.000423 0.004900 -0.035568 -0.004228 0.004900 -0.023010 -0.002710 0.004900 -0.021647 -0.003700 0.004900 -0.022381 0.003276 0.004900 -0.033027 0.003399 0.004900 -0.023507 0.002025 0.004900 -0.034450 -0.000364 0.004900 -0.034450 -0.000364 0.004900 -0.024028 0.000423 0.004900 -0.023852 -0.001252 0.004900 0.008513 0.011287 0.004900 0.025530 0.010732 0.004900 0.029730 0.004550 0.004900 0.027291 0.010413 0.004900 0.028911 0.009652 0.004900 0.030280 0.008501 0.004900 -0.007875 0.011297 0.004900 -0.008513 0.011287 0.004900 -0.028911 0.009652 0.004900 -0.027291 0.010413 0.004900 -0.025530 0.010732 0.004900 -0.031308 0.007036 0.004900 -0.030281 0.008501 0.004900 -0.013725 -0.010300 0.004900 -0.030810 -0.010300 0.004900 -0.035149 -0.007677 0.004900 -0.035674 -0.005991 0.004900 -0.034059 -0.009068 0.004900 -0.032548 -0.009982 0.004900 0.032547 -0.009982 0.004900 0.030810 -0.010300 0.004900 0.029730 -0.004640 0.004900 0.034059 -0.009068 0.004900 0.035148 -0.007677 0.004900 0.035674 -0.005991 0.004900 0.031308 0.007036 0.004900 0.033027 0.003399 0.004900 0.029730 0.003900 0.004900 0.034450 -0.000364 0.004900 0.029730 -0.003900 0.004900 0.035568 -0.004228 0.004900 0.023247 0.001875 0.004900 0.022204 0.003034 0.004900 0.020779 0.003668 0.004900 0.017796 0.003034 0.004900 0.015000 0.003900 0.004900 0.019220 0.003668 0.004900 0.020000 0.003750 0.004900 0.015000 0.004550 0.004900 0.008513 0.011287 0.004900 0.021525 -0.003426 0.004900 0.020000 -0.003750 0.004900 0.015000 -0.003900 0.004900 0.018474 -0.003426 0.004900 0.017213 -0.002509 0.004900 0.022787 -0.002509 0.004900 0.023566 -0.001159 0.004900 0.023729 0.000392 0.004900 0.016752 0.001875 0.004900 0.016270 0.000392 0.004900 0.016433 -0.001159 0.004900 0.007796 0.003034 0.004900 0.009220 0.003668 0.004900 0.010000 0.003750 0.004900 0.007213 -0.002509 0.004900 0.008475 -0.003426 0.004900 0.010000 -0.003750 0.004900 0.011525 -0.003426 0.004900 0.012786 -0.002509 0.004900 0.012204 0.003034 0.004900 0.010779 0.003668 0.004900 0.006752 0.001875 0.004900 0.006270 0.000392 0.004900 0.006433 -0.001159 0.004900 0.013566 -0.001159 0.004900 0.013729 0.000392 0.004900 0.013247 0.001875 0.004900 0.005550 -0.004640 0.004900 0.015000 -0.004640 0.004900 0.035568 -0.004228 0.004900 0.029730 -0.010300 0.004900 0.015000 -0.010300 0.004900 0.005550 -0.010300 0.004900 0.001752 -0.004522 0.004900 -0.007500 -0.002430 0.004900 -0.006175 -0.004640 0.004900 -0.007875 -0.010300 0.004900 -0.006175 -0.010300 0.004900 -0.000000 -0.004850 0.005000 0.035568 -0.004228 0.004900 0.035568 -0.004228 0.004900 0.034450 -0.000364 0.005000 0.034450 -0.000364 0.004900 0.033027 0.003399 0.005000 0.033027 0.003399 0.004900 0.031308 0.007036 0.005000 0.031308 0.007036 0.004900 0.030280 0.008501 0.005000 0.030280 0.008501 0.004900 0.028911 0.009652 0.005000 0.028911 0.009652 0.005000 0.028911 0.009652 0.004900 0.027291 0.010413 0.005000 0.027291 0.010413 0.004900 0.025530 0.010732 0.005000 0.025530 0.010732 0.004900 0.008513 0.011287 0.005000 0.008513 0.011287 0.005000 0.005550 0.011327 0.004900 0.005550 0.011327 0.005000 -0.006175 0.011320 0.004900 0.005550 0.011327 0.004900 -0.006175 0.011320 0.005000 -0.007875 0.011297 0.004900 -0.007875 0.011297 0.005000 -0.008513 0.011287 0.004900 -0.008513 0.011287 0.005000 -0.008513 0.011287 0.004900 -0.025530 0.010732 0.005000 -0.025530 0.010732 0.004900 -0.027291 0.010413 0.005000 -0.027291 0.010413 0.004900 -0.028911 0.009652 0.005000 -0.028911 0.009652 0.005000 -0.028911 0.009652 0.004900 -0.030281 0.008501 0.005000 -0.030281 0.008501 0.004900 -0.031308 0.007036 0.005000 -0.031308 0.007036 0.004900 -0.033027 0.003399 0.005000 -0.033027 0.003399 0.004900 -0.034450 -0.000364 0.005000 -0.034450 -0.000364 0.004900 -0.035568 -0.004228 0.005000 -0.035568 -0.004228 0.004900 -0.035674 -0.005991 0.005000 -0.035674 -0.005991 0.005000 -0.035674 -0.005991 0.004900 -0.035149 -0.007677 0.005000 -0.035149 -0.007677 0.005000 -0.035149 -0.007677 0.004900 -0.034059 -0.009068 0.005000 -0.034059 -0.009068 0.004900 -0.032548 -0.009982 0.005000 -0.032548 -0.009982 0.005000 -0.032548 -0.009982 0.004900 -0.030810 -0.010300 0.004900 -0.030810 -0.010300 0.005000 -0.030810 -0.010300 0.004900 0.030810 -0.010300 0.005000 0.030810 -0.010300 0.004900 0.029730 -0.010300 0.005000 0.029730 -0.010300 0.004900 0.015000 -0.010300 0.005000 0.015000 -0.010300 0.004900 0.005550 -0.010300 0.005000 0.005550 -0.010300 0.004900 -0.006175 -0.010300 0.005000 -0.006175 -0.010300 0.004900 -0.007875 -0.010300 0.005000 -0.007875 -0.010300 0.004900 -0.013725 -0.010300 0.005000 -0.013725 -0.010300 0.005000 0.030810 -0.010300 0.004900 0.032547 -0.009982 0.005000 0.032547 -0.009982 0.005000 0.032547 -0.009982 0.004900 0.034059 -0.009068 0.005000 0.034059 -0.009068 0.005000 0.034059 -0.009068 0.004900 0.035148 -0.007677 0.005000 0.035148 -0.007677 0.005000 0.035148 -0.007677 0.004900 0.035674 -0.005991 0.005000 0.035674 -0.005991 0.005000 0.035568 -0.004228 0.005000 -0.020000 -0.004050 0.004900 -0.020000 -0.004050 0.005000 -0.021647 -0.003700 0.004900 -0.021647 -0.003700 0.005000 -0.021647 -0.003700 0.004900 -0.021647 -0.003700 0.005000 -0.023010 -0.002710 0.004900 -0.023010 -0.002710 0.005000 -0.023010 -0.002710 0.004900 -0.023010 -0.002710 0.005000 -0.023852 -0.001252 0.004900 -0.023852 -0.001252 0.005000 -0.023852 -0.001252 0.004900 -0.023852 -0.001252 0.005000 -0.024028 0.000423 0.004900 -0.024028 0.000423 0.005000 -0.024028 0.000423 0.004900 -0.024028 0.000423 0.005000 -0.023507 0.002025 0.004900 -0.023507 0.002025 0.005000 -0.023507 0.002025 0.004900 -0.023507 0.002025 0.005000 -0.022381 0.003276 0.004900 -0.022381 0.003276 0.005000 -0.022381 0.003276 0.004900 -0.022381 0.003276 0.005000 -0.020842 0.003961 0.004900 -0.020842 0.003961 0.005000 -0.020000 0.004050 0.004900 -0.020000 0.004050 0.005000 -0.019158 0.003961 0.004900 -0.019158 0.003961 0.005000 -0.017620 0.003276 0.004900 -0.017620 0.003276 0.005000 -0.017620 0.003276 0.004900 -0.017620 0.003276 0.005000 -0.016493 0.002025 0.004900 -0.016493 0.002025 0.005000 -0.016493 0.002025 0.004900 -0.016493 0.002025 0.005000 -0.015972 0.000423 0.004900 -0.015972 0.000423 0.005000 -0.015972 0.000423 0.004900 -0.015972 0.000423 0.005000 -0.016148 -0.001252 0.004900 -0.016148 -0.001252 0.005000 -0.016148 -0.001252 0.004900 -0.016148 -0.001252 0.005000 -0.016990 -0.002710 0.004900 -0.016990 -0.002710 0.005000 -0.016990 -0.002710 0.004900 -0.016990 -0.002710 0.005000 -0.018353 -0.003700 0.004900 -0.018353 -0.003700 0.005000 -0.018353 -0.003700 0.004900 -0.018353 -0.003700 0.005000 -0.020000 -0.004050 0.004900 -0.020000 -0.004050 0.005000 0.020000 -0.003750 0.004900 0.020000 -0.003750 0.005000 0.018474 -0.003426 0.004900 0.018474 -0.003426 0.005000 0.018474 -0.003426 0.004900 0.018474 -0.003426 0.005000 0.017213 -0.002509 0.004900 0.017213 -0.002509 0.005000 0.017213 -0.002509 0.004900 0.017213 -0.002509 0.005000 0.016433 -0.001159 0.004900 0.016433 -0.001159 0.005000 0.016433 -0.001159 0.004900 0.016433 -0.001159 0.005000 0.016270 0.000392 0.004900 0.016270 0.000392 0.005000 0.016270 0.000392 0.004900 0.016270 0.000392 0.005000 0.016752 0.001875 0.004900 0.016752 0.001875 0.005000 0.016752 0.001875 0.004900 0.016752 0.001875 0.005000 0.017796 0.003034 0.004900 0.017796 0.003034 0.005000 0.017796 0.003034 0.004900 0.017796 0.003034 0.005000 0.019220 0.003668 0.004900 0.019220 0.003668 0.005000 0.020000 0.003750 0.004900 0.020000 0.003750 0.005000 0.020779 0.003668 0.004900 0.020779 0.003668 0.005000 0.022204 0.003034 0.004900 0.022204 0.003034 0.005000 0.022204 0.003034 0.004900 0.022204 0.003034 0.005000 0.023247 0.001875 0.004900 0.023247 0.001875 0.005000 0.023247 0.001875 0.004900 0.023247 0.001875 0.005000 0.023729 0.000392 0.004900 0.023729 0.000392 0.005000 0.023729 0.000392 0.004900 0.023729 0.000392 0.005000 0.023566 -0.001159 0.004900 0.023566 -0.001159 0.005000 0.023566 -0.001159 0.004900 0.023566 -0.001159 0.005000 0.022787 -0.002509 0.004900 0.022787 -0.002509 0.005000 0.022787 -0.002509 0.004900 0.022787 -0.002509 0.005000 0.021525 -0.003426 0.004900 0.021525 -0.003426 0.005000 0.021525 -0.003426 0.004900 0.021525 -0.003426 0.005000 0.020000 -0.003750 0.004900 0.020000 -0.003750 0.005000 0.010000 -0.003750 0.004900 0.010000 -0.003750 0.005000 0.008475 -0.003426 0.004900 0.008475 -0.003426 0.005000 0.008475 -0.003426 0.004900 0.008475 -0.003426 0.005000 0.007213 -0.002509 0.004900 0.007213 -0.002509 0.005000 0.007213 -0.002509 0.004900 0.007213 -0.002509 0.005000 0.006433 -0.001159 0.004900 0.006433 -0.001159 0.005000 0.006433 -0.001159 0.004900 0.006433 -0.001159 0.005000 0.006270 0.000392 0.004900 0.006270 0.000392 0.005000 0.006270 0.000392 0.004900 0.006270 0.000392 0.005000 0.006752 0.001875 0.004900 0.006752 0.001875 0.005000 0.006752 0.001875 0.004900 0.006752 0.001875 0.005000 0.007796 0.003034 0.004900 0.007796 0.003034 0.005000 0.007796 0.003034 0.004900 0.007796 0.003034 0.005000 0.009220 0.003668 0.004900 0.009220 0.003668 0.005000 0.010000 0.003750 0.004900 0.010000 0.003750 0.005000 0.010779 0.003668 0.004900 0.010779 0.003668 0.005000 0.012204 0.003034 0.004900 0.012204 0.003034 0.005000 0.012204 0.003034 0.004900 0.012204 0.003034 0.005000 0.013247 0.001875 0.004900 0.013247 0.001875 0.005000 0.013247 0.001875 0.004900 0.013247 0.001875 0.005000 0.013729 0.000392 0.004900 0.013729 0.000392 0.005000 0.013729 0.000392 0.004900 0.013729 0.000392 0.005000 0.013566 -0.001159 0.004900 0.013566 -0.001159 0.005000 0.013566 -0.001159 0.004900 0.013566 -0.001159 0.005000 0.012786 -0.002509 0.004900 0.012786 -0.002509 0.005000 0.012786 -0.002509 0.004900 0.012786 -0.002509 0.005000 0.011525 -0.003426 0.004900 0.011525 -0.003426 0.005000 0.011525 -0.003426 0.004900 0.011525 -0.003426 0.005000 0.010000 -0.003750 0.004900 0.010000 -0.003750 0.005000 -0.009500 0.001750 0.004900 -0.009500 0.001750 0.005000 -0.010125 0.001917 0.004900 -0.010125 0.001917 0.005000 -0.010125 0.001917 0.004900 -0.010125 0.001917 0.005000 -0.010583 0.002375 0.004900 -0.010583 0.002375 0.005000 -0.010583 0.002375 0.004900 -0.010583 0.002375 0.005000 -0.010750 0.003000 0.004900 -0.010750 0.003000 0.005000 -0.010750 0.003000 0.004900 -0.010750 0.003000 0.005000 -0.010583 0.003625 0.004900 -0.010583 0.003625 0.005000 -0.010583 0.003625 0.004900 -0.010583 0.003625 0.005000 -0.010125 0.004082 0.004900 -0.010125 0.004082 0.005000 -0.010125 0.004082 0.004900 -0.010125 0.004082 0.005000 -0.009500 0.004250 0.004900 -0.009500 0.004250 0.005000 -0.009500 0.004250 0.004900 -0.009500 0.004250 0.005000 -0.008875 0.004082 0.004900 -0.008875 0.004082 0.005000 -0.008875 0.004082 0.004900 -0.008875 0.004082 0.005000 -0.008418 0.003625 0.004900 -0.008418 0.003625 0.005000 -0.008418 0.003625 0.004900 -0.008418 0.003625 0.005000 -0.008250 0.003000 0.004900 -0.008250 0.003000 0.005000 -0.008250 0.003000 0.004900 -0.008250 0.003000 0.005000 -0.008418 0.002375 0.004900 -0.008418 0.002375 0.005000 -0.008418 0.002375 0.004900 -0.008418 0.002375 0.005000 -0.008875 0.001917 0.004900 -0.008875 0.001917 0.005000 -0.008875 0.001917 0.004900 -0.008875 0.001917 0.005000 -0.009500 0.001750 0.004900 -0.009500 0.001750 0.005000 -0.000000 -0.004850 0.004900 -0.000000 -0.004850 0.005000 -0.001752 -0.004522 0.004900 -0.001752 -0.004522 0.005000 -0.003268 -0.003584 0.004900 -0.003268 -0.003584 0.005000 -0.004342 -0.002162 0.004900 -0.004342 -0.002162 0.005000 -0.004829 -0.000448 0.004900 -0.004829 -0.000448 0.005000 -0.004665 0.001327 0.004900 -0.004665 0.001327 0.005000 -0.003871 0.002923 0.005000 -0.003871 0.002923 0.004900 -0.003871 0.002923 0.005000 -0.002553 0.004123 0.004900 -0.002553 0.004123 0.005000 -0.000891 0.004767 0.004900 -0.000891 0.004767 0.005000 -0.000000 0.004850 0.004900 -0.000000 0.004850 0.005000 0.000891 0.004767 0.004900 0.000891 0.004767 0.005000 0.002553 0.004123 0.004900 0.002553 0.004123 0.005000 0.003870 0.002923 0.004900 0.003870 0.002923 0.005000 0.004665 0.001327 0.004900 0.004665 0.001327 0.005000 0.004665 0.001327 0.005000 0.004829 -0.000448 0.004900 0.004829 -0.000448 0.005000 0.004341 -0.002162 0.004900 0.004341 -0.002162 0.005000 0.003267 -0.003584 0.005000 0.003267 -0.003584 0.004900 0.003267 -0.003584 0.005000 0.001752 -0.004522 0.004900 0.001752 -0.004522 0.005000 -0.009500 -0.004430 0.004900 -0.009500 -0.004430 0.005000 -0.010500 -0.004162 0.004900 -0.010500 -0.004162 0.005000 -0.010500 -0.004162 0.004900 -0.010500 -0.004162 0.005000 -0.011232 -0.003430 0.004900 -0.011232 -0.003430 0.005000 -0.011232 -0.003430 0.004900 -0.011232 -0.003430 0.005000 -0.011500 -0.002430 0.004900 -0.011500 -0.002430 0.005000 -0.011500 -0.002430 0.004900 -0.011500 -0.002430 0.005000 -0.011232 -0.001430 0.004900 -0.011232 -0.001430 0.005000 -0.011232 -0.001430 0.004900 -0.011232 -0.001430 0.005000 -0.010500 -0.000698 0.004900 -0.010500 -0.000698 0.005000 -0.010500 -0.000698 0.004900 -0.010500 -0.000698 0.005000 -0.009500 -0.000430 0.004900 -0.009500 -0.000430 0.005000 -0.009500 -0.000430 0.004900 -0.009500 -0.000430 0.005000 -0.008500 -0.000698 0.004900 -0.008500 -0.000698 0.005000 -0.008500 -0.000698 0.004900 -0.008500 -0.000698 0.005000 -0.007768 -0.001430 0.004900 -0.007768 -0.001430 0.005000 -0.007768 -0.001430 0.004900 -0.007768 -0.001430 0.005000 -0.007500 -0.002430 0.004900 -0.007500 -0.002430 0.005000 -0.007500 -0.002430 0.004900 -0.007500 -0.002430 0.005000 -0.007768 -0.003430 0.004900 -0.007768 -0.003430 0.005000 -0.007768 -0.003430 0.004900 -0.007768 -0.003430 0.005000 -0.008500 -0.004162 0.004900 -0.008500 -0.004162 0.005000 -0.008500 -0.004162 0.004900 -0.008500 -0.004162 0.005000 -0.009500 -0.004430 0.004900 -0.009500 -0.004430
</float_array>
          <technique_common>
            <accessor source="#mesh-ae77987a-8215-47ae-8774-4f9d516c7173_002-mesh-positions-array" count="820" stride="3">
              <param name="X" type="float" />
              <param name="Y" type="float" />
              <param name="Z" type="float" />
            </accessor>
          </technique_common>
        </source>
        <source id="mesh-ae77987a-8215-47ae-8774-4f9d516c7173_002-mesh-normals">
          <float_array id="mesh-ae77987a-8215-47ae-8774-4f9d516c7173_002-mesh-normals-array" count="1593">
0.000000 0.129845 0.991534 0.000000 0.081308 0.996689 0.000000 0.262423 0.964953 0.000017 0.345311 0.938488 0.000000 0.501683 0.865051 0.000000 0.575067 0.818107 0.000000 0.707276 0.706937 0.000000 0.766116 0.642702 0.000000 0.849938 0.526883 0.000000 0.878460 0.477816 -0.000005 0.915168 0.403072 0.000000 0.925593 0.378520 -0.000006 0.944438 0.328690 0.000005 0.952868 0.303385 0.000000 0.978450 0.206484 0.000000 0.991035 0.133601 -0.000023 0.998206 -0.059870 0.000029 0.983512 -0.180844 0.000023 0.912104 -0.409959 0.000029 0.855519 -0.517772 0.000002 0.707478 -0.706735 0.000041 0.616263 -0.787541 -0.000023 0.410876 -0.911691 0.000023 0.296980 -0.954884 0.000000 0.120574 -0.992704 0.000000 0.060324 -0.998179 0.000000 -0.120574 -0.992704 0.000000 -0.060324 -0.998179 0.000000 -0.296979 -0.954884 0.000000 -0.410876 -0.911691 -0.000023 -0.616263 -0.787540 0.000024 -0.707479 -0.706734 0.000000 -0.855519 -0.517772 0.000000 -0.912104 -0.409959 -0.000023 -0.983512 -0.180843 0.000023 -0.998206 -0.059870 0.000000 -0.991035 0.133601 0.000000 -0.978450 0.206484 0.000000 -0.952868 0.303385 0.000005 -0.944438 0.328691 -0.000006 -0.925593 0.378520 0.000000 -0.915169 0.403071 0.000000 -0.878459 0.477818 0.000000 -0.849937 0.526884 0.000002 -0.766116 0.642702 0.000019 -0.707277 0.706937 0.000000 -0.575067 0.818107 0.000000 -0.501684 0.865051 -0.000021 -0.345311 0.938488 0.000017 -0.262374 0.964966 -0.000009 -0.129845 0.991534 0.000000 -0.081308 0.996689 -0.000002 -0.021774 0.999763 0.000000 -0.010905 0.999941 0.000000 0.010905 0.999941 0.000002 0.021774 0.999763 -1.000000 0.000000 0.000000 -1.000000 0.000000 0.000000 -1.000000 0.000000 0.000000 -1.000000 -0.000000 0.000000 -1.000000 0.000000 0.000000 -1.000000 -0.000000 0.000000 -1.000000 0.000000 0.000000 -1.000000 0.000000 0.000000 -1.000000 0.000000 0.000000 -1.000000 -0.000000 0.000000 -1.000000 0.000000 0.000000 -1.000000 0.000000 0.000000 -1.000000 0.000000 0.000000 1.000000 0.000000 0.000000 1.000000 0.000000 0.000000 1.000000 -0.000001 0.000000 1.000000 0.000001 0.000000 1.000000 0.000002 0.000000 1.000000 -0.000000 0.000000 1.000000 -0.000001 0.000000 1.000000 0.000001 0.000000 1.000000 0.000000 0.000000 1.000000 0.000001 0.000000 1.000000 -0.000001 0.000000 1.000000 -0.000000 0.000000 1.000000 0.000001 0.000000 1.000000 -0.000000 0.000000 1.000000 0.000001 0.000000 1.000000 -0.000001 0.000000 1.000000 0.000001 0.000000 1.000000 -0.000001 0.000000 1.000000 -0.000000 0.000000 1.000000 0.000000 0.000000 1.000000 -0.000002 0.000000 1.000000 0.000000 0.000000 1.000000 0.000002 0.000000 1.000000 -0.000000 0.000000 1.000000 0.000000 0.000000 1.000000 0.000000 0.000000 1.000000 0.000000 0.000000 1.000000 0.000000 0.000000 1.000000 0.000002 0.000000 1.000000 0.000000 0.000000 1.000000 0.000000 0.000000 1.000000 0.000000 0.000000 1.000000 0.000000 0.000000 1.000000 0.000000 0.000000 1.000000 0.000000 0.000000 1.000000 0.000000 0.000000 1.000000 0.000000 0.000000 1.000000 0.000000 0.000000 1.000000 -0.000001 0.000000 1.000000 0.000000 0.000000 1.000000 0.000001 0.000000 1.000000 0.000000 0.000000 1.000000 -0.000000 0.000000 1.000000 0.000000 0.000000 1.000000 0.000000 0.000000 1.000000 -0.000001 0.000000 1.000000 0.000000 0.000000 1.000000 0.000000 0.000000 1.000000 0.000000 0.000000 1.000000 0.000000 0.000000 1.000000 0.000000 0.000000 1.000000 0.000000 0.000000 1.000000 -0.000000 0.000000 1.000000 -0.000000 0.000000 1.000000 0.000000 0.000000 1.000000 0.000000 0.000000 1.000000 0.000000 0.000000 1.000000 0.000000 0.000000 1.000000 -0.000000 0.000000 1.000000 -0.000001 0.000000 1.000000 -0.000001 0.000000 1.000000 0.000000 0.000000 1.000000 0.000000 0.000000 1.000000 -0.000000 0.000000 1.000000 -0.000001 0.000000 1.000000 0.000000 0.000000 1.000000 0.000000 0.000000 1.000000 -0.000001 0.000000 1.000000 0.000000 0.000000 1.000000 0.000001 0.000000 1.000000 -0.000000 0.000000 1.000000 0.000000 0.000000 1.000000 -0.000000 0.000000 1.000000 0.000002 0.000000 1.000000 0.000001 0.000000 1.000000 -0.000002 0.000000 1.000000 0.000000 0.000000 1.000000 0.000000 0.000000 1.000000 0.000001 0.000000 1.000000 -0.000000 0.000000 1.000000 0.000000 0.000000 1.000000 0.000000 0.000000 1.000000 0.000000 0.000000 1.000000 0.000000 0.000000 1.000000 0.000000 0.000000 1.000000 -0.000000 0.000000 1.000000 0.000000 0.000000 1.000000 -0.000000 0.000000 1.000000 0.000000 0.000000 1.000000 0.000000 0.000000 1.000000 -0.000001 0.000000 1.000000 -0.000000 0.000000 1.000000 0.000000 0.000000 1.000000 -0.000002 0.000000 1.000000 0.000000 0.000000 1.000000 -0.000000 0.000000 1.000000 0.000000 0.000000 -1.000000 0.000003 0.000000 -1.000000 0.000002 0.000000 -1.000000 -0.000001 0.000000 -1.000000 -0.000001 0.000000 -1.000000 0.000000 0.000000 -1.000000 0.000000 0.000000 -1.000000 0.000002 0.000000 -1.000000 -0.000001 0.000000 -1.000000 -0.000000 0.000000 -1.000000 0.000000 0.000000 -1.000000 0.000001 0.000000 -1.000000 -0.000000 0.000000 -1.000000 -0.000002 0.000000 -1.000000 0.000000 0.000000 -1.000000 -0.000000 0.000000 -1.000000 0.000000 0.000000 -1.000000 0.000001 0.000000 -1.000000 0.000000 0.000000 -1.000000 -0.000000 0.000000 -1.000000 -0.000000 0.000000 -1.000000 -0.000000 0.000000 -1.000000 0.000001 0.000000 -1.000000 0.000000 0.000000 -1.000000 0.000001 0.000000 -1.000000 0.000000 0.000000 -1.000000 0.000000 0.000000 -1.000000 0.000000 0.000000 -1.000000 0.000000 0.000000 -1.000000 -0.000000 0.000000 -1.000000 0.000001 0.000000 -1.000000 0.000000 0.000000 -1.000000 -0.000000 0.000000 -1.000000 0.000000 0.000000 -1.000000 0.000000 0.000000 -1.000000 0.000000 0.000000 -1.000000 0.000000 0.000000 -1.000000 0.000000 0.000000 -1.000000 0.000000 0.000000 -1.000000 -0.000000 0.000000 -1.000000 -0.000000 0.000000 -1.000000 0.000000 0.000000 -1.000000 0.000000 0.000000 -1.000000 0.000000 0.000000 -1.000000 0.000000 0.000000 -1.000000 0.000000 0.000000 -1.000000 0.000000 0.000000 -1.000000 -0.000000 0.000000 -1.000000 0.000000 0.000000 -1.000000 0.000000 0.000000 -1.000000 0.000000 0.000000 -1.000000 0.000000 0.000000 -1.000000 0.000000 0.000000 -1.000000 0.000002 0.000000 -1.000000 -0.000000 0.000000 -1.000000 0.000000 0.000000 -1.000000 0.000000 0.000000 -1.000000 -0.000000 0.000000 -1.000000 -0.000000 0.000000 -1.000000 0.000000 0.000000 -1.000000 0.000000 0.000000 -1.000000 0.000000 0.000000 -1.000000 0.000000 0.000000 -1.000000 0.000000 0.000000 -1.000000 0.000000 0.000000 -1.000000 -0.000000 0.000000 -1.000000 0.000000 0.000000 -1.000000 -0.000000 0.000000 -1.000000 0.000001 0.000000 -1.000000 -0.000000 0.000000 -1.000000 0.000000 0.000000 -1.000000 -0.000000 0.000000 -1.000000 0.000000 0.000000 -1.000000 0.000000 0.000000 -1.000000 -0.000000 0.000000 -1.000000 0.000002 0.000000 -1.000000 -0.000001 0.000000 -1.000000 0.000000 0.000000 -1.000000 -0.000001 0.000000 -1.000000 0.000000 0.000000 -1.000000 -0.000000 0.000000 -1.000000 -0.000001 0.000000 -1.000000 -0.000001 0.000000 -1.000000 0.000000 0.000000 -1.000000 0.000000 0.000000 -1.000000 0.000000 0.000000 -1.000000 0.000000 0.000000 -1.000000 0.000000 0.000000 0.000000 0.960611 0.277898 0.000007 0.991022 0.133698 0.000000 0.952868 0.303386 -0.000006 0.944437 0.328692 0.000000 0.925593 0.378521 -0.000006 0.915168 0.403073 0.000000 0.878460 0.477816 0.000000 0.849935 0.526888 0.000000 0.766091 0.642732 0.000002 0.707304 0.706910 0.000004 0.575141 0.818054 0.000000 0.643613 0.765351 0.000000 0.425052 0.905169 0.000058 0.575001 0.818153 0.000000 0.345322 0.938484 0.000000 0.262411 0.964956 0.000000 0.129849 0.991534 0.000000 0.081309 0.996689 0.000000 0.023052 0.999734 0.000000 0.023052 0.999734 0.000000 0.008749 0.999962 0.000000 0.006459 0.999979 0.000000 -0.004813 0.999988 0.000000 -0.004813 0.999988 0.000000 -0.000594 1.000000 0.000000 -0.009175 0.999958 -0.000000 -0.004882 0.999988 0.000000 -0.009197 0.999958 0.000000 -0.014230 0.999899 0.000000 -0.014853 0.999890 0.000000 -0.014293 0.999898 0.000000 -0.015300 0.999883 0.000000 -0.015779 0.999876 0.000000 -0.015300 0.999883 0.000000 -0.024119 0.999709 0.000000 -0.015779 0.999876 0.000000 -0.032627 0.999468 0.000000 -0.024194 0.999707 0.000009 -0.081309 0.996689 0.000000 -0.129850 0.991534 0.000015 -0.262413 0.964956 -0.000017 -0.345323 0.938484 0.000004 -0.501642 0.865075 0.000000 -0.425048 0.905171 0.000000 -0.643613 0.765351 0.000008 -0.501753 0.865011 0.000000 -0.707306 0.706908 0.000000 -0.766093 0.642730 0.000000 -0.849933 0.526891 0.000000 -0.878458 0.477819 0.000000 -0.915169 0.403071 0.000000 -0.925593 0.378520 -0.000001 -0.944437 0.328692 0.000000 -0.952868 0.303387 0.000018 -0.978450 0.206485 0.000000 -0.991036 0.133592 0.000006 -0.998217 -0.059687 0.000000 -0.998179 0.060326 0.000000 -0.954711 -0.297534 0.000080 -0.998200 -0.059983 0.000006 -0.912188 -0.409773 0.000000 -0.954708 -0.297544 0.000000 -0.787140 -0.616775 0.000011 -0.912066 -0.410043 -0.000002 -0.707496 -0.706718 -0.000029 -0.616245 -0.787555 0.000006 -0.411022 -0.911625 0.000000 -0.517354 -0.855771 0.000000 -0.180245 -0.983622 0.000080 -0.410794 -0.911728 0.000000 -0.180244 -0.983622 0.000000 -0.060316 -0.998179 0.000000 -0.090493 -0.995897 0.000004 0.090480 -0.995898 0.000000 0.000000 -1.000000 0.000000 0.180245 -0.983622 0.000030 0.090604 -0.995887 0.000006 0.296827 -0.954931 0.000000 0.180244 -0.983622 0.000000 0.517362 -0.855767 0.000011 0.297030 -0.954868 0.000006 0.616185 -0.787602 0.000000 0.517353 -0.855772 0.000000 0.787139 -0.616776 0.000011 0.616325 -0.787492 0.000006 0.855430 -0.517918 0.000000 0.787136 -0.616780 0.000000 0.954710 -0.297538 0.000011 0.855516 -0.517777 0.000029 0.983508 -0.180867 -0.000029 0.998208 -0.059848 0.000004 0.991042 0.133551 0.000000 0.998179 0.060329 0.000000 0.207862 0.978158 0.000000 0.207865 0.978158 0.000000 0.587817 0.808994 0.000000 0.587821 0.808991 0.000000 0.866010 0.500027 0.000000 0.866013 0.500021 0.000000 0.994523 0.104516 0.000000 0.951039 -0.309070 0.000000 0.951040 -0.309067 0.000000 0.743196 -0.669074 0.000000 0.743193 -0.669077 0.000000 0.406697 -0.913563 0.000000 0.406697 -0.913563 -0.000020 0.309314 -0.950960 0.000000 0.207575 -0.978219 0.000000 0.035021 -0.999387 0.000000 -0.035018 -0.999387 0.000000 -0.207574 -0.978219 0.000000 -0.309355 -0.950947 0.000000 -0.406703 -0.913560 0.000000 -0.406703 -0.913560 0.000000 -0.743157 -0.669117 0.000000 -0.743156 -0.669118 0.000000 -0.951039 -0.309071 0.000000 -0.951041 -0.309066 0.000000 -0.994519 0.104554 0.000000 -0.994520 0.104551 0.000000 -0.866012 0.500024 0.000000 -0.866012 0.500024 0.000000 -0.587817 0.808994 0.000000 -0.587821 0.808991 0.000000 -0.207854 0.978160 0.000000 -0.207857 0.978159 0.000000 0.207890 0.978152 0.000000 0.207893 0.978152 0.000000 0.587771 0.809027 0.000000 0.587774 0.809025 0.000000 0.866034 0.499986 0.000000 0.866036 0.499981 0.000000 0.994520 0.104550 0.000000 0.994520 0.104552 0.000000 0.951046 -0.309051 0.000000 0.951046 -0.309048 0.000000 0.743121 -0.669157 0.000000 0.743122 -0.669156 0.000000 0.406751 -0.913539 0.000000 0.406751 -0.913539 -0.000020 0.309386 -0.950936 -0.000002 0.207565 -0.978221 0.000000 0.035017 -0.999387 0.000000 -0.035025 -0.999386 0.000000 -0.207559 -0.978223 0.000020 -0.309381 -0.950938 0.000000 -0.406737 -0.913545 0.000000 -0.406737 -0.913545 0.000000 -0.743143 -0.669132 0.000000 -0.951046 -0.309049 0.000000 -0.951046 -0.309048 0.000000 -0.994519 0.104553 0.000000 -0.994520 0.104551 0.000000 -0.866051 0.499956 0.000000 -0.866054 0.499951 0.000000 -0.587753 0.809040 0.000000 -0.587755 0.809039 0.000000 -0.207899 0.978151 0.000000 -0.207901 0.978150 0.000000 0.207899 0.978151 0.000000 0.207901 0.978150 0.000000 0.587752 0.809042 0.000000 0.587756 0.809038 0.000000 0.866017 0.500014 0.000000 0.866020 0.500009 0.000000 0.994524 0.104513 0.000000 0.994524 0.104511 0.000000 0.951058 -0.309012 0.000000 0.951059 -0.309009 0.000000 0.743121 -0.669157 0.000000 0.406737 -0.913545 0.000000 0.406737 -0.913545 0.000000 0.309379 -0.950939 0.000000 0.207557 -0.978223 0.000000 0.035013 -0.999387 0.000000 -0.035029 -0.999386 0.000002 -0.207555 -0.978223 0.000025 -0.309378 -0.950939 0.000000 -0.406723 -0.913552 0.000000 -0.406723 -0.913552 0.000000 -0.743163 -0.669110 0.000000 -0.743162 -0.669111 0.000000 -0.951034 -0.309086 0.000000 -0.951036 -0.309081 0.000000 -0.994520 0.104552 0.000000 -0.866017 0.500014 0.000000 -0.866020 0.500010 0.000000 -0.587771 0.809027 0.000000 -0.587774 0.809025 0.000000 -0.207907 0.978149 0.000000 -0.207909 0.978148 0.000000 0.258672 0.965965 0.000000 0.258673 0.965965 0.000000 0.707203 0.707010 0.000000 0.707202 0.707012 0.000000 0.965919 0.258845 0.000000 0.965919 0.258845 0.000000 0.965912 -0.258869 0.000000 0.965913 -0.258866 0.000000 0.707152 -0.707061 0.000000 0.707161 -0.707052 0.000000 0.258841 -0.965920 0.000000 0.258847 -0.965918 0.000000 -0.258841 -0.965920 0.000000 -0.258846 -0.965919 0.000000 -0.707102 -0.707111 0.000000 -0.707110 -0.707103 0.000000 -0.965937 -0.258777 0.000000 -0.965936 -0.258781 0.000000 -0.965942 0.258760 0.000000 -0.965944 0.258753 0.000000 -0.707152 0.707061 0.000000 -0.707152 0.707062 0.000000 -0.258670 0.965966 0.000000 -0.258672 0.965965 0.000000 -0.062161 0.998066 0.000000 0.062160 0.998066 0.000000 0.302593 0.953120 -0.000002 0.418444 0.908243 0.000000 0.626489 0.779431 0.000000 0.718301 0.695733 0.000000 0.865762 0.500456 0.000000 0.921136 0.389240 0.000000 0.988077 0.153958 0.000024 0.999544 0.030209 -0.000024 0.976970 -0.213375 -0.000001 0.942954 -0.332924 0.000000 0.895174 -0.445716 0.000000 0.798008 -0.602647 0.000000 0.942909 -0.333049 0.000000 0.759057 -0.651025 0.000000 0.578254 -0.815857 0.000024 0.472586 -0.881285 -0.000018 0.273917 -0.961753 -0.000002 0.183473 -0.983025 0.000000 0.030838 -0.999524 0.000000 -0.030837 -0.999524 -0.000018 -0.183515 -0.983017 -0.000022 -0.273916 -0.961754 -0.000021 -0.472586 -0.881284 0.000001 -0.578255 -0.815856 0.000000 -0.759028 -0.651058 0.000024 -0.833922 -0.551882 0.000000 -0.895176 -0.445712 0.000000 -0.976958 -0.213432 0.000000 -0.995734 -0.092270 0.000000 -0.977012 -0.213187 -0.000027 -0.999544 0.030210 0.000030 -0.988077 0.153960 0.000000 -0.921137 0.389239 -0.000001 -0.865713 0.500541 0.000000 -0.798025 0.602624 0.000000 -0.673699 0.739006 0.000000 -0.865649 0.500651 0.000024 -0.626487 0.779432 0.000000 -0.418485 0.908224 0.000000 -0.302594 0.953120 0.000000 0.258851 0.965917 0.000000 0.258855 0.965916 0.000000 0.707137 0.707076 0.000000 0.965901 0.258911 0.000000 0.965900 0.258915 0.000000 0.965900 -0.258915 0.000000 0.965901 -0.258911 0.000000 0.707118 -0.707096 0.000000 0.707122 -0.707091 0.000000 0.258824 -0.965924 0.000000 0.258828 -0.965923 0.000000 -0.258823 -0.965925 0.000000 -0.258827 -0.965924 0.000000 -0.707059 -0.707155 0.000000 -0.707062 -0.707152 0.000000 -0.965931 -0.258798 0.000000 -0.965931 0.258798 0.000000 -0.707077 0.707136 0.000000 -0.707079 0.707135 0.000000 -0.258849 0.965918 0.000000 -0.258854 0.965916
</float_array>
          <technique_common>
            <accessor source="#mesh-ae77987a-8215-47ae-8774-4f9d516c7173_002-mesh-normals-array" count="531" stride="3">
              <param name="X" type="float" />
              <param name="Y" type="float" />
              <param name="Z" type="float" />
            </accessor>
          </technique_common>
        </source>
        <vertices id="mesh-ae77987a-8215-47ae-8774-4f9d516c7173_002-mesh-vertices">
          <input semantic="POSITION" source="#mesh-ae77987a-8215-47ae-8774-4f9d516c7173_002-mesh-positions" />
        </vertices>
        <triangles material="Material-塑胶_232-material" count="732">
          <input semantic="VERTEX" source="#mesh-ae77987a-8215-47ae-8774-4f9d516c7173_002-mesh-vertices" offset="0" />
          <input semantic="NORMAL" source="#mesh-ae77987a-8215-47ae-8774-4f9d516c7173_002-mesh-normals" offset="1" />
          <p>0 0 1 1 2 2 0 0 2 2 3 3 3 3 2 2 4 4 3 3 4 4 5 5 5 5 4 4 6 6 5 5 6 6 7 7 7 7 6 6 8 8 7 7 8 8 9 9 9 9 8 8 10 10 9 9 10 10 11 11 11 11 10 10 12 12 11 11 12 12 13 13 13 13 12 12 14 14 13 13 14 14 15 15 15 15 14 14 16 16 15 15 16 16 17 17 17 17 16 16 18 18 17 17 18 18 19 19 19 19 18 18 20 20 19 19 20 20 21 21 21 21 20 20 22 22 21 21 22 22 23 23 23 23 22 22 24 24 23 23 24 24 25 25 26 26 25 25 27 27 27 27 25 25 24 24 26 26 27 27 28 28 26 26 28 28 29 29 29 29 28 28 30 30 29 29 30 30 31 31 31 31 30 30 32 32 31 31 32 32 33 33 33 33 32 32 34 34 33 33 34 34 35 35 35 35 34 34 36 36 35 35 36 36 37 37 37 37 36 36 38 38 37 37 38 38 39 39 39 39 38 38 40 40 39 39 40 40 41 41 41 41 40 40 42 42 41 41 42 42 43 43 43 43 42 42 44 44 43 43 44 44 45 45 45 45 44 44 46 46 45 45 46 46 47 47 47 47 46 46 48 48 47 47 48 48 49 49 49 49 48 48 50 50 49 49 50 50 51 51 51 51 50 50 52 52 51 51 52 52 53 53 53 53 52 52 54 54 53 53 54 54 55 55 55 55 54 54 1 1 55 55 1 1 0 0 56 56 57 56 58 56 59 56 60 56 61 56 61 57 60 57 62 57 61 58 62 58 63 58 63 59 62 59 64 59 63 56 64 56 65 56 65 56 66 56 67 56 59 60 68 60 60 60 60 61 68 61 69 61 60 62 69 62 70 62 71 56 72 56 73 56 73 63 72 63 74 63 73 56 74 56 75 56 75 56 74 56 76 56 72 64 77 64 74 64 74 56 77 56 78 56 74 56 78 56 79 56 79 65 80 65 81 65 79 56 81 56 82 56 82 66 83 66 84 66 82 56 84 56 85 56 70 56 56 56 60 56 60 67 56 67 58 67 60 56 58 56 74 56 74 56 86 56 87 56 74 68 87 68 76 68 88 69 89 69 90 69 89 69 91 69 90 69 90 70 91 70 92 70 90 69 92 69 93 69 93 69 92 69 94 69 93 71 94 71 95 71 95 72 94 72 96 72 95 69 96 69 97 69 98 73 88 73 99 73 99 74 88 74 90 74 99 69 90 69 100 69 100 69 90 69 101 69 102 69 103 69 104 69 104 69 103 69 105 69 101 69 90 69 106 69 106 69 90 69 104 69 106 69 104 69 107 69 107 69 104 69 105 69 107 69 105 69 108 69 109 69 110 69 111 69 111 75 110 75 112 75 111 76 112 76 113 76 113 69 112 69 114 69 113 69 114 69 104 69 104 77 114 77 115 77 104 69 115 69 102 69 116 69 117 69 118 69 119 69 120 69 121 69 121 78 120 78 122 78 121 79 122 79 123 79 124 69 125 69 126 69 126 80 125 80 127 80 126 81 127 81 128 81 123 69 122 69 129 69 129 82 122 82 130 82 129 83 130 83 131 83 131 84 130 84 128 84 131 69 128 69 132 69 132 85 128 85 127 85 132 86 127 86 133 86 134 87 135 87 136 87 136 69 135 69 137 69 137 88 135 88 138 88 137 69 138 69 127 69 127 69 138 69 139 69 127 69 139 69 133 69 140 69 119 69 141 69 141 89 119 89 121 89 141 90 121 90 118 90 118 91 121 91 142 91 118 69 142 69 116 69 140 92 141 92 143 92 143 69 141 69 144 69 143 69 144 69 145 69 145 69 146 69 147 69 147 69 146 69 125 69 147 93 125 93 148 93 148 69 125 69 124 69 149 69 150 69 151 69 151 94 150 94 152 94 151 95 152 95 153 95 154 96 155 96 156 96 157 97 158 97 159 97 157 98 160 98 161 98 161 69 162 69 157 69 157 99 162 99 163 99 157 100 163 100 164 100 164 101 163 101 165 101 164 102 165 102 166 102 166 103 165 103 167 103 167 104 168 104 166 104 166 69 168 69 169 69 166 105 169 105 170 105 170 106 169 106 171 106 170 107 171 107 172 107 145 69 144 69 146 69 146 69 144 69 173 69 146 69 173 69 174 69 174 69 175 69 146 69 146 108 175 108 176 108 146 69 176 69 177 69 178 109 179 109 180 109 181 69 182 69 183 69 184 69 185 69 186 69 186 110 185 110 183 110 187 69 188 69 189 69 189 111 188 111 190 111 189 112 190 112 184 112 187 113 189 113 191 113 191 114 189 114 192 114 191 115 192 115 193 115 193 69 192 69 194 69 194 69 192 69 195 69 194 116 195 116 196 116 177 117 170 117 146 117 146 69 170 69 172 69 146 118 172 118 125 118 125 69 172 69 197 69 157 119 137 119 160 119 160 120 137 120 127 120 160 69 127 69 198 69 198 121 127 121 199 121 197 69 200 69 125 69 125 122 200 122 201 122 125 123 201 123 127 123 127 124 201 124 202 124 127 125 202 125 199 125 183 69 179 69 181 69 181 69 179 69 178 69 181 126 178 126 203 126 203 69 178 69 204 69 118 127 205 127 206 127 207 128 208 128 204 128 204 69 208 69 209 69 204 69 209 69 203 69 210 69 211 69 212 69 212 69 211 69 213 69 214 129 215 129 216 129 217 69 218 69 219 69 218 130 217 130 220 130 220 69 217 69 221 69 220 131 221 131 222 131 206 69 207 69 118 69 118 132 207 132 204 132 118 69 204 69 141 69 141 69 204 69 178 69 141 69 178 69 144 69 144 69 178 69 180 69 144 133 180 133 173 133 116 69 134 69 117 69 117 69 134 69 136 69 117 69 136 69 118 69 118 69 136 69 223 69 118 134 223 134 205 134 205 135 223 135 224 135 159 136 154 136 157 136 157 137 154 137 156 137 157 69 156 69 137 69 137 69 156 69 225 69 137 69 225 69 136 69 136 69 225 69 226 69 136 69 226 69 223 69 223 69 226 69 213 69 223 69 213 69 224 69 224 69 213 69 211 69 227 69 228 69 229 69 230 138 231 138 214 138 217 139 232 139 233 139 234 140 235 140 236 140 236 69 235 69 237 69 236 69 237 69 214 69 214 69 237 69 238 69 214 141 238 141 230 141 219 142 215 142 217 142 217 143 215 143 214 143 217 69 214 69 232 69 232 144 214 144 231 144 233 69 239 69 217 69 217 69 239 69 240 69 217 145 240 145 241 145 228 69 242 69 229 69 229 146 242 146 243 146 229 69 243 69 236 69 236 147 243 147 244 147 236 148 244 148 234 148 182 69 222 69 183 69 183 149 222 149 221 149 183 69 221 69 186 69 186 69 221 69 217 69 186 69 217 69 229 69 229 69 217 69 241 69 229 150 241 150 227 150 245 69 246 69 192 69 247 69 248 69 229 69 229 151 248 151 249 151 246 69 250 69 192 69 192 152 250 152 251 152 192 69 251 69 195 69 195 153 251 153 252 153 195 154 252 154 253 154 253 155 254 155 195 155 195 69 254 69 255 69 195 69 255 69 236 69 236 69 255 69 256 69 236 156 256 156 257 156 184 69 186 69 189 69 189 69 186 69 229 69 189 69 229 69 192 69 192 69 229 69 249 69 192 157 249 157 245 157 257 158 258 158 236 158 236 159 258 159 259 159 236 69 259 69 229 69 229 160 259 160 260 160 229 69 260 69 247 69 214 69 261 69 236 69 236 69 261 69 262 69 236 69 262 69 195 69 195 69 262 69 151 69 195 69 151 69 196 69 196 161 151 161 153 161 196 162 153 162 263 162 216 163 264 163 214 163 214 164 264 164 210 164 214 165 210 165 261 165 261 69 210 69 212 69 261 69 212 69 262 69 262 69 212 69 265 69 262 69 265 69 151 69 151 69 265 69 266 69 151 69 266 69 149 69 267 56 268 56 269 56 269 56 268 56 270 56 271 56 272 56 273 56 273 166 272 166 274 166 268 167 275 167 270 167 270 168 275 168 276 168 270 169 276 169 277 169 277 170 278 170 270 170 270 171 278 171 279 171 270 56 279 56 280 56 274 172 272 172 281 172 281 173 272 173 282 173 281 56 282 56 283 56 283 174 282 174 284 174 283 56 284 56 276 56 276 175 284 175 285 175 276 176 285 176 277 176 286 56 287 56 288 56 289 177 290 177 291 177 291 56 290 56 292 56 291 56 292 56 280 56 293 178 294 178 295 178 295 56 294 56 296 56 295 56 296 56 297 56 297 179 296 179 298 179 299 180 300 180 286 180 286 181 300 181 301 181 299 56 286 56 302 56 302 56 286 56 303 56 302 182 303 182 304 182 293 183 305 183 294 183 294 184 305 184 306 184 294 56 306 56 307 56 307 185 306 185 308 185 307 186 308 186 309 186 309 187 308 187 310 187 309 188 310 188 311 188 311 189 310 189 312 189 311 190 312 190 313 190 313 191 312 191 314 191 313 192 314 192 303 192 303 193 314 193 315 193 303 194 315 194 304 194 273 56 316 56 271 56 271 56 316 56 317 56 271 195 317 195 318 195 267 196 269 196 319 196 319 197 269 197 320 197 319 198 320 198 321 198 322 56 323 56 324 56 324 199 323 199 325 199 324 200 325 200 326 200 280 56 292 56 270 56 270 56 292 56 327 56 270 201 328 201 329 201 330 202 331 202 269 202 269 56 331 56 322 56 269 203 322 203 320 203 329 56 332 56 270 56 270 204 332 204 333 204 270 56 333 56 269 56 269 56 333 56 334 56 269 205 334 205 330 205 335 56 336 56 337 56 325 56 338 56 339 56 339 206 338 206 340 206 339 207 340 207 341 207 342 56 340 56 343 56 342 208 343 208 335 208 335 56 343 56 344 56 335 209 344 209 336 209 345 56 346 56 347 56 346 56 348 56 347 56 347 210 348 210 349 210 347 211 349 211 350 211 317 212 321 212 318 212 318 56 321 56 320 56 318 56 320 56 351 56 351 56 320 56 352 56 353 56 354 56 320 56 320 213 354 213 355 213 320 214 355 214 352 214 322 215 356 215 320 215 320 216 356 216 357 216 320 217 357 217 353 217 358 56 359 56 335 56 360 218 361 218 362 218 362 56 361 56 335 56 362 56 335 56 363 56 363 56 335 56 359 56 364 219 365 219 366 219 367 56 364 56 368 56 368 220 364 220 366 220 368 221 366 221 369 221 350 222 370 222 347 222 347 56 370 56 371 56 347 223 371 223 372 223 372 224 371 224 373 224 372 225 373 225 374 225 374 226 373 226 375 226 376 56 377 56 372 56 372 56 377 56 378 56 379 227 380 227 381 227 381 56 380 56 382 56 378 56 382 56 372 56 372 56 382 56 380 56 372 56 380 56 347 56 347 56 380 56 383 56 347 56 383 56 384 56 385 228 374 228 386 228 386 56 374 56 387 56 386 56 387 56 388 56 388 56 387 56 389 56 385 56 390 56 374 56 374 229 390 229 391 229 374 56 391 56 372 56 372 230 391 230 392 230 372 231 392 231 376 231 379 56 393 56 380 56 380 232 393 232 394 232 380 56 394 56 387 56 387 233 394 233 395 233 387 234 395 234 389 234 396 235 294 235 397 235 397 56 294 56 398 56 399 56 400 56 296 56 296 236 400 236 401 236 296 56 401 56 387 56 387 237 401 237 402 237 387 56 402 56 403 56 380 56 404 56 405 56 309 238 384 238 307 238 307 56 384 56 383 56 307 56 383 56 294 56 294 56 383 56 380 56 294 56 380 56 398 56 398 56 380 56 405 56 396 56 406 56 294 56 294 239 406 239 407 239 294 56 407 56 296 56 296 240 407 240 408 240 296 241 408 241 399 241 403 242 409 242 387 242 387 243 409 243 410 243 387 56 410 56 380 56 380 244 410 244 411 244 380 56 411 56 404 56 298 56 296 56 412 56 412 56 296 56 387 56 412 56 387 56 413 56 413 56 387 56 374 56 413 56 374 56 366 56 366 56 374 56 375 56 366 56 414 56 369 56 365 56 415 56 366 56 366 56 415 56 416 56 366 56 416 56 413 56 413 56 416 56 417 56 413 56 417 56 412 56 412 56 417 56 418 56 412 245 418 245 298 245 288 246 419 246 286 246 286 247 419 247 272 247 286 56 272 56 303 56 303 56 272 56 271 56 303 56 271 56 313 56 313 56 271 56 318 56 313 56 318 56 311 56 311 56 318 56 351 56 301 56 420 56 286 56 286 56 420 56 290 56 286 56 290 56 287 56 287 56 290 56 289 56 287 56 289 56 288 56 337 56 327 56 335 56 335 248 327 248 292 248 335 249 292 249 358 249 358 56 292 56 290 56 358 56 290 56 421 56 421 56 290 56 420 56 421 56 420 56 422 56 422 250 420 250 301 250 422 56 301 56 417 56 417 251 301 251 423 251 417 252 423 252 418 252 424 253 425 254 426 255 424 253 426 255 427 256 427 256 426 255 428 257 427 256 428 257 429 258 429 258 428 257 430 259 429 258 430 259 431 260 431 260 430 259 432 261 431 260 432 261 433 262 433 262 432 261 434 263 433 262 434 263 435 264 436 265 434 266 437 267 436 265 437 267 438 268 438 268 437 267 439 269 438 268 439 269 440 270 439 269 441 271 440 270 440 270 441 271 442 272 442 272 441 271 443 273 443 273 441 271 444 274 443 273 444 274 445 275 445 276 446 277 447 278 445 279 447 280 448 281 448 281 447 280 449 282 448 283 449 284 450 285 449 286 451 287 450 288 452 289 451 290 453 291 452 289 453 291 454 292 454 292 453 291 455 293 454 292 455 293 456 294 456 294 455 293 457 295 456 294 457 295 458 296 459 297 457 298 460 299 459 297 460 299 461 300 461 300 460 299 462 301 461 300 462 301 463 302 463 302 462 301 464 303 463 302 464 303 465 304 465 304 464 303 466 305 465 304 466 305 467 306 467 306 466 305 468 307 467 306 468 307 469 308 469 308 468 307 470 309 469 308 470 309 471 310 472 311 470 312 473 313 472 311 473 313 474 314 475 315 473 316 476 317 475 315 476 317 477 318 477 318 476 317 478 319 477 318 478 319 479 320 480 321 478 322 481 321 480 323 482 324 483 325 484 326 485 327 486 327 486 327 485 327 487 327 486 327 487 327 488 327 488 327 487 327 489 327 488 327 489 327 490 327 490 327 489 327 491 327 490 327 491 327 492 327 492 327 491 327 493 327 492 327 493 327 494 327 494 327 493 327 495 327 494 327 495 327 496 327 496 327 495 327 497 327 496 327 497 327 482 324 482 324 497 327 483 325 498 328 484 329 499 330 498 328 499 330 500 331 501 332 499 333 502 334 501 332 502 334 503 335 504 336 502 337 505 338 504 336 505 338 506 339 507 340 505 341 508 342 507 340 508 342 509 343 509 343 508 342 425 344 509 343 425 344 510 345 511 346 512 346 513 346 513 347 512 347 514 347 515 348 516 348 517 348 517 349 516 349 518 349 519 350 520 350 521 350 521 351 520 351 522 351 523 352 524 352 525 352 525 352 524 352 526 352 527 353 528 353 529 353 529 354 528 354 530 354 531 355 532 355 533 355 533 356 532 356 534 356 535 357 536 358 537 359 537 359 536 358 538 360 537 359 538 360 539 361 539 361 538 360 540 362 539 361 540 362 541 363 541 363 540 362 542 364 541 363 542 364 543 365 543 365 542 364 544 366 545 367 546 367 547 367 547 368 546 368 548 368 549 369 550 369 551 369 551 370 550 370 552 370 553 371 554 371 555 371 555 372 554 372 556 372 557 373 558 373 559 373 559 374 558 374 560 374 561 375 562 375 563 375 563 376 562 376 564 376 565 377 566 377 567 377 567 378 566 378 568 378 569 379 570 379 571 379 571 380 570 380 572 380 573 381 574 381 575 381 575 382 574 382 576 382 577 383 578 383 579 383 579 384 578 384 580 384 581 385 582 385 583 385 583 386 582 386 584 386 585 387 586 387 587 387 587 388 586 388 588 388 589 389 590 389 591 389 591 390 590 390 592 390 593 391 594 392 595 393 595 393 594 392 596 394 595 393 596 394 597 395 597 395 596 394 598 396 597 395 598 396 599 397 599 397 598 396 600 398 599 397 600 398 601 399 601 399 600 398 602 400 603 401 604 401 605 401 605 401 604 401 606 401 607 402 608 402 609 402 609 403 608 403 610 403 611 404 612 404 613 404 613 405 612 405 614 405 615 406 616 406 617 406 617 407 616 407 618 407 619 408 620 408 621 408 621 409 620 409 622 409 623 410 624 410 625 410 625 411 624 411 626 411 627 412 628 412 629 412 629 413 628 413 630 413 631 414 632 414 633 414 633 415 632 415 634 415 635 416 636 416 637 416 637 417 636 417 638 417 639 418 640 418 641 418 641 419 640 419 642 419 643 420 644 420 645 420 645 421 644 421 646 421 647 422 648 422 649 422 649 389 648 389 650 389 651 423 652 424 653 425 653 425 652 424 654 426 653 425 654 426 655 427 655 427 654 426 656 428 655 427 656 428 657 429 657 429 656 428 658 430 657 429 658 430 659 431 659 431 658 430 660 432 661 433 662 433 663 433 663 434 662 434 664 434 665 435 666 435 667 435 667 436 666 436 668 436 669 437 670 437 671 437 671 405 670 405 672 405 673 438 674 438 675 438 675 439 674 439 676 439 677 440 678 440 679 440 679 441 678 441 680 441 681 442 682 442 683 442 683 443 682 443 684 443 685 444 686 444 687 444 687 445 686 445 688 445 689 446 690 446 691 446 691 447 690 447 692 447 693 448 694 448 695 448 695 449 694 449 696 449 697 450 698 450 699 450 699 451 698 451 700 451 701 452 702 452 703 452 703 453 702 453 704 453 705 454 706 454 707 454 707 455 706 455 708 455 709 456 710 456 711 456 711 457 710 457 712 457 713 458 714 458 715 458 715 459 714 459 716 459 717 460 718 460 719 460 719 461 718 461 720 461 721 462 722 462 723 462 723 463 722 463 724 463 725 464 726 464 727 464 727 465 726 465 728 465 729 466 730 466 731 466 731 467 730 467 732 467 733 468 734 469 735 470 735 470 734 469 736 471 735 470 736 471 737 472 737 472 736 471 738 473 737 472 738 473 739 474 739 474 738 473 740 475 739 474 740 475 741 476 741 476 740 475 742 477 741 476 742 477 743 478 743 478 742 477 744 479 743 478 744 479 745 480 746 481 744 482 747 483 746 481 747 483 748 484 748 484 747 483 749 485 748 484 749 485 750 486 750 486 749 485 751 487 750 486 751 487 752 488 752 488 751 487 753 489 752 488 753 489 754 490 754 490 753 489 755 491 754 490 755 491 756 492 756 492 755 491 757 493 756 492 757 493 758 494 758 494 757 493 759 495 758 494 759 495 760 496 760 496 759 495 761 497 762 498 761 499 763 500 763 500 761 499 764 501 763 500 764 501 765 502 765 502 764 501 766 503 765 502 766 503 767 504 768 505 766 506 769 507 768 505 769 507 770 508 770 508 769 507 771 509 770 508 771 509 733 468 733 468 771 509 734 469 772 510 773 510 774 510 774 511 773 511 775 511 776 512 777 512 778 512 778 512 777 512 779 512 780 513 781 513 782 513 782 514 781 514 783 514 784 515 785 515 786 515 786 516 785 516 787 516 788 517 789 517 790 517 790 518 789 518 791 518 792 519 793 519 794 519 794 520 793 520 795 520 796 521 797 521 798 521 798 522 797 522 799 522 800 523 801 523 802 523 802 524 801 524 803 524 804 525 805 525 806 525 806 525 805 525 807 525 808 526 809 526 810 526 810 526 809 526 811 526 812 527 813 527 814 527 814 528 813 528 815 528 816 529 817 529 818 529 818 530 817 530 819 530</p>
        </triangles>
      </mesh>
    </geometry>
    <geometry id="mesh-eab1a710-2acc-41ed-8343-ebae0a2dd060_002-mesh" name="mesh-eab1a710-2acc-41ed-8343-ebae0a2dd060.002">
      <mesh>
        <source id="mesh-eab1a710-2acc-41ed-8343-ebae0a2dd060_002-mesh-positions">
          <float_array id="mesh-eab1a710-2acc-41ed-8343-ebae0a2dd060_002-mesh-positions-array" count="216">
0.004600 0.011766 -0.009400 0.004600 0.011400 -0.009766 0.004600 0.030810 -0.010400 0.004600 -0.031250 -0.004235 0.004600 -0.030000 -0.003900 0.004600 -0.030000 -0.002900 0.004600 0.030000 -0.002900 0.004600 0.030000 -0.003900 0.004600 0.031600 -0.002900 0.004600 0.031250 -0.004235 0.004600 0.003593 -0.009607 0.004600 0.003376 -0.009283 0.004600 -0.030810 -0.010400 0.004600 -0.031600 0.002100 0.004600 -0.030000 0.002100 0.004600 -0.030000 0.005648 0.004600 0.030517 0.006634 0.004600 0.031396 0.007082 0.004600 0.030556 0.007746 0.004600 0.030354 0.008568 0.004600 0.030108 0.008764 0.004600 0.029716 0.009182 0.004600 0.030000 0.005648 0.004600 0.030000 0.002100 0.004600 0.031600 0.002100 0.004600 -0.031600 -0.002900 0.004600 -0.032850 -0.002565 0.004600 -0.032165 -0.005150 0.004600 -0.032850 -0.002565 0.004600 -0.035665 -0.004204 0.004600 -0.035665 -0.004204 0.004600 -0.032500 -0.006400 0.004600 -0.031397 0.007082 0.004600 -0.030517 0.006634 0.004600 -0.030556 0.007746 0.004600 -0.030355 0.008568 0.004600 -0.030108 0.008764 0.004600 -0.029716 0.009182 0.004600 -0.033765 -0.001650 0.004600 -0.034100 -0.000400 0.004600 -0.033870 0.001567 0.004600 -0.033765 0.000850 0.004600 -0.032850 0.001765 0.004600 0.034100 -0.000400 0.004600 0.035664 -0.004204 0.004600 0.033869 0.001567 0.004600 0.011900 -0.008900 0.004600 0.030000 -0.008900 0.004600 0.030810 -0.010400 0.004600 0.031250 -0.008565 0.004600 0.032583 -0.010075 0.004600 0.032165 -0.007650 0.004600 0.032850 0.001765 0.004600 0.033765 0.000850 0.004600 0.003300 -0.008900 0.004600 -0.030000 -0.008900 0.004600 -0.032583 -0.010075 0.004600 -0.031250 -0.008565 0.004600 -0.034126 -0.009143 0.004600 -0.032165 -0.007650 0.004600 -0.035237 -0.007724 0.004600 -0.035774 -0.006003 0.004600 0.032165 -0.005150 0.004600 0.033765 -0.001650 0.004600 0.032850 -0.002565 0.004600 0.010900 -0.009900 0.004600 0.004300 -0.009900 0.004600 0.003917 -0.009824 0.004600 0.035773 -0.006003 0.004600 0.032500 -0.006400 0.004600 0.035237 -0.007724 0.004600 0.034125 -0.009143
</float_array>
          <technique_common>
            <accessor source="#mesh-eab1a710-2acc-41ed-8343-ebae0a2dd060_002-mesh-positions-array" count="72" stride="3">
              <param name="X" type="float" />
              <param name="Y" type="float" />
              <param name="Z" type="float" />
            </accessor>
          </technique_common>
        </source>
        <source id="mesh-eab1a710-2acc-41ed-8343-ebae0a2dd060_002-mesh-normals">
          <float_array id="mesh-eab1a710-2acc-41ed-8343-ebae0a2dd060_002-mesh-normals-array" count="72">
1.000000 0.000000 0.000000 1.000000 0.000000 0.000000 1.000000 0.000001 0.000000 1.000000 0.000001 0.000000 1.000000 0.000000 0.000000 1.000000 -0.000017 0.000000 1.000000 0.000000 0.000000 1.000000 0.000001 0.000000 1.000000 -0.000002 0.000000 1.000000 -0.000001 0.000000 1.000000 0.000000 0.000000 1.000000 -0.000002 0.000000 1.000000 0.000000 0.000000 1.000000 0.000000 0.000000 1.000000 0.000001 0.000000 1.000000 0.000002 0.000000 1.000000 -0.000000 0.000000 1.000000 0.000000 0.000000 1.000000 0.000000 0.000000 1.000000 0.000000 0.000000 1.000000 -0.000001 0.000000 1.000000 0.000000 0.000000 1.000000 -0.000001 0.000000 1.000000 -0.000000 0.000000
</float_array>
          <technique_common>
            <accessor source="#mesh-eab1a710-2acc-41ed-8343-ebae0a2dd060_002-mesh-normals-array" count="24" stride="3">
              <param name="X" type="float" />
              <param name="Y" type="float" />
              <param name="Z" type="float" />
            </accessor>
          </technique_common>
        </source>
        <vertices id="mesh-eab1a710-2acc-41ed-8343-ebae0a2dd060_002-mesh-vertices">
          <input semantic="POSITION" source="#mesh-eab1a710-2acc-41ed-8343-ebae0a2dd060_002-mesh-positions" />
        </vertices>
        <triangles material="a0000000-0000-0000-0000-000000000000_014-material" count="67">
          <input semantic="VERTEX" source="#mesh-eab1a710-2acc-41ed-8343-ebae0a2dd060_002-mesh-vertices" offset="0" />
          <input semantic="NORMAL" source="#mesh-eab1a710-2acc-41ed-8343-ebae0a2dd060_002-mesh-normals" offset="1" />
          <p>0 0 1 0 2 0 3 1 4 1 5 1 6 1 7 1 8 1 8 1 7 1 9 1 10 1 11 1 12 1 13 1 14 1 15 1 16 1 17 1 18 1 18 1 17 1 19 1 18 2 19 2 20 2 20 1 19 1 21 1 22 1 23 1 24 1 5 1 25 1 3 1 3 3 25 3 26 3 3 1 26 1 27 1 27 1 28 1 29 1 27 1 30 1 31 1 13 4 15 4 32 4 15 1 33 1 32 1 32 1 33 1 34 1 32 1 34 1 35 1 35 1 34 1 36 1 35 5 36 5 37 5 28 1 38 1 29 1 29 6 38 6 39 6 29 7 39 7 40 7 40 8 39 8 41 8 40 1 41 1 32 1 32 9 41 9 42 9 32 10 42 10 13 10 22 1 24 1 16 1 43 11 44 11 45 11 46 1 0 1 47 1 47 1 0 1 2 1 47 1 48 1 49 1 49 12 48 12 50 12 49 1 50 1 51 1 16 1 24 1 17 1 17 13 24 13 52 13 17 14 52 14 45 14 45 1 52 1 53 1 45 15 53 15 43 15 11 1 54 1 12 1 12 1 54 1 55 1 12 1 55 1 56 1 56 16 55 16 57 16 56 1 57 1 58 1 58 1 57 1 59 1 58 17 59 17 60 17 60 1 59 1 31 1 60 18 31 18 61 18 61 1 31 1 30 1 62 19 63 19 9 19 9 1 63 1 64 1 9 20 64 20 8 20 1 1 65 1 2 1 2 1 65 1 66 1 2 1 66 1 12 1 12 21 66 21 67 21 12 1 67 1 10 1 43 22 63 22 44 22 44 1 63 1 62 1 44 1 62 1 68 1 68 1 62 1 69 1 68 23 69 23 70 23 70 1 69 1 51 1 70 1 51 1 71 1 71 1 51 1 50 1</p>
        </triangles>
      </mesh>
    </geometry>
    <geometry id="mesh-a13565de-6ef3-4472-90d0-68dc53313910_002-mesh" name="mesh-a13565de-6ef3-4472-90d0-68dc53313910.002">
      <mesh>
        <source id="mesh-a13565de-6ef3-4472-90d0-68dc53313910_002-mesh-positions">
          <float_array id="mesh-a13565de-6ef3-4472-90d0-68dc53313910_002-mesh-positions-array" count="54">
0.004600 0.029263 0.009488 0.004600 0.029716 0.009182 0.004600 0.028965 0.009737 0.004600 -0.008515 0.011387 0.004600 -0.026201 0.008900 0.004600 0.026201 0.008900 0.004600 -0.028188 0.009773 0.004600 -0.028965 0.009737 0.004600 -0.029263 0.009488 0.004600 -0.029716 0.009182 0.004600 -0.027095 0.009563 0.004600 -0.025535 0.010832 0.004600 -0.027322 0.010508 0.004600 0.028187 0.009773 0.004600 0.027321 0.010508 0.004600 0.027095 0.009563 0.004600 0.025535 0.010832 0.004600 0.008515 0.011387
</float_array>
          <technique_common>
            <accessor source="#mesh-a13565de-6ef3-4472-90d0-68dc53313910_002-mesh-positions-array" count="18" stride="3">
              <param name="X" type="float" />
              <param name="Y" type="float" />
              <param name="Z" type="float" />
            </accessor>
          </technique_common>
        </source>
        <source id="mesh-a13565de-6ef3-4472-90d0-68dc53313910_002-mesh-normals">
          <float_array id="mesh-a13565de-6ef3-4472-90d0-68dc53313910_002-mesh-normals-array" count="12">
1.000000 0.000000 0.000000 1.000000 0.000000 0.000000 1.000000 -0.000000 0.000000 1.000000 0.000000 0.000000
</float_array>
          <technique_common>
            <accessor source="#mesh-a13565de-6ef3-4472-90d0-68dc53313910_002-mesh-normals-array" count="4" stride="3">
              <param name="X" type="float" />
              <param name="Y" type="float" />
              <param name="Z" type="float" />
            </accessor>
          </technique_common>
        </source>
        <vertices id="mesh-a13565de-6ef3-4472-90d0-68dc53313910_002-mesh-vertices">
          <input semantic="POSITION" source="#mesh-a13565de-6ef3-4472-90d0-68dc53313910_002-mesh-positions" />
        </vertices>
        <triangles material="a0000000-0000-0000-0000-000000000000_014-material" count="16">
          <input semantic="VERTEX" source="#mesh-a13565de-6ef3-4472-90d0-68dc53313910_002-mesh-vertices" offset="0" />
          <input semantic="NORMAL" source="#mesh-a13565de-6ef3-4472-90d0-68dc53313910_002-mesh-normals" offset="1" />
          <p>0 0 1 0 2 0 3 0 4 0 5 0 6 0 7 0 8 0 8 0 7 0 9 0 4 0 3 0 10 0 10 1 3 1 11 1 10 0 11 0 6 0 6 0 11 0 12 0 6 0 12 0 7 0 0 2 2 2 13 2 13 0 2 0 14 0 13 0 14 0 15 0 15 0 14 0 16 0 15 0 16 0 5 0 5 3 16 3 17 3 5 0 17 0 3 0</p>
        </triangles>
      </mesh>
    </geometry>
    <geometry id="mesh-a7f0f7f1-cb36-41cb-a970-1657fe9f21dd_002-mesh" name="mesh-a7f0f7f1-cb36-41cb-a970-1657fe9f21dd.002">
      <mesh>
        <source id="mesh-a7f0f7f1-cb36-41cb-a970-1657fe9f21dd_002-mesh-positions">
          <float_array id="mesh-a7f0f7f1-cb36-41cb-a970-1657fe9f21dd_002-mesh-positions-array" count="216">
0.005000 0.035773 -0.006003 0.005000 0.035237 -0.007724 0.005000 0.035857 -0.007748 0.005000 0.032583 -0.010075 0.005000 0.030810 -0.010400 0.005000 0.030810 -0.010901 0.005000 0.032056 -0.010773 0.005000 0.033245 -0.010365 0.005000 0.034125 -0.009143 0.005000 0.034307 -0.009702 0.005000 0.035193 -0.008815 0.005000 -0.035237 -0.007724 0.005000 -0.035774 -0.006003 0.005000 -0.036263 -0.006562 0.005000 -0.030810 -0.010901 0.005000 -0.030810 -0.010400 0.005000 -0.032056 -0.010773 0.005000 -0.032583 -0.010075 0.005000 -0.035858 -0.007748 0.005000 -0.035194 -0.008815 0.005000 -0.034126 -0.009143 0.005000 -0.034308 -0.009702 0.005000 -0.033245 -0.010365 0.005000 -0.031397 0.007082 0.005000 -0.030355 0.008568 0.005000 -0.030783 0.008941 0.005000 -0.015405 -0.010901 0.005000 -0.000000 -0.010901 0.005000 0.015405 -0.010901 0.005000 -0.028965 0.009737 0.005000 -0.027322 0.010508 0.005000 -0.027489 0.011007 0.005000 -0.028411 0.010657 0.005000 -0.029273 0.010192 0.005000 -0.030068 0.009617 0.005000 0.028965 0.009737 0.005000 0.030354 0.008568 0.005000 0.030066 0.009618 0.005000 0.029271 0.010193 0.005000 0.028409 0.010657 0.005000 0.027321 0.010508 0.005000 0.036263 -0.006562 0.005000 0.036390 -0.005315 0.005000 0.035664 -0.004204 0.005000 -0.033870 0.001567 0.005000 -0.035411 -0.001116 0.005000 -0.035665 -0.004204 0.005000 -0.036231 -0.004064 0.005000 -0.036391 -0.005315 0.005000 -0.031914 0.007349 0.005000 -0.033252 0.004591 0.005000 -0.034417 0.001769 0.005000 0.027488 0.011007 0.005000 0.026537 0.011232 0.005000 0.025535 0.010832 0.005000 0.033869 0.001567 0.005000 0.033251 0.004593 0.005000 0.031396 0.007082 0.005000 0.031913 0.007351 0.005000 0.030782 0.008943 0.005000 0.036231 -0.004064 0.005000 0.035410 -0.001116 0.005000 0.034417 0.001770 0.005000 0.025559 0.011331 0.005000 0.012783 0.011801 0.005000 0.008515 0.011387 0.005000 -0.000000 0.011958 0.005000 -0.008515 0.011387 0.005000 -0.012784 0.011801 0.005000 -0.025535 0.010832 0.005000 -0.025560 0.011331 0.005000 -0.026537 0.011232
</float_array>
          <technique_common>
            <accessor source="#mesh-a7f0f7f1-cb36-41cb-a970-1657fe9f21dd_002-mesh-positions-array" count="72" stride="3">
              <param name="X" type="float" />
              <param name="Y" type="float" />
              <param name="Z" type="float" />
            </accessor>
          </technique_common>
        </source>
        <source id="mesh-a7f0f7f1-cb36-41cb-a970-1657fe9f21dd_002-mesh-normals">
          <float_array id="mesh-a7f0f7f1-cb36-41cb-a970-1657fe9f21dd_002-mesh-normals-array" count="96">
1.000000 0.000000 0.000000 1.000000 0.000000 0.000000 1.000000 0.000001 0.000000 1.000000 -0.000001 0.000000 1.000000 -0.000002 0.000000 1.000000 0.000001 0.000000 1.000000 0.000001 0.000000 1.000000 -0.000000 0.000000 1.000000 -0.000000 0.000000 1.000000 -0.000000 0.000000 1.000000 -0.000001 0.000000 1.000000 0.000001 0.000000 1.000000 -0.000000 0.000000 1.000000 -0.000000 0.000000 1.000000 0.000000 0.000000 1.000000 -0.000001 0.000000 1.000000 0.000001 0.000000 1.000000 -0.000001 0.000000 1.000000 -0.000001 0.000000 1.000000 -0.000001 0.000000 1.000000 0.000001 0.000000 1.000000 -0.000001 0.000000 1.000000 0.000000 0.000000 1.000000 0.000001 0.000000 1.000000 -0.000001 0.000000 1.000000 0.000001 0.000000 1.000000 0.000000 0.000000 1.000000 0.000000 0.000000 1.000000 0.000000 0.000000 1.000000 0.000000 0.000000 1.000000 0.000000 0.000000 1.000000 -0.000000 0.000000
</float_array>
          <technique_common>
            <accessor source="#mesh-a7f0f7f1-cb36-41cb-a970-1657fe9f21dd_002-mesh-normals-array" count="32" stride="3">
              <param name="X" type="float" />
              <param name="Y" type="float" />
              <param name="Z" type="float" />
            </accessor>
          </technique_common>
        </source>
        <vertices id="mesh-a7f0f7f1-cb36-41cb-a970-1657fe9f21dd_002-mesh-vertices">
          <input semantic="POSITION" source="#mesh-a7f0f7f1-cb36-41cb-a970-1657fe9f21dd_002-mesh-positions" />
        </vertices>
        <triangles material="a0000000-0000-0000-0000-000000000000_014-material" count="72">
          <input semantic="VERTEX" source="#mesh-a7f0f7f1-cb36-41cb-a970-1657fe9f21dd_002-mesh-vertices" offset="0" />
          <input semantic="NORMAL" source="#mesh-a7f0f7f1-cb36-41cb-a970-1657fe9f21dd_002-mesh-normals" offset="1" />
          <p>0 0 1 0 2 0 3 1 4 1 5 1 5 2 6 2 3 2 3 3 6 3 7 3 3 1 7 1 8 1 8 1 7 1 9 1 8 4 9 4 1 4 1 5 9 5 10 5 1 1 10 1 2 1 11 6 12 6 13 6 14 7 15 7 16 7 16 8 15 8 17 8 13 9 18 9 11 9 11 10 18 10 19 10 11 11 19 11 20 11 20 1 19 1 21 1 20 12 21 12 17 12 17 1 21 1 22 1 17 1 22 1 16 1 23 13 24 13 25 13 14 1 26 1 15 1 15 1 26 1 27 1 15 1 27 1 4 1 4 1 27 1 28 1 4 1 28 1 5 1 29 14 30 14 31 14 31 1 32 1 29 1 29 1 32 1 33 1 29 1 33 1 24 1 24 1 33 1 34 1 24 15 34 15 25 15 35 1 36 1 37 1 37 1 38 1 35 1 35 16 38 16 39 16 35 17 39 17 40 17 2 18 41 18 0 18 0 1 41 1 42 1 0 1 42 1 43 1 44 1 45 1 46 1 46 1 45 1 47 1 46 1 47 1 12 1 12 19 47 19 48 19 12 1 48 1 13 1 25 20 49 20 23 20 23 1 49 1 50 1 23 1 50 1 44 1 44 1 50 1 51 1 44 21 51 21 45 21 39 1 52 1 40 1 40 22 52 22 53 22 40 1 53 1 54 1 55 1 56 1 57 1 57 1 56 1 58 1 57 1 58 1 36 1 36 1 58 1 59 1 36 23 59 23 37 23 42 24 60 24 43 24 43 25 60 25 61 25 43 1 61 1 55 1 55 1 61 1 62 1 55 1 62 1 56 1 53 1 63 1 54 1 54 26 63 26 64 26 54 1 64 1 65 1 65 27 64 27 66 27 65 1 66 1 67 1 67 28 66 28 68 28 67 1 68 1 69 1 69 29 68 29 70 29 69 1 70 1 30 1 30 30 70 30 71 30 30 31 71 31 31 31</p>
        </triangles>
      </mesh>
    </geometry>
    <geometry id="mesh-a4e42ca8-69cf-402d-a71f-b70f3fdc9252_002-mesh" name="mesh-a4e42ca8-69cf-402d-a71f-b70f3fdc9252.002">
      <mesh>
        <source id="mesh-a4e42ca8-69cf-402d-a71f-b70f3fdc9252_002-mesh-positions">
          <float_array id="mesh-a4e42ca8-69cf-402d-a71f-b70f3fdc9252_002-mesh-positions-array" count="162">
0.004600 -0.031397 0.007082 0.005000 -0.031397 0.007082 0.004600 -0.033870 0.001567 0.005000 -0.033870 0.001567 0.004600 -0.035665 -0.004204 0.005000 -0.035665 -0.004204 0.004600 -0.035774 -0.006003 0.005000 -0.035774 -0.006003 0.004600 -0.035237 -0.007724 0.005000 -0.035237 -0.007724 0.004600 -0.034126 -0.009143 0.005000 -0.034126 -0.009143 0.004600 -0.032583 -0.010075 0.005000 -0.032583 -0.010075 0.004600 -0.030810 -0.010400 0.005000 -0.030810 -0.010400 0.005000 0.030810 -0.010400 0.004600 0.030810 -0.010400 0.004600 0.025535 0.010832 0.005000 0.025535 0.010832 0.004600 0.008515 0.011387 0.005000 0.008515 0.011387 0.004600 -0.008515 0.011387 0.005000 -0.008515 0.011387 0.004600 -0.025535 0.010832 0.005000 -0.025535 0.010832 0.004600 -0.027322 0.010508 0.005000 -0.027322 0.010508 0.004600 -0.028965 0.009737 0.005000 -0.028965 0.009737 0.004600 -0.029716 0.009182 0.005000 -0.030355 0.008568 0.004600 -0.030355 0.008568 0.004600 0.035664 -0.004204 0.005000 0.035664 -0.004204 0.004600 0.033869 0.001567 0.005000 0.033869 0.001567 0.004600 0.031396 0.007082 0.005000 0.031396 0.007082 0.004600 0.032583 -0.010075 0.005000 0.032583 -0.010075 0.004600 0.034125 -0.009143 0.005000 0.034125 -0.009143 0.004600 0.035237 -0.007724 0.005000 0.035237 -0.007724 0.004600 0.035773 -0.006003 0.005000 0.035773 -0.006003 0.004600 0.030354 0.008568 0.005000 0.030354 0.008568 0.005000 0.027321 0.010508 0.004600 0.027321 0.010508 0.005000 0.028965 0.009737 0.004600 0.028965 0.009737 0.004600 0.029716 0.009182
</float_array>
          <technique_common>
            <accessor source="#mesh-a4e42ca8-69cf-402d-a71f-b70f3fdc9252_002-mesh-positions-array" count="54" stride="3">
              <param name="X" type="float" />
              <param name="Y" type="float" />
              <param name="Z" type="float" />
            </accessor>
          </technique_common>
        </source>
        <source id="mesh-a4e42ca8-69cf-402d-a71f-b70f3fdc9252_002-mesh-normals">
          <float_array id="mesh-a4e42ca8-69cf-402d-a71f-b70f3fdc9252_002-mesh-normals-array" count="162">
0.000000 0.853436 -0.521199 -0.000012 0.884784 -0.466002 0.000000 0.928076 -0.372390 0.000000 0.942242 -0.334933 0.000000 0.975610 -0.219510 0.000000 0.990132 -0.140140 0.000023 0.998206 0.059876 0.000000 0.983515 0.180824 0.000000 0.912113 0.409938 0.000000 0.855469 0.517854 0.000000 0.707479 0.706734 0.000020 0.616248 0.787552 0.000000 0.410886 0.911687 -0.000023 0.296968 0.954887 0.000000 0.090477 0.995899 0.000000 0.090479 0.995899 0.000000 -0.090477 0.995899 0.000000 -0.090479 0.995899 0.000000 -0.129852 -0.991533 0.000000 -0.081315 -0.996688 0.000000 -0.021781 -0.999763 0.000000 -0.010890 -0.999941 0.000000 0.010890 -0.999941 0.000000 0.021781 -0.999763 0.000000 0.081315 -0.996688 0.000000 0.129852 -0.991533 0.000000 0.262383 -0.964964 0.000000 0.345322 -0.938484 0.000022 0.483505 -0.875341 -0.049096 0.556584 -0.829340 -0.048943 0.643689 -0.763720 -0.036846 0.748338 -0.662293 0.000000 0.759553 -0.650446 0.000000 -0.990132 -0.140140 0.000000 -0.975610 -0.219510 0.000000 -0.942242 -0.334933 0.000000 -0.928076 -0.372390 0.000012 -0.884784 -0.466002 0.000000 -0.853436 -0.521199 0.000000 -0.296969 0.954887 0.000000 -0.410886 0.911687 0.000029 -0.616248 0.787552 -0.000021 -0.707479 0.706734 0.000000 -0.855469 0.517854 0.000000 -0.912113 0.409938 0.000000 -0.983515 0.180824 -0.000023 -0.998206 0.059876 0.000000 -0.780130 -0.625618 -0.069979 -0.691678 -0.718808 0.000000 -0.262383 -0.964964 0.000017 -0.345322 -0.938484 -0.000021 -0.501731 -0.865024 -0.093278 -0.554667 -0.826827 -0.139672 -0.639549 -0.755955
</float_array>
          <technique_common>
            <accessor source="#mesh-a4e42ca8-69cf-402d-a71f-b70f3fdc9252_002-mesh-normals-array" count="54" stride="3">
              <param name="X" type="float" />
              <param name="Y" type="float" />
              <param name="Z" type="float" />
            </accessor>
          </technique_common>
        </source>
        <vertices id="mesh-a4e42ca8-69cf-402d-a71f-b70f3fdc9252_002-mesh-vertices">
          <input semantic="POSITION" source="#mesh-a4e42ca8-69cf-402d-a71f-b70f3fdc9252_002-mesh-positions" />
        </vertices>
        <triangles material="a0000000-0000-0000-0000-000000000000_014-material" count="54">
          <input semantic="VERTEX" source="#mesh-a4e42ca8-69cf-402d-a71f-b70f3fdc9252_002-mesh-vertices" offset="0" />
          <input semantic="NORMAL" source="#mesh-a4e42ca8-69cf-402d-a71f-b70f3fdc9252_002-mesh-normals" offset="1" />
          <p>0 0 1 1 2 2 2 2 1 1 3 3 2 2 3 3 4 4 4 4 3 3 5 5 4 4 5 5 6 6 6 6 5 5 7 7 6 6 7 7 8 8 8 8 7 7 9 9 8 8 9 9 10 10 10 10 9 9 11 11 10 10 11 11 12 12 12 12 11 11 13 13 12 12 13 13 14 14 14 14 13 13 15 15 15 15 16 16 14 14 14 14 16 16 17 17 18 18 19 19 20 20 20 20 19 19 21 21 20 20 21 21 22 22 22 22 21 21 23 23 22 22 23 23 24 24 24 24 23 23 25 25 24 24 25 25 26 26 26 26 25 25 27 27 26 26 27 27 28 28 28 28 27 27 29 29 28 28 29 29 30 30 30 30 29 29 31 31 1 1 0 0 31 31 31 31 0 0 32 32 31 31 32 32 30 30 33 33 34 34 35 35 35 35 34 34 36 36 35 35 36 36 37 37 37 37 36 36 38 38 17 17 16 16 39 39 39 39 16 16 40 40 39 39 40 40 41 41 41 41 40 40 42 42 41 41 42 42 43 43 43 43 42 42 44 44 43 43 44 44 45 45 45 45 44 44 46 46 45 45 46 46 33 33 33 33 46 46 34 34 37 37 38 38 47 47 47 47 38 38 48 48 19 19 18 18 49 49 49 49 18 18 50 50 49 49 50 50 51 51 51 51 50 50 52 52 51 51 52 52 48 48 48 48 52 52 53 53 48 48 53 53 47 47</p>
        </triangles>
      </mesh>
    </geometry>
    <geometry id="mesh-aa5222c1-f076-48e4-9660-4ca9ac6919eb_002-mesh" name="mesh-aa5222c1-f076-48e4-9660-4ca9ac6919eb.002">
      <mesh>
        <source id="mesh-aa5222c1-f076-48e4-9660-4ca9ac6919eb_002-mesh-positions">
          <float_array id="mesh-aa5222c1-f076-48e4-9660-4ca9ac6919eb_002-mesh-positions-array" count="7386">
0.005000 0.025559 0.011331 0.004500 0.025584 0.011830 0.005000 0.012783 0.011801 0.004500 0.012796 0.012300 0.005000 -0.000000 0.011958 0.004500 -0.000000 0.012457 0.004508 0.026289 0.011773 0.005000 0.026537 0.011232 0.005000 0.029271 0.010193 0.004545 0.029128 0.010853 0.005000 0.028409 0.010657 0.004538 0.028617 0.011110 0.005000 0.027488 0.011007 0.004525 0.027634 0.011484 0.004512 0.026620 0.011724 0.005000 0.031913 0.007351 0.004588 0.032347 0.007582 0.005000 0.030782 0.008943 0.004572 0.031144 0.009279 0.005000 0.030066 0.009618 0.004561 0.030381 0.010000 0.004550 0.029535 0.010613 0.004500 -0.025584 0.011830 0.005000 -0.025560 0.011331 0.004500 -0.012796 0.012300 0.005000 -0.012784 0.011801 0.004500 -0.007372 0.012405 0.005000 0.033251 0.004593 0.004589 0.033699 0.004794 0.005000 0.036231 -0.004064 0.004590 0.036708 -0.003947 0.005000 0.035410 -0.001116 0.004590 0.035879 -0.000970 0.005000 0.034417 0.001770 0.004590 0.034876 0.001944 0.004589 0.033858 0.004436 0.004588 -0.032348 0.007579 0.005000 -0.031914 0.007349 0.004572 -0.031145 0.009277 0.005000 -0.030783 0.008941 0.004561 -0.030383 0.009999 0.005000 -0.030068 0.009617 0.004550 -0.029536 0.010612 0.005000 -0.029273 0.010192 0.004538 -0.028618 0.011109 0.005000 -0.028411 0.010657 0.004527 -0.027738 0.011451 0.005000 -0.027489 0.011007 0.004525 -0.027635 0.011484 0.004512 -0.026620 0.011724 0.005000 -0.026537 0.011232 0.004508 -0.026289 0.011773 0.004586 0.036882 -0.005310 0.005000 0.036390 -0.005315 0.004580 0.036744 -0.006667 0.005000 0.036263 -0.006562 0.004571 0.036304 -0.007960 0.005000 0.035857 -0.007748 0.004559 0.035581 -0.009124 0.005000 0.035193 -0.008815 0.004545 0.034616 -0.010091 0.005000 0.034307 -0.009702 0.004530 0.033459 -0.010815 0.005000 0.033245 -0.010365 0.004515 0.032163 -0.011260 0.005000 0.032056 -0.010773 0.004511 0.031831 -0.011323 0.005000 0.030810 -0.010901 0.004500 0.030810 -0.011400 0.004590 -0.036708 -0.003947 0.005000 -0.036231 -0.004064 0.004590 -0.036640 -0.003674 0.005000 -0.035411 -0.001116 0.004590 -0.035879 -0.000970 0.004590 -0.034876 0.001943 0.005000 -0.034417 0.001769 0.004589 -0.033700 0.004792 0.005000 -0.033252 0.004591 0.004588 -0.032390 0.007500 0.004500 0.030345 -0.011400 0.005000 0.015405 -0.010901 0.004500 0.019800 -0.011400 0.004500 0.025831 -0.011400 0.004500 0.028842 -0.011400 0.004500 0.015405 -0.011400 0.005000 -0.000000 -0.010901 0.004500 -0.000000 -0.011400 0.004500 -0.030810 -0.011400 0.005000 -0.030810 -0.010901 0.004511 -0.031832 -0.011323 0.005000 -0.032056 -0.010773 0.005000 -0.036391 -0.005315 0.004586 -0.036882 -0.005309 0.005000 -0.036263 -0.006562 0.004580 -0.036744 -0.006667 0.005000 -0.035858 -0.007748 0.004571 -0.036304 -0.007960 0.005000 -0.035194 -0.008815 0.004559 -0.035582 -0.009123 0.005000 -0.034308 -0.009702 0.004545 -0.034617 -0.010091 0.005000 -0.033245 -0.010365 0.004530 -0.033460 -0.010815 0.005000 -0.033245 -0.010365 0.004515 -0.032163 -0.011260 0.005000 -0.015405 -0.010901 0.004500 -0.015405 -0.011400 0.004500 -0.030346 -0.011400 0.004500 -0.028842 -0.011400 0.004500 -0.025832 -0.011400 0.004500 -0.019801 -0.011400 -0.016970 -0.037591 -0.000160 -0.012000 -0.037591 -0.000160 -0.017000 -0.037227 -0.000160 -0.012000 -0.025238 -0.000160 -0.017000 -0.025238 -0.000160 -0.016732 -0.038059 0.000515 -0.016743 -0.037872 0.001015 -0.012000 -0.038059 0.000515 -0.012000 -0.037872 0.001015 -0.012000 -0.025036 -0.000117 -0.017000 -0.025036 -0.000117 -0.016742 -0.038090 0.000366 -0.012000 -0.038087 0.000278 -0.016759 -0.038087 0.000277 -0.016774 -0.038076 0.000218 -0.012000 -0.038001 0.000055 -0.016822 -0.038016 0.000077 -0.016882 -0.037903 -0.000050 -0.012000 -0.037823 -0.000103 -0.016912 -0.037823 -0.000103 -0.016936 -0.037745 -0.000136 -0.016835 -0.037577 0.001309 -0.012000 -0.037601 0.001300 -0.012000 -0.037766 0.001185 -0.016780 -0.037730 0.001219 -0.016748 -0.037842 0.001081 -0.012000 0.019760 0.001340 -0.012000 -0.019761 0.001340 -0.017000 0.019760 0.001340 -0.017000 -0.019761 0.001340 -0.012000 0.019962 0.001298 -0.017000 0.019962 0.001298 -0.012000 -0.019962 0.001298 -0.017000 -0.019962 0.001298 -0.012000 0.020129 0.001178 -0.012000 0.020234 0.001001 -0.012000 0.020258 0.000796 -0.012000 -0.019762 -0.000160 -0.012000 -0.019965 -0.000117 -0.012000 -0.020132 0.000004 -0.012000 -0.020129 0.001178 -0.012000 -0.019962 0.001298 -0.012000 -0.020234 0.001001 -0.012000 -0.019761 0.001340 -0.012000 0.020132 0.000004 -0.012000 0.019964 -0.000117 -0.012000 0.020236 0.000182 -0.012000 0.019762 -0.000160 -0.012000 0.020260 0.000387 -0.012000 -0.019762 -0.000160 -0.012000 0.020258 0.000796 -0.012000 -0.020259 0.000796 -0.012000 -0.020260 0.000387 -0.012000 -0.020237 0.000182 -0.012000 0.019962 0.001298 -0.012000 0.019760 0.001340 -0.012000 0.037404 0.001340 -0.012000 0.025239 0.001340 -0.017000 0.025239 0.001340 -0.017000 0.036723 0.001340 -0.016916 0.037330 0.001340 -0.016894 0.037404 0.001340 -0.017000 0.025237 -0.000160 -0.012000 0.025237 -0.000160 -0.017000 0.037227 -0.000160 -0.012000 0.037590 -0.000160 -0.016970 0.037590 -0.000160 -0.012000 0.038059 0.000515 -0.012000 0.037872 0.001015 -0.016732 0.038059 0.000515 -0.016743 0.037872 0.001015 -0.012000 0.025035 -0.000117 -0.017000 0.025035 -0.000117 -0.012000 0.025038 0.001298 -0.017000 0.025038 0.001298 -0.016933 0.037756 -0.000132 -0.012000 0.037822 -0.000103 -0.016912 0.037823 -0.000103 -0.016883 0.037900 -0.000053 -0.012000 0.038001 0.000055 -0.016824 0.038013 0.000073 -0.012000 0.038087 0.000278 -0.016736 0.038085 0.000416 -0.016759 0.038087 0.000277 -0.016768 0.038080 0.000239 -0.012000 0.037765 0.001185 -0.016759 0.037796 0.001150 -0.016796 0.037685 0.001253 -0.012000 0.037600 0.001300 -0.016826 0.037600 0.001300 -0.016847 0.037542 0.001320 -0.017000 0.019762 -0.000160 -0.017000 -0.019762 -0.000160 -0.012000 0.019762 -0.000160 -0.012000 -0.019762 -0.000160 -0.012000 0.019964 -0.000117 -0.017000 0.019964 -0.000117 -0.012000 0.019762 -0.000160 -0.012000 -0.019965 -0.000117 -0.017000 -0.019965 -0.000117 -0.012000 0.038059 0.000515 -0.012000 0.038087 0.000278 -0.012000 0.038001 0.000055 -0.012000 0.024740 0.000387 -0.012000 0.024741 0.000796 -0.012000 0.024871 0.001178 -0.012000 0.025038 0.001298 -0.012000 0.025239 0.001340 -0.012000 0.025237 -0.000160 -0.012000 0.025035 -0.000117 -0.012000 0.024868 0.000004 -0.012000 0.037600 0.001300 -0.012000 0.037765 0.001185 -0.012000 0.037404 0.001340 -0.012000 0.037404 0.001340 -0.012000 0.037872 0.001015 -0.012000 0.024763 0.000182 -0.012000 0.025237 -0.000160 -0.012000 0.037590 -0.000160 -0.012000 0.038001 0.000055 -0.012000 0.037822 -0.000103 -0.012000 0.024766 0.001001 -0.017000 -0.033325 0.008090 -0.017000 0.033324 0.008090 -0.017000 -0.033726 0.007693 -0.017000 0.033725 0.007693 -0.017000 -0.034379 0.006840 -0.017000 -0.033857 0.007545 -0.017000 0.034378 0.006840 -0.017000 0.033857 0.007545 -0.017000 0.037644 -0.006910 -0.017000 -0.037644 -0.006910 -0.017000 0.037948 -0.006261 -0.017000 -0.037949 -0.006261 -0.017000 0.038135 -0.005660 -0.017000 -0.038135 -0.005660 -0.017000 0.038232 -0.003883 -0.017000 0.038260 -0.004160 -0.017000 -0.038233 -0.003883 -0.017000 -0.038260 -0.004160 -0.017000 -0.038023 -0.002910 -0.017000 0.038022 -0.002910 -0.017000 -0.038116 -0.003272 -0.017000 0.038115 -0.003272 -0.017000 -0.038217 -0.003772 -0.017000 0.038217 -0.003772 -0.017000 -0.035665 0.004090 -0.017000 -0.035263 0.005030 -0.017000 -0.023045 0.004090 -0.017000 -0.035125 0.005340 -0.017000 -0.035125 0.005340 -0.017000 -0.000000 0.004062 -0.017000 0.035125 0.005340 -0.017000 0.023044 0.004090 -0.017000 0.035262 0.005030 -0.017000 0.035665 0.004090 -0.017000 0.029927 0.009590 -0.017000 -0.029928 0.009590 -0.017000 -0.028443 0.009678 -0.017000 -0.009338 0.010373 -0.017000 -0.000000 0.010457 -0.017000 0.028443 0.009678 -0.017000 0.009337 0.010373 -0.017000 0.018690 0.010121 -0.017000 -0.018691 0.010121 -0.017000 -0.022500 0.001850 -0.017000 -0.023125 0.001682 -0.017000 -0.036264 0.002590 -0.017000 0.019962 0.001298 -0.017000 0.019760 0.001340 -0.017000 0.021417 0.001225 -0.017000 0.021875 -0.000483 -0.017000 0.019762 -0.000160 -0.017000 0.021417 -0.000025 -0.017000 0.019964 -0.000117 -0.017000 -0.023583 -0.000025 -0.017000 -0.023125 -0.000483 -0.017000 -0.037609 -0.001410 -0.017000 -0.022500 -0.000650 -0.017000 -0.024868 0.000004 -0.017000 -0.024764 0.000182 -0.017000 -0.023750 0.000600 -0.017000 -0.037318 -0.000447 -0.017000 -0.037227 -0.000160 -0.017000 -0.025238 -0.000160 -0.017000 0.025239 0.001340 -0.017000 0.025038 0.001298 -0.017000 0.023582 0.001225 -0.017000 0.023125 0.001682 -0.017000 0.036264 0.002590 -0.017000 0.022500 0.001850 -0.017000 0.021875 0.001682 -0.017000 -0.021875 0.001682 -0.017000 -0.025036 -0.000117 -0.017000 -0.025238 -0.000160 -0.017000 -0.024871 0.001178 -0.017000 -0.025038 0.001298 -0.017000 -0.023583 0.001225 -0.017000 -0.025240 0.001340 -0.017000 0.020132 0.000004 -0.017000 0.020236 0.000182 -0.017000 0.021250 0.000600 -0.017000 -0.019762 -0.000160 -0.017000 -0.022500 -0.000650 -0.017000 -0.019965 -0.000117 -0.017000 -0.021875 -0.000483 -0.017000 -0.020132 0.000004 -0.017000 0.025237 -0.000160 -0.017000 0.037227 -0.000160 -0.017000 0.037317 -0.000447 -0.017000 -0.020234 0.001001 -0.017000 -0.020259 0.000796 -0.017000 -0.021418 -0.000025 -0.017000 -0.020260 0.000387 -0.017000 -0.020237 0.000182 -0.017000 0.021417 0.001225 -0.017000 0.020129 0.001178 -0.017000 0.023750 0.000600 -0.017000 0.024740 0.000387 -0.017000 0.023582 -0.000025 -0.017000 0.024763 0.000182 -0.017000 0.023582 -0.000025 -0.017000 0.024868 0.000004 -0.017000 0.037609 -0.001410 -0.017000 0.025035 -0.000117 -0.017000 0.036368 0.002316 -0.017000 0.036723 0.001340 -0.017000 -0.036368 0.002316 -0.017000 -0.036723 0.001340 -0.017000 0.024871 0.001178 -0.017000 0.024766 0.001001 -0.017000 0.024741 0.000796 -0.017000 -0.024740 0.000387 -0.017000 -0.024742 0.000796 -0.017000 -0.024766 0.001001 -0.017000 0.022500 -0.000650 -0.017000 0.023125 -0.000483 -0.017000 -0.020129 0.001178 -0.017000 -0.021250 0.000600 -0.017000 -0.019962 0.001298 -0.017000 -0.021418 0.001225 -0.017000 -0.019761 0.001340 -0.017000 0.020260 0.000387 -0.017000 0.020258 0.000796 -0.017000 0.020234 0.001001 -0.017000 -0.020163 -0.009400 -0.017000 -0.025668 -0.009400 -0.017000 -0.036338 -0.008410 -0.017000 0.029904 -0.009400 -0.017000 0.025667 -0.009400 -0.017000 0.036338 -0.008410 -0.017000 0.020163 -0.009400 -0.017000 0.034339 -0.009308 -0.017000 0.033577 -0.009397 -0.017000 0.035073 -0.009101 -0.017000 0.032811 -0.009400 -0.017000 0.035178 -0.009062 -0.017000 0.035867 -0.008726 -0.017000 -0.035178 -0.009062 -0.017000 -0.032811 -0.009400 -0.017000 -0.035073 -0.009101 -0.017000 -0.033577 -0.009397 -0.017000 -0.034339 -0.009308 -0.017000 0.013425 -0.009400 -0.017000 -0.000000 -0.009400 -0.017000 -0.013425 -0.009400 -0.017000 -0.029904 -0.009400 -0.017000 -0.035867 -0.008726 -0.015000 -0.029904 -0.011400 0.004500 -0.030346 -0.011400 -0.015000 -0.032811 -0.011400 0.004500 -0.030810 -0.011400 -0.015000 -0.033394 -0.011400 0.004511 -0.031832 -0.011323 -0.014990 -0.033653 -0.011395 -0.014948 -0.034727 -0.011269 0.004515 -0.032163 -0.011260 -0.014905 -0.035762 -0.010977 0.004530 -0.033460 -0.010815 -0.014899 -0.035909 -0.010921 0.004545 -0.034617 -0.010091 -0.014856 -0.036881 -0.010444 -0.014892 -0.036069 -0.010855 0.004559 -0.035582 -0.009123 -0.014810 -0.037879 -0.009722 -0.014815 -0.037758 -0.009826 -0.014714 -0.039640 -0.007344 -0.014732 -0.039336 -0.007945 0.004571 -0.036304 -0.007960 -0.014737 -0.039258 -0.008077 -0.014772 -0.038635 -0.008952 -0.014703 -0.039796 -0.006968 0.004580 -0.036744 -0.006667 -0.014679 -0.040097 -0.005938 0.004586 -0.036882 -0.005309 -0.014658 -0.040240 -0.004711 -0.014676 -0.040127 -0.005784 -0.014642 -0.040023 -0.002789 -0.014646 -0.040164 -0.003481 0.004590 -0.036708 -0.003947 -0.014647 -0.040186 -0.003636 -0.014651 -0.040231 -0.004119 0.004590 -0.036640 -0.003674 0.004590 -0.035879 -0.000970 -0.014642 -0.039195 0.000141 0.004590 -0.034876 0.001943 -0.014641 -0.038210 0.003008 0.004589 -0.033700 0.004792 -0.014639 -0.037063 0.005822 -0.014638 -0.036638 0.006764 -0.014638 -0.036523 0.007011 0.004588 -0.032390 0.007500 -0.014663 -0.036058 0.007872 0.004588 -0.032348 0.007579 0.004572 -0.031145 0.009277 -0.014701 -0.035357 0.008835 0.004561 -0.030383 0.009999 -0.014807 -0.033395 0.010499 -0.014801 -0.033506 0.010430 0.004550 -0.029536 0.010612 -0.014756 -0.034340 0.009833 -0.014711 -0.035182 0.009033 -0.014829 -0.032966 0.010738 0.004538 -0.028618 0.011109 -0.014878 -0.032064 0.011136 0.004527 -0.027738 0.011451 -0.014887 -0.031896 0.011196 -0.014947 -0.030780 0.011488 0.004525 -0.027635 0.011484 -0.014976 -0.030231 0.011569 0.004512 -0.026620 0.011724 0.004508 -0.026289 0.011773 -0.014998 -0.029809 0.011605 0.004500 -0.025584 0.011830 -0.014998 -0.028552 0.011675 0.004500 -0.012796 0.012300 -0.014999 -0.018763 0.012119 0.004500 -0.007372 0.012405 -0.015000 -0.009374 0.012373 0.004500 -0.000000 0.012457 -0.015000 -0.000000 0.012457 -0.015000 -0.000000 -0.011400 0.004500 -0.000000 -0.011400 -0.015000 -0.013425 -0.011400 0.004500 -0.015405 -0.011400 -0.015000 -0.020163 -0.011400 0.004500 -0.019801 -0.011400 -0.015000 -0.025668 -0.011400 0.004500 -0.025832 -0.011400 0.004500 -0.028842 -0.011400 -0.015765 -0.032811 -0.011248 -0.016414 -0.032811 -0.010814 -0.016414 -0.029904 -0.010814 -0.016848 -0.032811 -0.010165 -0.016848 -0.029904 -0.010165 -0.015759 -0.033647 -0.011246 -0.016848 -0.032811 -0.010165 -0.016848 -0.029904 -0.010165 -0.016848 -0.025668 -0.010165 -0.016848 -0.020163 -0.010165 -0.016848 -0.013425 -0.010165 -0.016848 -0.000000 -0.010165 -0.016848 -0.025668 -0.010165 -0.016414 -0.025668 -0.010814 -0.016848 -0.020163 -0.010165 -0.016414 -0.020163 -0.010814 -0.016848 -0.013425 -0.010165 -0.016414 -0.013425 -0.010814 -0.016848 -0.000000 -0.010165 -0.016414 -0.000000 -0.010814 -0.015765 -0.029904 -0.011248 -0.015765 -0.025668 -0.011248 -0.015765 -0.020163 -0.011248 -0.015765 -0.013425 -0.011248 -0.015765 -0.000000 -0.011248 -0.016847 -0.033606 -0.010164 -0.016847 -0.033606 -0.010164 -0.016411 -0.033631 -0.010813 -0.016414 -0.032811 -0.010814 -0.016411 -0.033631 -0.010813 -0.015759 -0.033647 -0.011246 -0.015765 -0.032811 -0.011248 -0.015765 -0.029904 -0.011248 -0.015765 -0.025668 -0.011248 -0.015765 -0.020163 -0.011248 -0.015765 -0.013425 -0.011248 -0.015765 -0.000000 -0.011248 -0.016813 -0.037645 -0.008348 -0.016824 -0.037592 -0.008373 -0.016829 -0.037107 -0.008828 -0.016863 -0.038989 -0.004191 -0.016800 -0.039139 -0.004278 -0.016812 -0.039073 -0.003777 -0.016951 -0.038586 -0.005660 -0.016818 -0.038727 -0.006559 -0.016901 -0.038773 -0.005660 -0.016815 -0.038986 -0.005702 -0.016862 -0.038886 -0.005647 -0.016814 -0.039010 -0.005600 -0.016296 -0.039656 -0.005845 -0.016294 -0.039685 -0.005701 -0.016801 -0.039042 -0.005581 -0.016288 -0.039800 -0.004698 -0.016705 -0.039315 -0.004704 -0.016709 -0.039271 -0.005204 -0.016719 -0.039235 -0.005352 -0.016737 -0.039190 -0.005435 -0.016751 -0.039158 -0.005479 -0.016742 -0.039254 -0.004417 -0.016283 -0.039755 -0.003690 -0.016722 -0.039290 -0.004499 -0.016709 -0.039311 -0.004585 -0.016921 -0.038817 -0.004160 -0.016988 -0.036689 -0.008410 -0.016834 -0.036273 -0.009413 -0.016834 -0.036273 -0.009413 -0.016830 -0.037005 -0.008912 -0.016870 -0.037404 -0.008410 -0.016345 -0.037545 -0.009336 -0.016802 -0.037724 -0.008294 -0.016331 -0.038258 -0.008633 -0.016801 -0.037827 -0.008177 -0.016821 -0.038335 -0.007369 -0.016845 -0.038217 -0.007460 -0.016821 -0.038269 -0.007478 -0.016824 -0.038170 -0.007626 -0.016822 -0.038142 -0.007677 -0.016999 -0.037719 -0.006910 -0.016988 -0.037881 -0.006937 -0.016963 -0.038024 -0.007014 -0.016942 -0.038096 -0.007081 -0.016926 -0.038135 -0.007132 -0.016884 -0.038204 -0.007286 -0.016811 -0.038937 -0.003064 -0.015510 -0.039991 -0.002798 -0.016281 -0.039604 -0.002895 -0.016283 -0.039735 -0.003545 -0.015510 -0.039991 -0.002798 -0.015512 -0.040129 -0.003486 -0.016812 -0.039055 -0.003646 -0.016283 -0.039735 -0.003545 -0.016812 -0.039055 -0.003646 -0.016281 -0.039604 -0.002895 -0.016811 -0.038937 -0.003064 -0.015513 -0.040150 -0.003640 -0.015522 -0.040200 -0.004710 -0.015534 -0.040081 -0.005776 -0.015537 -0.040050 -0.005929 -0.015554 -0.039743 -0.006948 -0.016318 -0.038849 -0.007830 -0.016316 -0.038923 -0.007708 -0.016305 -0.039364 -0.006803 -0.015576 -0.039278 -0.007912 -0.015579 -0.039200 -0.008042 -0.015604 -0.038574 -0.008901 -0.015631 -0.037818 -0.009652 -0.015636 -0.037697 -0.009752 -0.015665 -0.036825 -0.010350 -0.016838 -0.035467 -0.009796 -0.016839 -0.035345 -0.009840 -0.016843 -0.034490 -0.010070 -0.016347 -0.037431 -0.009429 -0.016362 -0.036611 -0.009987 -0.016838 -0.035467 -0.009796 -0.016378 -0.035708 -0.010410 -0.016839 -0.035345 -0.009840 -0.016380 -0.035572 -0.010460 -0.016843 -0.034490 -0.010070 -0.016396 -0.034617 -0.010713 -0.015512 -0.040129 -0.003486 -0.015513 -0.040150 -0.003640 -0.015522 -0.040200 -0.004710 -0.015534 -0.040081 -0.005776 -0.016296 -0.039656 -0.005845 -0.015537 -0.040050 -0.005929 -0.016305 -0.039364 -0.006803 -0.015554 -0.039743 -0.006948 -0.016316 -0.038923 -0.007708 -0.015576 -0.039278 -0.007912 -0.016318 -0.038849 -0.007830 -0.015579 -0.039200 -0.008042 -0.016331 -0.038258 -0.008633 -0.015604 -0.038574 -0.008901 -0.016345 -0.037545 -0.009336 -0.015631 -0.037818 -0.009652 -0.016347 -0.037431 -0.009429 -0.015636 -0.037697 -0.009752 -0.016362 -0.036611 -0.009987 -0.015665 -0.036825 -0.010350 -0.016378 -0.035708 -0.010410 -0.015695 -0.035864 -0.010807 -0.016380 -0.035572 -0.010460 -0.015699 -0.035719 -0.010860 -0.016396 -0.034617 -0.010713 -0.015729 -0.034700 -0.011134 -0.015695 -0.035864 -0.010807 -0.015699 -0.035719 -0.010860 -0.015729 -0.034700 -0.011134 -0.016889 -0.036376 0.004090 -0.016831 -0.036549 0.004059 -0.016811 -0.036039 0.005371 -0.016943 -0.038514 -0.002910 -0.016848 -0.038792 -0.002829 -0.016871 -0.038740 -0.002859 -0.016913 -0.038622 -0.002899 -0.016941 -0.038520 -0.002910 -0.016689 -0.038776 -0.001591 -0.016671 -0.038821 -0.001656 -0.016281 -0.038783 0.000012 -0.016660 -0.038875 -0.001785 -0.016665 -0.039004 -0.002285 -0.016681 -0.039019 -0.002434 -0.016699 -0.039009 -0.002512 -0.016720 -0.038991 -0.002577 -0.016777 -0.038918 -0.002711 -0.016880 -0.038319 -0.001410 -0.016854 -0.038391 -0.001410 -0.016811 -0.038126 -0.000193 -0.016780 -0.038568 -0.001442 -0.016710 -0.038724 -0.001537 -0.016916 -0.038206 -0.001410 -0.016882 -0.037903 -0.000050 -0.016912 -0.037823 -0.000103 -0.016936 -0.037745 -0.000136 -0.016970 -0.037591 -0.000160 -0.016780 -0.037730 0.001219 -0.016281 -0.037806 0.002856 -0.016835 -0.037577 0.001309 -0.016811 -0.037162 0.002614 -0.016894 -0.037404 0.001340 -0.016748 -0.037842 0.001081 -0.016743 -0.037872 0.001015 -0.016732 -0.038059 0.000515 -0.016742 -0.038090 0.000366 -0.016759 -0.038087 0.000277 -0.016774 -0.038076 0.000218 -0.016822 -0.038016 0.000077 -0.016916 -0.037331 0.001340 -0.016955 -0.036706 0.002611 -0.016932 -0.036796 0.002647 -0.016909 -0.036865 0.002691 -0.016853 -0.036983 0.002818 -0.016980 -0.036563 0.002590 -0.016280 -0.036669 0.005648 -0.016779 -0.036703 0.003969 -0.016752 -0.036813 0.003833 -0.016750 -0.036845 0.003765 -0.016755 -0.037032 0.003265 -0.016769 -0.037063 0.003113 -0.016787 -0.037059 0.003027 -0.016804 -0.037047 0.002962 -0.016916 -0.036285 0.004090 -0.016835 -0.035893 0.005571 -0.016880 -0.035811 0.005473 -0.016919 -0.035712 0.005402 -0.016936 -0.035659 0.005377 -0.016975 -0.035471 0.005340 -0.016719 -0.035924 0.006051 -0.016732 -0.035967 0.005905 -0.016753 -0.035970 0.005807 -0.016767 -0.035964 0.005757 -0.016819 -0.035915 0.005610 -0.016721 -0.035777 0.006366 -0.016280 -0.036248 0.006584 -0.015507 -0.036609 0.006751 -0.015507 -0.036609 0.006751 -0.015507 -0.037033 0.005809 -0.015507 -0.037033 0.005809 -0.015509 -0.038179 0.002996 -0.015510 -0.039163 0.000131 -0.015509 -0.038179 0.002996 -0.015510 -0.039163 0.000131 -0.015764 -0.028544 0.011523 -0.017000 -0.030010 0.009590 -0.016845 -0.030095 0.010348 -0.015765 -0.009371 0.012220 -0.015765 -0.000000 0.012305 -0.015765 -0.000000 0.012305 -0.016414 -0.009363 0.011787 -0.016414 -0.000000 0.011871 -0.016414 -0.000000 0.011871 -0.016848 -0.009351 0.011138 -0.016848 -0.000000 0.011222 -0.016848 -0.009351 0.011138 -0.016848 -0.000000 0.011222 -0.015765 -0.018757 0.011967 -0.016414 -0.018741 0.011534 -0.016848 -0.018718 0.010886 -0.016848 -0.018718 0.010886 -0.016414 -0.028520 0.011091 -0.016848 -0.028485 0.010443 -0.015749 -0.030214 0.011425 -0.016406 -0.030167 0.010995 -0.016857 -0.035238 0.006840 -0.016796 -0.035410 0.006809 -0.016814 -0.035103 0.007272 -0.016839 -0.032558 0.009590 -0.016831 -0.032424 0.009681 -0.016870 -0.032389 0.009590 -0.016910 -0.033945 0.008319 -0.016819 -0.034338 0.008256 -0.016851 -0.034013 0.008482 -0.016796 -0.034022 0.008645 -0.016957 -0.033823 0.008188 -0.016973 -0.033748 0.008143 -0.016984 -0.033669 0.008111 -0.016995 -0.033525 0.008090 -0.016325 -0.034033 0.009455 -0.016730 -0.033894 0.008927 -0.016308 -0.034840 0.008717 -0.016308 -0.034840 0.008717 -0.016753 -0.033981 0.008794 -0.016771 -0.034006 0.008726 -0.016344 -0.033135 0.010060 -0.016766 -0.032866 0.009590 -0.016705 -0.033069 0.009590 -0.016665 -0.033219 0.009567 -0.016652 -0.033358 0.009498 -0.016660 -0.033439 0.009427 -0.016915 -0.032091 0.009590 -0.016837 -0.031509 0.010054 -0.016987 -0.031107 0.009590 -0.016843 -0.030560 0.010286 -0.016745 -0.035564 0.006719 -0.016722 -0.035674 0.006585 -0.016721 -0.035691 0.006551 -0.016862 -0.035225 0.006840 -0.016395 -0.030678 0.010930 -0.015686 -0.031858 0.011084 -0.015728 -0.030755 0.011353 -0.016353 -0.032729 0.010276 -0.016374 -0.031722 0.010681 -0.015629 -0.033348 0.010419 -0.015646 -0.032921 0.010649 -0.016819 -0.034338 0.008256 -0.016818 -0.034490 0.008089 -0.017000 -0.034379 0.006840 -0.016920 -0.035028 0.006840 -0.016290 -0.035684 0.007636 -0.016304 -0.035007 0.008534 -0.016818 -0.034490 0.008089 -0.016374 -0.031722 0.010681 -0.016353 -0.032729 0.010276 -0.015629 -0.033348 0.010419 -0.015593 -0.034293 0.009775 -0.015560 -0.035139 0.008993 -0.016304 -0.035007 0.008534 -0.015553 -0.035315 0.008798 -0.016290 -0.035684 0.007636 -0.015525 -0.036023 0.007850 -0.015525 -0.036023 0.007850 -0.015553 -0.035315 0.008798 -0.015560 -0.035139 0.008993 -0.015593 -0.034293 0.009775 0.004500 0.028842 -0.011400 -0.015000 0.029904 -0.011400 -0.015000 0.032811 -0.011400 -0.014646 0.040164 -0.003481 -0.014642 0.040023 -0.002789 0.004590 0.036708 -0.003947 -0.014642 0.039195 0.000141 0.004590 0.035879 -0.000970 0.004590 0.034876 0.001944 -0.014641 0.038210 0.003008 0.004589 0.033858 0.004436 0.004588 0.032347 0.007582 0.004589 0.033699 0.004794 -0.014638 0.036638 0.006764 -0.014639 0.037063 0.005822 -0.014638 0.036523 0.007011 -0.014663 0.036058 0.007872 0.004572 0.031144 0.009279 -0.014701 0.035356 0.008835 0.004561 0.030381 0.010000 -0.014711 0.035182 0.009033 -0.014756 0.034340 0.009833 0.004550 0.029535 0.010613 -0.014801 0.033506 0.010430 0.004545 0.029128 0.010853 -0.014807 0.033395 0.010499 -0.014829 0.032966 0.010738 0.004538 0.028617 0.011110 -0.014878 0.032064 0.011136 0.004525 0.027634 0.011484 -0.014887 0.031895 0.011196 -0.014947 0.030779 0.011488 0.004512 0.026620 0.011724 -0.014976 0.030230 0.011569 0.004508 0.026289 0.011773 -0.014998 0.029808 0.011605 0.004500 0.025584 0.011830 -0.014998 0.028552 0.011675 -0.014999 0.018762 0.012119 0.004500 0.012796 0.012300 -0.015000 0.009373 0.012373 -0.014679 0.040096 -0.005938 -0.014676 0.040127 -0.005784 0.004580 0.036744 -0.006667 -0.014658 0.040239 -0.004711 0.004586 0.036882 -0.005310 -0.014651 0.040230 -0.004119 -0.014647 0.040185 -0.003636 -0.014703 0.039795 -0.006968 0.004571 0.036304 -0.007960 -0.014714 0.039640 -0.007344 0.004559 0.035581 -0.009124 -0.014737 0.039258 -0.008077 -0.014732 0.039335 -0.007945 0.004545 0.034616 -0.010091 -0.014810 0.037879 -0.009722 -0.014772 0.038635 -0.008952 -0.014899 0.035909 -0.010921 -0.014892 0.036068 -0.010855 0.004530 0.033459 -0.010815 -0.014856 0.036880 -0.010444 -0.014815 0.037757 -0.009826 -0.014905 0.035762 -0.010977 0.004515 0.032163 -0.011260 -0.014948 0.034726 -0.011269 0.004511 0.031831 -0.011323 -0.014990 0.033652 -0.011395 -0.005943 0.004653 -0.011400 -0.005781 0.004399 -0.011400 -0.005473 0.004074 -0.011400 -0.005166 0.003750 -0.011400 -0.004901 0.003565 -0.011400 -0.004585 0.003500 -0.011400 -0.004092 0.003500 -0.011400 -0.003600 0.003500 -0.011400 -0.003293 0.003561 -0.011400 -0.003034 0.003734 -0.011400 -0.002861 0.003994 -0.011400 -0.002800 0.004300 -0.011400 -0.002800 0.007600 -0.011400 0.004500 0.015405 -0.011400 -0.002800 0.010900 -0.011400 -0.002861 0.011206 -0.011400 0.004500 0.019800 -0.011400 -0.004092 0.011700 -0.011400 -0.004585 0.011700 -0.011400 -0.015000 0.025667 -0.011400 -0.003034 0.011466 -0.011400 -0.003294 0.011639 -0.011400 -0.003600 0.011700 -0.011400 -0.004901 0.011635 -0.011400 -0.005166 0.011450 -0.011400 -0.015000 0.020163 -0.011400 -0.005943 0.010547 -0.011400 -0.015000 0.013425 -0.011400 -0.005781 0.010801 -0.011400 -0.005473 0.011125 -0.011400 -0.006000 0.010250 -0.011400 -0.006000 0.007600 -0.011400 -0.006000 0.004949 -0.011400 0.004500 0.025831 -0.011400 -0.015000 0.033394 -0.011400 0.004500 0.030810 -0.011400 0.004500 0.030345 -0.011400 -0.015759 0.033647 -0.011246 -0.015765 0.032811 -0.011248 -0.016411 0.033630 -0.010813 -0.016847 0.033606 -0.010164 -0.016414 0.032811 -0.010814 -0.016848 0.032811 -0.010165 -0.015765 0.032811 -0.011248 -0.015765 0.029904 -0.011248 -0.015765 0.025667 -0.011248 -0.015765 0.020163 -0.011248 -0.015765 0.013425 -0.011248 -0.015765 0.029904 -0.011248 -0.016414 0.029904 -0.010814 -0.015765 0.025667 -0.011248 -0.016414 0.025667 -0.010814 -0.015765 0.020163 -0.011248 -0.016414 0.020163 -0.010814 -0.015765 0.013425 -0.011248 -0.016414 0.013425 -0.010814 -0.016848 0.029904 -0.010165 -0.016848 0.025667 -0.010165 -0.016848 0.020163 -0.010165 -0.016848 0.013425 -0.010165 -0.016848 0.029904 -0.010165 -0.016848 0.025667 -0.010165 -0.016848 0.020163 -0.010165 -0.016848 0.013425 -0.010165 -0.016778 0.039185 -0.004322 -0.016791 0.039157 -0.004294 -0.016812 0.039072 -0.003777 -0.016870 0.037404 -0.008410 -0.016829 0.037568 -0.008382 -0.016829 0.037106 -0.008828 -0.016945 0.038086 -0.007071 -0.016818 0.038727 -0.006559 -0.016903 0.038179 -0.007215 -0.016821 0.038334 -0.007369 -0.016978 0.037947 -0.006965 -0.016996 0.037786 -0.006914 -0.016999 0.037719 -0.006910 -0.016822 0.038142 -0.007677 -0.016834 0.038204 -0.007530 -0.016821 0.038268 -0.007478 -0.016863 0.038218 -0.007373 -0.016889 0.038198 -0.007267 -0.016803 0.037716 -0.008300 -0.016801 0.037826 -0.008177 -0.016331 0.038257 -0.008633 -0.016331 0.038257 -0.008633 -0.016318 0.038849 -0.007830 -0.016813 0.037645 -0.008348 -0.016345 0.037545 -0.009336 -0.016852 0.039017 -0.004202 -0.016812 0.039072 -0.003777 -0.016913 0.038843 -0.004161 -0.016921 0.038816 -0.004160 -0.016288 0.039799 -0.004698 -0.016712 0.039305 -0.004552 -0.016283 0.039754 -0.003690 -0.016283 0.039754 -0.003690 -0.016743 0.039252 -0.004414 -0.016737 0.039190 -0.005435 -0.016728 0.039213 -0.005397 -0.016294 0.039685 -0.005701 -0.016294 0.039685 -0.005701 -0.016709 0.039271 -0.005204 -0.016705 0.039314 -0.004704 -0.016951 0.038586 -0.005660 -0.016901 0.038773 -0.005660 -0.016901 0.038773 -0.005660 -0.016815 0.038986 -0.005702 -0.016839 0.038947 -0.005629 -0.016814 0.039010 -0.005600 -0.015510 0.039990 -0.002798 -0.016281 0.039604 -0.002895 -0.015510 0.039990 -0.002798 -0.015512 0.040129 -0.003486 -0.016811 0.038937 -0.003064 -0.016812 0.039054 -0.003646 -0.016812 0.039054 -0.003646 -0.016283 0.039734 -0.003545 -0.016281 0.039604 -0.002895 -0.015512 0.040129 -0.003486 -0.015513 0.040150 -0.003640 -0.015522 0.040199 -0.004710 -0.015534 0.040081 -0.005776 -0.015537 0.040050 -0.005929 -0.015554 0.039743 -0.006948 -0.015576 0.039277 -0.007912 -0.016318 0.038849 -0.007830 -0.016316 0.038922 -0.007708 -0.016305 0.039364 -0.006803 -0.016296 0.039655 -0.005845 -0.016777 0.039099 -0.005539 -0.015579 0.039199 -0.008042 -0.015604 0.038573 -0.008901 -0.015631 0.037818 -0.009652 -0.015636 0.037697 -0.009752 -0.015665 0.036825 -0.010350 -0.015695 0.035864 -0.010807 -0.015695 0.035864 -0.010807 -0.015699 0.035719 -0.010860 -0.015729 0.034700 -0.011134 -0.016283 0.039734 -0.003545 -0.016283 0.039734 -0.003545 -0.015513 0.040150 -0.003640 -0.015522 0.040199 -0.004710 -0.015534 0.040081 -0.005776 -0.015537 0.040050 -0.005929 -0.016296 0.039655 -0.005845 -0.015554 0.039743 -0.006948 -0.016305 0.039364 -0.006803 -0.015576 0.039277 -0.007912 -0.016316 0.038922 -0.007708 -0.015579 0.039199 -0.008042 -0.016318 0.038849 -0.007830 -0.015604 0.038573 -0.008901 -0.016331 0.038257 -0.008633 -0.015631 0.037818 -0.009652 -0.016345 0.037545 -0.009336 -0.015636 0.037697 -0.009752 -0.016347 0.037431 -0.009429 -0.016362 0.036611 -0.009987 -0.016378 0.035708 -0.010410 -0.016380 0.035572 -0.010460 -0.016396 0.034617 -0.010713 -0.016347 0.037431 -0.009429 -0.016830 0.037005 -0.008912 -0.016362 0.036611 -0.009987 -0.016834 0.036273 -0.009413 -0.016378 0.035708 -0.010410 -0.016838 0.035466 -0.009796 -0.016839 0.035344 -0.009840 -0.016843 0.034490 -0.010070 -0.016843 0.034490 -0.010070 -0.016988 0.036688 -0.008410 -0.016988 0.036688 -0.008410 -0.016834 0.036273 -0.009413 -0.016838 0.035466 -0.009796 -0.016839 0.035344 -0.009840 -0.016775 0.035959 0.005731 -0.016280 0.036669 0.005648 -0.016836 0.035890 0.005568 -0.016811 0.036039 0.005371 -0.016895 0.035778 0.005445 -0.016753 0.035970 0.005807 -0.016731 0.035966 0.005912 -0.016280 0.036247 0.006584 -0.016719 0.035924 0.006051 -0.016721 0.035777 0.006366 -0.016975 0.035471 0.005340 -0.016942 0.035635 0.005368 -0.016920 0.035712 0.005402 -0.016822 0.036573 0.004050 -0.016841 0.036519 0.004069 -0.016916 0.036284 0.004090 -0.016889 0.036376 0.004090 -0.016762 0.037058 0.003159 -0.016755 0.037031 0.003265 -0.016281 0.037805 0.002856 -0.016750 0.036845 0.003765 -0.016760 0.036769 0.003899 -0.016793 0.036660 0.004002 -0.016906 0.036870 0.002696 -0.016853 0.036983 0.002819 -0.016811 0.037161 0.002614 -0.016798 0.037051 0.002981 -0.016787 0.037059 0.003027 -0.016980 0.036562 0.002590 -0.016950 0.036727 0.002618 -0.016932 0.036795 0.002647 -0.016826 0.037600 0.001300 -0.016847 0.037542 0.001320 -0.016916 0.037330 0.001340 -0.016894 0.037404 0.001340 -0.016759 0.038087 0.000277 -0.016736 0.038085 0.000416 -0.016281 0.038783 0.000012 -0.016732 0.038059 0.000515 -0.016743 0.037872 0.001015 -0.016759 0.037796 0.001150 -0.016796 0.037685 0.001253 -0.016912 0.037823 -0.000103 -0.016883 0.037900 -0.000053 -0.016811 0.038126 -0.000193 -0.016824 0.038013 0.000073 -0.016768 0.038080 0.000239 -0.016970 0.037590 -0.000160 -0.016933 0.037756 -0.000132 -0.016916 0.038206 -0.001410 -0.016880 0.038319 -0.001410 -0.016854 0.038390 -0.001410 -0.016756 0.038948 -0.002668 -0.016694 0.039012 -0.002494 -0.016668 0.039015 -0.002347 -0.016665 0.039003 -0.002285 -0.016660 0.038875 -0.001785 -0.016673 0.038817 -0.001648 -0.016689 0.038775 -0.001591 -0.016710 0.038725 -0.001538 -0.016766 0.038599 -0.001455 -0.016836 0.038434 -0.001412 -0.016891 0.038688 -0.002881 -0.016941 0.038519 -0.002910 -0.016943 0.038513 -0.002910 -0.016871 0.038740 -0.002859 -0.016828 0.038833 -0.002799 -0.016780 0.038914 -0.002716 -0.015507 0.036608 0.006751 -0.015507 0.036608 0.006751 -0.015507 0.037033 0.005809 -0.015507 0.037033 0.005809 -0.015509 0.038178 0.002996 -0.015510 0.039163 0.000131 -0.015509 0.038178 0.002996 -0.015510 0.039163 0.000131 -0.015749 0.030214 0.011425 -0.015765 0.009370 0.012220 -0.016414 0.009363 0.011787 -0.016414 0.009363 0.011787 -0.015765 0.018757 0.011967 -0.016414 0.018741 0.011534 -0.015764 0.028544 0.011523 -0.016414 0.028520 0.011091 -0.016848 0.009351 0.011138 -0.016414 0.018741 0.011534 -0.016848 0.018718 0.010886 -0.016414 0.028520 0.011091 -0.016848 0.028484 0.010443 -0.016848 0.028484 0.010443 -0.016848 0.018718 0.010886 -0.016848 0.009351 0.011138 -0.017000 0.030010 0.009590 -0.016845 0.030094 0.010348 -0.016845 0.030094 0.010348 -0.016406 0.030166 0.010995 -0.016406 0.030166 0.010995 -0.015749 0.030214 0.011425 -0.015764 0.028544 0.011523 -0.015765 0.018757 0.011967 -0.015765 0.009370 0.012220 -0.016858 0.034008 0.008462 -0.016799 0.034022 0.008635 -0.016819 0.034338 0.008256 -0.016870 0.032388 0.009590 -0.016831 0.032424 0.009681 -0.016839 0.032558 0.009590 -0.016837 0.031509 0.010054 -0.016915 0.032091 0.009590 -0.016987 0.031107 0.009590 -0.016843 0.030559 0.010286 -0.016843 0.030559 0.010286 -0.016325 0.034033 0.009455 -0.016730 0.033894 0.008927 -0.016660 0.033439 0.009427 -0.016344 0.033134 0.010060 -0.016652 0.033327 0.009518 -0.016670 0.033195 0.009574 -0.016353 0.032729 0.010276 -0.016766 0.032866 0.009590 -0.016353 0.032729 0.010276 -0.016705 0.033069 0.009590 -0.016750 0.033974 0.008809 -0.016308 0.034839 0.008717 -0.016771 0.034006 0.008726 -0.016913 0.033940 0.008312 -0.016995 0.033524 0.008090 -0.016982 0.033687 0.008117 -0.016973 0.033748 0.008143 -0.016955 0.033830 0.008194 -0.016769 0.035488 0.006773 -0.016820 0.035342 0.006829 -0.016814 0.035102 0.007272 -0.016857 0.035237 0.006840 -0.016862 0.035225 0.006840 -0.016920 0.035028 0.006840 -0.016814 0.035102 0.007272 -0.016818 0.034489 0.008089 -0.016721 0.035691 0.006551 -0.016290 0.035683 0.007636 -0.016735 0.035605 0.006679 -0.015728 0.030755 0.011353 -0.015728 0.030755 0.011353 -0.015686 0.031857 0.011084 -0.015646 0.032920 0.010649 -0.016374 0.031721 0.010681 -0.016395 0.030677 0.010930 -0.015629 0.033347 0.010419 -0.015593 0.034293 0.009775 -0.016818 0.034489 0.008089 -0.016818 0.034489 0.008089 -0.016304 0.035006 0.008534 -0.015525 0.036023 0.007850 -0.015553 0.035314 0.008798 -0.015560 0.035139 0.008993 -0.016395 0.030677 0.010930 -0.015686 0.031857 0.011084 -0.016374 0.031721 0.010681 -0.015646 0.032920 0.010649 -0.015629 0.033347 0.010419 -0.015593 0.034293 0.009775 -0.015560 0.035139 0.008993 -0.015553 0.035314 0.008798 -0.016304 0.035006 0.008534 -0.015525 0.036023 0.007850 0.004600 -0.030000 -0.002900 0.004600 -0.030000 -0.003900 -0.003650 -0.030000 -0.002900 -0.008150 -0.030000 -0.003900 -0.003650 -0.030000 0.002100 -0.008150 -0.030000 0.005648 0.004600 -0.030000 0.002100 0.004600 -0.030000 0.005648 -0.008150 0.030000 -0.008900 -0.008150 0.030000 -0.003900 -0.008150 -0.030000 -0.008900 -0.008150 -0.030000 -0.003900 -0.008150 0.031250 -0.008565 -0.008150 0.032165 -0.007650 -0.008150 0.031250 -0.004235 -0.008150 0.032165 -0.005150 -0.008150 0.032500 -0.006400 -0.008150 -0.031250 -0.004235 -0.008150 -0.032165 -0.005150 -0.008150 0.030000 0.005648 -0.008150 0.026201 0.008900 -0.008150 0.028187 0.009773 -0.008150 0.027095 0.009563 -0.008150 -0.031250 -0.008565 -0.008150 -0.032165 -0.007650 -0.008150 -0.032500 -0.006400 -0.008150 0.030108 0.008764 -0.008150 0.029263 0.009488 -0.008150 0.030556 0.007746 -0.008150 0.030517 0.006634 -0.008150 -0.026201 0.008900 -0.008150 -0.030000 0.005648 -0.008150 -0.027095 0.009563 -0.008150 -0.028188 0.009773 -0.008150 -0.030517 0.006634 -0.008150 -0.030556 0.007746 -0.008150 -0.030108 0.008764 -0.008150 -0.029263 0.009488 -0.008150 -0.026201 0.008900 -0.008150 0.026201 0.008900 0.004600 -0.026201 0.008900 0.004600 0.026201 0.008900 0.004600 0.011900 -0.008900 0.004600 0.030000 -0.008900 -0.005700 0.011900 -0.008900 -0.008150 0.030000 -0.008900 -0.005700 0.003300 -0.008900 -0.008150 -0.030000 -0.008900 0.004600 0.003300 -0.008900 0.004600 -0.030000 -0.008900 -0.008150 -0.031250 -0.008565 0.004600 -0.031250 -0.008565 -0.008150 0.031250 -0.008565 0.004600 0.031250 -0.008565 -0.008150 -0.030000 -0.003900 0.004600 -0.030000 -0.003900 -0.008150 -0.031250 -0.004235 0.004600 -0.031250 -0.004235 -0.008150 -0.031250 -0.004235 0.004600 -0.031250 -0.004235 -0.008150 -0.032165 -0.005150 0.004600 -0.032165 -0.005150 -0.008150 -0.032165 -0.005150 0.004600 -0.032165 -0.005150 -0.008150 -0.032500 -0.006400 0.004600 -0.032500 -0.006400 -0.008150 -0.032500 -0.006400 0.004600 -0.032500 -0.006400 -0.008150 -0.032165 -0.007650 0.004600 -0.032165 -0.007650 -0.008150 -0.032165 -0.007650 0.004600 -0.032165 -0.007650 -0.008150 -0.031250 -0.008565 0.004600 -0.031250 -0.008565 -0.008150 -0.026201 0.008900 0.004600 -0.026201 0.008900 -0.008150 -0.027095 0.009563 0.004600 -0.027095 0.009563 -0.008150 -0.027095 0.009563 0.004600 -0.027095 0.009563 -0.008150 -0.028188 0.009773 0.004600 -0.028188 0.009773 -0.008150 -0.028188 0.009773 0.004600 -0.028188 0.009773 -0.008150 -0.029263 0.009488 0.004600 -0.029263 0.009488 -0.008150 -0.029263 0.009488 0.004600 -0.029716 0.009182 -0.008150 -0.030108 0.008764 0.004600 -0.030108 0.008764 -0.008150 -0.030556 0.007746 0.004600 -0.030556 0.007746 -0.008150 -0.030556 0.007746 0.004600 -0.030556 0.007746 -0.008150 -0.030517 0.006634 0.004600 -0.030517 0.006634 -0.008150 -0.030517 0.006634 0.004600 -0.030517 0.006634 -0.008150 -0.030000 0.005648 0.004600 -0.030000 0.005648 -0.003650 -0.031600 0.002100 0.004600 -0.031600 0.002100 -0.003650 -0.032850 0.001765 0.004600 -0.032850 0.001765 0.004600 -0.030000 0.002100 0.004600 -0.031600 0.002100 -0.003650 -0.030000 0.002100 -0.003650 -0.032850 0.001765 0.004600 -0.032850 0.001765 -0.003650 -0.033765 0.000850 0.004600 -0.033765 0.000850 -0.003650 -0.033765 0.000850 0.004600 -0.033765 0.000850 -0.003650 -0.034100 -0.000400 0.004600 -0.034100 -0.000400 -0.003650 -0.034100 -0.000400 0.004600 -0.034100 -0.000400 -0.003650 -0.033765 -0.001650 0.004600 -0.033765 -0.001650 -0.003650 -0.033765 -0.001650 0.004600 -0.033765 -0.001650 -0.003650 -0.032850 -0.002565 0.004600 -0.032850 -0.002565 -0.003650 -0.032850 -0.002565 0.004600 -0.032850 -0.002565 -0.003650 -0.031600 -0.002900 0.004600 -0.031600 -0.002900 0.004600 -0.030000 -0.002900 -0.003650 -0.030000 -0.002900 -0.003650 -0.030712 0.000112 -0.003650 -0.030575 -0.000400 -0.003650 -0.030000 0.002100 -0.003650 -0.030000 -0.002900 -0.003650 -0.030712 -0.000913 -0.003650 -0.031088 -0.001288 -0.003650 -0.031600 -0.002900 -0.003650 -0.031600 -0.001425 -0.003650 -0.032850 -0.002565 -0.003650 -0.032113 -0.001288 -0.003650 -0.033765 -0.001650 -0.003650 -0.032488 -0.000913 -0.003650 -0.034100 -0.000400 -0.003650 -0.032625 -0.000400 -0.003650 -0.033765 0.000850 -0.003650 -0.032488 0.000112 -0.003650 -0.032850 0.001765 -0.003650 -0.032113 0.000488 -0.003650 -0.031600 0.002100 -0.003650 -0.031600 0.000625 -0.003650 -0.031088 0.000488 -0.016730 -0.033894 0.008927 -0.016660 -0.033439 0.009427 -0.012000 -0.033894 0.008927 -0.012000 -0.033439 0.009427 -0.017000 -0.030010 0.009590 -0.017000 -0.029928 0.009590 -0.012000 -0.033069 0.009590 -0.012000 0.033069 0.009590 -0.017000 0.029927 0.009590 -0.017000 0.030010 0.009590 -0.016705 -0.033069 0.009590 -0.016766 -0.032866 0.009590 -0.012000 -0.033069 0.009590 -0.016839 -0.032558 0.009590 -0.016870 -0.032389 0.009590 -0.016915 -0.032091 0.009590 -0.016987 -0.031107 0.009590 -0.016987 0.031107 0.009590 -0.016915 0.032091 0.009590 -0.016870 0.032388 0.009590 -0.016839 0.032558 0.009590 -0.016766 0.032866 0.009590 -0.016705 0.033069 0.009590 -0.016995 -0.033525 0.008090 -0.012000 -0.033525 0.008090 -0.017000 -0.033325 0.008090 -0.012000 0.033524 0.008090 -0.017000 0.033324 0.008090 -0.016995 0.033524 0.008090 -0.012000 0.033894 0.008927 -0.012000 0.033439 0.009427 -0.016730 0.033894 0.008927 -0.016660 0.033439 0.009427 -0.016753 -0.033981 0.008794 -0.012000 -0.034006 0.008727 -0.016771 -0.034006 0.008726 -0.016796 -0.034022 0.008645 -0.012000 -0.034016 0.008498 -0.016851 -0.034013 0.008482 -0.012000 -0.033924 0.008289 -0.016910 -0.033945 0.008319 -0.016957 -0.033823 0.008188 -0.012000 -0.033748 0.008142 -0.016973 -0.033748 0.008143 -0.016984 -0.033669 0.008111 -0.012000 -0.033271 0.009547 -0.016665 -0.033219 0.009567 -0.016652 -0.033358 0.009498 -0.016982 0.033687 0.008117 -0.012000 0.033747 0.008142 -0.016973 0.033748 0.008143 -0.016955 0.033830 0.008194 -0.012000 0.033923 0.008289 -0.016913 0.033940 0.008312 -0.012000 0.033923 0.008289 -0.012000 0.034016 0.008498 -0.016858 0.034008 0.008462 -0.012000 0.034005 0.008727 -0.016750 0.033974 0.008809 -0.016771 0.034006 0.008726 -0.016799 0.034022 0.008635 -0.012000 0.033271 0.009547 -0.016652 0.033327 0.009518 -0.016670 0.033195 0.009574 -0.012000 -0.033439 0.009427 -0.012000 -0.033271 0.009547 -0.012000 -0.033069 0.009590 -0.012000 -0.033894 0.008927 -0.012000 -0.033525 0.008090 -0.012000 0.033524 0.008090 -0.012000 0.033069 0.009590 -0.012000 0.033271 0.009547 -0.012000 0.033439 0.009427 -0.012000 0.033894 0.008927 -0.012000 -0.034016 0.008498 -0.012000 -0.034006 0.008727 -0.012000 -0.033924 0.008289 -0.012000 -0.033748 0.008142 -0.012000 0.033923 0.008289 -0.012000 0.033747 0.008142 -0.012000 0.034016 0.008498 -0.012000 0.034005 0.008727 -0.016721 -0.035691 0.006551 -0.012000 -0.035691 0.006551 -0.016721 -0.035777 0.006366 -0.012000 -0.035924 0.006051 -0.016719 -0.035924 0.006051 -0.016862 0.035225 0.006840 -0.016857 0.035237 0.006840 -0.012000 0.035237 0.006840 -0.016920 0.035028 0.006840 -0.012000 -0.035238 0.006840 -0.016857 -0.035238 0.006840 -0.016862 -0.035225 0.006840 -0.016920 -0.035028 0.006840 -0.012000 -0.035238 0.006840 -0.017000 -0.034379 0.006840 -0.017000 0.034378 0.006840 -0.016975 -0.035471 0.005340 -0.012000 -0.035471 0.005340 -0.017000 -0.035125 0.005340 -0.012000 0.035471 0.005340 -0.017000 0.035125 0.005340 -0.016975 0.035471 0.005340 -0.016719 0.035924 0.006051 -0.012000 0.035924 0.006051 -0.016721 0.035777 0.006366 -0.012000 0.035691 0.006551 -0.016721 0.035691 0.006551 -0.016732 -0.035967 0.005905 -0.012000 -0.035970 0.005807 -0.016835 -0.035893 0.005571 -0.016819 -0.035915 0.005610 -0.012000 -0.035893 0.005571 -0.016767 -0.035964 0.005757 -0.016753 -0.035970 0.005807 -0.016880 -0.035811 0.005473 -0.012000 -0.035712 0.005402 -0.016919 -0.035712 0.005402 -0.016936 -0.035659 0.005377 -0.012000 -0.035422 0.006805 -0.016796 -0.035410 0.006809 -0.012000 -0.035581 0.006704 -0.016745 -0.035564 0.006719 -0.016722 -0.035674 0.006585 -0.016942 0.035635 0.005368 -0.012000 0.035711 0.005402 -0.012000 0.035711 0.005402 -0.016920 0.035712 0.005402 -0.016895 0.035778 0.005445 -0.012000 0.035893 0.005571 -0.016836 0.035890 0.005568 -0.012000 0.035970 0.005807 -0.016731 0.035966 0.005912 -0.016753 0.035970 0.005807 -0.016775 0.035959 0.005731 -0.012000 0.035580 0.006704 -0.016735 0.035605 0.006679 -0.016735 0.035605 0.006679 -0.012000 0.035580 0.006704 -0.012000 0.035422 0.006805 -0.016769 0.035488 0.006773 -0.016820 0.035342 0.006829 -0.012000 0.035893 0.005571 -0.012000 0.035711 0.005402 -0.012000 0.035471 0.005340 -0.012000 -0.035924 0.006051 -0.012000 -0.035691 0.006551 -0.012000 -0.035471 0.005340 -0.012000 -0.035581 0.006704 -0.012000 -0.035422 0.006805 -0.012000 -0.035238 0.006840 -0.012000 0.035237 0.006840 -0.012000 0.035422 0.006805 -0.012000 0.035580 0.006704 -0.012000 0.035970 0.005807 -0.012000 0.035924 0.006051 -0.012000 0.035691 0.006551 -0.012000 -0.035712 0.005402 -0.012000 -0.035893 0.005571 -0.012000 -0.035970 0.005807 -0.017000 -0.025240 0.001340 -0.012000 -0.025240 0.001340 -0.017000 -0.036723 0.001340 -0.012000 -0.037404 0.001340 -0.016916 -0.037331 0.001340 -0.016894 -0.037404 0.001340 -0.012000 -0.025038 0.001298 -0.017000 -0.025038 0.001298 -0.012000 -0.037404 0.001340 -0.012000 -0.037601 0.001300 -0.016835 -0.037577 0.001309 -0.012000 -0.038001 0.000055 -0.012000 -0.024742 0.000796 -0.012000 -0.024740 0.000387 -0.012000 -0.025240 0.001340 -0.012000 -0.025038 0.001298 -0.012000 -0.024871 0.001178 -0.012000 -0.037766 0.001185 -0.012000 -0.037601 0.001300 -0.012000 -0.037872 0.001015 -0.012000 -0.037404 0.001340 -0.012000 -0.038059 0.000515 -0.012000 -0.038087 0.000278 -0.012000 -0.024766 0.001001 -0.012000 -0.024868 0.000004 -0.012000 -0.025036 -0.000117 -0.012000 -0.024764 0.000182 -0.012000 -0.025238 -0.000160 -0.012000 -0.038001 0.000055 -0.012000 -0.037591 -0.000160 -0.012000 -0.037823 -0.000103 -0.016755 -0.037032 0.003265 -0.016750 -0.036845 0.003765 -0.012000 -0.037032 0.003265 -0.012000 -0.036845 0.003765 -0.017000 -0.023045 0.004090 -0.012000 -0.023045 0.004090 -0.017000 -0.035665 0.004090 -0.012000 -0.036376 0.004090 -0.016916 -0.036285 0.004090 -0.016889 -0.036376 0.004090 -0.017000 -0.000000 0.004062 -0.017000 -0.000000 0.004062 -0.012000 -0.000000 0.004062 -0.012000 0.036563 0.002590 -0.016980 0.036562 0.002590 -0.017000 0.036264 0.002590 -0.012000 -0.036563 0.002590 -0.017000 -0.036264 0.002590 -0.016980 -0.036563 0.002590 -0.012000 0.037031 0.003265 -0.012000 0.036845 0.003765 -0.016755 0.037031 0.003265 -0.016750 0.036845 0.003765 -0.012000 0.036376 0.004090 -0.012000 0.023044 0.004090 -0.017000 0.023044 0.004090 -0.017000 0.035665 0.004090 -0.016916 0.036284 0.004090 -0.016889 0.036376 0.004090 -0.017000 0.023044 0.004090 -0.016769 -0.037063 0.003113 -0.012000 -0.037059 0.003028 -0.016787 -0.037059 0.003027 -0.016804 -0.037047 0.002962 -0.012000 -0.036974 0.002805 -0.016853 -0.036983 0.002818 -0.016909 -0.036865 0.002691 -0.012000 -0.036795 0.002647 -0.016932 -0.036796 0.002647 -0.016955 -0.036706 0.002611 -0.012000 -0.036376 0.004090 -0.012000 -0.036573 0.004050 -0.016831 -0.036549 0.004059 -0.016831 -0.036549 0.004059 -0.012000 -0.036573 0.004050 -0.012000 -0.036738 0.003935 -0.016779 -0.036703 0.003969 -0.016752 -0.036813 0.003833 -0.016950 0.036727 0.002618 -0.012000 0.036795 0.002647 -0.012000 0.036795 0.002647 -0.016932 0.036795 0.002647 -0.016906 0.036870 0.002696 -0.012000 0.036974 0.002805 -0.012000 0.036974 0.002805 -0.016853 0.036983 0.002819 -0.012000 0.037059 0.003028 -0.016755 0.037031 0.003265 -0.016762 0.037058 0.003159 -0.016787 0.037059 0.003027 -0.016798 0.037051 0.002981 -0.012000 0.036738 0.003935 -0.012000 0.036738 0.003935 -0.016760 0.036769 0.003899 -0.016793 0.036660 0.004002 -0.012000 0.036573 0.004050 -0.016822 0.036573 0.004050 -0.016841 0.036519 0.004069 -0.012000 0.023044 0.004090 -0.012000 0.036563 0.002590 -0.012000 -0.000000 0.004062 -0.012000 -0.036563 0.002590 -0.012000 -0.023045 0.004090 -0.012000 -0.036845 0.003765 -0.012000 -0.036738 0.003935 -0.012000 -0.036795 0.002647 -0.012000 -0.036974 0.002805 -0.012000 -0.036376 0.004090 -0.012000 -0.036573 0.004050 -0.012000 0.036738 0.003935 -0.012000 0.036845 0.003765 -0.012000 0.036573 0.004050 -0.012000 0.036376 0.004090 -0.012000 -0.037032 0.003265 -0.012000 -0.037059 0.003028 -0.012000 0.036974 0.002805 -0.012000 0.036795 0.002647 -0.012000 0.037059 0.003028 -0.012000 0.037031 0.003265 -0.016665 -0.039004 -0.002285 -0.016660 -0.038875 -0.001785 -0.012000 -0.039004 -0.002285 -0.012000 -0.038875 -0.001785 -0.016880 0.038319 -0.001410 -0.016854 0.038390 -0.001410 -0.012000 0.038390 -0.001410 -0.012000 -0.038391 -0.001410 -0.016854 -0.038391 -0.001410 -0.016880 -0.038319 -0.001410 -0.016916 0.038206 -0.001410 -0.016916 -0.038206 -0.001410 -0.012000 -0.038391 -0.001410 -0.017000 -0.037609 -0.001410 -0.017000 0.037609 -0.001410 -0.016943 -0.038514 -0.002910 -0.016941 -0.038520 -0.002910 -0.012000 -0.038520 -0.002910 -0.016941 0.038519 -0.002910 -0.016943 0.038513 -0.002910 -0.012000 0.038519 -0.002910 -0.012000 0.038519 -0.002910 -0.017000 0.038022 -0.002910 -0.017000 -0.038023 -0.002910 -0.012000 0.039003 -0.002285 -0.012000 0.038875 -0.001785 -0.016665 0.039003 -0.002285 -0.016660 0.038875 -0.001785 -0.016681 -0.039019 -0.002434 -0.012000 -0.039009 -0.002511 -0.016699 -0.039009 -0.002512 -0.016720 -0.038991 -0.002577 -0.012000 -0.038915 -0.002716 -0.016777 -0.038918 -0.002711 -0.016848 -0.038792 -0.002829 -0.012000 -0.038740 -0.002859 -0.016871 -0.038740 -0.002859 -0.016913 -0.038622 -0.002899 -0.012000 -0.038604 -0.001457 -0.016780 -0.038568 -0.001442 -0.012000 -0.038776 -0.001591 -0.016671 -0.038821 -0.001656 -0.016689 -0.038776 -0.001591 -0.016689 -0.038776 -0.001591 -0.016710 -0.038724 -0.001537 -0.016891 0.038688 -0.002881 -0.012000 0.038739 -0.002859 -0.012000 0.038739 -0.002859 -0.016871 0.038740 -0.002859 -0.016828 0.038833 -0.002799 -0.012000 0.038914 -0.002716 -0.016780 0.038914 -0.002716 -0.012000 0.039009 -0.002511 -0.016668 0.039015 -0.002347 -0.016694 0.039012 -0.002494 -0.012000 0.039009 -0.002511 -0.016694 0.039012 -0.002494 -0.016756 0.038948 -0.002668 -0.016673 0.038817 -0.001648 -0.012000 0.038776 -0.001591 -0.012000 0.038776 -0.001591 -0.016689 0.038775 -0.001591 -0.016710 0.038725 -0.001538 -0.012000 0.038603 -0.001457 -0.016766 0.038599 -0.001455 -0.016836 0.038434 -0.001412 -0.012000 0.038519 -0.002910 -0.012000 -0.038520 -0.002910 -0.012000 -0.038391 -0.001410 -0.012000 -0.038915 -0.002716 -0.012000 -0.039009 -0.002511 -0.012000 -0.039004 -0.002285 -0.012000 -0.038875 -0.001785 -0.012000 -0.038776 -0.001591 -0.012000 -0.038604 -0.001457 -0.012000 0.038875 -0.001785 -0.012000 0.039003 -0.002285 -0.012000 -0.038740 -0.002859 -0.012000 0.038776 -0.001591 -0.012000 0.038603 -0.001457 -0.012000 0.038390 -0.001410 -0.012000 0.039009 -0.002511 -0.012000 0.038914 -0.002716 -0.012000 0.038739 -0.002859 -0.016709 -0.039271 -0.005204 -0.016705 -0.039315 -0.004704 -0.012000 -0.039271 -0.005204 -0.012000 -0.039315 -0.004704 -0.016921 0.038816 -0.004160 -0.012000 0.038816 -0.004160 -0.017000 0.038260 -0.004160 -0.012000 -0.038817 -0.004160 -0.017000 -0.038260 -0.004160 -0.016921 -0.038817 -0.004160 -0.016951 -0.038586 -0.005660 -0.016901 -0.038773 -0.005660 -0.012000 -0.038773 -0.005660 -0.016901 0.038773 -0.005660 -0.016951 0.038586 -0.005660 -0.012000 0.038773 -0.005660 -0.012000 0.038773 -0.005660 -0.017000 0.038135 -0.005660 -0.017000 -0.038135 -0.005660 -0.012000 0.039271 -0.005204 -0.012000 0.039314 -0.004704 -0.016709 0.039271 -0.005204 -0.016705 0.039314 -0.004704 -0.016719 -0.039235 -0.005352 -0.012000 -0.039191 -0.005435 -0.016814 -0.039010 -0.005600 -0.016801 -0.039042 -0.005581 -0.012000 -0.039010 -0.005600 -0.016751 -0.039158 -0.005479 -0.016737 -0.039190 -0.005435 -0.016862 -0.038886 -0.005647 -0.012000 -0.039018 -0.004202 -0.016863 -0.038989 -0.004191 -0.016863 -0.038989 -0.004191 -0.012000 -0.039018 -0.004202 -0.012000 -0.039185 -0.004322 -0.016800 -0.039139 -0.004278 -0.012000 -0.039290 -0.004499 -0.016709 -0.039311 -0.004585 -0.016722 -0.039290 -0.004499 -0.016742 -0.039254 -0.004417 -0.016839 0.038947 -0.005629 -0.012000 0.039010 -0.005600 -0.012000 0.039010 -0.005600 -0.016814 0.039010 -0.005600 -0.012000 0.039190 -0.005435 -0.016728 0.039213 -0.005397 -0.016737 0.039190 -0.005435 -0.016777 0.039099 -0.005539 -0.012000 0.039290 -0.004499 -0.016712 0.039305 -0.004552 -0.012000 0.039290 -0.004499 -0.016743 0.039252 -0.004414 -0.012000 0.039185 -0.004322 -0.016778 0.039185 -0.004322 -0.016791 0.039157 -0.004294 -0.012000 0.039018 -0.004202 -0.016852 0.039017 -0.004202 -0.016913 0.038843 -0.004161 -0.012000 -0.039010 -0.005600 -0.012000 -0.039191 -0.005435 -0.012000 -0.038773 -0.005660 -0.012000 -0.039271 -0.005204 -0.012000 0.038773 -0.005660 -0.012000 0.039271 -0.005204 -0.012000 -0.039315 -0.004704 -0.012000 0.039314 -0.004704 -0.012000 -0.038817 -0.004160 -0.012000 -0.039290 -0.004499 -0.012000 -0.039185 -0.004322 -0.012000 -0.039018 -0.004202 -0.012000 0.039190 -0.005435 -0.012000 0.039010 -0.005600 -0.012000 0.039185 -0.004322 -0.012000 0.039290 -0.004499 -0.012000 0.039018 -0.004202 -0.012000 0.038816 -0.004160 -0.012000 -0.038142 -0.007677 -0.012000 -0.037827 -0.008177 -0.016822 -0.038142 -0.007677 -0.016801 -0.037827 -0.008177 -0.016999 0.037719 -0.006910 -0.012000 0.037719 -0.006910 -0.017000 0.037644 -0.006910 -0.012000 -0.037719 -0.006910 -0.017000 -0.037644 -0.006910 -0.016999 -0.037719 -0.006910 -0.016988 -0.036689 -0.008410 -0.016870 -0.037404 -0.008410 -0.012000 -0.037404 -0.008410 -0.016870 0.037404 -0.008410 -0.016988 0.036688 -0.008410 -0.012000 0.037404 -0.008410 -0.012000 0.037404 -0.008410 -0.017000 0.036338 -0.008410 -0.017000 -0.036338 -0.008410 -0.016822 0.038142 -0.007677 -0.016801 0.037826 -0.008177 -0.012000 0.038142 -0.007677 -0.012000 0.037826 -0.008177 -0.012000 -0.037926 -0.006955 -0.016988 -0.037881 -0.006937 -0.016963 -0.038024 -0.007014 -0.012000 -0.038096 -0.007081 -0.016942 -0.038096 -0.007081 -0.016926 -0.038135 -0.007132 -0.012000 -0.038198 -0.007267 -0.016884 -0.038204 -0.007286 -0.012000 -0.038215 -0.007478 -0.016845 -0.038217 -0.007460 -0.016824 -0.038170 -0.007626 -0.016802 -0.037724 -0.008294 -0.012000 -0.037645 -0.008348 -0.016813 -0.037645 -0.008348 -0.016824 -0.037592 -0.008373 -0.012000 0.038214 -0.007478 -0.012000 0.038214 -0.007478 -0.016834 0.038204 -0.007530 -0.016863 0.038218 -0.007373 -0.012000 0.038198 -0.007267 -0.016889 0.038198 -0.007267 -0.016903 0.038179 -0.007215 -0.012000 0.038096 -0.007081 -0.016945 0.038086 -0.007071 -0.012000 0.037926 -0.006955 -0.016978 0.037947 -0.006965 -0.016996 0.037786 -0.006914 -0.012000 0.037645 -0.008348 -0.016803 0.037716 -0.008300 -0.016813 0.037645 -0.008348 -0.016829 0.037568 -0.008382 -0.012000 -0.037719 -0.006910 -0.012000 0.037719 -0.006910 -0.012000 -0.038142 -0.007677 -0.012000 0.038142 -0.007677 -0.012000 0.037926 -0.006955 -0.012000 -0.037404 -0.008410 -0.012000 -0.037645 -0.008348 -0.012000 -0.037827 -0.008177 -0.012000 -0.038215 -0.007478 -0.012000 -0.038198 -0.007267 -0.012000 -0.037926 -0.006955 -0.012000 -0.038096 -0.007081 -0.012000 0.038214 -0.007478 -0.012000 0.038198 -0.007267 -0.012000 0.038096 -0.007081 -0.012000 0.037826 -0.008177 -0.012000 0.037645 -0.008348 -0.012000 0.037404 -0.008410 0.004600 0.030000 -0.003900 0.004600 0.030000 -0.002900 -0.003650 0.030000 -0.002900 0.004600 0.030000 0.002100 0.004600 0.030000 0.005648 -0.003650 0.030000 0.002100 -0.008150 0.030000 0.005648 -0.008150 0.030000 -0.003900 -0.008150 0.031250 -0.008565 0.004600 0.031250 -0.008565 -0.008150 0.032165 -0.007650 0.004600 0.032165 -0.007650 -0.008150 0.032165 -0.007650 0.004600 0.032165 -0.007650 -0.008150 0.032500 -0.006400 0.004600 0.032500 -0.006400 -0.008150 0.032500 -0.006400 0.004600 0.032500 -0.006400 -0.008150 0.032165 -0.005150 0.004600 0.032165 -0.005150 -0.008150 0.032165 -0.005150 0.004600 0.032165 -0.005150 -0.008150 0.031250 -0.004235 0.004600 0.031250 -0.004235 -0.008150 0.031250 -0.004235 0.004600 0.031250 -0.004235 -0.008150 0.030000 -0.003900 0.004600 0.030000 -0.003900 -0.008150 0.030000 0.005648 0.004600 0.030000 0.005648 -0.008150 0.030517 0.006634 0.004600 0.030517 0.006634 -0.008150 0.030517 0.006634 0.004600 0.030517 0.006634 -0.008150 0.030556 0.007746 0.004600 0.030556 0.007746 -0.008150 0.030556 0.007746 0.004600 0.030556 0.007746 -0.008150 0.030108 0.008764 0.004600 0.030108 0.008764 0.004600 0.029716 0.009182 -0.008150 0.029263 0.009488 0.004600 0.029263 0.009488 -0.008150 0.028187 0.009773 0.004600 0.029263 0.009488 0.004600 0.028187 0.009773 -0.008150 0.028187 0.009773 0.004600 0.028187 0.009773 -0.008150 0.027095 0.009563 0.004600 0.027095 0.009563 -0.008150 0.027095 0.009563 0.004600 0.027095 0.009563 -0.008150 0.026201 0.008900 0.004600 0.026201 0.008900 -0.003650 0.031600 -0.002900 0.004600 0.031600 -0.002900 -0.003650 0.032850 -0.002565 0.004600 0.032850 -0.002565 0.004600 0.030000 -0.002900 0.004600 0.031600 -0.002900 -0.003650 0.030000 -0.002900 -0.003650 0.032850 -0.002565 0.004600 0.032850 -0.002565 -0.003650 0.033765 -0.001650 0.004600 0.033765 -0.001650 -0.003650 0.033765 -0.001650 0.004600 0.033765 -0.001650 -0.003650 0.034100 -0.000400 0.004600 0.034100 -0.000400 -0.003650 0.034100 -0.000400 0.004600 0.034100 -0.000400 -0.003650 0.033765 0.000850 0.004600 0.033765 0.000850 -0.003650 0.033765 0.000850 0.004600 0.033765 0.000850 -0.003650 0.032850 0.001765 0.004600 0.032850 0.001765 -0.003650 0.032850 0.001765 0.004600 0.032850 0.001765 -0.003650 0.031600 0.002100 0.004600 0.031600 0.002100 0.004600 0.030000 0.002100 -0.003650 0.030000 0.002100 -0.003650 0.030000 0.002100 -0.003650 0.030000 -0.002900 -0.003650 0.030575 -0.000400 -0.003650 0.030712 -0.000913 -0.003650 0.030712 0.000112 -0.003650 0.031087 0.000488 -0.003650 0.031600 0.002100 -0.003650 0.031600 0.000625 -0.003650 0.032850 0.001765 -0.003650 0.032112 0.000488 -0.003650 0.033765 0.000850 -0.003650 0.032487 0.000112 -0.003650 0.034100 -0.000400 -0.003650 0.032625 -0.000400 -0.003650 0.033765 -0.001650 -0.003650 0.032487 -0.000913 -0.003650 0.032850 -0.002565 -0.003650 0.032112 -0.001288 -0.003650 0.031600 -0.002900 -0.003650 0.031600 -0.001425 -0.003650 0.031087 -0.001288 -0.010616 0.031600 -0.000400 -0.010000 0.032487 0.000112 -0.010000 0.032112 0.000488 -0.010000 0.032625 -0.000400 -0.010000 0.031087 0.000488 -0.010000 0.030712 0.000112 -0.010000 0.031600 0.000625 -0.010000 0.030712 -0.000913 -0.010000 0.031087 -0.001288 -0.010000 0.030575 -0.000400 -0.010000 0.032112 -0.001288 -0.010000 0.032487 -0.000913 -0.010000 0.031600 -0.001425 -0.010000 0.032625 -0.000400 -0.003650 0.032625 -0.000400 -0.010000 0.032487 0.000112 -0.003650 0.032487 0.000112 -0.010000 0.032487 0.000112 -0.003650 0.032487 0.000112 -0.010000 0.032112 0.000488 -0.003650 0.032112 0.000488 -0.010000 0.032112 0.000488 -0.003650 0.032112 0.000488 -0.010000 0.031600 0.000625 -0.003650 0.031600 0.000625 -0.010000 0.031600 0.000625 -0.003650 0.031600 0.000625 -0.010000 0.031087 0.000488 -0.003650 0.031087 0.000488 -0.010000 0.031087 0.000488 -0.003650 0.031087 0.000488 -0.010000 0.030712 0.000112 -0.003650 0.030712 0.000112 -0.010000 0.030712 0.000112 -0.003650 0.030712 0.000112 -0.010000 0.030575 -0.000400 -0.003650 0.030575 -0.000400 -0.010000 0.030575 -0.000400 -0.003650 0.030575 -0.000400 -0.010000 0.030712 -0.000913 -0.003650 0.030712 -0.000913 -0.010000 0.030712 -0.000913 -0.003650 0.030712 -0.000913 -0.010000 0.031087 -0.001288 -0.003650 0.031087 -0.001288 -0.010000 0.031087 -0.001288 -0.003650 0.031087 -0.001288 -0.010000 0.031600 -0.001425 -0.003650 0.031600 -0.001425 -0.010000 0.031600 -0.001425 -0.003650 0.031600 -0.001425 -0.010000 0.032112 -0.001288 -0.003650 0.032112 -0.001288 -0.010000 0.032112 -0.001288 -0.003650 0.032112 -0.001288 -0.010000 0.032487 -0.000913 -0.003650 0.032487 -0.000913 -0.010000 0.032487 -0.000913 -0.003650 0.032487 -0.000913 -0.010000 0.032625 -0.000400 -0.003650 0.032625 -0.000400 -0.010616 -0.031600 -0.000400 -0.010000 -0.030712 0.000112 -0.010000 -0.031088 0.000488 -0.010000 -0.030575 -0.000400 -0.010000 -0.032113 0.000488 -0.010000 -0.032488 0.000112 -0.010000 -0.031600 0.000625 -0.010000 -0.032488 -0.000913 -0.010000 -0.032113 -0.001288 -0.010000 -0.032625 -0.000400 -0.010000 -0.031088 -0.001288 -0.010000 -0.030712 -0.000913 -0.010000 -0.031600 -0.001425 -0.010000 -0.030575 -0.000400 -0.003650 -0.030575 -0.000400 -0.010000 -0.030712 0.000112 -0.003650 -0.030712 0.000112 -0.010000 -0.030712 0.000112 -0.003650 -0.030712 0.000112 -0.010000 -0.031088 0.000488 -0.003650 -0.031088 0.000488 -0.010000 -0.031088 0.000488 -0.003650 -0.031088 0.000488 -0.010000 -0.031600 0.000625 -0.003650 -0.031600 0.000625 -0.010000 -0.031600 0.000625 -0.003650 -0.031600 0.000625 -0.010000 -0.032113 0.000488 -0.003650 -0.032113 0.000488 -0.010000 -0.032113 0.000488 -0.003650 -0.032113 0.000488 -0.010000 -0.032488 0.000112 -0.003650 -0.032488 0.000112 -0.010000 -0.032488 0.000112 -0.003650 -0.032488 0.000112 -0.010000 -0.032625 -0.000400 -0.003650 -0.032625 -0.000400 -0.010000 -0.032625 -0.000400 -0.003650 -0.032625 -0.000400 -0.010000 -0.032488 -0.000913 -0.003650 -0.032488 -0.000913 -0.010000 -0.032488 -0.000913 -0.003650 -0.032488 -0.000913 -0.010000 -0.032113 -0.001288 -0.003650 -0.032113 -0.001288 -0.010000 -0.032113 -0.001288 -0.003650 -0.032113 -0.001288 -0.010000 -0.031600 -0.001425 -0.003650 -0.031600 -0.001425 -0.010000 -0.031600 -0.001425 -0.003650 -0.031600 -0.001425 -0.010000 -0.031088 -0.001288 -0.003650 -0.031088 -0.001288 -0.010000 -0.031088 -0.001288 -0.003650 -0.031088 -0.001288 -0.010000 -0.030712 -0.000913 -0.003650 -0.030712 -0.000913 -0.010000 -0.030712 -0.000913 -0.003650 -0.030712 -0.000913 -0.010000 -0.030575 -0.000400 -0.003650 -0.030575 -0.000400 -0.017000 0.024740 0.000387 -0.017000 0.024741 0.000796 -0.012000 0.024740 0.000387 -0.012000 0.024741 0.000796 -0.012000 0.024763 0.000182 -0.017000 0.024763 0.000182 -0.012000 0.024766 0.001001 -0.017000 0.024766 0.001001 -0.017000 0.020258 0.000796 -0.017000 0.020260 0.000387 -0.012000 0.020258 0.000796 -0.012000 0.020260 0.000387 -0.012000 0.020236 0.000182 -0.017000 0.020260 0.000387 -0.017000 0.020236 0.000182 -0.012000 0.020234 0.001001 -0.017000 0.020234 0.001001 -0.017000 -0.024742 0.000796 -0.017000 -0.024740 0.000387 -0.012000 -0.024742 0.000796 -0.012000 -0.024740 0.000387 -0.012000 -0.024764 0.000182 -0.017000 -0.024764 0.000182 -0.012000 -0.024766 0.001001 -0.017000 -0.024766 0.001001 -0.017000 -0.020260 0.000387 -0.017000 -0.020259 0.000796 -0.012000 -0.020260 0.000387 -0.012000 -0.020259 0.000796 -0.012000 -0.020237 0.000182 -0.017000 -0.020237 0.000182 -0.012000 -0.020234 0.001001 -0.017000 -0.020234 0.001001 -0.010249 -0.022500 0.000600 -0.011000 -0.023583 0.001225 -0.011000 -0.023125 0.001682 -0.011000 -0.023750 0.000600 -0.011000 -0.021875 0.001682 -0.011000 -0.021418 0.001225 -0.011000 -0.022500 0.001850 -0.011000 -0.021418 -0.000025 -0.011000 -0.021875 -0.000483 -0.011000 -0.021250 0.000600 -0.011000 -0.023125 -0.000483 -0.011000 -0.023583 -0.000025 -0.011000 -0.022500 -0.000650 -0.011000 -0.023750 0.000600 -0.017000 -0.023750 0.000600 -0.011000 -0.023583 0.001225 -0.017000 -0.023583 0.001225 -0.011000 -0.023583 0.001225 -0.017000 -0.023583 0.001225 -0.011000 -0.023125 0.001682 -0.017000 -0.023125 0.001682 -0.011000 -0.023125 0.001682 -0.017000 -0.023125 0.001682 -0.011000 -0.022500 0.001850 -0.017000 -0.022500 0.001850 -0.011000 -0.022500 0.001850 -0.017000 -0.022500 0.001850 -0.011000 -0.021875 0.001682 -0.017000 -0.021875 0.001682 -0.011000 -0.021875 0.001682 -0.017000 -0.021875 0.001682 -0.011000 -0.021418 0.001225 -0.017000 -0.021418 0.001225 -0.011000 -0.021418 0.001225 -0.017000 -0.021418 0.001225 -0.011000 -0.021250 0.000600 -0.017000 -0.021250 0.000600 -0.011000 -0.021250 0.000600 -0.017000 -0.021250 0.000600 -0.011000 -0.021418 -0.000025 -0.017000 -0.021418 -0.000025 -0.011000 -0.021418 -0.000025 -0.017000 -0.021418 -0.000025 -0.011000 -0.021875 -0.000483 -0.017000 -0.021875 -0.000483 -0.011000 -0.021875 -0.000483 -0.017000 -0.021875 -0.000483 -0.011000 -0.022500 -0.000650 -0.017000 -0.022500 -0.000650 -0.011000 -0.022500 -0.000650 -0.017000 -0.022500 -0.000650 -0.011000 -0.023125 -0.000483 -0.017000 -0.023125 -0.000483 -0.011000 -0.023125 -0.000483 -0.017000 -0.023125 -0.000483 -0.011000 -0.023583 -0.000025 -0.017000 -0.023583 -0.000025 -0.011000 -0.023583 -0.000025 -0.017000 -0.023583 -0.000025 -0.011000 -0.023750 0.000600 -0.017000 -0.023750 0.000600 -0.010249 0.022500 0.000600 -0.011000 0.021417 0.001225 -0.011000 0.021875 0.001682 -0.011000 0.021250 0.000600 -0.011000 0.023125 0.001682 -0.011000 0.023582 0.001225 -0.011000 0.022500 0.001850 -0.011000 0.023582 -0.000025 -0.011000 0.023125 -0.000483 -0.011000 0.023750 0.000600 -0.011000 0.021875 -0.000483 -0.011000 0.021417 -0.000025 -0.011000 0.022500 -0.000650 -0.011000 0.021250 0.000600 -0.017000 0.021250 0.000600 -0.011000 0.021417 0.001225 -0.017000 0.021417 0.001225 -0.011000 0.021417 0.001225 -0.017000 0.021417 0.001225 -0.011000 0.021875 0.001682 -0.017000 0.021875 0.001682 -0.011000 0.021875 0.001682 -0.017000 0.021875 0.001682 -0.011000 0.022500 0.001850 -0.017000 0.022500 0.001850 -0.011000 0.022500 0.001850 -0.017000 0.022500 0.001850 -0.011000 0.023125 0.001682 -0.017000 0.023125 0.001682 -0.011000 0.023125 0.001682 -0.017000 0.023125 0.001682 -0.011000 0.023582 0.001225 -0.017000 0.023582 0.001225 -0.011000 0.023582 0.001225 -0.017000 0.023582 0.001225 -0.011000 0.023750 0.000600 -0.017000 0.023750 0.000600 -0.011000 0.023750 0.000600 -0.017000 0.023750 0.000600 -0.011000 0.023582 -0.000025 -0.017000 0.023582 -0.000025 -0.011000 0.023582 -0.000025 -0.017000 0.023582 -0.000025 -0.011000 0.023125 -0.000483 -0.017000 0.023125 -0.000483 -0.011000 0.023125 -0.000483 -0.017000 0.023125 -0.000483 -0.011000 0.022500 -0.000650 -0.017000 0.022500 -0.000650 -0.011000 0.022500 -0.000650 -0.017000 0.022500 -0.000650 -0.011000 0.021875 -0.000483 -0.017000 0.021875 -0.000483 -0.011000 0.021875 -0.000483 -0.017000 0.021875 -0.000483 -0.011000 0.021417 -0.000025 -0.017000 0.021417 -0.000025 -0.011000 0.021417 -0.000025 -0.017000 0.021417 -0.000025 -0.011000 0.021250 0.000600 -0.017000 0.021250 0.000600 -0.012000 0.020236 0.000182 -0.017000 0.020236 0.000182 -0.012000 0.020132 0.000004 -0.017000 0.020132 0.000004 -0.012000 0.020132 0.000004 -0.017000 0.020132 0.000004 -0.012000 0.019964 -0.000117 -0.017000 0.019964 -0.000117 -0.012000 0.019962 0.001298 -0.017000 0.019962 0.001298 -0.012000 0.020129 0.001178 -0.017000 0.020129 0.001178 -0.012000 0.020129 0.001178 -0.017000 0.020129 0.001178 -0.012000 0.020234 0.001001 -0.017000 0.020234 0.001001 -0.012000 0.025035 -0.000117 -0.017000 0.025035 -0.000117 -0.012000 0.024868 0.000004 -0.017000 0.024868 0.000004 -0.012000 0.024868 0.000004 -0.017000 0.024868 0.000004 -0.012000 0.024763 0.000182 -0.017000 0.024763 0.000182 -0.012000 0.024766 0.001001 -0.017000 0.024766 0.001001 -0.012000 0.024871 0.001178 -0.017000 0.024871 0.001178 -0.012000 0.024871 0.001178 -0.017000 0.024871 0.001178 -0.012000 0.025038 0.001298 -0.017000 0.025038 0.001298 -0.012000 -0.019965 -0.000117 -0.017000 -0.019965 -0.000117 -0.012000 -0.020132 0.000004 -0.017000 -0.020132 0.000004 -0.012000 -0.020132 0.000004 -0.017000 -0.020132 0.000004 -0.012000 -0.020237 0.000182 -0.017000 -0.020237 0.000182 -0.012000 -0.020234 0.001001 -0.017000 -0.020234 0.001001 -0.012000 -0.020129 0.001178 -0.017000 -0.020129 0.001178 -0.012000 -0.020129 0.001178 -0.017000 -0.020129 0.001178 -0.012000 -0.019962 0.001298 -0.017000 -0.019962 0.001298 -0.012000 -0.024764 0.000182 -0.017000 -0.024764 0.000182 -0.012000 -0.024868 0.000004 -0.017000 -0.024868 0.000004 -0.012000 -0.024868 0.000004 -0.017000 -0.024868 0.000004 -0.012000 -0.025036 -0.000117 -0.017000 -0.025036 -0.000117 -0.012000 -0.025038 0.001298 -0.017000 -0.025038 0.001298 -0.012000 -0.024871 0.001178 -0.017000 -0.024871 0.001178 -0.012000 -0.024871 0.001178 -0.017000 -0.024871 0.001178 -0.012000 -0.024766 0.001001 -0.017000 -0.024766 0.001001 -0.003100 0.010900 -0.009900 -0.003100 0.010900 -0.011100 -0.003100 0.004300 -0.009900 -0.003100 0.007600 -0.011100 -0.003100 0.004300 -0.011100 -0.003131 0.004127 -0.009885 -0.003131 0.004127 -0.011100 -0.003131 0.011073 -0.011100 -0.003131 0.011073 -0.009885 -0.003427 0.003831 -0.011100 -0.003600 0.003800 -0.011100 -0.003600 0.003800 -0.009766 -0.003427 0.003831 -0.009783 -0.003278 0.003917 -0.009824 -0.003246 0.003946 -0.011100 -0.003131 0.004127 -0.009885 -0.003131 0.004127 -0.011100 -0.004585 0.003800 -0.011100 -0.004585 0.003800 -0.009766 -0.004092 0.003800 -0.011100 -0.004782 0.003840 -0.011100 -0.004782 0.003840 -0.009788 -0.004948 0.003956 -0.011100 -0.004948 0.003956 -0.009839 -0.004782 0.003840 -0.011100 -0.004782 0.003840 -0.009788 -0.005274 0.004300 -0.009900 -0.005255 0.004280 -0.011100 -0.005563 0.004605 -0.009900 -0.005563 0.004605 -0.011100 -0.005664 0.004764 -0.009900 -0.005664 0.004764 -0.011100 -0.005700 0.004949 -0.009900 -0.005700 0.004949 -0.011100 -0.005700 0.007600 -0.011100 -0.005700 0.010250 -0.011100 -0.005700 0.010250 -0.009900 -0.005700 0.011400 -0.009766 -0.005700 0.011766 -0.009400 -0.005700 0.010900 -0.009900 -0.005700 0.011900 -0.008900 -0.005700 0.003300 -0.008900 -0.005700 0.003376 -0.009283 -0.005700 0.003593 -0.009607 -0.005700 0.004949 -0.009900 -0.005700 0.004300 -0.009900 -0.005700 0.003917 -0.009824 -0.005664 0.010436 -0.009900 -0.005664 0.010436 -0.011100 -0.005563 0.010594 -0.009900 -0.005563 0.010594 -0.011100 -0.005274 0.010900 -0.009900 -0.005255 0.010919 -0.011100 -0.004948 0.011244 -0.009839 -0.004948 0.011244 -0.011100 -0.004782 0.011359 -0.011100 -0.004782 0.011359 -0.009788 -0.004585 0.011400 -0.011100 -0.004585 0.011400 -0.009766 -0.004782 0.011359 -0.011100 -0.004782 0.011359 -0.009788 -0.003600 0.011400 -0.011100 -0.003600 0.011400 -0.009766 -0.004092 0.011400 -0.011100 -0.003427 0.011369 -0.009783 -0.003427 0.011369 -0.011100 -0.003131 0.011073 -0.011100 -0.003131 0.011073 -0.009885 -0.003246 0.011253 -0.009835 -0.003246 0.011253 -0.011100 -0.003246 0.011253 -0.011100 -0.003246 0.011253 -0.009835 -0.003427 0.011369 -0.009783 -0.003427 0.011369 -0.011100 -0.003600 0.011700 -0.011400 -0.003600 0.011400 -0.011100 -0.004092 0.011400 -0.011100 -0.004092 0.011700 -0.011400 -0.004585 0.011400 -0.011100 -0.004585 0.011700 -0.011400 -0.003427 0.011369 -0.011100 -0.003294 0.011639 -0.011400 -0.003246 0.011253 -0.011100 -0.003034 0.011466 -0.011400 -0.003131 0.011073 -0.011100 -0.002861 0.011206 -0.011400 -0.003100 0.010900 -0.011100 -0.002800 0.010900 -0.011400 -0.004948 0.011244 -0.011100 -0.005166 0.011450 -0.011400 -0.004782 0.011359 -0.011100 -0.004901 0.011635 -0.011400 -0.002800 0.004300 -0.011400 -0.003100 0.004300 -0.011100 -0.003100 0.007600 -0.011100 -0.002800 0.007600 -0.011400 -0.005255 0.010919 -0.011100 -0.005473 0.011125 -0.011400 -0.005563 0.010594 -0.011100 -0.005781 0.010801 -0.011400 -0.003131 0.004127 -0.011100 -0.002861 0.003994 -0.011400 -0.003246 0.003946 -0.011100 -0.003034 0.003734 -0.011400 -0.003427 0.003831 -0.011100 -0.003293 0.003561 -0.011400 -0.003600 0.003800 -0.011100 -0.003600 0.003500 -0.011400 -0.005700 0.010250 -0.011100 -0.006000 0.010250 -0.011400 -0.005664 0.010436 -0.011100 -0.005943 0.010547 -0.011400 -0.004585 0.003500 -0.011400 -0.004585 0.003800 -0.011100 -0.004092 0.003800 -0.011100 -0.004092 0.003500 -0.011400 -0.005700 0.007600 -0.011100 -0.006000 0.007600 -0.011400 -0.005700 0.004949 -0.011100 -0.006000 0.004949 -0.011400 -0.004782 0.003840 -0.011100 -0.004901 0.003565 -0.011400 -0.004948 0.003956 -0.011100 -0.005166 0.003750 -0.011400 -0.005563 0.004605 -0.011100 -0.005781 0.004399 -0.011400 -0.005664 0.004764 -0.011100 -0.005943 0.004653 -0.011400 -0.005255 0.004280 -0.011100 -0.005473 0.004074 -0.011400 0.004600 0.004300 -0.009900 0.004600 0.010900 -0.009900 -0.003100 0.004300 -0.009900 -0.003100 0.010900 -0.009900 -0.005274 0.004300 -0.009900 -0.005563 0.004605 -0.009900 -0.005700 0.004300 -0.009900 -0.005664 0.004764 -0.009900 -0.005700 0.004949 -0.009900 -0.005700 0.003917 -0.009824 -0.003600 0.003800 -0.009766 -0.004585 0.003800 -0.009766 -0.005700 0.003593 -0.009607 -0.004782 0.003840 -0.009788 -0.005700 0.003917 -0.009824 -0.004948 0.003956 -0.009839 0.004600 0.003917 -0.009824 -0.003427 0.003831 -0.009783 0.004600 0.003593 -0.009607 -0.003278 0.003917 -0.009824 0.004600 0.003917 -0.009824 -0.003131 0.004127 -0.009885 -0.005700 0.003300 -0.008900 0.004600 0.003300 -0.008900 -0.005700 0.003376 -0.009283 0.004600 0.003376 -0.009283 -0.005700 0.003593 -0.009607 -0.003131 0.011073 -0.009885 0.004600 0.011766 -0.009400 -0.003600 0.011400 -0.009766 0.004600 0.011400 -0.009766 -0.003600 0.011400 -0.009766 -0.003427 0.011369 -0.009783 -0.003246 0.011253 -0.009835 -0.005700 0.010900 -0.009900 -0.005274 0.010900 -0.009900 -0.005700 0.011400 -0.009766 -0.004948 0.011244 -0.009839 -0.004782 0.011359 -0.009788 -0.005700 0.011400 -0.009766 -0.004585 0.011400 -0.009766 -0.005700 0.011766 -0.009400 -0.005700 0.010250 -0.009900 -0.005664 0.010436 -0.009900 -0.005563 0.010594 -0.009900 -0.005700 0.011766 -0.009400 0.004600 0.011766 -0.009400 -0.005700 0.011900 -0.008900 0.004600 0.011900 -0.008900
</float_array>
          <technique_common>
            <accessor source="#mesh-aa5222c1-f076-48e4-9660-4ca9ac6919eb_002-mesh-positions-array" count="2462" stride="3">
              <param name="X" type="float" />
              <param name="Y" type="float" />
              <param name="Z" type="float" />
            </accessor>
          </technique_common>
        </source>
        <source id="mesh-aa5222c1-f076-48e4-9660-4ca9ac6919eb_002-mesh-normals">
          <float_array id="mesh-aa5222c1-f076-48e4-9660-4ca9ac6919eb_002-mesh-normals-array" count="6093">
0.711561 0.048707 0.700935 0.706537 0.033975 0.706860 0.706616 0.020178 0.707310 0.706720 0.014499 0.707345 0.713241 0.001002 0.700918 0.706684 0.001827 0.707527 0.714379 0.071001 0.696148 0.719077 0.118510 0.684751 0.744992 0.356176 0.564027 0.740852 0.315385 0.593018 0.738315 0.285161 0.611207 0.730022 0.259269 0.632335 0.727108 0.212840 0.652697 0.721183 0.182937 0.668153 0.714976 0.122357 0.688359 0.766557 0.561297 0.311987 0.761936 0.546741 0.347172 0.758477 0.504212 0.412896 0.753396 0.478987 0.450518 0.750949 0.430159 0.501038 0.746277 0.409317 0.524910 0.741217 0.360393 0.566316 0.706391 -0.037792 0.706812 0.710317 -0.043190 0.702556 0.706619 -0.021682 0.707262 0.715325 -0.016015 0.698609 0.715382 -0.008999 0.698676 0.768815 0.585865 0.256294 0.766598 0.580839 0.273776 0.765958 0.633201 0.111200 0.767453 0.625332 0.141337 0.767374 0.614126 0.184356 0.767369 0.610324 0.196597 0.767272 0.602087 0.220872 0.769556 0.595290 0.231114 0.770552 0.586322 0.249951 0.765503 -0.546540 0.339558 0.763571 -0.551905 0.335202 0.758330 -0.503085 0.414538 0.753276 -0.480374 0.449238 0.750846 -0.428557 0.502563 0.746165 -0.411143 0.523641 0.743577 -0.363281 0.561355 0.738415 -0.343347 0.580393 0.735577 -0.291602 0.611470 0.731776 -0.268696 0.626344 0.728566 -0.226791 0.646342 0.723188 -0.188384 0.664463 0.723869 -0.174187 0.667587 0.717746 -0.134539 0.683184 0.717357 -0.107968 0.688289 0.714351 -0.070926 0.696184 0.765705 0.642453 0.030821 0.763629 0.645408 -0.017894 0.762184 0.636719 -0.116895 0.758795 0.630088 -0.164983 0.756680 0.599491 -0.260855 0.752089 0.583275 -0.306844 0.749593 0.531129 -0.394985 0.743768 0.505688 -0.437137 0.740604 0.434229 -0.512788 0.734172 0.399960 -0.548656 0.730647 0.311917 -0.607341 0.723738 0.269892 -0.635107 0.719548 0.188643 -0.668330 0.722479 0.140015 -0.677067 0.718498 0.079395 -0.690983 0.711126 0.019256 -0.702801 0.706550 0.022449 -0.707307 0.765812 -0.634349 0.105516 0.768888 -0.624808 0.135742 0.768977 -0.617241 0.166398 0.768548 -0.610766 0.190523 0.767291 -0.612093 0.191330 0.767308 -0.602017 0.220939 0.767102 -0.597717 0.232999 0.766922 -0.588194 0.256630 0.767300 -0.582548 0.268121 0.767058 -0.574019 0.286573 0.706725 0.000000 -0.707488 0.706727 0.000000 -0.707486 0.706728 0.000000 -0.707486 0.706727 0.000000 -0.707486 0.706726 0.000000 -0.707487 0.706727 0.000000 -0.707486 0.706727 0.000000 -0.707487 0.706550 -0.022449 -0.707307 0.711127 -0.019255 -0.702800 0.718515 -0.079428 -0.690962 0.723738 -0.159027 -0.671501 0.765745 -0.642352 0.031908 0.763734 -0.645271 -0.018324 0.762272 -0.636881 -0.115425 0.758945 -0.629671 -0.165882 0.757000 -0.599927 -0.258918 0.752279 -0.582419 -0.307999 0.749403 -0.532656 -0.393285 0.743983 -0.504279 -0.438396 0.740769 -0.436044 -0.511006 0.734405 -0.398075 -0.549714 0.730758 -0.358477 -0.580937 0.723988 -0.267656 -0.635768 0.725411 -0.223211 -0.651119 0.723974 -0.267498 -0.635850 0.716677 -0.171127 -0.676084 0.706728 0.000000 -0.707486 0.706728 0.000000 -0.707485 -0.000001 0.078188 0.996939 -0.000671 0.099220 0.995065 0.000000 0.000000 1.000000 0.000000 -0.103942 0.994583 0.000000 -0.103939 0.994584 0.000000 0.960715 -0.277536 -0.001371 0.910514 -0.413477 -0.000715 0.966607 -0.256262 0.000000 0.896673 -0.442693 0.000000 -0.206752 0.978393 0.000000 -0.206752 0.978394 -0.000946 0.995487 -0.094897 -0.001301 0.993078 0.117445 -0.000000 0.993839 0.110833 -0.001081 0.950120 0.311883 -0.001356 0.834006 0.551753 -0.000097 0.845859 0.533407 -0.000697 0.656322 0.754481 -0.001390 0.466527 0.884506 -0.000001 0.469278 0.883050 -0.000883 0.262068 0.965049 -0.000565 0.539085 -0.842251 0.001156 0.569791 -0.821789 -0.001079 0.742034 -0.670362 -0.000505 0.652525 -0.757767 -0.002083 0.849424 -0.527706 0.000000 -0.103197 -0.994661 0.000000 0.103197 -0.994661 0.000000 -0.103197 -0.994661 0.000000 0.103197 -0.994661 0.000000 -0.205293 -0.978701 0.000000 -0.205290 -0.978701 0.000000 0.205290 -0.978701 0.000000 0.205293 -0.978701 -1.000000 0.000000 0.000000 -1.000000 0.000013 0.000000 -1.000000 -0.000027 0.000000 -1.000000 0.000012 0.000000 -1.000000 -0.000026 0.000000 -1.000000 -0.000014 0.000000 -1.000000 0.000010 0.000000 -1.000000 0.000019 0.000000 -1.000000 0.000008 0.000000 -1.000000 -0.000005 0.000000 -0.000303 -0.056995 -0.998375 -0.000017 0.137797 -0.990460 0.000013 0.068989 -0.997618 0.000000 0.000000 -1.000000 0.000000 0.000000 -1.000000 -0.000001 -0.069961 -0.997550 0.000000 0.138420 0.990374 -0.000013 0.069268 0.997598 -0.000621 -0.102239 0.994760 0.000000 -0.084197 0.996449 0.000000 -0.972011 -0.234935 0.000000 -0.911102 -0.412181 -0.001753 -0.963279 -0.268499 -0.000200 -0.888398 -0.459074 0.000000 0.206752 0.978393 0.000000 0.206752 0.978393 0.000000 0.205415 -0.978675 0.000000 0.205421 -0.978674 -0.000757 -0.269721 0.962938 -0.001342 -0.468266 0.883587 -0.000002 -0.472809 0.881165 -0.000722 -0.653149 0.757229 -0.002677 -0.878065 0.478534 -0.000126 -0.847979 0.530030 -0.001787 -0.999979 -0.006302 -0.003502 -0.990968 -0.134051 -0.003333 -0.985121 0.171830 -0.005440 -0.962386 0.271630 -0.001067 -0.755533 -0.655110 -0.000475 -0.785705 -0.618602 -0.000366 -0.580512 -0.814252 -0.000987 -0.401439 -0.915885 0.000001 -0.409226 -0.912433 -0.000596 -0.226009 -0.974125 0.000000 -0.103791 0.994599 0.000000 0.103874 0.994590 0.000000 0.103874 0.994591 0.000000 -0.206624 0.978420 0.000000 -0.206624 0.978420 0.000000 -0.104004 0.994577 0.000000 0.206624 0.978421 0.000000 0.206624 0.978420 -1.000000 -0.000017 0.000000 -1.000000 0.000007 0.000000 -1.000000 0.000013 0.000000 -1.000000 0.000019 0.000000 -1.000000 -0.000005 0.000000 -1.000000 0.000009 0.000000 -1.000000 0.000005 0.000000 -1.000000 -0.000000 0.000000 -1.000000 -0.000005 0.000000 -0.999868 -0.011453 0.011569 -0.999941 0.007658 0.007734 -0.994958 -0.094854 0.032575 -0.992445 0.109736 0.054873 -0.991694 -0.098942 0.082184 -0.993766 0.078247 0.079416 -0.994219 0.083378 0.067659 -0.999970 0.007012 -0.003288 -0.999984 -0.005183 -0.002432 -0.995938 0.087869 -0.019689 -0.996934 -0.073243 -0.027527 -0.995767 0.078101 -0.048467 -0.998409 -0.053853 -0.016749 -0.996468 0.079563 0.026872 -0.998894 0.046793 0.004599 -0.994024 -0.108316 0.013537 -0.990505 -0.118673 0.069397 -0.998207 -0.057980 0.014865 -0.999203 0.038671 0.009918 -0.993532 -0.109501 -0.030053 -0.988962 0.147329 -0.015772 -0.991390 -0.128831 0.023425 -0.991404 0.129183 0.020737 -0.997343 -0.066961 0.028692 -0.991294 -0.131571 -0.005120 -1.000000 0.000000 0.000000 -0.999214 -0.036230 0.016076 -0.999804 0.018108 0.008036 -1.000000 0.000000 0.000000 -0.991499 0.130045 -0.004253 -0.997343 0.066961 0.028692 -0.992884 0.004970 0.118980 -0.988885 -0.006199 0.148552 -0.995143 -0.005146 0.098303 -0.993067 -0.001759 0.117535 -0.993061 0.000351 0.117603 -0.998797 0.002566 0.048970 -0.993062 0.002466 0.117566 -0.989159 0.005760 0.146738 -0.993066 -0.003890 0.117491 -1.000000 0.000000 0.000000 -0.999962 -0.008153 0.003088 -1.000000 -0.000005 0.000000 -1.000000 0.000001 0.000000 -1.000000 -0.000000 0.000000 -0.999834 -0.017465 0.005292 -1.000000 0.000000 0.000000 -1.000000 0.000007 0.000000 -0.990830 -0.133583 -0.020301 -0.999055 -0.041443 0.013091 -1.000000 0.000005 0.000000 -1.000000 -0.000001 0.000000 -1.000000 0.000000 0.000000 -0.999932 0.010878 0.004118 -1.000000 0.000000 0.000000 -1.000000 0.000000 0.000000 -1.000000 -0.000002 0.000000 -1.000000 0.000001 0.000000 -1.000000 -0.000002 0.000000 -1.000000 0.000002 0.000000 -1.000000 -0.000003 0.000000 -1.000000 -0.000008 0.000000 -1.000000 0.000010 0.000000 -0.999055 0.041444 0.013089 -0.993262 0.115888 0.001231 -1.000000 0.000002 0.000000 -1.000000 -0.000004 0.000000 -1.000000 0.000001 0.000000 -1.000000 0.000002 0.000000 -1.000000 0.000003 0.000000 -1.000000 -0.000002 0.000000 -1.000000 -0.000002 0.000000 -0.999705 0.023250 0.007045 -1.000000 -0.000000 0.000000 -1.000000 0.000005 0.000000 -1.000000 0.000000 0.000000 -0.991826 0.127002 -0.012358 -0.997337 0.068525 0.024944 -1.000000 0.000000 0.000000 -1.000000 -0.000001 0.000000 -0.987476 -0.152680 -0.039753 -0.997338 -0.068525 0.024942 -1.000000 -0.000002 0.000000 -1.000000 0.000001 0.000000 -1.000000 -0.000002 0.000000 -1.000000 0.000002 0.000000 -1.000000 0.000005 0.000000 -1.000000 -0.000002 0.000000 -1.000000 0.000000 0.000000 -1.000000 -0.000000 0.000000 -1.000000 0.000000 0.000000 -1.000000 0.000000 0.000000 -1.000000 0.000005 0.000000 -1.000000 -0.000002 0.000000 -0.993061 0.000001 -0.117600 -0.993065 0.000000 -0.117568 -0.999163 -0.016471 -0.037431 -0.993063 0.000001 -0.117583 -0.993060 -0.000000 -0.117607 -0.997675 0.027039 -0.062562 -0.993062 0.000000 -0.117594 -0.988899 0.025563 -0.146377 -0.993041 0.005077 -0.117656 -0.994921 0.030505 -0.095930 -0.997295 0.000111 -0.073504 -0.992615 0.046970 -0.111842 -0.992483 0.059057 -0.107196 -0.992525 -0.050638 -0.111042 -0.997288 -0.000309 -0.073602 -0.994874 -0.033422 -0.095434 -0.992945 -0.009857 -0.118163 -0.988692 -0.033529 -0.146168 -0.993064 -0.000001 -0.117576 -0.995186 0.000000 -0.098009 -0.993062 0.000001 -0.117590 -0.993061 -0.000001 -0.117601 -0.994728 -0.051145 -0.088890 -0.084047 0.000001 -0.996462 0.000000 0.000000 -1.000000 -0.112629 -0.000560 -0.993637 0.003306 -0.024945 -0.999683 -0.075343 -0.024004 -0.996869 0.013749 -0.099275 -0.994965 -0.090823 -0.071200 -0.993318 -0.077108 -0.180943 -0.980466 0.035813 -0.260633 -0.964773 -0.058410 -0.308993 -0.949269 0.057743 -0.407961 -0.911172 -0.071430 -0.365198 -0.928185 0.089797 -0.613627 -0.784474 -0.009090 -0.518980 -0.854738 -0.066766 -0.419759 -0.905177 0.116792 -0.768336 -0.629300 -0.006045 -0.679186 -0.733941 -0.037752 -0.603768 -0.796265 0.009185 -0.906989 -0.421054 0.006667 -0.873731 -0.486364 0.140990 -0.888096 -0.437501 0.021889 -0.835896 -0.548452 -0.015371 -0.754811 -0.655762 0.064709 -0.941847 -0.329754 0.161489 -0.966219 -0.200853 0.028045 -0.968352 -0.248008 0.174615 -0.984125 0.031727 0.060764 -0.996000 -0.065517 0.033387 -0.986533 -0.160122 0.085699 -0.968147 0.235260 0.047229 -0.985714 0.161672 0.178627 -0.968539 0.173274 0.090728 -0.989037 0.116511 0.039197 -0.997879 0.051975 0.178888 -0.950954 0.252361 0.178889 -0.941726 0.284868 0.070315 -0.952014 0.297867 0.178854 -0.923754 0.338659 0.070570 -0.933741 0.350925 0.178966 -0.899280 0.399083 0.049189 -0.919301 0.390470 0.049407 -0.908454 0.415054 0.066167 -0.890869 0.449416 0.176169 -0.874283 0.452321 0.096755 -0.843550 0.528263 0.169750 -0.840117 0.515158 0.152597 -0.762791 0.628382 0.044502 -0.768006 0.638895 0.132469 -0.672082 0.728531 -0.008594 -0.504909 0.863130 -0.022319 -0.555018 0.831539 0.100257 -0.526110 0.844486 0.018221 -0.635727 0.771699 0.016223 -0.724322 0.689271 -0.017043 -0.456552 0.889534 0.076119 -0.411392 0.908274 -0.038109 -0.371318 0.927723 0.053410 -0.310943 0.948927 -0.048521 -0.296271 0.953871 -0.063272 -0.225928 0.972087 0.035755 -0.225278 0.973638 -0.065790 -0.141559 0.987741 0.026945 -0.187579 0.981880 0.010573 -0.103520 0.994571 -0.095306 -0.071728 0.992861 0.001423 -0.057695 0.998333 -0.077628 -0.047693 0.995841 -0.000376 -0.033761 0.999430 -0.097451 -0.034617 0.994638 -0.001057 -0.017783 0.999841 -0.097676 -0.018076 0.995054 -0.000308 -0.001244 0.999999 -0.097625 0.000304 0.995223 -0.045234 0.000000 -0.998977 -0.098008 0.000000 -0.995186 0.000000 0.000000 -1.000000 -0.098010 0.000000 -0.995185 -0.098009 0.000000 -0.995185 -0.555590 -0.002581 -0.831452 -0.677923 -0.001711 -0.735131 -0.707134 0.000000 -0.707080 -0.831084 -0.002093 -0.556143 -0.831472 0.000000 -0.555567 -0.189788 -0.052077 -0.980443 -0.980788 -0.000768 -0.195073 -0.980789 0.000000 -0.195074 -0.980789 0.000000 -0.195074 -0.980789 0.000000 -0.195074 -0.980789 0.000000 -0.195074 -0.980788 0.000000 -0.195074 -0.831472 0.000000 -0.555567 -0.707133 0.000000 -0.707080 -0.831472 0.000000 -0.555567 -0.707133 0.000000 -0.707080 -0.831472 0.000000 -0.555566 -0.707134 0.000000 -0.707080 -0.831472 0.000000 -0.555566 -0.707133 0.000000 -0.707081 -0.555628 0.000000 -0.831431 -0.555628 0.000000 -0.831431 -0.555629 0.000000 -0.831431 -0.555628 0.000000 -0.831431 -0.555628 0.000000 -0.831431 -0.980709 -0.009296 -0.195251 -0.828692 -0.044828 -0.557907 -0.831073 -0.002144 -0.556159 -0.830816 -0.025197 -0.555976 -0.831465 -0.004258 -0.555561 -0.548936 -0.066527 -0.833213 -0.553919 -0.037552 -0.831723 -0.195074 -0.001972 -0.980787 -0.195074 0.000000 -0.980789 -0.195073 0.000000 -0.980789 -0.195074 0.000000 -0.980788 -0.195074 0.000000 -0.980789 -0.195073 0.000000 -0.980789 -0.834236 -0.380495 -0.399092 -0.896810 -0.307725 -0.317864 -0.900938 -0.290096 -0.322730 -0.929729 -0.365815 0.042217 -0.845507 -0.528874 0.073553 -0.914797 -0.397752 0.070284 -0.979385 -0.183749 -0.083915 -0.932446 -0.343006 -0.113537 -0.940312 -0.316370 -0.125396 -0.884890 -0.446843 -0.131537 -0.923925 -0.361925 -0.123983 -0.910826 -0.404585 -0.081894 -0.795256 -0.585323 -0.158005 -0.691558 -0.709742 -0.134218 -0.822282 -0.545969 -0.160529 -0.641065 -0.767487 -0.000482 -0.750902 -0.659069 -0.042122 -0.750796 -0.655851 -0.078516 -0.770149 -0.624627 -0.129272 -0.778668 -0.603159 -0.172845 -0.781668 -0.581077 -0.226592 -0.801608 -0.589449 0.099878 -0.680493 -0.727829 0.084825 -0.764843 -0.642158 0.051466 -0.754876 -0.655501 0.021927 -0.965109 -0.232882 0.119714 -0.972280 -0.128037 -0.195646 -0.981144 -0.082115 -0.174968 -0.862820 -0.271062 -0.426693 -0.887199 -0.286047 -0.362015 -0.972250 -0.128164 -0.195714 -0.942790 -0.221054 -0.249565 -0.808085 -0.399105 -0.433260 -0.801820 -0.431455 -0.413439 -0.797012 -0.470793 -0.378319 -0.796933 -0.477862 -0.369521 -0.879431 -0.428570 -0.207191 -0.920162 -0.337223 -0.198953 -0.856861 -0.440148 -0.268438 -0.895222 -0.376912 -0.237728 -0.818021 -0.477757 -0.320296 -0.999103 -0.039376 -0.015562 -0.987897 -0.154640 -0.012078 -0.977611 -0.210024 -0.012891 -0.965989 -0.248622 -0.071082 -0.940316 -0.322680 -0.108089 -0.924168 -0.358137 -0.132855 -0.961589 -0.273877 0.018354 -0.458990 -0.866008 0.198390 -0.610590 -0.766988 0.197254 -0.459300 -0.874127 0.157940 -0.038940 -0.968214 0.247075 -0.039983 -0.983293 0.177586 -0.976203 -0.214086 0.034557 -0.792571 -0.602112 0.096395 -0.792285 -0.600394 0.108683 -0.789012 -0.605683 0.102995 -0.843403 -0.526717 0.106023 -0.047361 -0.993512 0.103394 -0.053049 -0.998467 -0.015783 -0.051244 -0.989129 -0.137833 -0.054814 -0.972474 -0.226474 -0.070321 -0.936090 -0.344660 -0.801183 -0.503711 -0.323082 -0.802589 -0.523261 -0.286441 -0.800108 -0.554925 -0.227784 -0.083920 -0.881802 -0.464093 -0.080264 -0.842119 -0.533285 -0.091006 -0.776536 -0.623466 -0.107074 -0.684679 -0.720937 -0.114442 -0.616389 -0.779081 -0.136070 -0.506450 -0.851465 -0.979546 -0.078719 -0.185184 -0.979738 -0.061461 -0.190620 -0.980291 -0.034800 -0.194468 -0.812856 -0.349879 -0.465672 -0.817574 -0.281046 -0.502579 -0.818913 -0.235836 -0.523223 -0.820961 -0.220922 -0.526514 -0.821209 -0.186561 -0.539268 -0.822633 -0.171998 -0.541933 -0.824379 -0.124189 -0.552247 -0.827344 -0.096476 -0.553348 -0.459873 -0.876847 0.140200 -0.460742 -0.884789 0.069746 -0.464788 -0.884104 -0.048296 -0.468472 -0.871269 -0.146373 -0.468768 -0.860352 -0.200129 -0.470900 -0.853421 -0.223443 -0.473451 -0.830268 -0.294109 -0.478383 -0.812271 -0.333715 -0.480821 -0.779953 -0.400606 -0.484349 -0.767237 -0.420421 -0.484778 -0.739093 -0.467688 -0.487927 -0.725079 -0.485991 -0.491411 -0.679379 -0.544940 -0.497984 -0.649273 -0.574854 -0.501168 -0.596153 -0.627242 -0.505545 -0.577826 -0.640735 -0.506097 -0.535481 -0.676111 -0.509862 -0.516420 -0.688005 -0.513846 -0.453899 -0.727969 -0.521280 -0.416044 -0.745100 -0.524798 -0.349152 -0.776325 -0.529551 -0.327754 -0.782403 -0.530124 -0.276612 -0.801532 -0.533985 -0.255249 -0.806044 -0.538070 -0.184217 -0.822523 -0.545463 -0.143441 -0.825769 -0.155249 -0.384868 -0.909821 -0.153424 -0.321912 -0.934256 -0.166575 -0.215018 -0.962299 -0.939918 -0.311756 0.139147 -0.865596 -0.452155 0.215173 -0.922747 -0.369966 0.107997 -0.984134 -0.173831 -0.035549 -0.918645 -0.383552 0.094760 -0.936970 -0.344191 0.060165 -0.955407 -0.285062 -0.077056 -0.958847 -0.253580 -0.127711 -0.800456 -0.564762 0.200786 -0.775836 -0.599946 0.195306 -0.729441 -0.653753 0.201301 -0.741864 -0.644674 0.184482 -0.750755 -0.641170 0.158959 -0.770752 -0.624611 0.125705 -0.770772 -0.624594 0.125670 -0.785107 -0.612060 0.094815 -0.817792 -0.568222 0.091322 -0.888455 -0.445691 0.109576 -0.918647 -0.383547 0.094758 -0.940682 -0.322902 0.104170 -0.921114 -0.372573 0.112868 -0.922432 -0.378682 0.075629 -0.850323 -0.496961 0.173151 -0.823962 -0.527046 0.208108 -0.973711 -0.213190 0.080229 -0.935075 -0.345307 0.079994 -0.948284 -0.317355 0.006612 -0.955586 -0.271554 -0.114514 -0.986666 -0.156435 -0.044923 -0.842443 -0.485068 0.234521 -0.730872 -0.638530 0.241051 -0.867885 -0.459087 0.189773 -0.921227 -0.376560 0.097694 -0.941787 -0.313788 0.120727 -0.803603 -0.552012 0.222498 -0.765139 -0.606902 0.215017 -0.765814 -0.612732 0.195162 -0.785593 -0.599769 0.152053 -0.799072 -0.590632 0.112418 -0.835507 -0.534914 0.125677 -0.913164 -0.388986 0.121741 -0.974412 -0.205637 0.090744 -0.952672 -0.261199 -0.155534 -0.937727 -0.316566 -0.143021 -0.944423 -0.324056 0.055266 -0.926471 -0.355683 0.123050 -0.992215 -0.123373 -0.017000 -0.724587 -0.636315 0.264721 -0.838890 -0.478820 0.258835 -0.777116 -0.576293 0.252938 -0.760085 -0.602028 0.244610 -0.779933 -0.589183 0.211111 -0.796690 -0.580937 0.166727 -0.834205 -0.526568 0.163793 -0.905568 -0.396566 0.150608 -0.974108 -0.201729 0.102075 -0.920367 -0.359676 0.153488 -0.936696 -0.333079 0.107974 -0.948677 -0.315892 0.015004 -0.955957 -0.277707 -0.094999 -0.989363 -0.144480 -0.016940 -0.765306 -0.589230 0.259065 -0.784151 -0.582755 0.213317 -0.797076 -0.578645 0.172741 -0.833616 -0.522079 0.180327 -0.905095 -0.388623 0.172554 -0.761325 -0.588297 0.272564 -0.669296 -0.665268 0.330851 -0.457727 -0.803203 0.381249 -0.042728 -0.899905 0.433987 -0.037421 -0.915887 0.399689 -0.458045 -0.819005 0.345581 -0.458580 -0.834877 0.304442 -0.458767 -0.850446 0.257437 -0.038177 -0.932285 0.359705 -0.038799 -0.950860 0.307181 -0.355937 -0.050425 0.933149 -0.979939 -0.006022 0.199205 -0.931374 -0.030528 0.362781 -0.382250 -0.016606 0.923910 -0.195071 0.002891 0.980785 -0.555556 -0.002404 0.831476 -0.706905 -0.012421 0.707200 -0.555555 0.002455 0.831476 -0.831461 -0.001440 0.555582 -0.831453 -0.008543 0.555529 -0.831459 0.001635 0.555583 -0.980792 -0.003505 0.195024 -0.980789 -0.000001 0.195074 -0.382070 -0.033405 0.923530 -0.706733 -0.025339 0.707027 -0.831417 -0.018456 0.555342 -0.980795 -0.007049 0.194915 -0.706375 -0.037798 0.706828 -0.923564 -0.020188 0.382913 -0.375785 -0.099836 0.921314 -0.703139 -0.072029 0.707395 -0.918552 -0.341262 0.199503 -0.844093 -0.451617 0.289048 -0.903170 -0.349598 0.249128 -0.839867 -0.236607 0.488508 -0.877612 -0.202013 0.434728 -0.926223 -0.156387 0.343007 -0.954890 -0.278898 0.101983 -0.870574 -0.361252 0.334062 -0.924375 -0.275890 0.263468 -0.893216 -0.321511 0.314319 -0.954912 -0.278872 0.101855 -0.964512 -0.261994 0.032802 -0.987165 -0.150961 0.052109 -0.994093 -0.096046 0.050533 -0.998290 -0.046676 0.035204 -0.652653 -0.468851 0.595166 -0.773825 -0.434318 0.461045 -0.559331 -0.582309 0.589970 -0.798343 -0.449381 0.400881 -0.773828 -0.434311 0.461046 -0.796371 -0.449416 0.404744 -0.829764 -0.417062 0.370878 -0.697141 -0.346001 0.627915 -0.784696 -0.210308 0.583115 -0.782869 -0.262721 0.563998 -0.767962 -0.319767 0.554962 -0.746041 -0.378614 0.547791 -0.760142 -0.404189 0.508740 -0.942369 -0.117627 0.313218 -0.898868 -0.133573 0.417365 -0.971194 -0.046720 0.233667 -0.896677 -0.083054 0.434825 -0.773973 -0.541177 0.328776 -0.752527 -0.580576 0.310862 -0.760444 -0.586834 0.278119 -0.934292 -0.301988 0.189477 -0.697460 -0.140777 0.702660 -0.318014 -0.307100 0.896971 -0.363239 -0.184666 0.913212 -0.813587 -0.270611 0.514632 -0.817465 -0.200954 0.539786 -0.115820 -0.512406 0.850897 -0.327245 -0.414885 0.848988 -0.976174 -0.185295 0.112920 -0.976730 -0.169448 0.131474 -0.975131 -0.155545 0.157878 -0.958565 -0.200464 0.202405 -0.794483 -0.505549 0.336476 -0.797252 -0.475966 0.371276 -0.799280 -0.461091 0.385418 -0.531175 -0.251779 0.808988 -0.515451 -0.360629 0.777340 -0.499483 -0.473150 0.725703 -0.486238 -0.569205 0.663007 -0.477079 -0.640860 0.601410 -0.476193 -0.674314 0.564394 -0.471511 -0.695118 0.542667 -0.608982 -0.665623 0.431377 -0.462494 -0.763721 0.450367 -0.053710 -0.844560 0.532760 -0.066509 -0.764919 0.640684 -0.075818 -0.703508 0.706632 -0.099070 -0.609302 0.786725 -0.844040 -0.451636 0.289173 0.000000 0.000000 -1.000000 -0.084002 -0.000001 -0.996466 -0.065379 0.000009 -0.997861 0.047596 0.983570 0.174141 0.048425 0.968896 0.242683 0.178769 0.967358 0.179613 0.086169 0.949775 0.300835 0.178872 0.939485 0.292188 0.178817 0.924186 0.337497 0.085689 0.926945 0.365280 0.176276 0.905570 0.385837 0.174954 0.863502 0.473028 0.177817 0.898527 0.401287 0.093451 0.903269 0.418774 0.049407 0.916361 0.397292 0.043530 0.890485 0.452926 0.056506 0.831944 0.551975 0.152574 0.762691 0.628510 0.040984 0.758162 0.650777 0.132448 0.671995 0.728615 0.011421 0.711902 0.702186 0.035795 0.626210 0.778832 0.106031 0.553958 0.825765 -0.002598 0.547088 0.837071 0.091717 0.486987 0.868580 -0.031294 0.499206 0.865918 0.000632 0.447189 0.894439 0.073269 0.400629 0.913306 -0.038523 0.370283 0.928120 0.050320 0.292095 0.955065 -0.073336 0.285418 0.955593 -0.072360 0.196870 0.977756 0.025165 0.173612 0.984493 -0.065323 0.124773 0.990033 0.010562 0.103468 0.994577 -0.075638 0.074058 0.994382 0.001892 0.054795 0.998496 -0.132054 0.051006 0.989929 -0.097929 0.034695 0.994588 0.000777 0.021264 0.999774 -0.117336 0.016078 0.992962 0.030404 0.972607 -0.230457 0.035180 0.989232 -0.142067 0.161400 0.966231 -0.200868 0.083691 0.994888 -0.056508 0.173352 0.984783 0.012282 0.062893 0.995956 0.064150 0.047174 0.991798 0.118789 0.044665 0.945334 -0.323029 0.140992 0.888096 -0.437501 0.009185 0.906988 -0.421057 0.116789 0.768321 -0.629320 0.024676 0.843903 -0.535928 0.028665 0.877103 -0.479447 0.089795 0.613616 -0.784482 -0.002797 0.690107 -0.723702 -0.008978 0.775087 -0.631791 -0.050455 0.370432 -0.927488 -0.066787 0.419760 -0.905175 0.057739 0.407933 -0.911184 -0.026874 0.527133 -0.849358 -0.033701 0.618015 -0.785444 -0.054975 0.323013 -0.944797 0.035809 0.260591 -0.964785 -0.071040 0.206312 -0.975904 0.013747 0.099291 -0.994964 -0.107341 0.078571 -0.991113 0.000001 0.000000 -1.000000 0.000000 0.000000 -1.000000 0.000000 0.000000 -1.000000 0.000000 0.000000 -1.000000 -0.000000 0.000000 -1.000000 0.000000 0.000000 -1.000000 0.000002 0.000000 -1.000000 -0.000000 0.000000 -1.000000 0.000000 0.000000 -1.000000 -0.000000 0.000000 -1.000000 0.000000 0.000000 -1.000000 -0.058749 0.000005 -0.998273 -0.000000 0.000000 -1.000000 0.000004 0.000000 -1.000000 0.000000 0.000000 -1.000000 0.000000 0.000000 -1.000000 -0.084000 -0.000001 -0.996466 -0.073479 -0.000003 -0.997297 -0.000001 0.000000 -1.000000 -0.000001 0.000000 -1.000000 0.000000 0.000000 -1.000000 0.000000 0.000000 -1.000000 0.000001 0.000000 -1.000000 0.000000 0.000000 -1.000000 0.000000 0.000000 -1.000000 -0.095285 0.020629 -0.995236 0.003306 0.024945 -0.999683 0.000000 0.000000 -1.000000 -0.378299 0.057702 -0.923883 -0.419074 0.002797 -0.907948 -0.704797 0.040650 -0.708243 -0.923391 0.020167 -0.383331 -0.707041 0.001685 -0.707170 -0.923817 0.000856 -0.382834 -0.195073 0.000000 -0.980789 -0.195073 0.000000 -0.980789 -0.195074 0.000000 -0.980788 -0.195073 0.000000 -0.980789 -0.195072 0.000000 -0.980789 -0.555628 0.000000 -0.831431 -0.707132 0.000000 -0.707081 -0.555629 0.000000 -0.831431 -0.707133 0.000000 -0.707081 -0.707133 0.000000 -0.707081 -0.555628 0.000000 -0.831431 -0.707133 0.000000 -0.707081 -0.831472 0.000000 -0.555567 -0.831472 0.000000 -0.555567 -0.831472 0.000000 -0.555567 -0.980789 0.000000 -0.195074 -0.980789 0.000000 -0.195074 -0.980789 0.000000 -0.195074 -0.980789 0.000000 -0.195074 -0.829541 0.553077 0.077253 -0.894413 0.445665 0.037534 -0.847458 0.527614 0.058636 -0.943501 0.219324 -0.248400 -0.856181 0.348914 -0.381068 -0.892103 0.298812 -0.338915 -0.970631 0.234255 -0.054776 -0.927459 0.346685 -0.140104 -0.936791 0.326229 -0.126479 -0.879502 0.424018 -0.216067 -0.987436 0.155080 -0.030353 -0.997256 0.070193 -0.023529 -0.999528 0.028409 -0.011688 -0.829134 0.464137 -0.311632 -0.914494 0.344925 -0.211488 -0.876613 0.410777 -0.250622 -0.923066 0.336183 -0.186896 -0.924660 0.354020 -0.140262 -0.795829 0.434963 -0.421265 -0.797023 0.477038 -0.370390 -0.796396 0.433824 -0.421367 -0.795708 0.495457 -0.348384 -0.797021 0.477046 -0.370384 -0.800112 0.497845 -0.334620 -0.806900 0.401107 -0.433619 -0.812611 0.394143 -0.429320 -0.924530 0.379095 0.039139 -0.965700 0.251010 0.066472 -0.924552 0.379039 0.039152 -0.947922 0.311991 0.064079 -0.974731 0.208487 0.080204 -0.641142 0.766676 -0.033844 -0.764679 0.643527 0.033759 -0.541030 0.838808 0.060725 -0.793790 0.602337 0.084183 -0.764694 0.643508 0.033776 -0.795549 0.599275 0.089280 -0.780586 0.595193 -0.190867 -0.773185 0.618528 -0.140031 -0.784835 0.584579 -0.205674 -0.593920 0.794335 -0.127636 -0.773168 0.618566 -0.139955 -0.757386 0.648235 -0.078477 -0.757858 0.651978 -0.024019 -0.976235 0.183073 -0.115971 -0.960697 0.258235 -0.101864 -0.930032 0.351174 -0.108246 -0.868007 0.479623 -0.128554 -0.921791 0.375387 -0.096885 -0.827037 0.537984 -0.163044 -0.039459 0.973999 0.223090 -0.576887 0.793425 0.194107 -0.458780 0.860819 0.220256 -0.459309 0.873982 0.158719 -0.908545 0.413531 0.059485 -0.976167 0.213494 0.038963 -0.792577 0.602147 0.096128 -0.792293 0.600319 0.109039 -0.794184 0.602470 0.079381 -0.040702 0.986729 0.157194 -0.049648 0.994550 0.091684 -0.053303 0.997865 -0.037734 -0.054361 0.984403 -0.167321 -0.058781 0.965117 -0.255137 -0.075328 0.927431 -0.366329 -0.083200 0.876832 -0.473543 -0.802754 0.513824 -0.302606 -0.801091 0.533338 -0.271670 -0.798181 0.568488 -0.199317 -0.796087 0.589317 -0.137667 -0.779162 0.566069 -0.269207 -0.085907 0.825622 -0.557646 -0.101649 0.742286 -0.662328 -0.113606 0.662353 -0.740529 -0.121148 0.592401 -0.796483 -0.335192 0.479122 -0.811227 -0.440450 0.376436 -0.815046 -0.152571 0.361574 -0.919775 -0.352226 0.292617 -0.888995 -0.365606 0.179130 -0.913370 -0.459302 0.870672 0.175987 -0.459957 0.879587 0.121521 -0.459303 0.873991 0.158686 -0.459954 0.882735 0.096028 -0.462163 0.886793 -0.002142 -0.466224 0.876482 -0.120059 -0.468802 0.860817 -0.198036 -0.471000 0.852907 -0.225188 -0.473561 0.831043 -0.291733 -0.478528 0.811361 -0.335714 -0.480930 0.781136 -0.398163 -0.484394 0.765980 -0.422656 -0.484827 0.740631 -0.465196 -0.488071 0.723436 -0.488291 -0.491567 0.681272 -0.542430 -0.498173 0.647182 -0.577044 -0.501300 0.598560 -0.624839 -0.505605 0.575473 -0.642802 -0.506156 0.538081 -0.673999 -0.510028 0.513636 -0.689963 -0.521487 0.412963 -0.746668 -0.529617 0.324466 -0.783727 -0.691548 0.224801 -0.686458 -0.698642 0.135774 -0.702471 -0.811510 0.364785 -0.456491 -0.908020 0.232593 -0.348425 -0.814711 0.309048 -0.490648 -0.817715 0.279012 -0.503483 -0.819025 0.237794 -0.522161 -0.821007 0.218783 -0.527334 -0.822745 0.169883 -0.542430 -0.826036 0.110072 -0.552764 -0.956230 0.050307 -0.288258 -0.965157 0.159026 -0.207806 -0.965358 0.101375 -0.240432 -0.978671 0.109071 -0.174088 -0.979317 0.084696 -0.183752 -0.979592 0.067186 -0.189437 -0.809744 0.576997 0.106721 -0.713108 0.652836 0.255506 -0.856103 0.488382 0.169025 -0.921537 0.369771 0.118486 -0.939926 0.328397 0.093248 -0.797844 0.578499 0.169657 -0.768939 0.594929 0.234079 -0.656903 0.683067 0.319216 -0.755460 0.602001 0.258603 -0.761325 0.588297 0.272564 -0.990219 0.138908 -0.013113 -0.956611 0.273521 -0.100413 -0.949374 0.314066 -0.007185 -0.907769 0.386173 0.163788 -0.923097 0.353458 0.151524 -0.974108 0.201730 0.102074 -0.940974 0.308869 0.138451 -0.793294 0.582618 0.176753 -0.777555 0.590453 0.216273 -0.719852 0.655510 0.228298 -0.774259 0.584849 0.241817 -0.823914 0.518456 0.228840 -0.891278 0.417336 0.177355 -0.943979 0.324853 0.058086 -0.925668 0.357231 0.124601 -0.922609 0.375005 0.090354 -0.844406 0.513366 0.153084 -0.806744 0.576313 0.130491 -0.991592 0.127816 -0.020215 -0.956335 0.263869 -0.125681 -0.949917 0.308723 -0.048465 -0.910241 0.389528 0.140459 -0.925933 0.354625 0.129961 -0.974412 0.205636 0.090744 -0.943054 0.310193 0.120127 -0.796822 0.592124 0.120267 -0.781303 0.602668 0.162348 -0.733341 0.652024 0.192550 -0.761989 0.614581 0.204117 -0.780101 0.586770 0.217128 -0.827253 0.524810 0.200569 -0.893251 0.422864 0.152607 -0.948013 0.318092 0.009426 -0.935500 0.344467 0.078629 -0.929391 0.365406 0.052065 -0.852511 0.508778 0.119877 -0.808928 0.583569 0.071290 -0.968173 0.205105 -0.143433 -0.945081 0.283273 -0.163030 -0.973711 0.213191 0.080226 -0.940650 0.322993 0.104183 -0.927410 0.357561 0.109827 -0.805215 0.592349 0.027413 -0.785588 0.611599 0.093797 -0.761744 0.632218 0.141590 -0.745353 0.645510 0.166628 -0.745308 0.645546 0.166692 -0.742499 0.643915 0.184579 -0.777220 0.598069 0.195558 -0.800842 0.564177 0.200888 -0.821590 0.531055 0.207295 -0.845470 0.504387 0.175428 -0.911414 0.394150 0.118195 -0.948844 0.315266 0.017415 -0.962696 0.257694 -0.082527 -0.984127 0.173864 -0.035581 -0.931785 0.355664 0.072667 -0.855545 0.514050 0.061605 -0.815391 0.576874 -0.048530 -0.041419 0.902693 0.428288 -0.459622 0.794084 0.397716 -0.457814 0.814825 0.355622 -0.037846 0.920716 0.388394 -0.038650 0.938812 0.342255 -0.038943 0.956401 0.289449 -0.458283 0.829228 0.319935 -0.458675 0.845593 0.273112 -0.188295 0.099317 0.977078 -0.555539 0.012397 0.831398 -0.831453 0.008547 0.555529 -0.555481 0.017446 0.831346 -0.555438 0.027561 0.831101 -0.555327 0.032512 0.830996 -0.555252 0.043302 0.830554 -0.553084 0.047633 0.831763 -0.831435 0.011574 0.555501 -0.831416 0.018504 0.555342 -0.831376 0.021770 0.555283 -0.831345 0.028953 0.555002 -0.830484 0.031648 0.556142 -0.980716 0.010420 0.195161 -0.980784 0.006722 0.194981 -0.980792 0.003505 0.195024 -0.979136 0.014620 0.202678 -0.980134 0.015051 0.197765 -0.827897 0.066691 0.556901 -0.829795 0.052464 0.555597 -0.546700 0.099111 0.831442 -0.551337 0.078403 0.830591 -0.194336 0.052080 0.979552 -0.194691 0.038397 0.980113 -0.194947 0.020520 0.980599 -0.927092 0.272441 0.257441 -0.849006 0.399049 0.346335 -0.910986 0.323645 0.255654 -0.928433 0.153720 0.338204 -0.875693 0.211598 0.434038 -0.859224 0.222529 0.460668 -0.902090 0.147477 0.405566 -0.950558 0.105173 0.292197 -0.969700 0.050104 0.239105 -0.868136 0.110088 0.483963 -0.978713 0.021763 0.204076 -0.969713 0.050041 0.239066 -0.651822 0.496231 0.573483 -0.763536 0.444985 0.467977 -0.745096 0.402866 0.531536 -0.685357 0.379337 0.621602 -0.743829 0.372344 0.555048 -0.770808 0.311588 0.555669 -0.817199 0.235778 0.525923 -0.800450 0.243880 0.547542 -0.800422 0.243924 0.547564 -0.586435 0.372015 0.719513 -0.783238 0.260271 0.564621 -0.776675 0.457269 0.433221 -0.693795 0.531859 0.485566 -0.814115 0.456281 0.359200 -0.953317 0.249280 0.170432 -0.998171 0.048482 0.036116 -0.993618 0.100472 0.051273 -0.986439 0.155727 0.051840 -0.971403 0.227927 0.066519 -0.830339 0.472365 0.295648 -0.902936 0.372335 0.214648 -0.883774 0.394673 0.251351 -0.921298 0.334814 0.197763 -0.934308 0.301945 0.189465 -0.958557 0.200521 0.202388 -0.973831 0.147203 0.173160 -0.958563 0.200461 0.202416 -0.976575 0.173674 0.127035 -0.758621 0.581208 0.294434 -0.690532 0.616068 0.378979 -0.780012 0.538694 0.318417 -0.544134 0.155324 0.824495 -0.163482 0.211461 0.963617 -0.149655 0.319666 0.935637 -0.127569 0.437603 0.890073 -0.821482 0.172701 0.543453 -0.826853 0.104513 0.552622 -0.113918 0.520199 0.846413 -0.091818 0.630048 0.771109 -0.977033 0.160274 0.140424 -0.797161 0.474793 0.372970 -0.799232 0.462359 0.383995 -0.050151 0.856185 0.514229 -0.059480 0.784225 0.617619 -0.067870 0.724457 0.685971 -0.536069 0.181509 0.824430 -0.530921 0.256079 0.807804 -0.520553 0.293229 0.801898 -0.515227 0.364578 0.775644 -0.506277 0.445775 0.738220 -0.494796 0.533359 0.686080 -0.481666 0.620957 0.618394 -0.476123 0.676264 0.562116 -0.471392 0.693143 0.545290 -0.468077 0.737564 0.486727 0.000000 1.000000 0.000000 1.000000 0.000000 0.000000 1.000000 -0.000002 0.000000 1.000000 -0.000001 0.000000 1.000000 0.000001 0.000000 1.000000 0.000000 0.000000 1.000000 -0.000000 0.000000 1.000000 0.000001 0.000000 1.000000 -0.000001 0.000000 1.000000 -0.000003 0.000000 1.000000 -0.000000 0.000000 1.000000 0.000001 0.000000 1.000000 -0.000000 0.000000 1.000000 -0.000000 0.000000 1.000000 0.000000 0.000000 1.000000 0.000001 0.000000 1.000000 -0.000001 0.000000 0.000000 -0.130540 0.991443 0.000000 -0.065168 0.997874 0.000000 0.104389 0.994537 0.000000 0.130539 0.991443 0.000000 0.258843 0.965919 0.000000 -0.258843 0.965919 0.000000 0.258844 -0.965919 0.000000 0.707107 -0.707107 0.000000 0.965944 -0.258753 0.000000 0.965940 0.258764 0.000000 0.707107 0.707107 0.000000 -0.595927 -0.803038 0.000000 -0.595927 -0.803038 0.000000 -0.188571 -0.982060 0.000000 -0.188570 -0.982060 0.000000 0.256302 -0.966597 0.000000 0.256302 -0.966597 0.000000 0.413206 -0.910637 0.002466 0.605581 -0.795780 0.000000 0.413419 -0.910541 0.001396 0.648804 -0.760954 0.001669 0.779231 -0.626734 0.000000 0.864466 -0.502691 0.000000 0.915488 -0.402346 0.000000 0.915486 -0.402350 0.000000 0.999398 0.034710 0.000000 0.999398 0.034706 0.000000 0.885357 0.464912 0.000000 0.130639 -0.991430 0.000000 0.258856 -0.965916 0.000000 0.258855 -0.965916 0.000000 0.130403 -0.991461 0.000000 0.707068 -0.707146 0.000000 0.707071 -0.707143 0.000000 0.965917 -0.258852 0.000000 0.965918 -0.258847 0.000000 0.965914 0.258863 0.000000 0.965913 0.258868 0.000000 0.707132 0.707082 0.000000 0.707129 0.707085 0.000000 0.258769 0.965939 0.000000 0.258770 0.965939 0.000000 0.130501 0.991448 0.000000 0.130501 0.991448 1.000000 -0.000003 0.000000 1.000000 -0.000001 0.000000 1.000000 0.000001 0.000000 1.000000 0.000000 0.000000 1.000000 -0.000000 0.000000 1.000000 -0.000002 0.000000 1.000000 0.000000 0.000000 1.000000 -0.000001 0.000000 1.000000 -0.000001 0.000000 1.000000 0.000001 0.000000 1.000000 0.000000 0.000000 -0.000001 0.790482 -0.612486 -0.001118 0.683907 -0.729568 -0.000600 0.801316 -0.598241 0.000000 0.665356 -0.746527 -0.000199 -0.030415 -0.999537 0.000000 0.000000 -1.000000 0.000000 0.000000 -1.000000 -0.000843 0.119337 -0.992854 0.000000 0.029664 -0.999560 0.000000 0.000000 -1.000000 0.000000 0.000000 -1.000000 -0.000002 -0.063568 -0.997978 0.000000 0.073155 0.997321 -0.000622 0.094193 0.995554 0.000000 0.000000 1.000000 -0.000434 -0.079130 0.996864 0.000000 0.000000 1.000000 0.000000 -0.082537 0.996588 0.000000 -0.811921 -0.583767 0.000000 -0.690844 -0.723004 -0.001064 -0.798891 -0.601474 -0.000942 -0.655112 -0.755531 -0.000801 0.887652 -0.460514 -0.001268 0.962749 -0.270392 -0.000003 0.963605 -0.267330 -0.000697 0.998080 -0.061943 -0.000942 0.990168 0.139879 -0.000616 0.958627 0.284665 -0.000965 0.819544 0.573016 -0.000276 0.839859 0.542804 -0.000487 0.634408 0.772998 -0.001328 0.446597 0.894734 -0.000001 0.447562 0.894253 -0.000806 0.249093 0.968479 -0.001173 0.419989 -0.907528 -0.000657 0.300554 -0.953765 -0.001633 0.558114 -0.829763 -0.000717 -0.261285 0.965261 -0.001218 -0.453164 0.891427 -0.000002 -0.460471 0.887675 -0.000626 -0.637264 0.770645 -0.000930 -0.686109 0.727498 -0.000679 -0.862560 0.505955 -0.000659 -0.862665 0.505775 -0.001159 -0.914617 0.404318 -0.001681 -0.990286 0.139038 -0.000254 -0.967754 0.251896 -0.001089 -0.928854 -0.370443 -0.002128 -0.886969 -0.461825 -0.002180 -0.980606 -0.195977 -0.002739 -0.998818 -0.048525 -0.001108 -0.461578 -0.887099 -0.000864 -0.516615 -0.856217 -0.000378 -0.242099 -0.970252 -1.000000 0.000013 0.000000 -1.000000 -0.000010 0.000000 -1.000000 0.000003 0.000000 -1.000000 -0.000014 0.000000 -1.000000 0.000011 0.000000 -1.000000 -0.000039 0.000000 -1.000000 0.000012 0.000000 -1.000000 -0.000011 0.000000 -0.002004 0.871617 -0.490183 -0.000002 0.877720 -0.479174 -0.000000 0.906151 -0.422954 -0.000795 0.944129 -0.329575 0.000000 0.935827 -0.352459 -0.000001 -0.052716 -0.998610 -0.000261 -0.042022 -0.999117 0.000000 0.062950 -0.998017 -0.000182 0.121348 -0.992610 -0.000000 0.000000 -1.000000 -0.000000 0.000000 -1.000000 -0.000001 0.096030 0.995378 -0.000572 0.110584 0.993867 0.000000 0.000000 1.000000 -0.000567 -0.083448 0.996512 0.000000 0.000000 1.000000 0.000000 -0.083566 0.996502 -0.001840 -0.954037 -0.299682 -0.000018 -0.938260 -0.345932 -0.000000 -0.906151 -0.422954 -0.000002 -0.877720 -0.479174 -0.000677 -0.851865 -0.523761 -0.001053 0.986015 -0.166654 -0.001341 0.998572 0.053396 -0.000004 0.820499 0.571649 -0.000928 0.912062 0.410052 -0.001464 0.860495 0.509457 -0.001326 0.968461 0.249163 0.000001 0.999115 0.042056 -0.001080 0.682679 0.730718 -0.001401 0.495544 0.868582 -0.000005 0.509591 0.860417 -0.000748 0.291371 0.956610 0.000268 0.305007 -0.952350 -0.000313 0.412610 -0.910908 -0.001161 0.720884 -0.693055 -0.000120 0.650502 -0.759505 -0.002653 0.836284 -0.548291 -0.000950 -0.275236 0.961376 -0.002812 -0.248429 0.968646 -0.000947 -0.275461 0.961312 -0.002693 -0.551929 0.833887 -0.000002 -0.479822 0.877366 -0.000985 -0.660384 0.750927 -0.002419 -0.885505 0.464625 -0.000000 -0.842309 0.538995 -0.001415 -0.998688 -0.051180 -0.002766 -0.986421 -0.164211 -0.002991 -0.990124 0.140160 -0.004416 -0.963516 0.267615 -0.000688 -0.820540 -0.571588 -0.001389 -0.830369 -0.557213 -0.000901 -0.581601 -0.813474 0.001612 -0.537301 -0.843389 -0.000132 -0.434759 -0.900547 -0.001077 -0.497929 -0.867217 -0.000183 -0.218934 -0.975740 -1.000000 0.000004 0.000000 -1.000000 0.000005 0.000000 -1.000000 -0.000003 0.000000 -1.000000 -0.000001 0.000000 -1.000000 0.000006 0.000000 -1.000000 -0.000005 0.000000 -1.000000 -0.000003 0.000000 0.000000 -0.137797 -0.990460 -0.000016 -0.068984 -0.997618 0.000000 0.000000 -1.000000 -0.000368 0.125886 -0.992045 0.000000 -0.205421 -0.978674 0.000000 -0.205743 -0.978606 -0.000362 0.126076 -0.992021 0.000000 0.200689 -0.979655 -0.000520 0.188264 -0.982118 -0.001061 0.175290 -0.984516 -1.000000 -0.000029 0.000000 -1.000000 0.000005 0.000000 -1.000000 0.000005 0.000000 -1.000000 0.000000 0.000000 -1.000000 -0.000006 0.000000 -1.000000 -0.000014 0.000000 -1.000000 0.000010 0.000000 -1.000000 -0.000013 0.000000 0.000000 0.961134 -0.276082 -0.001339 0.910216 -0.414133 -0.000698 0.966811 -0.255492 0.000000 0.896616 -0.442808 0.000000 0.000000 -1.000000 -0.000379 0.125696 -0.992069 0.000000 -0.000710 -1.000000 0.000000 -0.001190 -0.999999 0.000000 -0.000710 -1.000000 0.000000 -0.000710 -1.000000 0.000000 0.000009 -1.000000 0.000000 0.000296 -1.000000 -0.000615 -0.101623 0.994823 0.000018 -0.082994 0.996550 0.000000 0.000000 1.000000 -0.000568 0.076931 0.997036 -0.000001 0.072095 0.997398 0.000000 -0.972020 -0.234896 0.000000 -0.911091 -0.412206 0.000000 -0.936712 -0.350101 -0.001163 -0.888660 -0.458564 -0.000286 -0.057837 -0.998326 0.000000 0.000000 -1.000000 0.000000 0.000000 -1.000000 -0.000002 -0.072591 -0.997362 0.000000 -0.000009 -1.000000 0.000000 0.001190 -0.999999 0.000000 0.000615 -1.000000 0.000000 0.000710 -1.000000 0.000000 0.001190 -0.999999 0.000000 0.000710 -1.000000 -0.000926 0.995689 -0.092755 -0.001300 0.992811 0.119689 0.000000 0.993319 0.115401 -0.000718 0.947832 0.318771 -0.001312 0.828261 0.560341 -0.000032 0.834775 0.550591 -0.000728 0.646799 0.762661 -0.001415 0.460742 0.887533 -0.000002 0.457773 0.889069 -0.000938 0.254160 0.967162 -0.000359 0.125899 -0.992043 0.000000 0.200623 -0.979669 -0.000536 0.188003 -0.982168 -0.001074 0.175340 -0.984507 -0.000568 0.538501 -0.842625 0.001207 0.570375 -0.821384 -0.001056 0.741030 -0.671471 -0.000528 0.650700 -0.759335 -0.002028 0.847799 -0.530314 -0.000829 -0.268427 0.963300 -0.002497 -0.238655 0.971101 -0.000829 -0.268617 0.963247 -0.002659 -0.538045 0.842912 -0.000003 -0.471038 0.882113 -0.000768 -0.650601 0.759419 -0.002747 -0.661513 0.749929 -0.000751 -0.650703 0.759332 -0.002454 -0.913635 0.406527 -0.000079 -0.842514 0.538675 -0.001691 -0.999995 -0.002682 0.000000 -0.972060 -0.234734 -0.003289 -0.983440 -0.181204 -0.003302 -0.991914 -0.126872 -0.003182 -0.984227 0.176883 -0.005090 -0.959454 0.281820 0.000000 -0.847373 -0.530998 -0.000685 -0.888593 -0.458696 -0.002023 -0.721592 -0.692316 -0.000502 -0.787448 -0.616381 -0.000365 -0.582256 -0.813006 -0.000972 -0.403163 -0.915128 -0.000002 -0.412654 -0.910888 -0.000569 -0.229424 -0.973326 -1.000000 0.000011 0.000000 -1.000000 0.000029 0.000000 -1.000000 0.000003 0.000000 -1.000000 0.000034 0.000000 -1.000000 -0.000011 0.000000 0.000000 0.984427 -0.175793 -0.000926 0.942033 -0.335520 -0.000623 0.987637 -0.156760 0.000000 0.935198 -0.354125 -0.000000 -0.021645 -0.999766 -0.000229 -0.037543 -0.999295 0.000000 0.073151 -0.997321 -0.000598 0.133132 -0.991098 0.000000 0.000000 -1.000000 0.000000 0.000000 -1.000000 -0.000001 0.051550 0.998670 -0.000440 0.055044 0.998484 -0.000002 -0.085861 0.996307 -0.001890 -0.132990 0.991116 0.000000 0.000000 1.000000 0.000000 0.000000 1.000000 0.000000 -0.990494 -0.137556 -0.000565 -0.941346 -0.337442 -0.001992 -0.983966 -0.178347 0.000000 -0.947130 -0.320850 -0.000825 1.000000 0.000480 -0.001245 0.979704 0.200446 -0.000000 0.980088 0.198562 -0.000839 0.921309 0.388830 -0.001131 0.791100 0.611686 0.000000 0.791853 0.610711 -0.000630 0.605372 0.795942 -0.001190 0.425747 0.904842 0.000000 0.411563 0.911381 -0.000874 0.219162 0.975688 -0.001492 0.463385 -0.886156 -0.000308 0.355590 -0.934642 -0.000070 0.827343 -0.561697 -0.001845 0.876027 -0.482259 0.000006 0.817936 -0.575309 -0.000944 0.827214 -0.561886 -0.003317 0.667369 -0.744720 -0.002746 0.624220 -0.781244 -0.000666 -0.263311 0.964711 -0.001943 -0.225615 0.974215 -0.000657 -0.263483 0.964664 -0.002590 -0.523027 0.852312 -0.000004 -0.465004 0.885309 -0.000902 -0.630116 0.776501 -0.000978 -0.819457 0.573140 -0.000005 -0.772181 0.635402 -0.002851 -0.997981 -0.063445 -0.004281 -0.996534 -0.083077 -0.000606 -0.999757 0.022024 0.000890 -0.908381 0.418143 -0.001048 -0.923408 0.383818 -0.001509 -0.887699 0.460421 -0.000741 -0.878540 -0.477668 -0.002237 -0.890683 -0.454619 -0.000755 -0.878438 -0.477856 -0.002199 -0.720428 -0.693526 -0.000003 -0.768861 -0.639416 -0.000716 -0.630104 -0.776511 -0.000990 -0.416531 -0.909121 -0.000020 -0.407495 -0.913207 -0.000590 -0.173104 -0.984903 -1.000000 -0.000012 0.000000 -1.000000 0.000010 0.000000 -1.000000 -0.000003 0.000000 -1.000000 0.000003 0.000000 -1.000000 0.000002 0.000000 -1.000000 -0.000045 0.000000 -1.000000 0.000009 0.000000 -1.000000 -0.000012 0.000000 -1.000000 -0.000007 0.000000 -1.000000 0.000010 0.000000 0.000000 0.986603 0.163141 -0.000973 0.999982 0.005854 -0.000764 0.982508 0.186219 0.000000 0.999869 -0.016177 0.000000 -0.013218 -0.999913 -0.000246 -0.058319 -0.998298 0.000000 0.000000 -1.000000 0.000000 0.051700 -0.998663 0.000000 0.000000 -1.000000 -0.000446 0.127370 -0.991855 0.000000 0.000000 1.000000 -0.000002 0.057305 0.998357 -0.000525 0.060165 0.998188 -0.000003 -0.088925 0.996038 -0.000861 -0.141474 0.989942 0.000000 0.000000 1.000000 0.000000 0.000000 1.000000 0.000000 0.000000 1.000000 0.000000 -0.977868 0.209223 0.000000 -0.999834 0.018251 -0.000568 -0.980065 0.198677 -0.000807 -0.999469 -0.032573 -0.001014 0.937874 0.346974 -0.001338 0.840655 0.541570 -0.000004 0.431941 0.901902 -0.000743 0.586975 0.809605 -0.001390 0.497942 0.867209 -0.001238 0.716737 0.697342 0.000000 0.845611 0.533799 -0.001043 0.238831 0.971061 -0.000656 0.190398 -0.981707 -0.001319 0.175056 -0.984558 -0.000845 0.542531 -0.840035 0.001499 0.582529 -0.812808 -0.001063 0.747227 -0.664569 -0.000816 0.647296 -0.762238 -0.000993 0.973531 -0.228552 -0.001938 0.990847 -0.134978 -0.001696 0.922032 -0.387111 -0.001754 0.850768 -0.525538 -0.000866 -0.279477 0.960152 -0.002545 -0.245072 0.969502 -0.000862 -0.279721 0.960081 -0.001397 -0.608828 0.793301 -0.000001 -0.491499 0.870878 -0.000582 -0.878784 0.477220 -0.001134 -0.915095 0.403238 -0.001842 -0.766805 0.641878 -0.002769 -0.663419 0.748243 -0.001199 -0.995723 -0.092379 -0.000660 -0.976936 -0.213532 -0.000662 -0.976884 -0.213771 -0.000577 -0.900400 -0.435063 -0.000379 -0.872904 -0.487892 -0.000913 -0.749669 -0.661812 0.000001 -0.761640 -0.648001 -0.000540 -0.616807 -0.787114 -0.000596 -0.399743 -0.916627 -0.000004 -0.396695 -0.917951 -0.000332 -0.155152 -0.987891 -1.000000 -0.000016 0.000000 -1.000000 -0.000053 0.000000 -1.000000 -0.000001 0.000000 -1.000000 -0.000032 0.000000 -1.000000 0.000009 0.000000 -1.000000 0.000009 0.000000 0.000000 0.897688 0.440633 -0.000781 0.786944 0.617024 -0.001699 0.879976 0.475016 0.000000 0.801592 0.597872 0.000000 -0.033095 -0.999452 -0.000492 -0.070039 -0.997544 0.000000 0.000000 -1.000000 0.000000 0.053198 -0.998584 0.000000 0.000000 -1.000000 -0.000689 0.125721 -0.992065 -0.000001 0.096158 0.995366 -0.000395 0.073913 0.997265 -0.000002 -0.083531 0.996505 -0.002162 -0.207634 0.978204 0.000000 0.000000 1.000000 0.000000 0.000000 1.000000 -0.000785 -0.905540 0.424259 -0.001124 -0.785489 0.618874 0.000000 -0.881468 0.472244 0.000000 -0.772051 0.635561 -0.001138 0.368681 -0.929555 -0.000481 0.323025 -0.946390 -0.000387 0.588719 -0.808338 -0.001068 0.747946 -0.663759 0.000002 0.742386 -0.669972 -0.000448 0.865265 -0.501315 -0.000719 0.944731 -0.327845 -0.000310 0.982028 -0.188738 -0.001583 0.981018 0.193913 -0.000073 0.995080 0.099077 -0.003118 0.925386 0.379014 -0.001034 0.671045 0.741416 -0.001386 0.490837 0.871250 -0.000002 0.498484 0.866899 -0.000779 0.292022 0.956411 0.000000 -0.939514 0.342512 -0.000779 -0.905595 0.424143 -0.002218 -0.990827 0.135119 -0.000588 -0.970674 0.240400 -0.000394 -0.998265 -0.058875 -0.001046 -0.961775 -0.273839 -0.000001 -0.965264 -0.261275 -0.000441 -0.889580 -0.456779 -0.001159 -0.784691 -0.619886 -0.000352 -0.690340 -0.723485 -0.000709 -0.436740 -0.899588 -0.000130 -0.459193 -0.888337 -0.000424 -0.193872 -0.981027 -0.001145 -0.573783 0.819006 -0.002247 -0.656249 0.754541 -0.002869 -0.407500 0.913201 -0.004301 -0.288116 0.957586 -1.000000 -0.000010 0.000000 -1.000000 -0.000015 0.000000 -1.000000 0.000013 0.000000 -1.000000 -0.000007 0.000000 -1.000000 0.000025 0.000000 -1.000000 -0.000025 0.000000 -1.000000 0.000008 0.000000 0.000000 -1.000000 0.000000 0.000000 -0.707107 0.707107 0.000000 -0.965940 0.258764 0.000000 -0.965944 -0.258753 0.000000 -0.707107 -0.707107 0.000000 -0.258844 -0.965919 0.000000 -0.885357 0.464912 0.000000 -0.999398 0.034706 0.000000 -0.999398 0.034710 0.000000 -0.915486 -0.402350 0.000000 -0.915488 -0.402346 0.001254 -0.819108 -0.573638 0.000000 -0.834449 -0.551086 0.001357 -0.648786 -0.760970 0.001674 -0.497395 -0.867523 -0.000022 -0.413413 -0.910543 0.000000 -0.256302 -0.966597 0.000000 -0.256301 -0.966597 0.000000 0.188570 -0.982060 0.000000 0.188571 -0.982060 0.000000 0.595927 -0.803038 0.000000 0.595927 -0.803038 0.000000 -0.130646 0.991429 0.000000 -0.258770 0.965939 0.000000 -0.258769 0.965939 0.000000 -0.130403 0.991461 0.000000 -0.707129 0.707085 0.000000 -0.707132 0.707082 0.000000 -0.965913 0.258868 0.000000 -0.965914 0.258863 0.000000 -0.965918 -0.258847 0.000000 -0.965917 -0.258852 0.000000 -0.707071 -0.707143 0.000000 -0.707068 -0.707146 0.000000 -0.258855 -0.965916 0.000000 -0.258856 -0.965916 0.000000 -0.130545 -0.991442 0.000000 -0.130545 -0.991442 1.000000 0.000001 0.000000 1.000000 0.000001 0.000000 1.000000 -0.000000 0.000000 1.000000 -0.000001 0.000000 1.000000 0.000001 0.000000 1.000000 -0.000000 0.000000 1.000000 -0.000000 0.000000 1.000000 0.000001 0.000000 1.000000 0.000001 0.000000 1.000000 -0.000000 0.000000 1.000000 -0.000001 0.000000 1.000000 0.000001 0.000005 0.857191 -0.446007 -0.257489 0.857184 -0.257492 -0.446019 0.857180 -0.515018 0.000000 0.857191 0.257517 -0.445992 0.857177 0.446020 -0.257513 0.857185 -0.000007 -0.515008 0.857177 0.446016 0.257522 0.857184 0.257520 0.446004 0.857191 0.514998 0.000000 0.857177 -0.257495 0.446031 0.857191 -0.446003 0.257498 0.857180 -0.000007 0.515016 0.000000 -0.965952 -0.258723 0.000000 -0.965951 -0.258723 0.000000 -0.707064 -0.707149 0.000000 -0.707068 -0.707145 0.000000 -0.258817 -0.965927 0.000000 -0.258812 -0.965928 0.000000 0.258784 -0.965935 0.000000 0.258782 -0.965936 0.000000 0.707194 -0.707020 0.000000 0.707198 -0.707016 0.000000 0.965891 -0.258949 0.000000 0.965895 -0.258933 0.000000 0.965895 0.258933 0.000000 0.965891 0.258949 0.000000 0.707165 0.707049 0.000000 0.707161 0.707053 0.000000 0.258807 0.965929 0.000000 0.258809 0.965929 0.000000 -0.258837 0.965921 0.000000 -0.258841 0.965920 0.000000 -0.707035 0.707178 0.000000 -0.707031 0.707183 0.000000 -0.965951 0.258724 0.000000 -0.965951 0.258724 1.000000 -0.000001 0.000005 0.857177 -0.446020 -0.257513 0.857191 -0.257517 -0.445992 0.857191 -0.514998 0.000000 0.857184 0.257492 -0.446019 0.857191 0.446007 -0.257489 0.857185 0.000007 -0.515008 0.857191 0.446003 0.257498 0.857177 0.257495 0.446031 0.857180 0.515018 0.000000 0.857184 -0.257520 0.446004 0.857177 -0.446016 0.257522 0.857180 0.000007 0.515016 0.000000 -0.965895 -0.258933 0.000000 -0.965891 -0.258949 0.000000 -0.707198 -0.707016 0.000000 -0.707194 -0.707020 0.000000 -0.258782 -0.965936 0.000000 -0.258784 -0.965935 0.000000 0.258812 -0.965928 0.000000 0.258817 -0.965927 0.000000 0.707068 -0.707145 0.000000 0.707064 -0.707149 0.000000 0.965952 -0.258723 0.000000 0.965951 -0.258723 0.000000 0.965951 0.258724 0.000000 0.965951 0.258724 0.000000 0.707031 0.707183 0.000000 0.707035 0.707178 0.000000 0.258841 0.965920 0.000000 0.258837 0.965921 0.000000 -0.258809 0.965929 0.000000 -0.258807 0.965929 0.000000 -0.707161 0.707053 0.000000 -0.707165 0.707048 0.000000 -0.965891 0.258949 0.000000 -0.965982 0.258609 -0.000000 -0.965982 0.258609 0.000000 -0.965982 0.258609 0.000000 0.998490 0.054937 0.000000 0.998110 -0.061452 0.000000 0.998491 0.054923 0.000000 0.998111 -0.061438 0.000000 0.993561 0.113300 0.000000 0.993558 0.113327 0.000000 0.992851 -0.119363 0.000000 0.992887 -0.119057 0.000000 -0.998082 -0.061901 0.000005 -0.999375 0.035351 0.000000 -0.998082 -0.061901 0.000000 -0.998490 0.054937 0.000000 -0.993558 0.113327 0.000000 -0.993559 0.113314 0.000000 -0.992838 -0.119473 0.000000 -0.992838 -0.119473 0.000000 -0.998091 -0.061765 0.000000 -0.998491 0.054923 0.000000 -0.998110 -0.061452 0.000000 -0.993558 0.113327 0.000000 -0.993561 0.113300 0.000000 -0.992887 -0.119057 0.000000 -0.992834 -0.119506 0.000000 0.998082 -0.061901 0.000000 0.998490 0.054930 0.000000 0.998082 -0.061901 0.000000 0.993559 0.113314 0.000000 0.993558 0.113327 -0.000000 0.992838 -0.119473 0.000000 0.992838 -0.119473 -1.000000 -0.000002 -0.000013 -0.857161 0.446058 -0.257502 -0.857161 0.257542 -0.446034 -0.857161 0.515049 -0.000006 -0.857150 -0.257530 -0.446064 -0.857161 -0.446034 -0.257545 -0.857156 -0.000012 -0.515057 -0.857167 -0.446028 0.257533 -0.857162 -0.257512 0.446049 -0.857170 -0.515034 -0.000006 -0.857174 0.257525 0.446019 -0.857167 0.446053 0.257491 -0.857166 -0.000012 0.515041 0.000000 0.965934 -0.258790 0.000000 0.965932 -0.258797 0.000000 0.707157 -0.707056 0.000000 0.707157 -0.707056 0.000000 0.258819 -0.965926 0.000000 -0.258867 -0.965913 0.000000 -0.258869 -0.965912 0.000000 -0.707056 -0.707157 0.000000 -0.707056 -0.707157 0.000000 -0.965915 -0.258860 0.000000 -0.965915 -0.258860 0.000000 -0.965922 0.258834 0.000000 -0.965922 0.258834 0.000000 -0.707068 0.707146 0.000000 -0.707068 0.707146 0.000000 -0.258826 0.965924 0.000000 -0.258824 0.965925 0.000000 0.258775 0.965938 0.000000 0.258775 0.965938 0.000000 0.707169 0.707045 0.000000 0.707169 0.707045 0.000000 0.965939 0.258771 0.000000 0.965941 0.258764 -1.000000 0.000002 -0.000013 -0.857161 0.446034 -0.257544 -0.857150 0.257530 -0.446064 -0.857170 0.515034 -0.000006 -0.857161 -0.257542 -0.446034 -0.857161 -0.446058 -0.257502 -0.857156 0.000012 -0.515057 -0.857167 -0.446053 0.257491 -0.857174 -0.257525 0.446019 -0.857161 -0.515049 -0.000006 -0.857162 0.257512 0.446049 -0.857167 0.446028 0.257533 -0.857166 0.000012 0.515041 0.000000 0.965915 -0.258860 0.000000 0.965915 -0.258860 0.000000 0.707056 -0.707157 0.000000 0.707056 -0.707157 0.000000 0.258869 -0.965912 0.000000 0.258867 -0.965913 0.000000 -0.258819 -0.965926 0.000000 -0.707157 -0.707056 0.000000 -0.707157 -0.707056 0.000000 -0.965932 -0.258797 0.000000 -0.965934 -0.258790 0.000000 -0.965941 0.258764 0.000000 -0.965939 0.258771 0.000000 -0.707169 0.707045 0.000000 -0.707169 0.707045 0.000000 -0.258775 0.965938 0.000000 -0.258775 0.965938 0.000000 0.258824 0.965924 0.000000 0.258826 0.965924 0.000000 0.707068 0.707146 0.000000 0.707068 0.707146 0.000000 0.965922 0.258834 0.000000 0.965922 0.258834 0.000000 -0.862932 0.505320 0.000000 -0.862944 0.505300 0.000000 -0.584707 0.811245 0.000000 -0.584700 0.811250 0.000000 -0.582902 -0.812542 0.000000 -0.582909 -0.812538 0.000000 -0.860691 -0.509128 0.000000 -0.860679 -0.509149 0.000000 0.584693 0.811254 0.000000 0.584706 0.811245 0.000000 0.862944 0.505300 0.000000 0.862932 0.505320 0.000000 0.860539 -0.509386 0.000000 0.860539 -0.509386 0.000000 0.860539 -0.509386 0.000000 0.860269 -0.509840 0.000000 0.582909 -0.812538 0.000000 0.584700 0.811250 0.000000 0.862702 0.505713 0.000000 0.862702 0.505713 -0.000001 0.862702 0.505713 0.000000 0.862762 0.505610 0.000000 0.862762 0.505610 0.000000 0.862762 0.505610 0.000000 0.860679 -0.509149 0.000000 0.860398 -0.509623 0.000001 0.860349 -0.509705 0.000000 0.860398 -0.509623 0.000000 0.582902 -0.812542 0.000000 -0.584693 0.811255 0.000000 -0.582519 -0.812817 0.000000 -0.582519 -0.812817 0.000000 -0.582519 -0.812817 0.000000 -0.860269 -0.509840 0.000000 -0.860294 -0.509798 -0.993065 -0.117567 -0.000001 -0.998269 -0.058817 0.000000 -0.999027 0.044098 -0.000034 -0.993063 0.117584 0.000000 -0.984402 0.175932 0.000000 -0.984402 0.175932 0.000000 -0.984402 -0.175934 0.000000 -0.984402 -0.175934 0.000000 -0.354448 0.935075 0.001487 -0.088311 0.996093 0.000000 -0.088182 0.996104 0.000000 -0.344269 0.938871 0.000003 -0.632237 0.774775 -0.000513 -0.747579 0.664173 -0.000501 -0.830868 0.556458 -0.003652 -0.842263 0.539068 0.000000 0.135080 0.990835 0.000000 0.067564 0.997715 -0.000012 0.000000 1.000000 0.000000 0.201853 0.979416 0.000000 0.201853 0.979416 0.000000 0.677805 0.735242 0.000016 0.626419 0.779487 -0.000005 0.572371 0.819995 0.000000 0.572096 0.820187 0.000000 0.725902 0.687798 -0.000022 0.725903 0.687797 -0.000022 0.767904 0.640565 -0.000015 0.806907 0.590678 0.000000 0.903453 0.428687 0.000000 0.950680 0.310174 0.000037 0.982025 0.188751 0.000000 0.998004 0.063151 0.000000 0.992014 -0.126125 -0.000001 0.999635 -0.027014 0.000000 0.998011 0.063045 0.000000 0.950683 -0.310165 -0.000028 0.903457 -0.428680 0.000000 0.806878 -0.590718 0.000000 0.767917 -0.640550 0.000001 0.725946 -0.687752 0.000001 0.725945 -0.687753 0.000001 0.677820 -0.735228 0.000007 0.626420 -0.779486 0.000000 0.572355 -0.820006 0.000000 0.572356 -0.820005 0.000000 0.101450 -0.994841 0.000000 0.101367 -0.994849 0.000000 0.201853 -0.979416 0.000000 0.201853 -0.979416 0.000000 -0.117583 -0.993063 0.000000 -0.058847 -0.998267 -0.000001 -0.176290 -0.984338 0.000000 -0.175630 -0.984456 0.000000 -0.842177 -0.539202 0.000000 -0.842179 -0.539199 0.000000 -0.538930 -0.842351 0.000000 -0.538928 -0.842352 0.000000 -0.066413 -0.706610 -0.704480 -0.062785 -0.705718 -0.705705 0.000000 -0.707107 -0.707107 0.000000 -0.707107 -0.707106 0.072271 -0.705276 -0.705240 0.072220 -0.705260 -0.705261 -0.217531 -0.672908 -0.707018 -0.308684 -0.636692 -0.706638 -0.464929 -0.530554 -0.708770 -0.534221 -0.462068 -0.707885 -0.639425 -0.304930 -0.705800 -0.672180 -0.222197 -0.706260 -0.707426 -0.066700 -0.703633 -0.705371 -0.070039 -0.705370 0.462246 -0.537540 -0.705252 0.462392 -0.537392 -0.705268 0.323584 -0.629659 -0.706274 0.234647 -0.667923 -0.706272 -0.706607 0.066428 -0.704482 -0.705719 0.062836 -0.705700 -0.707107 0.000000 -0.707106 -0.707107 0.000000 -0.707106 0.513294 -0.486264 -0.707160 0.513314 -0.486262 -0.707148 0.558530 -0.436273 -0.705486 0.558529 -0.436260 -0.705495 -0.672892 0.217566 -0.707023 -0.636695 0.308684 -0.706635 -0.530517 0.464970 -0.708770 -0.462057 0.534232 -0.707883 -0.304936 0.639428 -0.705794 -0.222206 0.672184 -0.706253 -0.066768 0.707439 -0.703613 -0.069921 0.705376 -0.705376 0.705506 -0.067434 -0.705489 0.705506 -0.067372 -0.705494 0.672941 -0.219508 -0.706376 0.639498 -0.303436 -0.706378 0.072120 0.705264 -0.705267 0.072247 0.705265 -0.705253 0.000000 0.707107 -0.707106 0.707107 0.000000 -0.707106 0.705513 0.067376 -0.705487 0.705499 0.067415 -0.705498 0.234546 0.667953 -0.706277 0.323478 0.629714 -0.706273 0.462282 0.537524 -0.705240 0.462320 0.537476 -0.705252 0.558529 0.436261 -0.705495 0.558483 0.436311 -0.705499 0.639488 0.303436 -0.706387 0.672930 0.219530 -0.706380 0.513266 0.486312 -0.707149 0.513269 0.486291 -0.707161 0.000000 0.097986 0.995188 -0.002868 -0.175604 0.984457 -0.001377 0.070910 0.997482 0.000000 -0.043534 0.999052 0.003446 0.126912 0.991908 -0.000003 0.000000 1.000000 -0.000000 0.049018 0.998798 0.000007 0.000000 1.000000 0.000010 0.000000 1.000000 0.002722 0.260983 0.965340 -0.001356 0.574299 0.818645 0.009007 0.577751 0.816164 0.006518 0.637030 0.770812 0.010034 0.502054 0.864778 0.014130 0.555525 0.831380 0.010024 0.501977 0.864823 0.004069 0.293834 0.955848 -0.002739 0.141703 0.989905 -0.005445 0.469430 0.882953 -0.002209 0.596865 0.802339 -0.002289 0.426994 0.904252 -0.000018 0.422571 0.906330 -0.002747 0.184619 0.982806 -0.002758 0.184476 0.982833 0.000000 0.980785 0.195089 0.000029 0.947172 0.320727 -0.000033 0.896599 0.442843 0.000000 0.831462 0.555581 0.000000 0.896494 0.443055 -0.002060 -0.177651 0.984091 0.000000 -0.707166 0.707047 0.000000 -0.495007 0.868889 -0.000375 -0.494779 0.869019 0.000000 -0.485194 0.874406 -0.004307 -0.392551 0.919720 -0.007985 -0.348463 0.937288 -0.000001 -0.065168 0.997874 0.016487 -0.160503 0.986898 0.024472 -0.239222 0.970657 0.026739 -0.314804 0.948780 0.026682 -0.314991 0.948720 0.002052 -0.444028 0.896011 0.001386 -0.538175 0.842832 -0.000001 -0.637178 0.770716 0.000000 -0.707166 0.707048 0.000000 -0.707166 0.707048 0.000000 -0.707167 0.707047 -0.000002 0.000000 1.000000 -0.000006 0.000000 1.000000 0.000000 -0.965943 0.258757 0.000000 -0.965943 0.258757
</float_array>
          <technique_common>
            <accessor source="#mesh-aa5222c1-f076-48e4-9660-4ca9ac6919eb_002-mesh-normals-array" count="2031" stride="3">
              <param name="X" type="float" />
              <param name="Y" type="float" />
              <param name="Z" type="float" />
            </accessor>
          </technique_common>
        </source>
        <vertices id="mesh-aa5222c1-f076-48e4-9660-4ca9ac6919eb_002-mesh-vertices">
          <input semantic="POSITION" source="#mesh-aa5222c1-f076-48e4-9660-4ca9ac6919eb_002-mesh-positions" />
        </vertices>
        <triangles material="Material-金属_002-material" count="2383">
          <input semantic="VERTEX" source="#mesh-aa5222c1-f076-48e4-9660-4ca9ac6919eb_002-mesh-vertices" offset="0" />
          <input semantic="NORMAL" source="#mesh-aa5222c1-f076-48e4-9660-4ca9ac6919eb_002-mesh-normals" offset="1" />
          <p>0 0 1 1 2 2 2 2 1 1 3 3 2 2 3 3 4 4 4 4 3 3 5 5 1 1 0 0 6 6 6 6 0 0 7 7 8 8 9 9 10 10 10 10 9 9 11 11 10 10 11 11 12 12 12 12 11 11 13 13 12 12 13 13 7 7 7 7 13 13 14 14 7 7 14 14 6 6 15 15 16 16 17 17 17 17 16 16 18 18 17 17 18 18 19 19 19 19 18 18 20 20 19 19 20 20 8 8 8 8 20 20 21 21 8 8 21 21 9 9 22 22 23 23 24 24 24 24 23 23 25 25 24 24 25 25 26 26 26 26 25 25 4 4 26 26 4 4 5 5 27 27 28 28 15 15 15 15 28 28 16 16 29 29 30 30 31 31 31 31 30 30 32 32 31 31 32 32 33 33 33 33 32 32 34 34 33 33 34 34 27 27 27 27 34 34 35 35 27 27 35 35 28 28 36 36 37 37 38 38 38 38 37 37 39 39 38 38 39 39 40 40 40 40 39 39 41 41 40 40 41 41 42 42 42 42 41 41 43 43 42 42 43 43 44 44 44 44 43 43 45 45 44 44 45 45 46 46 46 46 45 45 47 47 46 46 47 47 48 48 48 48 47 47 49 49 49 49 47 47 50 50 49 49 50 50 51 51 51 51 50 50 23 23 51 51 23 23 22 22 30 30 29 29 52 52 52 52 29 29 53 53 52 52 53 53 54 54 54 54 53 53 55 55 54 54 55 55 56 56 56 56 55 55 57 57 56 56 57 57 58 58 58 58 57 57 59 59 58 58 59 59 60 60 60 60 59 59 61 61 60 60 61 61 62 62 62 62 61 61 63 63 62 62 63 63 64 64 64 64 63 63 65 65 64 64 65 65 66 66 66 66 65 65 67 67 66 66 67 67 68 68 69 69 70 70 71 71 71 71 70 70 72 72 71 71 72 72 73 73 73 73 72 72 74 74 74 74 72 72 75 75 74 74 75 75 76 76 76 76 75 75 77 77 76 76 77 77 78 78 78 78 77 77 37 37 78 78 37 37 36 36 79 79 68 68 67 67 80 80 81 80 82 80 80 81 82 82 67 67 67 67 82 82 83 83 67 67 83 83 79 79 81 84 80 84 84 84 84 85 80 85 85 85 84 85 85 85 86 85 87 86 88 87 89 88 89 88 88 87 90 89 70 70 69 69 91 90 91 90 69 69 92 91 91 90 92 91 93 92 93 92 92 91 94 93 93 92 94 93 95 94 95 94 94 93 96 95 95 94 96 95 97 96 97 96 96 95 98 97 97 96 98 97 99 98 99 98 98 97 100 99 99 98 100 99 101 100 101 100 100 99 102 101 103 102 102 103 90 89 90 89 102 103 104 104 90 89 104 104 89 88 85 85 105 85 86 85 86 85 105 85 106 85 88 87 87 86 107 79 107 79 108 83 88 87 88 87 108 83 109 105 88 87 109 105 105 106 105 80 109 80 110 80 105 84 110 84 106 84 111 107 112 108 113 109 113 109 112 108 114 110 113 109 114 110 115 111 116 112 117 113 118 114 118 114 117 113 119 115 120 116 121 117 114 110 114 110 121 117 115 111 116 112 118 114 122 118 122 118 118 114 123 119 122 118 123 119 124 120 124 120 123 119 125 121 125 121 123 119 126 122 125 121 126 122 127 123 127 123 126 122 128 124 128 124 126 122 129 125 128 124 129 125 130 126 130 126 129 125 131 127 131 127 129 125 112 108 131 127 112 108 111 107 132 128 133 129 134 130 132 128 134 130 135 131 119 115 117 113 134 130 134 130 117 113 136 132 134 130 136 132 135 131 137 133 138 134 139 135 139 135 138 134 140 136 137 133 139 135 141 137 141 137 139 135 142 138 143 139 144 140 138 134 138 134 144 140 140 136 145 141 146 141 147 141 148 142 149 142 150 142 151 143 152 143 153 143 153 144 152 144 154 144 155 145 156 145 157 145 157 146 156 146 158 146 157 147 158 147 159 147 159 141 158 141 160 141 159 141 160 141 161 141 162 141 161 141 163 141 163 141 161 141 160 141 163 141 148 141 164 141 164 148 148 148 150 148 165 141 145 141 166 141 166 149 145 149 147 149 166 141 147 141 154 141 154 141 147 141 162 141 154 150 162 150 153 150 167 151 168 152 169 153 169 153 170 154 167 151 167 151 170 154 171 155 167 151 171 155 172 156 173 157 174 158 175 109 175 109 174 158 176 159 175 109 176 159 177 160 178 161 179 162 180 163 180 163 179 162 181 164 174 158 173 157 182 165 182 165 173 157 183 166 184 167 185 168 168 152 168 152 185 168 169 153 177 160 176 159 186 169 186 169 176 159 187 170 186 169 187 170 188 171 188 171 187 170 189 172 189 172 187 170 190 173 189 172 190 173 191 174 192 175 178 161 180 163 180 163 193 176 192 175 192 175 193 176 194 177 192 175 194 177 190 173 190 173 194 177 195 178 190 173 195 178 191 174 179 162 196 179 181 164 181 164 196 179 197 180 197 180 196 179 198 181 198 181 196 179 199 182 198 181 199 182 200 183 200 183 199 182 201 184 201 184 199 182 167 151 201 184 167 151 172 156 202 185 203 186 204 109 204 109 203 186 205 187 206 188 207 188 208 188 208 189 207 189 202 190 205 187 203 186 209 191 209 191 203 186 210 192 211 193 212 193 213 193 214 141 215 141 213 141 216 194 217 194 218 194 219 195 220 195 221 195 222 141 223 141 224 141 225 141 223 141 226 141 221 196 227 196 228 196 228 197 227 197 214 197 228 141 214 141 229 141 229 141 214 141 230 141 229 198 230 198 231 198 216 141 218 141 232 141 226 141 211 141 225 141 225 199 211 199 213 199 225 141 213 141 218 141 218 200 213 200 215 200 218 201 215 201 232 201 233 202 234 203 235 204 235 204 234 203 236 205 237 141 238 206 239 207 239 207 238 206 235 204 239 207 235 204 240 208 240 208 235 204 236 205 241 209 242 210 243 211 243 211 242 210 244 212 243 211 244 212 245 213 245 213 244 212 246 214 247 215 248 216 249 217 249 217 248 216 250 218 251 219 252 220 253 221 253 221 252 220 254 222 249 217 255 223 247 215 247 215 255 223 253 221 247 215 253 221 256 224 256 224 253 221 254 222 257 225 258 226 259 227 259 227 258 226 260 228 259 141 261 141 262 141 262 141 261 141 263 229 262 141 263 229 264 230 264 230 263 229 265 231 264 230 265 231 266 232 267 233 268 234 269 235 270 236 271 237 272 238 272 238 271 237 273 239 272 238 273 239 274 240 267 233 269 235 272 238 272 238 269 235 275 241 272 238 275 241 270 236 276 242 277 141 278 243 279 141 280 141 281 141 282 141 283 141 284 141 284 244 283 244 285 244 286 245 287 246 288 247 288 247 287 246 289 248 290 249 291 249 292 249 293 250 294 251 295 141 296 252 297 252 298 252 298 253 299 254 300 255 300 255 299 254 301 256 300 255 301 256 278 243 278 243 301 256 302 257 278 243 302 257 276 242 276 141 302 141 303 141 290 141 292 141 304 141 304 258 292 258 286 258 304 141 286 141 305 141 295 141 286 245 288 247 295 141 288 247 293 250 306 259 307 259 308 259 308 260 307 260 309 260 285 141 310 141 284 141 284 261 310 261 311 261 284 262 311 262 312 262 313 263 314 263 315 263 315 264 314 264 316 264 315 141 316 141 317 141 318 141 319 265 320 266 321 141 322 141 323 141 323 267 322 267 324 267 323 141 324 141 316 141 316 268 324 268 325 268 316 269 325 269 317 269 279 270 326 270 327 270 328 271 329 271 330 271 330 272 329 272 331 272 332 273 331 273 333 273 320 266 334 274 318 141 318 141 334 274 332 275 318 276 332 276 335 276 335 141 332 141 333 141 298 253 300 255 296 277 296 277 300 255 336 278 296 277 336 278 337 279 277 141 308 280 278 243 278 243 308 280 309 281 278 243 309 281 338 282 338 282 309 281 339 283 297 284 340 284 298 284 298 141 340 141 341 141 298 285 341 285 328 285 328 286 341 286 342 286 328 287 342 287 329 287 291 288 343 288 292 288 292 289 343 289 344 289 292 141 344 141 308 141 308 141 344 141 345 141 308 141 345 141 306 141 313 141 283 141 289 141 289 290 283 290 282 290 289 248 282 291 288 247 288 247 282 291 346 292 288 247 346 292 334 274 334 274 346 292 347 293 334 274 347 293 332 275 321 141 323 141 348 141 348 141 323 141 349 141 348 141 349 141 350 141 350 141 349 141 351 141 350 141 351 141 352 141 352 141 351 141 303 141 352 141 303 141 280 141 280 141 303 141 302 141 280 141 302 141 281 141 311 294 353 294 312 294 312 295 353 295 354 295 312 141 354 141 326 141 326 141 354 141 355 141 326 141 355 141 327 141 356 296 357 297 358 298 359 299 360 300 361 301 361 301 360 300 362 302 363 303 364 304 365 305 365 305 364 304 366 306 365 305 366 306 367 307 359 299 361 301 366 306 366 306 361 301 368 308 366 306 368 308 367 307 369 309 370 310 371 311 371 311 370 310 372 312 371 311 372 312 373 313 362 302 374 314 361 301 361 301 374 314 375 315 361 301 375 315 358 298 358 298 375 315 376 316 358 298 376 316 356 296 357 297 377 317 358 298 358 298 377 317 370 310 358 298 370 310 378 318 378 318 370 310 369 309 379 319 380 320 381 321 381 321 380 320 382 322 381 321 382 322 383 323 383 323 382 322 384 324 383 323 384 324 385 325 385 325 384 324 386 326 386 326 384 324 387 327 386 326 387 327 388 328 388 328 387 327 389 329 388 328 389 329 390 330 391 331 392 332 389 329 389 329 392 332 393 333 389 329 393 333 390 330 394 334 395 335 391 331 391 331 395 335 396 336 391 331 396 336 392 332 397 337 398 338 399 339 399 339 398 338 400 340 399 339 400 340 394 334 394 334 400 340 401 341 394 334 401 341 395 335 397 337 399 339 402 342 402 342 399 339 403 343 402 342 403 343 404 344 405 345 406 346 403 343 403 343 406 346 407 347 403 343 407 347 404 344 408 348 409 349 410 350 410 350 409 349 411 351 410 350 411 351 405 345 405 345 411 351 412 352 405 345 412 352 406 346 410 350 413 353 408 348 408 348 413 353 414 354 408 348 414 354 415 355 415 355 414 354 416 356 415 355 416 356 417 357 417 357 416 356 418 358 417 357 418 358 419 359 419 359 418 358 420 360 420 360 418 358 421 361 421 361 418 358 422 362 421 361 422 362 423 363 422 362 424 364 423 363 423 363 424 364 425 365 423 363 425 365 426 366 426 366 425 365 427 367 428 368 429 369 430 370 430 370 429 369 431 371 430 370 431 371 427 367 427 367 431 371 432 372 427 367 432 372 426 366 428 368 430 370 433 373 433 373 430 370 434 374 433 373 434 374 435 375 435 375 434 374 436 376 435 375 436 376 437 377 437 377 436 376 438 378 438 378 436 376 439 379 438 378 439 379 440 380 439 379 441 381 440 380 440 380 441 381 442 382 440 380 442 382 443 383 443 383 442 382 444 384 443 383 444 384 445 385 445 385 444 384 446 386 445 385 446 386 447 387 447 387 446 386 448 388 447 387 448 388 449 389 449 389 448 388 450 390 449 389 450 390 451 391 452 392 453 155 454 393 454 393 453 155 455 394 454 393 455 394 456 395 456 395 455 394 457 155 456 395 457 155 458 396 458 396 457 155 459 155 458 396 459 155 379 319 379 319 459 155 460 155 379 319 460 155 380 320 461 397 462 398 463 399 462 398 464 400 465 401 383 323 385 325 466 402 383 323 466 402 381 321 467 403 370 310 377 317 467 403 377 317 468 404 468 404 377 317 357 297 468 404 357 297 469 405 469 405 357 297 356 296 469 405 356 296 470 406 470 406 356 296 376 316 470 406 376 316 471 407 471 407 376 316 375 315 471 407 375 315 472 408 462 398 465 401 463 399 463 399 465 401 473 409 463 399 473 409 474 410 474 410 473 409 475 411 474 410 475 411 476 412 476 412 475 411 477 413 476 412 477 413 478 414 478 414 477 413 479 415 478 414 479 415 480 416 461 397 463 399 481 417 481 417 463 399 474 410 481 417 474 410 482 418 482 418 474 410 476 412 482 418 476 412 483 419 483 419 476 412 478 414 483 419 478 414 484 420 484 420 478 414 480 416 484 420 480 416 485 421 372 312 370 310 486 422 486 422 370 310 467 403 487 423 464 424 488 425 488 425 464 424 489 426 490 427 462 398 491 428 491 428 462 398 461 397 466 402 492 429 381 321 381 321 492 429 493 430 381 321 493 430 379 319 379 319 493 430 494 431 379 319 494 431 458 396 458 396 494 431 495 432 458 396 495 432 456 395 456 395 495 432 496 433 456 395 496 433 454 393 454 393 496 433 497 434 454 393 497 434 452 392 498 435 499 436 500 437 501 438 502 439 503 440 246 214 244 212 504 441 504 441 244 212 505 442 504 441 505 442 506 443 506 443 505 442 507 444 506 443 507 444 508 445 508 445 507 444 509 446 510 447 511 448 512 449 513 450 514 451 511 448 511 448 514 451 515 452 511 448 515 452 516 453 516 453 517 454 511 448 511 448 517 454 518 455 511 448 518 455 512 449 502 439 519 456 520 457 520 457 519 456 521 458 520 457 521 458 513 450 513 450 521 458 522 459 513 450 522 459 514 451 501 438 503 440 523 460 524 461 358 298 525 462 526 463 527 464 524 465 524 465 527 464 500 437 524 465 500 437 528 466 528 466 500 437 499 436 498 435 529 467 530 468 530 468 529 467 531 469 530 468 531 469 532 470 533 471 534 472 535 473 535 473 534 472 536 474 535 473 536 474 537 475 242 210 538 476 244 212 244 212 538 476 539 477 244 212 539 477 505 442 505 442 539 477 540 478 540 478 541 479 505 442 505 442 541 479 542 480 505 442 542 480 533 471 533 471 542 480 543 481 533 471 543 481 534 472 544 482 253 221 255 223 545 483 546 484 547 485 408 348 548 486 549 487 544 482 255 223 550 488 550 488 255 223 249 217 550 488 249 217 503 440 503 440 249 217 250 218 503 440 250 218 523 460 502 439 520 457 503 440 503 440 520 457 551 489 503 440 551 489 552 490 552 490 551 489 553 491 552 490 553 491 554 492 408 348 549 487 409 349 409 349 549 487 555 493 409 349 555 493 411 351 411 351 555 493 412 352 412 352 555 493 556 494 412 352 556 494 406 346 406 346 556 494 557 495 406 346 557 495 407 347 407 347 557 495 558 496 407 347 558 496 404 344 404 344 558 496 559 497 404 344 559 497 402 342 532 470 531 469 537 475 537 475 531 469 560 498 537 475 560 498 535 473 535 473 560 498 561 499 535 473 561 499 533 471 533 471 561 499 562 500 533 471 562 500 505 442 505 442 562 500 510 447 505 442 510 447 507 444 507 444 510 447 512 449 507 444 512 449 509 446 402 342 559 497 397 337 397 337 559 497 563 501 397 337 563 501 398 338 398 338 563 501 564 502 398 338 564 502 400 340 400 340 564 502 565 503 400 340 565 503 401 341 401 341 565 503 566 504 401 341 566 504 395 335 395 335 566 504 567 505 395 335 567 505 396 336 396 336 567 505 568 506 396 336 568 506 392 332 358 298 378 318 525 462 525 462 378 318 369 309 525 462 369 309 569 507 569 507 369 309 371 311 569 507 371 311 570 508 570 508 371 311 373 313 570 508 373 313 571 509 571 509 373 313 372 312 571 509 372 312 486 422 498 435 500 437 529 467 529 467 500 437 527 464 529 467 527 464 572 510 572 510 527 464 526 463 572 510 526 463 573 511 573 511 526 463 574 512 573 511 574 512 575 513 575 513 574 512 576 514 575 513 576 514 577 515 577 515 576 514 578 516 577 515 578 516 579 517 579 517 578 516 487 423 579 517 487 423 488 425 545 483 547 485 580 518 580 518 547 485 520 457 580 518 520 457 581 519 581 519 520 457 513 450 581 519 513 450 582 520 582 520 513 450 511 448 582 520 511 448 583 521 583 521 511 448 584 522 583 521 584 522 585 523 585 523 584 522 586 524 585 523 586 524 587 525 587 525 586 524 588 526 587 525 588 526 589 527 589 527 588 526 590 528 589 527 590 528 591 529 591 529 590 528 592 530 591 529 592 530 593 531 593 531 592 530 594 532 593 531 594 532 595 533 595 533 594 532 596 534 595 533 596 534 597 535 597 535 596 534 598 536 597 535 598 536 599 537 599 537 598 536 600 538 599 537 600 538 601 539 601 539 600 538 602 540 601 539 602 540 603 541 603 541 602 540 604 542 603 541 604 542 605 543 605 543 604 542 490 427 605 543 490 427 491 428 392 332 568 506 393 333 393 333 568 506 606 544 393 333 606 544 390 330 390 330 606 544 607 545 390 330 607 545 388 328 388 328 607 545 608 546 388 328 608 546 386 326 386 326 608 546 466 402 386 326 466 402 385 325 609 547 610 548 611 549 612 550 251 219 253 221 613 551 614 552 544 482 544 482 614 552 615 553 544 482 615 553 253 221 253 221 615 553 616 554 253 221 616 554 612 550 617 555 618 556 619 557 619 557 618 556 620 558 619 557 620 558 546 484 546 484 620 558 621 559 546 484 621 559 622 560 622 561 623 562 553 491 553 491 623 562 624 563 553 491 624 563 554 492 554 492 624 563 625 564 554 492 625 564 613 565 626 566 627 567 628 568 628 568 627 567 629 569 628 568 629 569 619 557 619 557 629 569 630 570 619 557 630 570 617 555 626 566 628 568 631 571 631 571 628 568 293 250 631 571 293 250 288 247 632 572 633 573 628 568 628 568 633 573 634 574 628 568 634 574 293 250 293 250 634 574 635 575 293 250 635 575 294 251 636 576 637 577 638 578 638 578 637 577 639 579 638 578 639 579 640 580 636 576 641 581 637 577 637 577 641 581 642 582 637 577 642 582 619 557 619 557 642 582 643 583 619 557 643 583 644 584 644 584 645 585 619 557 619 557 645 585 646 586 619 557 646 586 628 568 628 568 646 586 647 587 628 568 647 587 632 572 640 580 639 579 648 588 648 588 639 579 338 282 648 588 338 282 339 283 649 589 338 282 650 590 650 590 338 282 639 579 650 590 639 579 651 591 651 591 639 579 652 592 649 589 653 593 338 282 338 282 653 593 278 243 611 549 610 548 654 594 610 548 655 595 654 594 654 594 655 595 656 596 654 594 656 596 637 577 637 577 656 596 657 597 637 577 657 597 658 598 658 598 659 599 637 577 637 577 659 599 660 600 637 577 660 600 639 579 639 579 660 600 661 601 639 579 661 601 652 592 609 547 611 549 662 602 662 602 611 549 258 226 662 602 258 226 257 225 663 603 664 604 611 549 664 604 665 605 611 549 611 549 665 605 666 606 611 549 666 606 258 226 258 226 666 606 667 607 258 226 667 607 260 228 668 608 669 609 654 594 669 609 670 610 654 594 654 594 670 610 671 611 654 594 671 611 611 549 611 549 671 611 672 612 611 549 672 612 663 603 673 613 668 608 674 614 674 614 668 608 654 594 674 614 654 594 675 615 420 360 676 616 677 617 675 615 654 594 678 618 678 618 654 594 637 577 678 618 637 577 679 619 679 619 637 577 619 557 679 619 619 557 680 620 680 620 619 557 546 484 680 620 546 484 545 483 420 360 677 617 419 359 419 359 677 617 681 621 419 359 681 621 417 357 417 357 681 621 682 622 417 357 682 622 415 355 415 355 682 622 548 486 415 355 548 486 408 348 443 383 445 385 683 623 268 234 684 624 685 625 449 389 451 391 686 626 686 626 451 391 687 627 686 626 688 628 689 629 689 629 688 628 690 630 689 629 691 631 692 632 692 632 691 631 693 633 694 634 695 635 270 236 270 236 695 635 271 237 447 387 449 389 696 636 696 636 449 389 686 626 696 636 686 626 697 637 697 637 686 626 689 629 697 637 689 629 698 638 698 638 689 629 692 632 699 639 694 634 275 241 275 241 694 634 270 236 445 385 447 387 683 623 683 623 447 387 696 636 683 623 696 636 700 640 700 640 696 636 697 637 700 640 697 637 701 641 701 641 697 637 698 638 701 641 699 639 269 235 269 235 699 639 275 241 440 380 443 383 702 642 702 642 443 383 683 623 702 642 683 623 703 643 703 643 683 623 700 640 703 643 700 640 685 625 685 625 700 640 701 641 685 625 701 641 268 234 268 234 701 641 269 235 704 644 705 645 706 646 707 647 708 648 709 649 710 650 711 651 712 652 712 652 711 651 713 653 710 654 714 655 235 204 235 204 714 655 715 656 715 656 716 657 235 204 235 204 716 657 717 658 235 204 717 658 233 202 718 659 719 660 720 661 721 662 719 663 722 664 721 662 722 664 723 665 724 666 725 667 726 668 726 668 727 669 724 666 724 666 727 669 728 670 724 666 728 670 718 659 718 659 728 670 729 671 718 659 729 671 719 660 709 649 708 648 730 672 730 672 708 648 731 673 730 672 731 673 732 674 731 673 733 675 732 674 732 674 733 675 685 625 732 674 685 625 684 624 734 676 735 677 674 614 674 614 735 677 736 678 674 614 736 678 673 613 704 644 706 646 737 679 702 642 703 643 738 680 739 681 438 378 740 682 740 682 438 378 440 380 740 682 440 380 702 642 725 667 724 666 707 647 707 647 724 666 741 683 707 647 741 683 708 648 708 648 741 683 742 684 708 648 742 684 731 673 731 673 742 684 738 680 731 673 738 680 733 675 733 675 738 680 703 643 733 675 703 643 685 625 743 685 433 373 744 686 744 686 433 373 435 375 744 686 435 375 739 681 739 681 435 375 437 377 739 681 437 377 438 378 710 654 235 204 745 687 745 687 235 204 238 206 745 687 238 206 746 688 746 688 238 206 747 689 746 688 747 689 706 646 706 646 747 689 748 690 706 646 748 690 737 679 705 645 749 691 706 646 706 646 749 691 750 692 706 646 750 692 751 693 751 693 750 692 721 662 751 693 721 662 711 651 711 651 721 662 723 665 711 651 723 665 713 653 702 642 738 680 740 682 740 682 738 680 752 694 740 682 752 694 739 681 739 681 752 694 753 695 739 681 753 695 744 686 744 686 753 695 724 666 744 686 724 666 754 696 754 696 724 666 718 659 754 696 718 659 755 697 755 697 718 659 720 661 755 697 720 661 756 698 756 698 720 661 757 699 756 698 757 699 758 700 758 700 757 699 759 701 758 700 759 701 760 702 421 361 423 363 761 703 761 703 423 363 426 366 761 703 426 366 762 704 762 704 426 366 432 372 762 704 432 372 763 705 763 705 432 372 431 371 763 705 431 371 764 706 764 706 431 371 429 369 764 706 429 369 743 685 743 685 429 369 428 368 743 685 428 368 433 373 420 360 421 361 676 616 676 616 421 361 761 703 675 615 760 702 674 614 674 614 760 702 759 701 674 614 759 701 734 676 734 676 759 701 705 707 765 708 766 709 767 710 768 711 769 712 770 713 770 713 769 712 771 714 770 713 771 714 772 715 772 715 771 714 773 716 773 716 771 714 774 717 773 716 774 717 775 718 776 719 777 720 778 721 775 718 774 717 777 720 777 720 774 717 779 722 777 720 779 722 778 721 778 721 780 723 776 719 776 719 780 723 781 724 776 719 781 724 782 725 782 725 781 724 783 726 782 725 783 726 784 727 783 726 785 728 784 727 784 727 785 728 786 729 784 727 786 729 787 730 787 730 786 729 788 731 787 730 788 731 789 732 788 731 790 733 789 732 789 732 790 733 791 734 789 732 791 734 792 735 792 735 791 734 793 736 792 735 793 736 794 737 793 736 795 738 794 737 794 737 795 738 796 739 794 737 796 739 797 740 797 740 796 739 798 741 797 740 798 741 799 742 799 742 798 741 800 743 799 742 800 743 801 744 800 743 802 745 801 744 801 744 802 745 803 746 801 744 803 746 804 747 803 746 805 748 804 747 804 747 805 748 451 391 804 747 451 391 450 390 806 749 807 750 808 751 808 751 807 750 809 752 808 751 809 752 810 753 810 753 809 752 811 754 810 753 811 754 770 713 770 713 811 754 812 755 770 713 812 755 768 711 806 749 808 751 813 756 813 756 808 751 814 757 813 756 814 757 815 758 816 759 817 760 814 757 814 757 817 760 818 761 814 757 818 761 815 758 819 762 820 763 816 759 816 759 820 763 821 764 816 759 821 764 817 760 822 765 823 766 824 767 824 767 823 766 825 768 824 767 825 768 819 762 819 762 825 768 826 769 819 762 826 769 820 763 822 765 824 767 827 770 827 770 824 767 828 771 827 770 828 771 829 772 829 772 828 771 830 773 829 772 830 773 831 774 832 775 833 776 452 392 452 392 833 776 834 777 452 392 834 777 835 778 835 778 836 779 452 392 452 392 836 779 837 780 452 392 837 780 453 155 453 155 837 155 838 155 453 155 838 155 839 155 839 155 840 155 453 155 453 781 840 781 841 781 453 782 841 782 842 782 842 155 843 155 453 155 453 155 843 155 844 155 453 783 844 783 845 783 844 784 846 784 845 784 845 785 846 785 847 785 845 155 847 155 848 155 849 155 850 155 851 786 847 155 852 155 848 155 848 787 852 787 853 787 848 788 853 788 854 788 850 155 855 789 851 786 851 786 855 789 856 790 851 786 856 790 857 791 858 155 859 792 860 793 860 793 859 792 857 791 860 793 857 791 861 794 861 794 857 791 856 790 858 155 862 795 859 792 859 792 862 795 863 796 859 792 863 796 452 392 452 392 863 796 864 797 452 392 864 797 832 775 765 708 865 155 766 709 766 709 865 155 848 798 766 709 848 798 851 786 851 786 848 798 854 799 851 786 854 799 849 155 831 774 830 773 866 800 866 800 830 773 867 801 866 800 867 801 767 710 767 710 867 801 868 802 767 710 868 802 765 708 831 774 866 800 869 803 869 803 866 800 870 804 869 803 870 804 871 805 872 806 871 805 873 807 364 304 872 806 874 808 866 800 767 710 870 804 875 809 767 710 766 709 875 809 766 709 876 810 876 810 766 709 851 786 876 810 851 786 877 811 877 811 851 786 857 791 877 811 857 791 878 812 878 812 857 791 859 792 878 812 859 792 879 813 879 813 859 792 452 392 879 813 452 392 497 434 871 805 870 804 873 807 873 807 870 804 880 814 873 807 880 814 881 815 881 815 880 814 882 816 881 815 882 816 883 817 883 817 882 816 884 816 883 817 884 816 885 818 885 818 884 816 886 819 885 818 886 819 887 820 887 820 886 819 485 421 887 820 485 421 480 416 872 806 873 807 874 808 874 808 873 807 881 815 874 808 881 815 888 821 888 821 881 815 883 817 888 821 883 817 889 822 889 822 883 817 885 818 889 822 885 818 890 823 890 823 885 818 887 820 890 823 887 820 891 409 891 409 887 820 480 416 891 409 480 416 479 415 364 304 874 808 366 306 366 306 874 808 892 824 366 306 892 824 359 299 359 299 892 824 893 825 359 299 893 825 360 300 360 300 893 825 894 826 360 300 894 826 362 302 362 302 894 826 895 827 362 302 895 827 374 314 374 314 895 827 472 408 374 314 472 408 375 315 896 828 897 829 898 830 899 831 900 832 901 833 902 834 903 835 904 836 904 836 903 835 905 837 906 838 907 839 243 211 243 211 907 839 908 840 243 211 908 840 241 209 909 841 910 842 911 843 911 843 910 842 912 844 911 843 912 844 905 837 905 837 912 844 913 845 905 837 913 845 904 836 914 846 915 847 916 848 917 849 915 850 909 841 917 849 909 841 918 851 914 846 916 848 919 852 919 852 916 848 920 853 919 852 920 853 900 832 897 829 921 854 898 830 922 855 921 856 923 857 922 855 923 857 924 858 925 859 926 860 927 861 928 862 926 863 929 864 928 862 929 864 896 828 930 865 931 866 932 867 933 868 931 869 934 870 933 868 934 870 925 859 925 859 934 870 935 871 925 859 935 871 926 860 245 213 903 835 243 211 243 211 903 835 902 834 243 211 902 834 906 838 245 213 936 872 903 835 903 835 936 872 937 873 903 835 938 874 939 875 939 875 938 874 940 876 939 875 940 876 941 877 942 878 769 712 768 711 943 879 944 880 945 881 254 222 946 882 947 883 896 828 898 830 928 862 928 862 898 830 948 884 928 862 948 884 949 885 949 885 948 884 946 882 949 885 946 882 950 886 254 222 947 883 256 224 256 224 947 883 922 855 256 224 922 855 247 215 247 215 922 855 924 858 247 215 924 858 248 216 942 878 768 711 951 887 951 887 768 711 812 755 951 887 812 755 952 888 952 888 812 755 811 754 952 888 811 754 953 889 811 754 809 752 953 889 953 889 809 752 807 750 953 889 807 750 954 890 954 890 807 750 806 749 954 890 806 749 955 891 955 891 806 749 813 756 955 891 813 756 956 892 956 892 813 756 815 758 956 892 815 758 957 893 909 841 911 843 918 851 958 894 911 843 905 837 958 894 905 837 959 895 959 895 905 837 903 835 959 895 903 835 960 896 960 896 903 835 939 875 960 896 939 875 961 897 961 897 939 875 941 877 961 897 941 877 932 867 932 867 941 877 962 898 932 867 962 898 930 865 815 758 818 761 957 893 957 893 818 761 817 760 957 893 817 760 963 899 963 899 817 760 821 764 963 899 821 764 964 900 964 900 821 764 820 763 964 900 820 763 965 901 965 901 820 763 826 769 965 901 826 769 966 902 966 902 826 769 825 768 966 902 825 768 967 903 967 903 825 768 823 766 967 903 823 766 968 904 823 766 822 765 969 905 969 905 822 765 827 770 969 905 827 770 970 906 970 906 827 770 829 772 970 906 829 772 971 907 971 907 829 772 831 774 971 907 831 774 869 803 943 879 945 881 972 908 973 909 945 910 974 911 973 909 974 911 927 861 927 861 974 911 975 912 927 861 975 912 925 859 925 859 975 912 976 913 925 859 976 913 933 868 933 868 976 913 977 914 933 868 977 914 978 915 978 915 977 914 979 916 978 915 979 916 980 917 980 917 979 916 981 918 980 917 981 918 982 919 982 919 981 918 983 920 982 919 983 920 984 921 984 921 983 920 985 922 984 921 985 922 986 923 986 923 985 922 987 924 986 923 987 924 988 925 988 925 987 924 989 926 988 925 989 926 990 927 990 927 989 926 967 903 990 927 967 903 991 928 991 928 967 903 968 904 991 928 968 904 992 929 992 929 968 904 970 906 992 929 970 906 993 930 993 930 970 906 971 907 993 930 971 907 994 931 994 931 971 907 869 803 994 931 869 803 871 805 900 832 920 853 901 833 901 833 920 853 995 932 901 833 995 932 996 933 996 933 995 932 997 934 996 933 997 934 998 935 998 935 997 934 999 936 998 935 999 936 1000 937 1000 937 999 936 993 930 1000 937 993 930 1001 938 1001 938 993 930 994 931 1001 938 994 931 1002 939 1002 939 994 931 871 805 1003 940 871 805 872 806 899 831 901 833 1004 941 1005 942 901 833 996 933 1005 942 996 933 361 301 361 301 996 933 1006 943 361 301 1006 943 368 308 368 308 1006 943 1007 944 368 308 1007 944 367 307 367 307 1007 944 1008 945 367 307 1008 945 365 305 365 305 1008 945 1003 940 365 305 1003 940 363 303 363 303 1003 940 872 806 363 303 872 806 364 304 1009 946 1010 947 1011 948 1011 948 1010 947 1012 949 1011 948 1012 949 1013 950 1009 946 1014 951 1010 947 1010 947 1014 951 1015 952 1010 947 1015 952 1016 953 1016 953 1015 952 1017 954 1016 953 1017 954 1018 955 263 229 1019 956 265 231 265 231 1019 956 1020 957 265 231 1020 957 1012 949 1012 949 1020 957 1021 958 1012 949 1021 958 1013 950 1022 959 1023 960 1012 949 266 232 265 231 1024 961 1024 961 265 231 1012 949 1024 961 1012 949 1025 962 1025 962 1012 949 1023 960 1026 963 1027 964 1028 965 1028 965 1027 964 1029 966 1028 965 1029 966 1010 947 1010 947 1029 966 1030 967 1010 947 1030 967 1012 949 1012 949 1030 967 1031 968 1012 949 1031 968 1022 959 1032 969 1033 970 1034 971 1034 971 1033 970 1035 972 1034 971 1035 972 1028 965 1028 965 1035 972 1036 973 1028 965 1036 973 1026 963 336 278 300 255 1037 974 336 278 1037 974 1038 975 336 278 1038 975 1034 971 1034 971 1038 975 1039 976 1034 971 1039 976 1032 969 1040 977 1041 978 1034 971 337 279 336 278 1042 979 1042 979 336 278 1034 971 1042 979 1034 971 1043 980 1043 980 1034 971 1041 978 1044 981 1045 982 1046 983 1046 983 1045 982 1047 984 1046 983 1047 984 1028 965 1047 984 1048 985 1028 965 1028 965 1048 985 1049 986 1028 965 1049 986 1034 971 1034 971 1049 986 1050 987 1034 971 1050 987 1040 977 1051 988 1052 989 1053 990 1053 990 1052 989 1054 991 1053 990 1054 991 1046 983 1046 983 1054 991 1055 992 1046 983 1055 992 1044 981 320 266 319 265 1056 993 320 266 1056 993 1053 990 1053 990 1056 993 1057 994 1053 990 1057 994 1051 988 334 274 320 266 1058 995 1058 995 320 266 1053 990 1058 995 1053 990 1059 996 1059 996 1053 990 1060 997 1061 998 1062 999 950 886 950 886 1062 999 1063 1000 1063 1000 1064 1001 950 886 943 879 1064 1002 1065 1003 943 879 1065 1003 1046 983 1046 983 1065 1003 1066 1004 1046 983 1066 1004 1067 1005 1067 1005 1068 1006 1046 983 1046 983 1068 1006 1069 1007 1046 983 1069 1007 1053 990 1053 990 1069 1007 1070 1008 1053 990 1070 1008 1060 997 1071 1009 946 882 1072 1010 1072 1010 946 882 254 222 1072 1010 254 222 1073 1011 1073 1011 254 222 252 220 1071 1009 1074 1012 946 882 946 882 1074 1012 1075 1013 946 882 1075 1013 950 886 950 886 1075 1013 1076 1014 950 886 1076 1014 1061 998 1077 1015 778 721 779 722 1016 953 1078 1016 1079 1017 1077 1015 779 722 1080 1018 1080 1018 779 722 774 717 1080 1018 774 717 1081 1019 1081 1019 774 717 771 714 1081 1019 771 714 1082 1020 1082 1020 771 714 769 712 1082 1020 769 712 942 878 1016 953 1079 1017 1010 947 1010 947 1079 1017 1083 1021 1010 947 1083 1021 1028 965 1028 965 1083 1021 1084 1022 1028 965 1084 1022 1046 983 1046 983 1084 1022 944 880 1046 983 944 880 943 879 800 743 798 741 1085 1023 690 630 688 628 1086 1024 693 633 691 631 1087 1025 690 630 1086 1024 1088 1026 1088 1026 1086 1024 1089 1027 1088 1026 1089 1027 1090 1028 1090 1028 1089 1027 1091 1029 1090 1028 1091 1029 1092 1030 693 633 1087 1025 1093 1031 1093 1031 1087 1025 1094 1032 1093 1031 1094 1032 1095 1033 1095 1033 1094 1032 1096 1034 1095 1033 1096 1034 1097 1035 267 233 272 238 1098 1036 1098 1036 272 238 274 240 1098 1036 274 240 1099 1037 1099 1037 274 240 273 239 1099 1037 273 239 1100 1038 1100 1038 273 239 271 237 1100 1038 271 237 695 635 800 743 1085 1023 802 745 1101 1039 267 233 1102 1040 1102 1040 267 233 1098 1036 1103 1041 1097 1035 1104 1042 1104 1042 1097 1035 1096 1034 1105 1043 1092 1030 1106 1044 1106 1044 1092 1030 1091 1029 1085 1023 1107 1045 802 745 802 745 1107 1045 1108 1046 802 745 1108 1046 803 746 803 746 1108 1046 1109 1047 803 746 1109 1047 805 748 805 748 1109 1047 687 627 805 748 687 627 451 391 1110 1048 1111 1049 1112 1050 1113 1051 1114 1052 1115 1053 1114 1052 1113 1051 1116 1054 1113 1051 1117 1055 1116 1054 1116 1054 1117 1055 1118 1056 1116 1054 1118 1056 1119 1057 1120 1058 1118 1059 1101 1039 1120 1058 1101 1039 1102 1040 1121 1060 1122 1061 1123 1062 1121 1060 1123 1062 1124 1063 1124 1063 1123 1062 1125 1064 1124 1063 1125 1064 1126 1065 1115 1053 1127 1066 1128 1067 1128 1068 1129 1069 1124 1063 1128 1068 1124 1063 1130 1070 1130 1070 1124 1063 1126 1065 1122 1061 1121 1060 1131 1071 1131 1071 1121 1060 1132 1072 1131 1071 1132 1072 1133 1073 1110 1048 1112 1050 1134 1074 236 205 234 203 1135 1075 1135 1075 1136 1076 236 205 236 205 1136 1076 1137 1077 236 205 1137 1077 1138 1078 1139 1079 1140 1080 1141 1081 1141 1081 1140 1080 1142 1082 1141 1081 1142 1082 1143 1083 1143 1083 1144 1084 1141 1081 1145 1085 1144 1086 239 207 1145 1085 239 207 1146 1087 1016 953 1018 955 1147 1088 1016 953 1147 1088 1148 1089 1148 1089 1147 1088 1149 1090 1148 1089 1149 1090 1139 1079 1085 1023 798 741 796 739 1105 1043 1106 1044 1150 1091 1085 1023 796 739 1151 1092 1151 1092 796 739 795 738 1151 1092 795 738 1152 1093 1152 1093 795 738 793 736 1152 1093 793 736 1153 1094 1115 1053 1114 1052 1127 1066 1127 1066 1114 1052 1116 1054 1127 1066 1116 1054 1154 1095 1154 1095 1116 1054 1119 1057 1154 1095 1119 1057 1155 1096 1155 1096 1119 1057 1103 1041 1155 1096 1103 1041 1104 1042 793 736 791 734 1153 1094 1153 1094 791 734 790 733 1153 1094 790 733 1156 1097 1156 1097 790 733 788 731 1156 1097 788 731 1157 1098 239 207 240 208 1146 1087 1158 1099 240 208 236 205 1158 1099 236 205 1112 1050 1112 1050 236 205 1138 1078 1112 1050 1138 1078 1134 1074 1139 1079 1141 1081 1148 1089 1148 1089 1141 1081 1159 1100 1148 1089 1159 1100 1160 1101 1160 1101 1159 1100 1112 1050 1160 1101 1112 1050 1132 1072 1132 1072 1112 1050 1111 1049 1132 1072 1111 1049 1133 1073 778 721 1077 1015 780 723 780 723 1077 1015 1161 1102 780 723 1161 1102 781 724 781 724 1161 1102 1162 1103 781 724 1162 1103 783 726 783 726 1162 1103 1163 1104 783 726 1163 1104 785 728 785 728 1163 1104 1157 1098 785 728 1157 1098 786 729 786 729 1157 1098 788 731 1105 1043 1150 1091 1164 1105 1164 1105 1150 1091 1165 1106 1164 1105 1165 1106 1166 1107 1166 1107 1165 1106 1167 1108 1166 1107 1167 1108 1129 1069 1129 1069 1167 1108 1168 1109 1129 1069 1168 1109 1124 1063 1124 1063 1168 1109 1169 1110 1124 1063 1169 1110 1121 1060 1121 1060 1169 1110 1170 1111 1121 1060 1170 1111 1132 1072 1132 1072 1170 1111 1171 1112 1132 1072 1171 1112 1172 1113 1172 1113 1171 1112 1173 1114 1172 1113 1173 1114 1148 1089 1148 1089 1173 1114 1078 1016 1148 1089 1078 1016 1016 953 1174 1115 1175 1115 1176 1115 1176 1115 1175 1115 1177 1115 1176 1115 1177 1115 1178 1115 1178 1115 1177 1115 1179 1115 1178 1115 1179 1115 1180 1115 1180 1115 1179 1115 1181 1115 1182 1116 1183 1116 1184 1116 1184 1116 1183 1116 1185 1116 1182 1116 1186 1116 1187 1116 1188 1117 1183 1117 1189 1117 1189 1116 1183 1116 1182 1116 1189 1118 1182 1118 1190 1118 1190 1116 1182 1116 1187 1116 1185 1119 1191 1119 1192 1119 1183 1120 1193 1120 1194 1120 1194 1116 1193 1116 1195 1116 1194 1121 1195 1121 1196 1121 1197 1116 1184 1116 1198 1116 1198 1116 1184 1116 1185 1116 1198 1122 1185 1122 1199 1122 1199 1123 1185 1123 1192 1123 1200 1124 1201 1124 1202 1124 1202 1125 1201 1125 1195 1125 1202 1126 1195 1126 1203 1126 1203 1116 1195 1116 1193 1116 1183 1116 1194 1116 1185 1116 1185 1116 1194 1116 1204 1116 1185 1127 1204 1127 1205 1127 1205 1128 1204 1128 1206 1128 1205 1129 1206 1129 1207 1129 1208 1116 1205 1116 1209 1116 1209 1116 1205 1116 1207 1116 1209 1130 1207 1130 1210 1130 1210 1131 1207 1131 1211 1131 1212 155 1213 155 1214 155 1214 155 1213 155 1215 155 1216 109 1217 1132 1218 109 1218 109 1217 1132 1219 1133 1218 109 1219 1133 1220 109 1220 109 1219 1133 1221 1134 1220 109 1221 1134 1222 109 1222 109 1221 1134 1223 1135 1224 1136 1225 1136 1221 1134 1221 1134 1225 1136 1223 1135 1219 1133 1217 1132 1226 1137 1226 1137 1217 1132 1227 1137 1228 1138 1229 1138 1230 1138 1230 1138 1229 1138 1231 1138 1232 1139 1233 1139 1234 1139 1234 1139 1233 1139 1235 1139 1236 1140 1237 1140 1238 1140 1238 1140 1237 1140 1239 1140 1240 1141 1241 1141 1242 1141 1242 1141 1241 1141 1243 1141 1244 1142 1245 1142 1246 1142 1246 1142 1245 1142 1247 1142 1248 1143 1249 1143 1250 1143 1250 1144 1249 1144 1251 1144 1252 1145 1253 1145 1254 1145 1254 1146 1253 1146 1255 1146 1256 1147 1257 1147 1258 1147 1257 1148 1259 1149 1258 1148 1260 1150 1259 1151 1261 1152 1260 1150 1261 1152 1262 1153 1262 1153 1261 1152 1263 1154 1262 1153 1263 1154 1264 1155 1264 1155 1263 1154 1265 1156 1266 1157 1267 1157 1268 1157 1268 1158 1267 1158 1269 1158 1270 1159 1271 1159 1272 1159 1272 1159 1271 1159 1273 1159 1274 1160 1275 1161 1276 1161 1276 1162 1275 1162 1277 1162 1278 155 1279 155 1280 155 1280 155 1279 155 1274 1163 1281 1164 1282 1164 1283 1164 1283 1165 1282 1165 1284 1165 1285 1166 1286 1166 1287 1166 1287 1167 1286 1167 1288 1167 1289 1168 1290 1168 1291 1168 1291 1169 1290 1169 1292 1169 1293 1170 1294 1170 1295 1170 1295 1171 1294 1171 1296 1171 1297 1172 1298 1173 1299 1174 1299 1174 1298 1173 1300 1175 1300 1175 1301 109 1299 1174 1299 1174 1301 109 1302 109 1303 1176 1304 1176 1305 1176 1305 1116 1304 1116 1306 1116 1304 1177 1307 1177 1306 1177 1306 1178 1307 1178 1308 1178 1306 1116 1308 1116 1309 1116 1309 1116 1308 1116 1310 1116 1309 1179 1310 1179 1311 1179 1311 1116 1310 1116 1312 1116 1311 1180 1312 1180 1313 1180 1313 1116 1312 1116 1314 1116 1313 1116 1314 1116 1315 1116 1315 1116 1314 1116 1316 1116 1315 1116 1316 1116 1317 1116 1317 1181 1316 1181 1318 1181 1317 1182 1318 1182 1319 1182 1319 1183 1318 1183 1320 1183 1319 1116 1320 1116 1321 1116 1321 1184 1320 1184 1322 1184 1321 1116 1322 1116 1305 1116 1305 1185 1322 1185 1323 1185 1305 1186 1323 1186 1303 1186 1324 1187 1325 1188 1326 1189 1326 1189 1325 1188 1327 1190 1328 155 1329 155 1330 155 1330 155 1329 155 1331 1191 1331 1191 1329 155 1332 1192 1331 1191 1332 1192 1333 1193 1334 1194 1335 155 1336 1195 1336 1195 1335 155 1337 1196 1336 1195 1337 1196 1338 1197 1338 1197 1339 155 1336 1195 1336 1195 1339 155 1340 155 1336 1195 1340 155 1328 155 1333 1193 1341 155 1331 1191 1331 1191 1341 155 1342 155 1331 1191 1342 155 1343 155 1343 155 1344 155 1331 1191 1331 1191 1344 155 1345 155 1331 1191 1345 155 1346 1198 1347 1199 1348 1200 1349 1201 1349 1201 1348 1200 1350 1202 1349 1201 1350 1202 1351 1203 1351 1203 1350 1202 1352 1204 1353 1205 1354 1206 1355 1207 1355 1207 1354 1206 1356 1208 1324 1187 1326 1189 1357 1209 1357 1209 1326 1189 1358 1210 1357 1209 1358 1210 1359 1211 1359 1211 1358 1210 1360 1212 1360 1212 1358 1210 1361 1213 1360 1212 1361 1213 1362 1214 1362 1214 1361 1213 1363 1215 1362 1214 1363 1215 1364 1216 1364 1216 1363 1215 1365 1217 1365 1217 1363 1215 1366 1218 1365 1217 1366 1218 1367 1219 1367 1219 1366 1218 1368 1220 1368 1220 1366 1218 1348 1200 1368 1220 1348 1200 1347 1199 1336 1195 1369 1221 1334 1194 1334 1194 1369 1221 1370 1222 1327 1190 1325 1188 1369 1221 1369 1221 1325 1188 1371 1223 1369 1221 1371 1223 1370 1222 1352 1204 1350 1202 1372 1224 1372 1224 1350 1202 1373 1225 1372 1224 1373 1225 1374 1226 1374 1226 1373 1225 1375 1227 1375 1227 1373 1225 1376 1228 1375 1227 1376 1228 1377 1229 1377 1230 1378 1231 1379 1232 1377 1230 1379 1232 1380 1233 1381 1234 1353 1205 1355 1207 1355 1207 1382 1235 1381 1234 1381 1234 1382 1235 1383 1236 1381 1234 1383 1236 1379 1232 1379 1232 1383 1236 1384 1237 1379 1232 1384 1237 1380 1233 1354 1206 1385 1238 1356 1208 1356 1208 1385 1238 1386 1239 1386 1239 1385 1238 1387 1240 1387 1240 1385 1238 1331 1191 1387 1240 1331 1191 1346 1198 1388 1241 1389 1241 1390 1241 1391 141 1388 141 1392 141 1392 141 1388 141 1390 141 1392 141 1390 141 1393 141 1393 141 1390 141 1394 141 1394 141 1395 141 1393 141 1393 1242 1395 1242 1396 1242 1393 1243 1396 1243 1397 1243 1398 141 1399 141 1400 141 1400 1244 1399 1244 1391 1244 1400 141 1391 141 1401 141 1401 1245 1391 1245 1392 1245 1402 1246 1403 1246 1404 1246 1404 1247 1403 1247 1393 1247 1404 141 1393 141 1405 141 1405 1248 1393 1248 1397 1248 1406 1249 1407 1250 1408 1251 1408 1251 1407 1250 1409 1252 1408 1251 1409 1252 1410 1253 1411 155 1412 1254 1413 1255 1411 155 1413 1255 1414 155 1415 1256 1416 1257 1417 155 1417 155 1418 155 1415 1256 1419 155 1418 155 1420 155 1419 1258 1420 1259 1413 1255 1413 1255 1420 1259 1421 155 1413 1255 1421 155 1414 155 1422 1260 1423 1261 1424 1262 1424 1262 1423 1261 1425 1263 1424 1262 1425 1263 1426 1264 1426 1264 1425 1263 1427 1265 1428 1266 1429 1267 1430 1268 1430 1268 1429 1267 1431 1269 1430 1268 1431 1269 1432 1270 1410 1253 1409 1252 1433 1271 1433 1271 1409 1252 1434 1272 1435 1273 1436 1274 1437 1275 1437 1275 1436 1274 1438 1276 1437 1275 1438 1276 1434 1272 1434 1272 1438 1276 1439 1277 1434 1272 1439 1277 1433 1271 1435 1273 1437 1275 1440 1278 1440 1278 1437 1275 1441 1279 1440 1278 1441 1279 1442 1280 1442 1280 1441 1279 1443 1281 1443 1281 1441 1279 1423 1261 1443 1281 1423 1261 1422 1260 1416 1257 1415 1256 1444 1282 1416 1257 1444 1282 1445 1283 1445 1283 1444 1282 1446 1284 1445 1283 1446 1284 1447 1285 1407 1250 1406 1249 1446 1284 1446 1284 1406 1249 1448 1286 1446 1284 1448 1286 1447 1285 1427 1265 1425 1263 1449 1287 1449 1287 1425 1263 1450 1288 1449 1289 1451 1290 1452 1291 1452 1291 1451 1290 1453 1292 1453 1292 1451 1290 1454 1293 1453 1292 1454 1293 1455 1294 1456 1295 1429 1267 1428 1266 1428 1266 1457 1296 1456 1295 1456 1295 1457 1296 1458 1297 1456 1295 1458 1297 1454 1293 1454 1293 1458 1297 1459 1298 1454 1293 1459 1298 1455 1294 1432 1270 1431 1269 1460 1299 1432 1270 1460 1299 1461 1300 1462 1301 1463 1302 1464 1303 1462 1301 1464 1303 1465 1304 1465 1304 1464 1303 1466 1305 1466 1305 1464 1303 1413 1255 1466 1305 1413 1255 1412 1254 1467 1306 1468 1306 1469 1306 1470 1307 1471 1307 1472 1307 1472 141 1471 141 1469 141 1473 141 1474 141 1471 141 1471 1308 1474 1308 1475 1308 1471 141 1475 141 1469 141 1475 141 1476 141 1469 141 1469 1309 1476 1309 1477 1309 1469 1310 1477 1310 1478 1310 1479 141 1467 141 1480 141 1480 141 1467 141 1469 141 1480 1311 1469 1311 1481 1311 1481 141 1469 141 1478 141 1482 141 1483 141 1472 141 1472 141 1483 141 1484 141 1472 1312 1484 1312 1470 1312 1485 1313 1486 1314 1487 155 1487 155 1486 1314 1488 155 1487 1315 1488 1315 1489 1315 1489 155 1488 155 1490 1316 1486 1314 1485 1313 1491 1317 1491 1317 1485 1313 1492 1318 1490 1319 1493 1320 1494 1321 1490 1319 1494 1321 1495 1322 1496 141 1497 141 1498 141 1499 141 1500 141 1501 141 1502 1323 1503 1323 1504 1323 1504 1324 1503 1324 1505 1324 1504 141 1505 141 1506 141 1506 141 1505 141 1507 141 1501 141 1508 141 1499 141 1499 1325 1508 1325 1497 1325 1499 141 1497 141 1505 141 1505 1326 1497 1326 1496 1326 1505 1327 1496 1327 1507 1327 1509 145 1510 145 1511 145 1511 1328 1510 1328 1512 1328 1511 1329 1512 1329 1498 1329 1498 141 1512 141 1496 141 1513 141 1512 141 1514 141 1513 1330 1514 1330 1515 1330 1516 1331 1517 1332 1518 1333 1518 1333 1517 1332 1519 1334 1520 155 1521 155 1522 155 1522 155 1521 155 1523 155 1522 1335 1523 1335 1524 1335 1524 155 1523 155 1525 1336 1520 1337 1526 1338 1521 1339 1521 1340 1527 1341 1528 1342 1529 1343 1530 1344 1531 1345 1529 1343 1531 1345 1532 1346 1532 1346 1531 1345 1533 109 1532 1346 1533 109 1534 1347 1535 1348 1536 1349 1537 1350 1537 1350 1536 1349 1538 1351 1539 1352 1540 155 1541 1353 1541 1353 1542 1354 1539 1352 1539 1352 1542 1354 1543 155 1539 1352 1543 155 1544 1355 1527 1356 1545 1357 1528 1358 1528 1359 1545 1360 1540 1361 1516 1331 1518 1333 1546 1362 1546 1362 1518 1333 1547 1363 1546 1362 1547 1363 1548 1364 1548 1364 1547 1363 1549 1365 1549 1365 1547 1363 1550 1366 1549 1365 1550 1366 1551 1367 1551 1367 1550 1366 1552 1368 1552 1368 1550 1366 1553 1369 1552 1368 1553 1369 1554 1370 1554 1370 1553 1369 1555 1371 1555 1371 1553 1369 1532 1346 1555 1371 1532 1346 1534 1347 1525 1372 1556 1373 1557 1374 1525 1372 1557 1374 1558 1375 1559 1376 1560 1377 1561 1378 1559 1376 1561 1378 1562 1379 1519 1334 1517 1332 1561 1378 1561 1378 1517 1332 1563 1380 1561 1378 1563 1380 1562 1379 1530 1344 1529 1343 1564 1381 1564 1381 1529 1343 1565 1382 1564 1383 1566 1384 1567 1385 1567 1385 1566 1384 1568 1386 1568 1386 1566 1384 1569 1387 1568 1388 1570 1389 1571 1390 1572 1391 1535 1392 1573 1393 1573 1393 1574 1394 1572 1391 1572 1391 1574 1394 1575 1395 1572 1391 1575 1395 1570 1389 1570 1389 1575 1395 1576 1396 1570 1389 1576 1396 1571 1390 1536 1349 1577 1397 1538 1351 1538 1398 1578 1399 1579 1400 1579 1400 1578 1399 1580 1401 1580 1401 1578 1399 1581 1402 1580 1401 1581 1402 1582 1403 1582 1403 1581 1402 1583 1404 1583 1404 1581 1402 1539 1352 1583 1404 1539 1352 1544 1355 1584 141 1585 141 1586 141 1586 141 1585 141 1587 141 1586 141 1587 141 1588 141 1587 1405 1589 1405 1590 1405 1587 141 1591 141 1592 141 1588 141 1587 141 1593 141 1593 141 1587 141 1590 141 1593 141 1590 141 1594 141 1595 1406 1596 1406 1597 1406 1597 141 1596 141 1585 141 1597 141 1585 141 1598 141 1598 141 1585 141 1584 141 1589 141 1587 141 1599 141 1599 1407 1587 1407 1592 1407 1599 141 1592 141 1600 141 1601 1408 1602 1408 1603 1408 1603 1409 1602 1409 1585 1409 1603 141 1585 141 1604 141 1604 141 1585 141 1596 141 1605 1410 1606 1411 1607 1412 1607 1412 1606 1411 1608 1413 1609 155 1610 1414 1611 1415 1612 1416 1613 1417 1614 155 1609 155 1611 1415 1615 155 1614 155 1616 155 1612 1416 1617 155 1616 155 1618 155 1617 1418 1618 1419 1611 1415 1611 1415 1618 1419 1619 155 1611 1415 1619 155 1615 155 1620 109 1621 1420 1622 1421 1623 1422 1624 109 1625 1423 1626 109 1624 109 1627 109 1626 1424 1627 1425 1622 1421 1622 1421 1627 1425 1628 109 1622 1421 1628 109 1620 109 1629 1426 1630 1427 1631 1428 1631 1428 1630 1427 1632 1429 1605 1410 1607 1412 1633 1430 1633 1430 1607 1412 1634 1431 1633 1430 1634 1431 1635 1432 1635 1432 1634 1431 1636 1433 1636 1433 1634 1431 1637 1434 1636 1433 1637 1434 1638 1435 1638 1435 1637 1434 1639 1436 1639 1436 1637 1434 1640 1437 1639 1436 1640 1437 1641 1438 1641 1438 1640 1437 1642 1439 1642 1439 1640 1437 1622 1421 1642 1439 1622 1421 1621 1420 1612 1416 1643 1440 1613 1417 1613 1417 1643 1440 1644 1441 1645 1442 1608 1413 1606 1411 1606 1411 1646 1443 1645 1442 1645 1442 1646 1443 1647 1444 1645 1445 1648 1446 1643 1440 1643 1440 1648 1446 1649 1447 1643 1440 1649 1447 1644 1441 1623 1422 1625 1423 1650 1448 1650 1448 1625 1423 1651 1449 1650 1450 1652 1451 1653 1452 1653 1452 1652 1451 1654 1453 1654 1453 1652 1451 1655 1454 1654 1453 1655 1454 1656 1455 1657 1456 1629 1426 1631 1428 1631 1428 1658 1457 1657 1456 1657 1456 1658 1457 1659 1458 1660 1459 1661 1460 1655 1454 1655 1454 1661 1460 1662 1461 1655 1454 1662 1461 1656 1455 1632 1429 1630 1427 1663 1462 1663 1462 1630 1427 1664 1463 1663 1464 1665 1465 1666 1466 1666 1466 1665 1465 1667 1467 1667 1467 1665 1465 1668 1468 1667 1467 1668 1468 1669 1469 1669 1469 1668 1468 1670 1470 1670 1470 1668 1468 1611 1415 1670 1470 1611 1415 1610 1414 1671 141 1672 141 1673 141 1674 141 1675 141 1676 141 1677 141 1678 141 1672 141 1672 1471 1678 1471 1679 1471 1672 1472 1679 1472 1673 1472 1671 1473 1680 1473 1681 1473 1677 1474 1672 1474 1676 1474 1676 1475 1672 1475 1682 1475 1676 141 1682 141 1674 141 1683 1476 1680 1476 1684 1476 1684 1477 1680 1477 1671 1477 1684 1478 1671 1478 1685 1478 1685 141 1671 141 1673 141 1681 141 1686 141 1671 141 1671 1479 1686 1479 1687 1479 1671 1480 1687 1480 1688 1480 1689 1481 1690 1482 1691 1483 1691 1483 1690 1482 1692 1484 1693 1485 1694 1486 1695 1487 1695 1487 1694 1486 1696 1488 1695 1487 1696 1488 1697 1489 1697 1489 1696 1488 1698 1490 1699 1491 1700 1492 1701 1493 1702 1494 1703 109 1704 1495 1705 1496 1703 1496 1706 1496 1705 109 1706 1497 1701 1493 1701 1493 1706 1497 1707 1498 1701 1493 1707 1498 1699 1491 1708 1499 1709 1500 1710 1501 1710 1501 1709 1500 1711 1502 1689 1481 1691 1483 1712 1503 1712 1503 1691 1483 1713 1504 1714 1505 1715 1506 1716 1507 1716 1507 1715 1506 1717 1508 1716 1507 1717 1508 1713 1504 1713 1504 1717 1508 1718 1509 1713 1504 1718 1509 1712 1503 1714 1505 1716 1507 1719 1510 1719 1510 1716 1507 1701 1493 1719 1510 1701 1493 1700 1492 1698 1490 1696 1488 1720 1511 1698 1490 1720 1511 1721 1512 1722 1513 1723 1514 1724 1515 1722 1513 1724 1515 1725 1516 1726 1517 1692 1484 1690 1482 1690 1482 1727 1518 1726 1517 1726 1517 1727 1518 1728 1519 1726 1517 1728 1519 1724 1515 1724 1515 1728 1519 1729 1520 1724 1515 1729 1520 1725 1516 1702 1494 1704 1495 1730 1521 1730 1521 1704 1495 1731 1522 1730 1523 1732 1524 1733 1525 1734 1526 1708 1499 1710 1501 1710 1501 1735 1527 1734 1526 1734 1526 1735 1527 1736 1528 1734 1526 1736 1528 1732 1524 1732 1524 1736 1528 1737 1529 1732 1524 1737 1529 1733 1525 1709 1500 1738 1530 1711 1502 1711 1502 1738 1530 1739 1531 1739 1532 1740 1533 1741 1534 1741 1534 1740 1533 1742 1535 1741 1534 1742 1535 1743 1536 1743 1536 1742 1535 1744 1537 1744 1537 1742 1535 1745 1538 1744 1537 1745 1538 1746 1539 1746 1539 1745 1538 1747 1540 1747 1540 1745 1538 1694 1486 1747 1540 1694 1486 1693 1485 1748 1541 1749 1541 1750 1541 1750 141 1749 141 1751 141 1750 141 1751 141 1752 141 1753 141 1754 141 1755 141 1755 141 1754 141 1756 141 1757 1542 1758 1542 1754 1542 1754 141 1758 141 1759 141 1754 1543 1759 1543 1756 1543 1760 1544 1761 1544 1753 1544 1753 1545 1761 1545 1752 1545 1753 141 1752 141 1754 141 1754 141 1752 141 1751 141 1762 141 1763 141 1764 141 1764 1546 1763 1546 1755 1546 1764 141 1755 141 1765 141 1765 141 1755 141 1756 141 1766 1547 1767 1548 1768 1549 1768 1549 1767 1548 1769 1550 1770 1551 1771 1552 1772 1553 1772 1553 1771 1552 1773 1554 1772 1553 1773 1554 1774 1555 1774 1555 1773 1554 1775 1556 1776 109 1777 1557 1778 1558 1779 1559 1780 109 1781 1560 1782 109 1780 109 1783 109 1782 1561 1783 1562 1778 1558 1778 1558 1783 1562 1784 109 1778 1558 1784 109 1776 109 1785 1563 1786 1564 1787 1565 1787 1565 1786 1564 1788 1566 1773 1554 1789 1567 1775 1556 1775 1556 1789 1567 1790 1568 1790 1568 1789 1567 1791 1569 1791 1569 1789 1567 1792 1570 1791 1569 1792 1570 1793 1571 1793 1571 1792 1570 1794 1572 1794 1572 1792 1570 1795 1573 1794 1572 1795 1573 1796 1574 1796 1574 1795 1573 1797 1575 1796 1574 1797 1575 1798 1576 1766 1547 1768 1549 1797 1575 1797 1575 1768 1549 1799 1577 1797 1575 1799 1577 1798 1576 1769 1550 1767 1548 1800 1578 1800 1578 1767 1548 1801 1579 1800 1578 1801 1579 1802 1580 1802 1580 1801 1579 1803 1581 1803 1581 1801 1579 1778 1558 1803 1581 1778 1558 1777 1557 1787 1565 1804 1582 1785 1563 1785 1583 1805 1584 1806 1585 1806 1585 1805 1584 1807 1586 1807 1586 1805 1584 1808 1587 1807 1586 1808 1587 1809 1588 1809 1588 1808 1587 1810 1589 1810 1589 1808 1587 1811 1590 1810 1589 1811 1590 1812 1591 1812 1591 1811 1590 1813 1592 1812 1591 1813 1592 1814 1593 1814 1593 1813 1592 1815 1594 1815 1594 1813 1592 1771 1552 1815 1594 1771 1552 1770 1551 1816 1595 1788 1566 1786 1564 1786 1564 1817 1596 1816 1595 1816 1595 1817 1596 1818 1597 1816 1595 1818 1597 1781 1560 1781 1560 1818 1597 1819 1598 1781 1560 1819 1598 1779 1559 1820 141 1821 141 1822 141 1823 1599 1821 1599 1824 1599 1825 1600 1826 1600 1827 1600 1822 141 1828 141 1829 141 1820 1601 1822 1601 1830 1601 1830 1602 1822 1602 1829 1602 1830 1603 1829 1603 1831 1603 1832 141 1823 141 1833 141 1833 141 1823 141 1824 141 1833 1604 1824 1604 1834 1604 1835 1605 1836 1605 1837 1605 1821 141 1823 141 1822 141 1822 141 1823 141 1835 141 1822 141 1835 141 1827 141 1827 141 1835 141 1837 141 1827 141 1837 141 1825 141 1838 1606 1839 1606 1840 1606 1841 1606 1842 1606 1843 1606 1843 1606 1842 1606 1844 1606 1843 1606 1844 1606 1840 1606 1840 1606 1844 1606 1845 1606 1840 1606 1845 1606 1838 1606 1846 1607 1847 1607 1848 1607 1848 1607 1847 1607 1849 1607 1850 1608 1851 1608 1852 1608 1852 1608 1851 1608 1853 1608 1854 1609 1855 1609 1856 1609 1856 1609 1855 1609 1857 1609 1858 1610 1859 1610 1860 1610 1860 1610 1859 1610 1861 1610 1862 1611 1863 1611 1864 1611 1864 1611 1863 1611 1865 1611 1866 1612 1867 1612 1868 1612 1868 1612 1867 1612 1869 1612 1870 1613 1871 1613 1872 1613 1872 1614 1871 1614 1873 1614 1874 1615 1875 1616 1876 1617 1875 1616 1877 1618 1876 1617 1876 1617 1877 1618 1878 1619 1876 1617 1878 1619 1879 1620 1879 1620 1878 1619 1880 1621 1879 1620 1880 1621 1881 1622 1881 1623 1882 1623 1883 1623 1884 1624 1885 1624 1886 1624 1886 1625 1885 1625 1887 1625 1888 1626 1889 1626 1890 1626 1890 1627 1889 1627 1891 1627 1892 1628 1893 1629 1894 1629 1894 1630 1893 1630 1895 1630 1896 109 1897 109 1898 109 1898 109 1897 109 1892 1631 1899 1632 1900 1632 1901 1632 1901 1633 1900 1633 1902 1633 1903 1634 1904 1634 1905 1634 1905 1635 1904 1635 1906 1635 1907 1636 1908 1636 1909 1636 1909 1637 1908 1637 1910 1637 1911 1638 1912 1638 1913 1638 1913 1639 1912 1639 1914 1639 1915 1640 1916 1641 1917 1642 1917 1642 1916 1641 1918 1643 1918 1643 1919 155 1917 1642 1917 1642 1919 155 1920 155 1921 1116 1922 1116 1923 1116 1923 1644 1922 1644 1924 1644 1923 1645 1925 1645 1921 1645 1921 1646 1925 1646 1926 1646 1921 1116 1926 1116 1927 1116 1927 1647 1926 1647 1928 1647 1927 1116 1928 1116 1929 1116 1929 1648 1928 1648 1930 1648 1929 1649 1930 1649 1931 1649 1931 1650 1930 1650 1932 1650 1931 1651 1932 1651 1933 1651 1933 1116 1932 1116 1934 1116 1933 1116 1934 1116 1935 1116 1935 1116 1934 1116 1936 1116 1935 1116 1936 1116 1937 1116 1937 1652 1936 1652 1938 1652 1937 1653 1938 1653 1939 1653 1939 1116 1938 1116 1940 1116 1939 1116 1940 1116 1922 1116 1922 1116 1940 1116 1941 1116 1922 1654 1941 1654 1924 1654 1942 1655 1943 1656 1944 1657 1945 1658 1943 1656 1942 1655 1942 1655 1946 1659 1947 1660 1948 1661 1946 1659 1942 1655 1944 1657 1948 1661 1942 1655 1942 1655 1949 1662 1950 1663 1951 1664 1949 1662 1942 1655 1947 1660 1951 1664 1942 1655 1942 1655 1952 1665 1953 1666 1954 1667 1952 1665 1942 1655 1950 1663 1954 1667 1942 1655 1953 1666 1945 1658 1942 1655 1955 1668 1956 1668 1957 1668 1957 1669 1956 1669 1958 1669 1959 1670 1960 1670 1961 1670 1961 1671 1960 1671 1962 1671 1963 1672 1964 1672 1965 1672 1965 1673 1964 1673 1966 1673 1967 1674 1968 1674 1969 1674 1969 1675 1968 1675 1970 1675 1971 1676 1972 1676 1973 1676 1973 1677 1972 1677 1974 1677 1975 1678 1976 1678 1977 1678 1977 1679 1976 1679 1978 1679 1979 1680 1980 1680 1981 1680 1981 1681 1980 1681 1982 1681 1983 1682 1984 1682 1985 1682 1985 1683 1984 1683 1986 1683 1987 1684 1988 1684 1989 1684 1989 1685 1988 1685 1990 1685 1991 1686 1992 1686 1993 1686 1993 1687 1992 1687 1994 1687 1995 1688 1996 1688 1997 1688 1997 1689 1996 1689 1998 1689 1999 1690 2000 1690 2001 1690 2001 1691 2000 1691 2002 1691 2003 1692 2004 1693 2005 1694 2006 1695 2004 1693 2003 1692 2003 1692 2007 1696 2008 1697 2009 1698 2007 1696 2003 1692 2005 1694 2009 1698 2003 1692 2003 1692 2010 1699 2011 1700 2012 1701 2010 1699 2003 1692 2008 1697 2012 1701 2003 1692 2003 1692 2013 1702 2014 1703 2015 1704 2013 1702 2003 1692 2011 1700 2015 1704 2003 1692 2014 1703 2006 1695 2003 1692 2016 1705 2017 1705 2018 1705 2018 1706 2017 1706 2019 1706 2020 1707 2021 1707 2022 1707 2022 1708 2021 1708 2023 1708 2024 1709 2025 1709 2026 1709 2026 1710 2025 1710 2027 1710 2028 1711 2029 1711 2030 1711 2030 1712 2029 1712 2031 1712 2032 1713 2033 1713 2034 1713 2034 1714 2033 1714 2035 1714 2036 1715 2037 1715 2038 1715 2038 1716 2037 1716 2039 1716 2040 1717 2041 1717 2042 1717 2042 1718 2041 1718 2043 1718 2044 1719 2045 1719 2046 1719 2046 1720 2045 1720 2047 1720 2048 1721 2049 1721 2050 1721 2050 1722 2049 1722 2051 1722 2052 1723 2053 1723 2054 1723 2054 1724 2053 1724 2055 1724 2056 1725 2057 1725 2058 1725 2058 1726 2057 1726 2059 1726 2060 1727 2061 1727 2062 1727 2062 1728 2061 1729 2063 1730 2064 1731 2065 1732 2066 1733 2066 1733 2065 1732 2067 1734 2068 1735 2069 1736 2066 1733 2066 1733 2069 1736 2064 1731 2067 1734 2065 1732 2070 1737 2070 1737 2065 1732 2071 1738 2072 1739 2073 1740 2074 1741 2074 1741 2073 1740 2075 1742 2075 1742 2073 1740 2076 1743 2076 1744 2077 1744 2078 1744 2079 1745 2080 1746 2074 1741 2074 1741 2080 1746 2072 1739 2081 1747 2082 1748 2083 1749 2083 1749 2082 1748 2084 1742 2084 1742 2082 1748 2085 1750 2085 1750 2082 1748 2086 1751 2087 1752 2088 1753 2083 1749 2083 1749 2088 1753 2081 1747 2089 1731 2090 1754 2091 1755 2091 1755 2090 1754 2092 1756 2093 1757 2094 1758 2091 1755 2091 1755 2094 1758 2089 1731 2092 1756 2090 1754 2095 1759 2095 1759 2090 1754 2096 1760 2097 1761 2098 1762 2099 1763 2100 1764 2098 1762 2097 1761 2097 1761 2101 1765 2102 1766 2103 1767 2101 1765 2097 1761 2099 1763 2103 1767 2097 1761 2097 1761 2104 1768 2105 1769 2106 1770 2104 1768 2097 1761 2102 1766 2106 1770 2097 1761 2097 1761 2107 1771 2108 1772 2109 1773 2107 1771 2097 1761 2105 1769 2109 1773 2097 1761 2108 1772 2100 1764 2097 1761 2110 1774 2111 1774 2112 1774 2112 1775 2111 1775 2113 1775 2114 1776 2115 1776 2116 1776 2116 1777 2115 1777 2117 1777 2118 1778 2119 1778 2120 1778 2120 1778 2119 1778 2121 1778 2122 1779 2123 1779 2124 1779 2124 1780 2123 1780 2125 1780 2126 1781 2127 1781 2128 1781 2128 1782 2127 1782 2129 1782 2130 1783 2131 1783 2132 1783 2132 1784 2131 1784 2133 1784 2134 1785 2135 1785 2136 1785 2136 1786 2135 1786 2137 1786 2138 1787 2139 1787 2140 1787 2140 1788 2139 1788 2141 1788 2142 1789 2143 1789 2144 1789 2144 1790 2143 1790 2145 1790 2146 1791 2147 1791 2148 1791 2148 1792 2147 1792 2149 1792 2150 1793 2151 1793 2152 1793 2152 1794 2151 1794 2153 1794 2154 1795 2155 1795 2156 1795 2156 1796 2155 1796 2157 1796 2158 1797 2159 1798 2160 1799 2161 1800 2159 1798 2158 1797 2158 1797 2162 1801 2163 1802 2164 1803 2162 1801 2158 1797 2160 1799 2164 1803 2158 1797 2158 1797 2165 1804 2166 1805 2167 1806 2165 1804 2158 1797 2163 1802 2167 1806 2158 1797 2158 1797 2168 1807 2169 1808 2170 1809 2168 1807 2158 1797 2166 1805 2170 1809 2158 1797 2169 1808 2161 1800 2158 1797 2171 1810 2172 1810 2173 1810 2173 1811 2172 1811 2174 1811 2175 1812 2176 1812 2177 1812 2177 1813 2176 1813 2178 1813 2179 1814 2180 1814 2181 1814 2181 1815 2180 1815 2182 1815 2183 1816 2184 1816 2185 1816 2185 1816 2184 1816 2186 1816 2187 1817 2188 1817 2189 1817 2189 1818 2188 1818 2190 1818 2191 1819 2192 1819 2193 1819 2193 1820 2192 1820 2194 1820 2195 1821 2196 1821 2197 1821 2197 1822 2196 1822 2198 1822 2199 1823 2200 1823 2201 1823 2201 1824 2200 1824 2202 1824 2203 1825 2204 1825 2205 1825 2205 1826 2204 1826 2206 1826 2207 1827 2208 1827 2209 1827 2209 1828 2208 1828 2210 1828 2211 1829 2212 1829 2213 1829 2213 1830 2212 1830 2214 1830 2215 1831 2216 1831 2217 1831 2217 1832 2216 1832 2218 1832 2219 1833 2220 1833 2221 1833 2221 1834 2220 1834 2222 1834 2223 1835 2224 1835 2225 1835 2225 1836 2224 1836 2226 1836 2227 1837 2228 1837 2229 1837 2229 1838 2228 1838 2230 1838 2231 1839 2232 1839 2233 1839 2233 1840 2232 1840 2234 1840 2235 1841 2236 1841 2237 1841 2237 1842 2236 1842 2238 1842 2239 1843 2240 1843 2241 1843 2241 1844 2240 1844 2242 1844 2243 1845 2244 1846 2245 1847 2245 1848 2244 1848 2246 1848 2247 1849 2248 1849 2249 1849 2249 1849 2248 1849 2250 1849 2251 1850 2252 1850 2253 1850 2253 1842 2252 1842 2254 1842 2255 1851 2256 1852 2257 1853 2257 1854 2256 1855 2258 1856 2259 1857 2260 1857 2261 1857 2261 1858 2260 1859 2262 1860 2263 1849 2264 1849 2265 1849 2265 1861 2264 1861 2266 1861 2267 1833 2268 1833 2269 1833 2269 1834 2268 1834 2270 1834 2271 1835 2272 1835 2273 1835 2273 1862 2272 1862 2274 1862 2275 1863 2276 1864 2277 1865 2277 1838 2276 1838 2278 1838 2279 1866 2280 1866 2281 1866 2281 1867 2280 1867 2282 1867 2283 1868 2284 1869 2285 1870 2285 1870 2284 1869 2286 141 2285 1870 2286 141 2287 1871 2288 1872 2285 1870 2287 1871 2289 1873 2288 1872 2287 1871 2290 1874 2284 1869 2283 1868 2283 1868 2291 1875 2290 1874 2292 1876 2293 1877 2294 1878 2294 1878 2295 1879 2292 1876 2292 1876 2295 1879 2296 1880 2292 1876 2296 1880 2297 1881 2297 1881 2296 1880 2298 1882 2297 1881 2298 1882 2299 1883 2300 1884 2301 1885 2302 1886 2302 1886 2301 1885 2294 1878 2302 1886 2294 1878 2293 1877 2303 1887 2304 1888 2300 1884 2300 1884 2304 1888 2301 1885 2305 1889 2306 1890 2307 1891 2307 1891 2306 1890 2308 1892 2306 1890 2305 1889 2309 1893 2309 1893 2305 1889 2310 1894 2309 1893 2310 1894 2311 1895 2311 1895 2310 1894 2312 1896 2311 1895 2312 1896 2313 1897 2313 1897 2312 1896 2314 1898 2313 1897 2314 1898 2315 1899 2315 1899 2314 1898 2316 1900 2317 1116 2318 1901 2319 1902 2317 1116 2319 1902 2316 1903 2320 1116 2321 1116 2322 1116 2322 1116 2321 1116 2323 1116 2322 1116 2323 1116 2319 1902 2319 1902 2323 1116 2324 1116 2324 1116 2325 1116 2326 1116 2316 1903 2319 1902 2327 1116 2327 1116 2319 1902 2324 1116 2327 1116 2324 1116 2328 1116 2328 1116 2324 1116 2326 1116 2328 1116 2326 1116 2329 1116 2319 1902 2318 1901 2330 1904 2330 1904 2318 1901 2331 1905 2330 1904 2331 1905 2332 1906 2332 1906 2331 1905 2333 1907 2332 1906 2333 1907 2334 1908 2334 1908 2333 1907 2335 1909 2334 1908 2335 1909 2336 1910 2336 1910 2335 1909 2337 1911 2338 1912 2339 1913 2337 1911 2337 1911 2339 1913 2336 1910 2340 1914 2341 1915 2342 1916 2342 1916 2341 1915 2343 1917 2344 1918 2345 1919 2346 1606 2346 1606 2345 1919 2341 1915 2346 1606 2341 1915 2340 1914 2347 1920 2345 1919 2344 1918 2348 1921 2347 1920 2344 1918 2349 1922 2350 1922 2351 1922 2349 1923 2351 1923 2352 1923 2353 1924 2354 1924 2355 1924 2353 1925 2355 1925 2356 1925 2357 1926 2358 1927 2359 1928 2357 1926 2359 1928 2360 1929 2360 1929 2359 1928 2361 1930 2360 1929 2361 1930 2362 1931 2358 1927 2357 1926 2363 1932 2363 1932 2357 1926 2364 1933 2363 1932 2364 1933 2365 1934 2365 1934 2364 1933 2366 1935 2365 1934 2366 1935 2367 1936 2367 1936 2366 1935 2368 1937 2367 1936 2368 1937 2369 1938 2369 1938 2368 1937 2370 1939 2371 1940 2372 1941 2373 1942 2373 1942 2372 1941 2374 1943 2373 1942 2374 1943 2361 1930 2361 1930 2374 1943 2362 1931 2375 1944 2376 1945 2377 1946 2375 1944 2377 1946 2378 1947 2378 1947 2377 1946 2369 1938 2378 1947 2369 1938 2370 1939 2372 1941 2371 1940 2379 1948 2372 1941 2379 1948 2380 1949 2380 1949 2379 1948 2381 1950 2380 1949 2381 1950 2382 1951 2376 1945 2375 1944 2383 1952 2383 1952 2375 1944 2384 1953 2383 1952 2384 1953 2385 1954 2385 1954 2384 1953 2386 1955 2385 1954 2386 1955 2387 1956 2387 1956 2386 1955 2388 1957 2387 1956 2388 1957 2389 1958 2389 1958 2388 1957 2390 1959 2391 1960 2392 1961 2393 1962 2393 1962 2392 1961 2394 1963 2393 1962 2394 1963 2381 1950 2381 1950 2394 1963 2382 1951 2395 1964 2396 1965 2397 1139 2395 1964 2397 1139 2398 1966 2398 1966 2397 1139 2389 1958 2398 1966 2389 1958 2390 1959 2392 1961 2391 1960 2399 1967 2392 1961 2399 1967 2400 1967 2400 1967 2399 1967 2401 1968 2400 1967 2401 1968 2402 1969 2396 1965 2395 1964 2403 1970 2403 1970 2395 1964 2404 1971 2403 1970 2404 1971 2405 1972 2405 1972 2404 1971 2406 1973 2407 1974 2408 1975 2409 1976 2409 1976 2408 1975 2410 1977 2409 1976 2410 1977 2401 1968 2401 1968 2410 1977 2402 1969 2408 1975 2407 1974 2411 1978 2408 1975 2411 1978 2412 1979 2412 1979 2411 1978 2405 1972 2412 1979 2405 1972 2406 1973 2413 1980 2414 1981 2415 1982 2415 1982 2414 1981 2416 1983 2417 1984 2418 1985 2419 1986 2419 1986 2418 1985 2420 1987 2419 1986 2420 1987 2421 1988 2417 1984 2419 1986 2422 1989 2423 1990 2424 1991 2425 1992 2425 1992 2424 1991 2426 1993 2425 1992 2426 1993 2427 1994 2422 1989 2426 1995 2428 1996 2422 1989 2428 1996 2417 1984 2429 1997 2413 1980 2415 1982 2430 1998 2431 1999 2432 2000 2432 2000 2431 1999 2433 2001 2432 2000 2433 2001 2434 2002 2434 2003 2429 1997 2415 1982 2435 2004 2436 2004 2437 2005 2437 2005 2436 2004 2438 2006 2437 2005 2438 2006 2439 2007 2425 1992 2438 2008 2431 1999 2425 1992 2431 1999 2423 1990 2423 1990 2431 1999 2430 1998 2440 2009 2416 1983 2414 1981 2441 2010 2442 2010 2443 2011 2443 2012 2444 2013 2445 2014 2443 2012 2445 2014 2414 1981 2414 1981 2445 2014 2446 2015 2414 1981 2446 2015 2440 2009 2447 2016 2448 2017 2449 2018 2449 2018 2448 2017 2450 2019 2450 2020 2451 2021 2452 2022 2452 2022 2451 2021 2453 2023 2452 2022 2453 2023 2454 2024 2453 2023 2442 2025 2454 2024 2454 2026 2442 2026 2441 2026 2455 109 2456 2027 2447 2016 2447 2016 2456 2027 2457 2028 2447 2016 2457 2028 2448 2017 2458 2029 2459 2029 2460 2029 2460 2030 2459 2030 2461 2030</p>
        </triangles>
      </mesh>
    </geometry>
  </library_geometries>
  <library_visual_scenes>
    <visual_scene id="Scene" name="Scene">
      <node id="Mesh_005" name="Mesh.005" type="NODE">
        <matrix sid="transform">1.0 0.0 0.0 0.0 0.0 1.0 0.0 0.0 0.0 0.0 1.0 0.0 0.0 0.0 0.0 1.0</matrix>
        <instance_geometry url="#mesh-ae77987a-8215-47ae-8774-4f9d516c7173_002-mesh" name="Mesh.005">
          <bind_material>
            <technique_common>
              <instance_material symbol="Material-塑胶_232-material" target="#Material-塑胶_232-material" />
            </technique_common>
          </bind_material>
        </instance_geometry>
      </node>
      <node id="Mesh_004" name="Mesh.004" type="NODE">
        <matrix sid="transform">1.0 0.0 0.0 0.0 0.0 1.0 0.0 0.0 0.0 0.0 1.0 0.0 0.0 0.0 0.0 1.0</matrix>
        <instance_geometry url="#mesh-eab1a710-2acc-41ed-8343-ebae0a2dd060_002-mesh" name="Mesh.004">
          <bind_material>
            <technique_common>
              <instance_material symbol="a0000000-0000-0000-0000-000000000000_014-material" target="#a0000000-0000-0000-0000-000000000000_014-material" />
            </technique_common>
          </bind_material>
        </instance_geometry>
      </node>
      <node id="Mesh_003" name="Mesh.003" type="NODE">
        <matrix sid="transform">1.0 0.0 0.0 0.0 0.0 1.0 0.0 0.0 0.0 0.0 1.0 0.0 0.0 0.0 0.0 1.0</matrix>
        <instance_geometry url="#mesh-a13565de-6ef3-4472-90d0-68dc53313910_002-mesh" name="Mesh.003">
          <bind_material>
            <technique_common>
              <instance_material symbol="a0000000-0000-0000-0000-000000000000_014-material" target="#a0000000-0000-0000-0000-000000000000_014-material" />
            </technique_common>
          </bind_material>
        </instance_geometry>
      </node>
      <node id="Mesh_002" name="Mesh.002" type="NODE">
        <matrix sid="transform">1.0 0.0 0.0 0.0 0.0 1.0 0.0 0.0 0.0 0.0 1.0 0.0 0.0 0.0 0.0 1.0</matrix>
        <instance_geometry url="#mesh-a7f0f7f1-cb36-41cb-a970-1657fe9f21dd_002-mesh" name="Mesh.002">
          <bind_material>
            <technique_common>
              <instance_material symbol="a0000000-0000-0000-0000-000000000000_014-material" target="#a0000000-0000-0000-0000-000000000000_014-material" />
            </technique_common>
          </bind_material>
        </instance_geometry>
      </node>
      <node id="Mesh_001" name="Mesh.001" type="NODE">
        <matrix sid="transform">1.0 0.0 0.0 0.0 0.0 1.0 0.0 0.0 0.0 0.0 1.0 0.0 0.0 0.0 0.0 1.0</matrix>
        <instance_geometry url="#mesh-a4e42ca8-69cf-402d-a71f-b70f3fdc9252_002-mesh" name="Mesh.001">
          <bind_material>
            <technique_common>
              <instance_material symbol="a0000000-0000-0000-0000-000000000000_014-material" target="#a0000000-0000-0000-0000-000000000000_014-material" />
            </technique_common>
          </bind_material>
        </instance_geometry>
      </node>
      <node id="Mesh" name="Mesh" type="NODE">
        <matrix sid="transform">1.0 0.0 0.0 0.0 0.0 1.0 0.0 0.0 0.0 0.0 1.0 0.0 0.0 0.0 0.0 1.0</matrix>
        <instance_geometry url="#mesh-aa5222c1-f076-48e4-9660-4ca9ac6919eb_002-mesh" name="Mesh">
          <bind_material>
            <technique_common>
              <instance_material symbol="Material-金属_002-material" target="#Material-金属_002-material" />
            </technique_common>
          </bind_material>
        </instance_geometry>
      </node>
    </visual_scene>
  </library_visual_scenes>
  <scene>
    <instance_visual_scene url="#Scene" />
  </scene>
</COLLADA>