<?xml version='1.0' encoding='utf-8'?>
<COLLADA xmlns="http://www.collada.org/2005/11/COLLADASchema" version="1.4.1">
  <asset>
    <contributor>
      <author>Blender User</author>
      <authoring_tool>Blender 4.5.4 LTS commit date:2025-10-27, commit time:12:46, hash:b3efe983cc58</authoring_tool>
    </contributor>
    <created>2025-11-05T20:06:37</created>
    <modified>2025-11-05T20:06:37</modified>
    <unit name="meter" meter="1" />
    <up_axis>Z_UP</up_axis>
  </asset>
  <library_effects>
    <effect id="Material-塑胶_236-effect">
      <profile_COMMON>
        <technique sid="common">
          <lambert>
            <emission>
              <color sid="emission">0 0 0 1</color>
            </emission>
            <diffuse>
              <color sid="diffuse">0.164706 0.164706 0.164706 1</color>
            </diffuse>
            <reflectivity>
              <float sid="specular">0.515151</float>
            </reflectivity>
            <index_of_refraction>
              <float sid="ior">1.5</float>
            </index_of_refraction>
          </lambert>
        </technique>
      </profile_COMMON>
    </effect>
    <effect id="Material-塑胶__1__030-effect">
      <profile_COMMON>
        <technique sid="common">
          <lambert>
            <emission>
              <color sid="emission">0 0 0 1</color>
            </emission>
            <diffuse>
              <color sid="diffuse">0.760784 0.760784 0.760784 1</color>
            </diffuse>
            <index_of_refraction>
              <float sid="ior">1.5</float>
            </index_of_refraction>
          </lambert>
        </technique>
      </profile_COMMON>
    </effect>
  </library_effects>
  <library_images />
  <library_materials>
    <material id="Material-塑胶_236-material" name="Material-塑胶.236">
      <instance_effect url="#Material-塑胶_236-effect" />
    </material>
    <material id="Material-塑胶__1__030-material" name="Material-塑胶__1_.030">
      <instance_effect url="#Material-塑胶__1__030-effect" />
    </material>
  </library_materials>
  <library_geometries>
    <geometry id="mesh-a6519613-9632-45fc-9ec9-8956a334f117-mesh" name="mesh-a6519613-9632-45fc-9ec9-8956a334f117">
      <mesh>
        <source id="mesh-a6519613-9632-45fc-9ec9-8956a334f117-mesh-positions">
          <float_array id="mesh-a6519613-9632-45fc-9ec9-8956a334f117-mesh-positions-array" count="1857">
-0.021394 0.046846 -0.025500 -0.020063 0.050673 -0.025500 -0.012142 0.050048 -0.025500 -0.013554 0.052788 -0.025500 -0.002451 0.051442 -0.025500 -0.051500 0.000000 -0.025500 -0.054393 0.003422 -0.025500 -0.050570 0.009747 -0.025500 -0.053535 0.010212 -0.025500 -0.047811 0.019141 -0.025500 0.051266 -0.004895 -0.025500 0.051266 0.004895 -0.025500 0.054392 0.003422 -0.025500 -0.037273 0.035539 -0.025500 -0.037308 0.039729 -0.025500 -0.029873 0.041951 -0.025500 -0.032035 0.044092 -0.025500 -0.026256 0.047759 -0.025500 -0.051833 0.016842 -0.025500 -0.049313 0.023205 -0.025500 -0.043325 0.027843 -0.025500 -0.046016 0.029203 -0.025500 -0.041993 0.034740 -0.025500 -0.047811 -0.019140 -0.025500 -0.051833 -0.016841 -0.025500 -0.050570 -0.009746 -0.025500 -0.053535 -0.010212 -0.025500 -0.054393 -0.003422 -0.025500 0.054392 -0.003422 -0.025500 0.053534 -0.010212 -0.025500 0.049413 -0.014509 -0.025500 0.051832 -0.016841 -0.025500 0.045775 -0.023599 -0.025500 0.016844 0.048668 -0.025500 0.020062 0.050673 -0.025500 0.025750 0.044600 -0.025500 0.026255 0.047759 -0.025500 0.033725 0.038921 -0.025500 -0.006831 0.054070 -0.025500 -0.000000 0.054500 -0.025500 0.007329 0.050976 -0.025500 0.006830 0.054070 -0.025500 0.013553 0.052788 -0.025500 0.045775 0.023599 -0.025500 0.049313 0.023205 -0.025500 0.049413 0.014509 -0.025500 0.051832 0.016842 -0.025500 0.053534 0.010212 -0.025500 -0.037273 -0.035539 -0.025500 -0.041993 -0.034739 -0.025500 -0.043325 -0.027843 -0.025500 -0.046016 -0.029202 -0.025500 -0.049313 -0.023205 -0.025500 -0.021394 -0.046846 -0.025500 -0.026256 -0.047759 -0.025500 -0.029873 -0.041950 -0.025500 -0.032035 -0.044091 -0.025500 -0.037308 -0.039729 -0.025500 0.032034 0.044092 -0.025500 0.037307 0.039729 -0.025500 0.040481 0.031835 -0.025500 0.041993 0.034740 -0.025500 0.046015 0.029203 -0.025500 0.049313 -0.023205 -0.025500 0.046015 -0.029202 -0.025500 0.040481 -0.031835 -0.025500 0.041993 -0.034739 -0.025500 0.033725 -0.038921 -0.025500 0.037307 -0.039729 -0.025500 0.032034 -0.044091 -0.025500 0.025750 -0.044600 -0.025500 0.026255 -0.047759 -0.025500 0.016844 -0.048667 -0.025500 0.020062 -0.050673 -0.025500 0.013553 -0.052788 -0.025500 0.007329 -0.050976 -0.025500 0.006830 -0.054070 -0.025500 -0.000000 -0.051500 -0.025500 -0.000000 -0.054500 -0.025500 -0.002451 -0.051442 -0.025500 -0.006831 -0.054070 -0.025500 -0.012142 -0.050048 -0.025500 -0.013554 -0.052788 -0.025500 -0.020063 -0.050673 -0.025500 -0.000000 0.054500 -0.025500 0.007156 0.056648 -0.019428 0.006830 0.054070 -0.025500 0.014199 0.055305 -0.019428 0.013553 0.052788 -0.025500 0.021019 0.053089 -0.019428 0.020062 0.050673 -0.025500 0.027507 0.050036 -0.019428 0.026255 0.047759 -0.025500 0.033561 0.046194 -0.019428 0.032034 0.044092 -0.025500 0.039086 0.041623 -0.019428 0.037307 0.039729 -0.025500 0.043995 0.036396 -0.019428 0.041993 0.034740 -0.025500 0.048209 0.030595 -0.019428 0.046015 0.029203 -0.025500 0.051664 0.024312 -0.019428 0.049313 0.023205 -0.025500 0.054303 0.017645 -0.019428 0.051832 0.016842 -0.025500 0.056087 0.010699 -0.019428 0.053534 0.010212 -0.025500 0.056985 0.003585 -0.019428 0.054392 0.003422 -0.025500 0.056985 -0.003585 -0.019428 0.054392 -0.003422 -0.025500 0.056087 -0.010699 -0.019428 0.053534 -0.010212 -0.025500 0.054303 -0.017644 -0.019428 0.051832 -0.016841 -0.025500 0.051664 -0.024311 -0.019428 0.049313 -0.023205 -0.025500 0.048209 -0.030595 -0.019428 0.046015 -0.029202 -0.025500 0.043995 -0.036396 -0.019428 0.041993 -0.034739 -0.025500 0.039086 -0.041623 -0.019428 0.037307 -0.039729 -0.025500 0.033561 -0.046194 -0.019428 0.032034 -0.044091 -0.025500 0.027507 -0.050036 -0.019428 0.026255 -0.047759 -0.025500 0.021019 -0.053089 -0.019428 0.020062 -0.050673 -0.025500 0.014199 -0.055304 -0.019428 0.013553 -0.052788 -0.025500 0.007156 -0.056648 -0.019428 0.006830 -0.054070 -0.025500 -0.000000 -0.057098 -0.019428 -0.000000 -0.054500 -0.025500 -0.007157 -0.056648 -0.019428 -0.006831 -0.054070 -0.025500 -0.014200 -0.055304 -0.019428 -0.013554 -0.052788 -0.025500 -0.021020 -0.053089 -0.019428 -0.020063 -0.050673 -0.025500 -0.027508 -0.050036 -0.019428 -0.026256 -0.047759 -0.025500 -0.033562 -0.046194 -0.019428 -0.032035 -0.044091 -0.025500 -0.039087 -0.041623 -0.019428 -0.037308 -0.039729 -0.025500 -0.043996 -0.036396 -0.019428 -0.041993 -0.034739 -0.025500 -0.048210 -0.030595 -0.019428 -0.046016 -0.029202 -0.025500 -0.051665 -0.024311 -0.019428 -0.049313 -0.023205 -0.025500 -0.054304 -0.017644 -0.019428 -0.051833 -0.016841 -0.025500 -0.056088 -0.010699 -0.019428 -0.053535 -0.010212 -0.025500 -0.056986 -0.003585 -0.019428 -0.054393 -0.003422 -0.025500 -0.056986 0.003585 -0.019428 -0.054393 0.003422 -0.025500 -0.056088 0.010699 -0.019428 -0.053535 0.010212 -0.025500 -0.054304 0.017645 -0.019428 -0.051833 0.016842 -0.025500 -0.051665 0.024312 -0.019428 -0.049313 0.023205 -0.025500 -0.048210 0.030595 -0.019428 -0.046016 0.029203 -0.025500 -0.043996 0.036396 -0.019428 -0.041993 0.034740 -0.025500 -0.039087 0.041623 -0.019428 -0.037308 0.039729 -0.025500 -0.033562 0.046194 -0.019428 -0.032035 0.044092 -0.025500 -0.027508 0.050036 -0.019428 -0.026256 0.047759 -0.025500 -0.021020 0.053089 -0.019428 -0.020063 0.050673 -0.025500 -0.014200 0.055305 -0.019428 -0.013554 0.052788 -0.025500 -0.007157 0.056648 -0.019428 -0.006831 0.054070 -0.025500 -0.000000 0.057099 -0.019428 0.007392 0.058515 -0.013098 0.014667 0.057127 -0.013098 0.021711 0.054838 -0.013098 0.028413 0.051685 -0.013098 0.034667 0.047716 -0.013098 0.040374 0.042995 -0.013098 0.045444 0.037595 -0.013098 0.049798 0.031603 -0.013098 0.053366 0.025112 -0.013098 0.056093 0.018226 -0.013098 0.057935 0.011052 -0.013098 0.058863 0.003704 -0.013098 0.058863 -0.003703 -0.013098 0.057935 -0.011052 -0.013098 0.056093 -0.018226 -0.013098 0.053366 -0.025112 -0.013098 0.049798 -0.031603 -0.013098 0.045444 -0.037595 -0.013098 0.040374 -0.042994 -0.013098 0.034667 -0.047715 -0.013098 0.028413 -0.051684 -0.013098 0.021711 -0.054838 -0.013098 0.014667 -0.057127 -0.013098 0.007392 -0.058515 -0.013098 -0.000000 -0.058980 -0.013098 -0.007393 -0.058515 -0.013098 -0.014668 -0.057127 -0.013098 -0.021712 -0.054838 -0.013098 -0.028414 -0.051684 -0.013098 -0.034668 -0.047715 -0.013098 -0.040375 -0.042994 -0.013098 -0.045445 -0.037595 -0.013098 -0.049799 -0.031603 -0.013098 -0.053367 -0.025112 -0.013098 -0.056094 -0.018226 -0.013098 -0.057935 -0.011052 -0.013098 -0.058864 -0.003703 -0.013098 -0.058864 0.003704 -0.013098 -0.057935 0.011052 -0.013098 -0.056094 0.018226 -0.013098 -0.053367 0.025112 -0.013098 -0.049799 0.031603 -0.013098 -0.045445 0.037595 -0.013098 -0.040375 0.042995 -0.013098 -0.034668 0.047716 -0.013098 -0.028414 0.051685 -0.013098 -0.021712 0.054838 -0.013098 -0.014668 0.057127 -0.013098 -0.007393 0.058515 -0.013098 -0.000000 0.058980 -0.013098 0.007534 0.059645 -0.006593 0.014950 0.058230 -0.006593 0.022131 0.055897 -0.006593 0.028962 0.052683 -0.006593 0.035336 0.048637 -0.006593 0.041154 0.043825 -0.006593 0.046322 0.038321 -0.006593 0.050759 0.032213 -0.006593 0.054397 0.025597 -0.006593 0.057176 0.018578 -0.006593 0.059053 0.011265 -0.006593 0.060000 0.003775 -0.006593 0.060000 -0.003775 -0.006593 0.059053 -0.011265 -0.006593 0.057176 -0.018578 -0.006593 0.054397 -0.025597 -0.006593 0.050759 -0.032213 -0.006593 0.046322 -0.038321 -0.006593 0.041154 -0.043824 -0.006593 0.035336 -0.048637 -0.006593 0.028962 -0.052682 -0.006593 0.022131 -0.055897 -0.006593 0.014950 -0.058230 -0.006593 0.007534 -0.059644 -0.006593 -0.000000 -0.060119 -0.006593 -0.007535 -0.059644 -0.006593 -0.014951 -0.058230 -0.006593 -0.022132 -0.055897 -0.006593 -0.028963 -0.052682 -0.006593 -0.035337 -0.048637 -0.006593 -0.041154 -0.043824 -0.006593 -0.046323 -0.038321 -0.006593 -0.050760 -0.032213 -0.006593 -0.054397 -0.025597 -0.006593 -0.057177 -0.018578 -0.006593 -0.059054 -0.011265 -0.006593 -0.060000 -0.003775 -0.006593 -0.060000 0.003775 -0.006593 -0.059054 0.011265 -0.006593 -0.057177 0.018578 -0.006593 -0.054397 0.025597 -0.006593 -0.050760 0.032213 -0.006593 -0.046323 0.038321 -0.006593 -0.041154 0.043825 -0.006593 -0.035337 0.048637 -0.006593 -0.028963 0.052683 -0.006593 -0.022132 0.055897 -0.006593 -0.014951 0.058230 -0.006593 -0.007535 0.059645 -0.006593 -0.000000 0.060119 -0.006593 0.007582 0.060023 0.000000 0.015045 0.058599 0.000000 0.022271 0.056252 0.000000 0.029146 0.053017 0.000000 0.035561 0.048946 0.000000 0.041415 0.044103 0.000000 0.046616 0.038564 0.000000 0.051081 0.032418 0.000000 0.054742 0.025760 0.000000 0.057538 0.018696 0.000000 0.059428 0.011337 0.000000 0.060380 0.003799 0.000000 0.060380 -0.003799 0.000000 0.059428 -0.011336 0.000000 0.057538 -0.018695 0.000000 0.054742 -0.025759 0.000000 0.051081 -0.032417 0.000000 0.046616 -0.038564 0.000000 0.041415 -0.044102 0.000000 0.035561 -0.048945 0.000000 0.029146 -0.053016 0.000000 0.022271 -0.056251 0.000000 0.015045 -0.058599 0.000000 0.007582 -0.060023 0.000000 -0.000000 -0.060500 0.000000 -0.007583 -0.060023 0.000000 -0.015046 -0.058599 0.000000 -0.022272 -0.056251 0.000000 -0.029147 -0.053016 0.000000 -0.035561 -0.048945 0.000000 -0.041416 -0.044102 0.000000 -0.046616 -0.038564 0.000000 -0.051082 -0.032417 0.000000 -0.054742 -0.025759 0.000000 -0.057539 -0.018695 0.000000 -0.059429 -0.011336 0.000000 -0.060381 -0.003799 0.000000 -0.060381 0.003799 0.000000 -0.059429 0.011337 0.000000 -0.057539 0.018696 0.000000 -0.054742 0.025760 0.000000 -0.051082 0.032418 0.000000 -0.046616 0.038564 0.000000 -0.041416 0.044103 0.000000 -0.035561 0.048946 0.000000 -0.029147 0.053017 0.000000 -0.022272 0.056252 0.000000 -0.015046 0.058599 0.000000 -0.007583 0.060023 0.000000 -0.000000 0.060500 0.000000 0.007534 0.059645 0.006593 0.014950 0.058230 0.006593 0.022131 0.055897 0.006593 0.028962 0.052683 0.006593 0.035336 0.048637 0.006593 0.041154 0.043825 0.006593 0.046322 0.038321 0.006593 0.050759 0.032213 0.006593 0.054397 0.025597 0.006593 0.057176 0.018578 0.006593 0.059053 0.011265 0.006593 0.060000 0.003775 0.006593 0.060000 -0.003775 0.006593 0.059053 -0.011265 0.006593 0.057176 -0.018578 0.006593 0.054397 -0.025597 0.006593 0.050759 -0.032213 0.006593 0.046322 -0.038321 0.006593 0.041154 -0.043824 0.006593 0.035336 -0.048637 0.006593 0.028962 -0.052682 0.006593 0.022131 -0.055897 0.006593 0.014950 -0.058230 0.006593 0.007534 -0.059644 0.006593 -0.000000 -0.060119 0.006593 -0.007535 -0.059644 0.006593 -0.014951 -0.058230 0.006593 -0.022132 -0.055897 0.006593 -0.028963 -0.052682 0.006593 -0.035337 -0.048637 0.006593 -0.041154 -0.043824 0.006593 -0.046323 -0.038321 0.006593 -0.050760 -0.032213 0.006593 -0.054397 -0.025597 0.006593 -0.057177 -0.018578 0.006593 -0.059054 -0.011265 0.006593 -0.060000 -0.003775 0.006593 -0.060000 0.003775 0.006593 -0.059054 0.011265 0.006593 -0.057177 0.018578 0.006593 -0.054397 0.025597 0.006593 -0.050760 0.032213 0.006593 -0.046323 0.038321 0.006593 -0.041154 0.043825 0.006593 -0.035337 0.048637 0.006593 -0.028963 0.052683 0.006593 -0.022132 0.055897 0.006593 -0.014951 0.058230 0.006593 -0.007535 0.059645 0.006593 -0.000000 0.060119 0.006593 0.007392 0.058515 0.013098 0.014667 0.057127 0.013098 0.021711 0.054838 0.013098 0.028413 0.051685 0.013098 0.034667 0.047716 0.013098 0.040374 0.042995 0.013098 0.045444 0.037595 0.013098 0.049798 0.031603 0.013098 0.053366 0.025112 0.013098 0.056093 0.018226 0.013098 0.057935 0.011052 0.013098 0.058863 0.003704 0.013098 0.058863 -0.003703 0.013098 0.057935 -0.011052 0.013098 0.056093 -0.018226 0.013098 0.053366 -0.025112 0.013098 0.049798 -0.031603 0.013098 0.045444 -0.037595 0.013098 0.040374 -0.042994 0.013098 0.034667 -0.047715 0.013098 0.028413 -0.051684 0.013098 0.021711 -0.054838 0.013098 0.014667 -0.057127 0.013098 0.007392 -0.058515 0.013098 -0.000000 -0.058980 0.013098 -0.007393 -0.058515 0.013098 -0.014668 -0.057127 0.013098 -0.021712 -0.054838 0.013098 -0.028414 -0.051684 0.013098 -0.034668 -0.047715 0.013098 -0.040375 -0.042994 0.013098 -0.045445 -0.037595 0.013098 -0.049799 -0.031603 0.013098 -0.053367 -0.025112 0.013098 -0.056094 -0.018226 0.013098 -0.057935 -0.011052 0.013098 -0.058864 -0.003703 0.013098 -0.058864 0.003704 0.013098 -0.057935 0.011052 0.013098 -0.056094 0.018226 0.013098 -0.053367 0.025112 0.013098 -0.049799 0.031603 0.013098 -0.045445 0.037595 0.013098 -0.040375 0.042995 0.013098 -0.034668 0.047716 0.013098 -0.028414 0.051685 0.013098 -0.021712 0.054838 0.013098 -0.014668 0.057127 0.013098 -0.007393 0.058515 0.013098 -0.000000 0.058980 0.013098 0.007156 0.056648 0.019429 0.014199 0.055305 0.019429 0.021019 0.053089 0.019429 0.027507 0.050036 0.019429 0.033561 0.046194 0.019429 0.039086 0.041623 0.019429 0.043995 0.036396 0.019429 0.048209 0.030595 0.019429 0.051664 0.024312 0.019429 0.054303 0.017645 0.019429 0.056087 0.010699 0.019429 0.056985 0.003585 0.019429 0.056985 -0.003585 0.019429 0.056087 -0.010699 0.019429 0.054303 -0.017644 0.019429 0.051664 -0.024311 0.019429 0.048209 -0.030595 0.019429 0.043995 -0.036396 0.019429 0.039086 -0.041623 0.019429 0.033561 -0.046194 0.019429 0.027507 -0.050036 0.019429 0.021019 -0.053089 0.019429 0.014199 -0.055304 0.019429 0.007156 -0.056648 0.019429 -0.000000 -0.057098 0.019429 -0.007157 -0.056648 0.019429 -0.014200 -0.055304 0.019429 -0.021020 -0.053089 0.019429 -0.027508 -0.050036 0.019429 -0.033562 -0.046194 0.019429 -0.039087 -0.041623 0.019429 -0.043996 -0.036396 0.019429 -0.048210 -0.030595 0.019429 -0.051665 -0.024311 0.019429 -0.054304 -0.017644 0.019429 -0.056088 -0.010699 0.019429 -0.056986 -0.003585 0.019429 -0.056986 0.003585 0.019429 -0.056088 0.010699 0.019429 -0.054304 0.017645 0.019429 -0.051665 0.024312 0.019429 -0.048210 0.030595 0.019429 -0.043996 0.036396 0.019429 -0.039087 0.041623 0.019429 -0.033562 0.046194 0.019429 -0.027508 0.050036 0.019429 -0.021020 0.053089 0.019429 -0.014200 0.055305 0.019429 -0.007157 0.056648 0.019429 -0.000000 0.057099 0.019429 0.006830 0.054070 0.025500 0.013553 0.052788 0.025500 0.020062 0.050673 0.025500 0.026255 0.047759 0.025500 0.032034 0.044092 0.025500 0.037307 0.039729 0.025500 0.041993 0.034740 0.025500 0.046015 0.029203 0.025500 0.049313 0.023205 0.025500 0.051832 0.016842 0.025500 0.053534 0.010212 0.025500 0.054392 0.003422 0.025500 0.054392 -0.003422 0.025500 0.053534 -0.010212 0.025500 0.051832 -0.016841 0.025500 0.049313 -0.023205 0.025500 0.046015 -0.029202 0.025500 0.041993 -0.034739 0.025500 0.037307 -0.039729 0.025500 0.032034 -0.044091 0.025500 0.026255 -0.047759 0.025500 0.020062 -0.050673 0.025500 0.013553 -0.052788 0.025500 0.006830 -0.054070 0.025500 -0.000000 -0.054500 0.025500 -0.006831 -0.054070 0.025500 -0.013554 -0.052788 0.025500 -0.020063 -0.050673 0.025500 -0.026256 -0.047759 0.025500 -0.032035 -0.044091 0.025500 -0.037308 -0.039729 0.025500 -0.041993 -0.034739 0.025500 -0.046016 -0.029202 0.025500 -0.049313 -0.023205 0.025500 -0.051833 -0.016841 0.025500 -0.053535 -0.010212 0.025500 -0.054393 -0.003422 0.025500 -0.054393 0.003422 0.025500 -0.053535 0.010212 0.025500 -0.051833 0.016842 0.025500 -0.049313 0.023205 0.025500 -0.046016 0.029203 0.025500 -0.041993 0.034740 0.025500 -0.037308 0.039729 0.025500 -0.032035 0.044092 0.025500 -0.026256 0.047759 0.025500 -0.020063 0.050673 0.025500 -0.013554 0.052788 0.025500 -0.006831 0.054070 0.025500 -0.000000 0.054500 0.025500 -0.000000 -0.054500 0.025500 -0.000000 -0.051500 0.025500 -0.002451 -0.051442 0.025500 -0.051500 0.000000 0.025500 -0.054393 -0.003422 0.025500 -0.050570 -0.009746 0.025500 -0.053535 -0.010212 0.025500 -0.047811 -0.019140 0.025500 -0.037273 0.035539 0.025500 -0.041993 0.034740 0.025500 -0.043325 0.027843 0.025500 -0.046016 0.029203 0.025500 -0.047811 0.019141 0.025500 -0.021394 0.046846 0.025500 -0.026256 0.047759 0.025500 -0.029873 0.041951 0.025500 -0.032035 0.044092 0.025500 -0.037308 0.039729 0.025500 0.016844 0.048668 0.025500 0.013553 0.052788 0.025500 0.007329 0.050976 0.025500 0.006830 0.054070 0.025500 -0.002451 0.051442 0.025500 -0.021394 -0.046846 0.025500 -0.020063 -0.050673 0.025500 -0.012142 -0.050048 0.025500 -0.013554 -0.052788 0.025500 -0.002451 -0.051442 0.025500 -0.006831 -0.054070 0.025500 -0.037273 -0.035539 0.025500 -0.037308 -0.039729 0.025500 -0.029873 -0.041950 0.025500 -0.032035 -0.044091 0.025500 -0.026256 -0.047759 0.025500 -0.049313 0.023205 0.025500 -0.051833 0.016842 0.025500 -0.050570 0.009747 0.025500 -0.053535 0.010212 0.025500 -0.054393 0.003422 0.025500 0.051266 0.004895 0.025500 0.051266 -0.004895 0.025500 0.054392 -0.003422 0.025500 0.033725 -0.038921 0.025500 0.037307 -0.039729 0.025500 0.040481 -0.031835 0.025500 0.041993 -0.034739 0.025500 0.045775 -0.023599 0.025500 -0.051833 -0.016841 0.025500 -0.049313 -0.023205 0.025500 -0.043325 -0.027843 0.025500 -0.046016 -0.029202 0.025500 -0.041993 -0.034739 0.025500 -0.000000 0.054500 0.025500 -0.006831 0.054070 0.025500 -0.012142 0.050048 0.025500 -0.013554 0.052788 0.025500 -0.020063 0.050673 0.025500 0.045775 0.023599 0.025500 0.046015 0.029203 0.025500 0.040481 0.031835 0.025500 0.041993 0.034740 0.025500 0.033725 0.038921 0.025500 0.007329 -0.050976 0.025500 0.006830 -0.054070 0.025500 0.016844 -0.048667 0.025500 0.037307 0.039729 0.025500 0.032034 0.044092 0.025500 0.025750 0.044600 0.025500 0.026255 0.047759 0.025500 0.020062 0.050673 0.025500 0.054392 0.003422 0.025500 0.053534 0.010212 0.025500 0.049413 0.014509 0.025500 0.051832 0.016842 0.025500 0.049313 0.023205 0.025500 0.046015 -0.029202 0.025500 0.049313 -0.023205 0.025500 0.049413 -0.014509 0.025500 0.051832 -0.016841 0.025500 0.053534 -0.010212 0.025500 0.013553 -0.052788 0.025500 0.020062 -0.050673 0.025500 0.025750 -0.044600 0.025500 0.026255 -0.047759 0.025500 0.032034 -0.044091 0.025500
</float_array>
          <technique_common>
            <accessor source="#mesh-a6519613-9632-45fc-9ec9-8956a334f117-mesh-positions-array" count="619" stride="3">
              <param name="X" type="float" />
              <param name="Y" type="float" />
              <param name="Z" type="float" />
            </accessor>
          </technique_common>
        </source>
        <source id="mesh-a6519613-9632-45fc-9ec9-8956a334f117-mesh-normals">
          <float_array id="mesh-a6519613-9632-45fc-9ec9-8956a334f117-mesh-normals-array" count="1548">
0.000000 0.000000 -1.000000 0.000000 0.000000 -1.000000 -0.000001 0.000000 -1.000000 0.000000 0.000000 -1.000000 0.000001 0.000000 -1.000000 -0.000001 0.000000 -1.000000 -0.000001 0.000000 -1.000000 0.000001 0.000000 -1.000000 0.000001 0.000000 -1.000000 -0.000001 0.000000 -1.000000 -0.000001 0.000000 -1.000000 0.000001 0.000000 -1.000000 0.000001 0.000000 -1.000000 0.000001 0.000000 -1.000000 -0.000001 0.000000 -1.000000 -0.000001 0.000000 -1.000000 0.000000 0.000000 -1.000000 0.000000 0.000000 -1.000000 -0.000000 0.000000 -1.000000 0.000001 0.000000 -1.000000 -0.000001 0.000000 -1.000000 -0.000001 0.000000 -1.000000 -0.000001 0.000000 -1.000000 -0.000001 0.000000 -1.000000 0.000001 0.000000 -1.000000 0.000000 0.000000 -1.000000 -0.000000 0.000000 -1.000000 -0.000001 0.000000 -1.000000 0.000001 0.000000 -1.000000 0.000000 0.000000 -1.000000 0.000000 0.000000 -1.000000 -0.000000 0.000000 -1.000000 0.000000 0.000000 -1.000000 -0.000001 0.000000 -1.000000 0.019266 0.919165 -0.393402 0.118270 0.933065 -0.339709 0.134316 0.909502 -0.393402 0.234338 0.910823 -0.339834 0.247248 0.885496 -0.393402 0.346566 0.874383 -0.339626 0.356281 0.847526 -0.393402 0.453422 0.824052 -0.339626 0.459695 0.796188 -0.393402 0.553149 0.760674 -0.339709 0.555858 0.732295 -0.393402 0.644124 0.685348 -0.339709 0.643256 0.656853 -0.393402 0.724945 0.599186 -0.339751 0.720509 0.571052 -0.393402 0.794326 0.503547 -0.339834 0.786400 0.476246 -0.393402 0.851185 0.400102 -0.339709 0.839889 0.373928 -0.393402 0.894619 0.290266 -0.339709 0.880131 0.265714 -0.393402 0.923966 0.175903 -0.339626 0.906494 0.153309 -0.393402 0.938699 0.058664 -0.339709 0.918561 0.038486 -0.393402 0.938650 -0.059450 -0.339709 0.916141 -0.076943 -0.393402 0.923836 -0.176585 -0.339626 0.899274 -0.191159 -0.393402 0.894440 -0.290962 -0.339584 0.868224 -0.302361 -0.393402 0.850897 -0.400785 -0.339626 0.823482 -0.408793 -0.393402 0.793956 -0.504271 -0.339626 0.765753 -0.508780 -0.393402 0.724493 -0.599803 -0.339626 0.695948 -0.600743 -0.393402 0.643469 -0.685901 -0.339834 0.615167 -0.683231 -0.393402 0.552594 -0.761132 -0.339584 0.524685 -0.754944 -0.393403 0.452732 -0.824380 -0.339751 0.425928 -0.814752 -0.393402 0.345921 -0.874639 -0.339626 0.320454 -0.861710 -0.393403 0.233519 -0.911080 -0.339709 0.209926 -0.895079 -0.393402 0.117539 -0.933188 -0.339626 0.096087 -0.914332 -0.393402 -0.000348 -0.940561 -0.339626 -0.019266 -0.919165 -0.393402 -0.118270 -0.933065 -0.339709 -0.134316 -0.909502 -0.393402 -0.234338 -0.910823 -0.339834 -0.247248 -0.885496 -0.393402 -0.346566 -0.874383 -0.339626 -0.356281 -0.847526 -0.393402 -0.453422 -0.824052 -0.339626 -0.459695 -0.796188 -0.393402 -0.553149 -0.760674 -0.339709 -0.555858 -0.732295 -0.393402 -0.644124 -0.685348 -0.339709 -0.643256 -0.656853 -0.393402 -0.724945 -0.599186 -0.339751 -0.720509 -0.571052 -0.393402 -0.794326 -0.503547 -0.339834 -0.786400 -0.476246 -0.393402 -0.851185 -0.400102 -0.339709 -0.839889 -0.373928 -0.393402 -0.894619 -0.290266 -0.339709 -0.880131 -0.265714 -0.393402 -0.923966 -0.175903 -0.339626 -0.906494 -0.153309 -0.393402 -0.938699 -0.058664 -0.339709 -0.918561 -0.038486 -0.393402 -0.938650 0.059450 -0.339709 -0.916141 0.076943 -0.393402 -0.923836 0.176585 -0.339626 -0.899274 0.191159 -0.393402 -0.894440 0.290962 -0.339584 -0.868224 0.302361 -0.393402 -0.850897 0.400785 -0.339626 -0.823482 0.408793 -0.393402 -0.793956 0.504271 -0.339626 -0.765753 0.508780 -0.393402 -0.724493 0.599803 -0.339626 -0.695948 0.600743 -0.393402 -0.643469 0.685901 -0.339834 -0.615167 0.683231 -0.393402 -0.552594 0.761132 -0.339584 -0.524685 0.754944 -0.393403 -0.452732 0.824380 -0.339751 -0.425928 0.814752 -0.393402 -0.345921 0.874639 -0.339626 -0.320454 0.861710 -0.393403 -0.233519 0.911080 -0.339709 -0.209926 0.895079 -0.393402 -0.117539 0.933188 -0.339626 -0.096087 0.914332 -0.393402 0.000348 0.940561 -0.339626 0.122277 0.965705 -0.229045 0.242249 0.942843 -0.228829 0.358633 0.904921 -0.229131 0.469159 0.852917 -0.228958 0.572384 0.787347 -0.229044 0.666532 0.709446 -0.228959 0.750207 0.620264 -0.229045 0.822024 0.521397 -0.228958 0.880888 0.414335 -0.228829 0.925872 0.300663 -0.228828 0.956226 0.182127 -0.229044 0.971513 0.060844 -0.229045 0.971536 -0.061287 -0.228829 0.956194 -0.182569 -0.228829 0.925654 -0.301104 -0.229131 0.880750 -0.414629 -0.228829 0.821838 -0.521747 -0.228829 0.749898 -0.620670 -0.228958 0.666266 -0.709738 -0.228829 0.572058 -0.787646 -0.228829 0.468702 -0.853145 -0.229045 0.358130 -0.905164 -0.228959 0.241760 -0.942895 -0.229130 0.121677 -0.965761 -0.229131 -0.000232 -0.973436 -0.228958 -0.122277 -0.965705 -0.229045 -0.242249 -0.942843 -0.228829 -0.358633 -0.904921 -0.229131 -0.469159 -0.852917 -0.228958 -0.572384 -0.787347 -0.229044 -0.666532 -0.709446 -0.228959 -0.750207 -0.620264 -0.229045 -0.822024 -0.521397 -0.228958 -0.880888 -0.414335 -0.228829 -0.925872 -0.300663 -0.228828 -0.956226 -0.182127 -0.229044 -0.971513 -0.060844 -0.229045 -0.971536 0.061287 -0.228829 -0.956194 0.182569 -0.228829 -0.925654 0.301104 -0.229131 -0.880750 0.414629 -0.228829 -0.821838 0.521747 -0.228829 -0.749898 0.620670 -0.228958 -0.666266 0.709738 -0.228829 -0.572058 0.787646 -0.228829 -0.468702 0.853145 -0.229045 -0.358130 0.905164 -0.228959 -0.241760 0.942895 -0.229130 -0.121677 0.965761 -0.229131 0.000232 0.973436 -0.228958 0.124658 0.985474 -0.115333 0.247039 0.962154 -0.115025 0.365681 0.923605 -0.115025 0.478681 0.870381 -0.115334 0.583884 0.803647 -0.115025 0.680004 0.724130 -0.115026 0.765475 0.633045 -0.115334 0.838724 0.532270 -0.115025 0.898858 0.422791 -0.115334 0.944744 0.306966 -0.115025 0.975768 0.186138 -0.115025 0.991402 0.062374 -0.115025 0.991402 -0.062374 -0.115025 0.975702 -0.186291 -0.115334 0.944744 -0.306966 -0.115025 0.898720 -0.423085 -0.115334 0.838724 -0.532270 -0.115025 0.765268 -0.633295 -0.115334 0.680003 -0.724130 -0.115025 0.583884 -0.803647 -0.115025 0.478397 -0.870537 -0.115334 0.365517 -0.923632 -0.115334 0.247039 -0.962154 -0.115025 0.124501 -0.985530 -0.115025 0.000000 -0.993363 -0.115025 -0.124658 -0.985474 -0.115333 -0.247039 -0.962154 -0.115025 -0.365681 -0.923605 -0.115025 -0.478681 -0.870381 -0.115334 -0.583884 -0.803647 -0.115025 -0.680004 -0.724130 -0.115026 -0.765475 -0.633045 -0.115334 -0.838724 -0.532270 -0.115025 -0.898858 -0.422791 -0.115334 -0.944744 -0.306966 -0.115025 -0.975768 -0.186138 -0.115025 -0.991402 -0.062374 -0.115025 -0.991402 0.062374 -0.115025 -0.975702 0.186291 -0.115334 -0.944744 0.306966 -0.115025 -0.898720 0.423085 -0.115334 -0.838724 0.532270 -0.115025 -0.765268 0.633295 -0.115334 -0.680003 0.724130 -0.115025 -0.583884 0.803647 -0.115025 -0.478397 0.870537 -0.115334 -0.365517 0.923632 -0.115334 -0.247039 0.962154 -0.115025 -0.124501 0.985530 -0.115025 0.000000 0.993363 -0.115025 0.125333 0.992115 0.000000 0.248690 0.968583 -0.000000 0.368124 0.929777 0.000000 0.481754 0.876306 0.000000 0.587785 0.809017 0.000000 0.684547 0.728969 0.000000 0.770513 0.637424 0.000000 0.844328 0.535827 0.000000 0.904827 0.425779 0.000000 0.951056 0.309017 0.000000 0.982287 0.187382 0.000000 0.998027 0.062791 -0.000000 0.998027 -0.062791 0.000000 0.982287 -0.187382 0.000000 0.951056 -0.309017 0.000000 0.904827 -0.425779 0.000000 0.844328 -0.535827 0.000000 0.770513 -0.637424 -0.000000 0.684547 -0.728969 0.000000 0.587785 -0.809017 0.000000 0.481754 -0.876307 0.000000 0.368124 -0.929777 0.000000 0.248690 -0.968583 0.000000 0.125333 -0.992115 0.000000 0.000000 -1.000000 0.000000 -0.125333 -0.992115 0.000000 -0.248690 -0.968583 -0.000000 -0.368124 -0.929777 0.000000 -0.481754 -0.876306 0.000000 -0.587785 -0.809017 0.000000 -0.684547 -0.728969 0.000000 -0.770513 -0.637424 0.000000 -0.844328 -0.535827 0.000000 -0.904827 -0.425779 0.000000 -0.951056 -0.309017 0.000000 -0.982287 -0.187382 0.000000 -0.998027 -0.062791 -0.000000 -0.998027 0.062791 0.000000 -0.982287 0.187382 0.000000 -0.951056 0.309017 0.000000 -0.904827 0.425779 0.000000 -0.844328 0.535827 0.000000 -0.770513 0.637424 -0.000000 -0.684547 0.728969 0.000000 -0.587785 0.809017 0.000000 -0.481754 0.876307 0.000000 -0.368124 0.929777 0.000000 -0.248690 0.968583 0.000000 -0.125333 0.992115 0.000000 0.000000 1.000000 0.000000 0.124336 0.985514 0.115333 0.247039 0.962154 0.115025 0.365517 0.923632 0.115334 0.478397 0.870537 0.115334 0.583884 0.803647 0.115025 0.680003 0.724130 0.115025 0.765399 0.633193 0.115025 0.838724 0.532270 0.115025 0.898720 0.423085 0.115334 0.944744 0.306966 0.115025 0.975767 0.186138 0.115025 0.991402 0.062374 0.115025 0.991402 -0.062374 0.115025 0.975768 -0.186138 0.115025 0.944744 -0.306966 0.115025 0.898858 -0.422791 0.115334 0.838724 -0.532270 0.115025 0.765475 -0.633045 0.115334 0.680004 -0.724130 0.115026 0.583884 -0.803647 0.115025 0.478556 -0.870490 0.115026 0.365681 -0.923605 0.115025 0.247188 -0.962079 0.115333 0.124502 -0.985530 0.115025 0.000000 -0.993363 0.115025 -0.124501 -0.985530 0.115025 -0.247039 -0.962154 0.115025 -0.365517 -0.923632 0.115334 -0.478397 -0.870537 0.115334 -0.583884 -0.803647 0.115025 -0.680003 -0.724130 0.115025 -0.765399 -0.633193 0.115025 -0.838724 -0.532270 0.115025 -0.898720 -0.423085 0.115334 -0.944744 -0.306966 0.115025 -0.975767 -0.186138 0.115025 -0.991402 -0.062374 0.115025 -0.991402 0.062374 0.115025 -0.975768 0.186138 0.115025 -0.944744 0.306966 0.115025 -0.898858 0.422791 0.115334 -0.838724 0.532270 0.115025 -0.765475 0.633045 0.115334 -0.680004 0.724130 0.115026 -0.583884 0.803647 0.115025 -0.478556 0.870490 0.115026 -0.365681 0.923605 0.115025 -0.247188 0.962079 0.115333 -0.124502 0.985530 0.115025 0.000000 0.993363 0.115025 0.121677 0.965761 0.229131 0.241810 0.942904 0.229044 0.358079 0.905162 0.229045 0.468829 0.853134 0.228829 0.571984 0.787663 0.228958 0.666266 0.709738 0.228829 0.749898 0.620670 0.228958 0.821775 0.521789 0.228958 0.880693 0.414679 0.228958 0.925688 0.301066 0.229045 0.956194 0.182569 0.228829 0.971536 0.061287 0.228829 0.971530 -0.060891 0.228958 0.956209 -0.182053 0.229174 0.925872 -0.300664 0.228828 0.880890 -0.414259 0.228958 0.822012 -0.521472 0.228829 0.750221 -0.620216 0.229131 0.666502 -0.709515 0.228829 0.572384 -0.787347 0.229044 0.469190 -0.852877 0.229045 0.358597 -0.904957 0.229045 0.242109 -0.942952 0.228527 0.122277 -0.965705 0.229045 0.000278 -0.973416 0.229045 -0.121677 -0.965761 0.229131 -0.241810 -0.942904 0.229044 -0.358079 -0.905162 0.229045 -0.468829 -0.853134 0.228829 -0.571984 -0.787663 0.228958 -0.666266 -0.709738 0.228829 -0.749898 -0.620670 0.228958 -0.821775 -0.521789 0.228958 -0.880693 -0.414679 0.228958 -0.925688 -0.301066 0.229045 -0.956194 -0.182569 0.228829 -0.971536 -0.061287 0.228829 -0.971530 0.060891 0.228958 -0.956209 0.182053 0.229174 -0.925872 0.300664 0.228828 -0.880890 0.414259 0.228958 -0.822012 0.521472 0.228829 -0.750221 0.620216 0.229131 -0.666502 0.709515 0.228829 -0.572384 0.787347 0.229044 -0.469190 0.852877 0.229045 -0.358597 0.904957 0.229045 -0.242109 0.942952 0.228527 -0.122277 0.965705 0.229045 -0.000278 0.973416 0.229045 0.117539 0.933188 0.339626 0.233519 0.911080 0.339710 0.345948 0.874644 0.339584 0.452677 0.824376 0.339835 0.552566 0.761134 0.339626 0.643551 0.685886 0.339709 0.724493 0.599803 0.339626 0.793981 0.504259 0.339584 0.850897 0.400785 0.339626 0.894376 0.291014 0.339709 0.923836 0.176585 0.339626 0.938650 0.059450 0.339709 0.938699 -0.058664 0.339709 0.923965 -0.175903 0.339626 0.894619 -0.290266 0.339709 0.851185 -0.400102 0.339709 0.794327 -0.503602 0.339751 0.724945 -0.599186 0.339751 0.644111 -0.685401 0.339626 0.553149 -0.760674 0.339709 0.453409 -0.824076 0.339585 0.346518 -0.874451 0.339501 0.234301 -0.910864 0.339751 0.118291 -0.933047 0.339751 0.000347 -0.940561 0.339626 -0.117539 -0.933188 0.339626 -0.233519 -0.911080 0.339710 -0.345948 -0.874644 0.339584 -0.452677 -0.824376 0.339835 -0.552566 -0.761134 0.339626 -0.643551 -0.685886 0.339709 -0.724493 -0.599803 0.339626 -0.793981 -0.504259 0.339584 -0.850897 -0.400785 0.339626 -0.894376 -0.291014 0.339709 -0.923836 -0.176585 0.339626 -0.938650 -0.059450 0.339709 -0.938699 0.058664 0.339709 -0.923965 0.175903 0.339626 -0.894619 0.290266 0.339709 -0.851185 0.400102 0.339709 -0.794327 0.503602 0.339751 -0.724945 0.599186 0.339751 -0.644111 0.685401 0.339626 -0.553149 0.760674 0.339709 -0.453409 0.824076 0.339585 -0.346518 0.874451 0.339501 -0.234301 0.910864 0.339751 -0.118291 0.933047 0.339751 -0.000347 0.940561 0.339626 0.096087 0.914332 0.393402 0.209926 0.895079 0.393402 0.320454 0.861710 0.393401 0.425928 0.814752 0.393402 0.524685 0.754944 0.393402 0.615167 0.683231 0.393402 0.695948 0.600743 0.393402 0.765753 0.508780 0.393402 0.823482 0.408793 0.393402 0.868224 0.302361 0.393402 0.899274 0.191159 0.393402 0.916141 0.076943 0.393402 0.918561 -0.038486 0.393402 0.906494 -0.153309 0.393402 0.880131 -0.265714 0.393402 0.839888 -0.373928 0.393402 0.786400 -0.476246 0.393402 0.720510 -0.571052 0.393402 0.643256 -0.656853 0.393402 0.555858 -0.732295 0.393402 0.459694 -0.796188 0.393402 0.356281 -0.847526 0.393401 0.247248 -0.885496 0.393402 0.134316 -0.909502 0.393402 0.019266 -0.919165 0.393402 -0.096087 -0.914332 0.393402 -0.209926 -0.895079 0.393402 -0.320454 -0.861710 0.393401 -0.425928 -0.814752 0.393402 -0.524685 -0.754944 0.393402 -0.615167 -0.683231 0.393402 -0.695948 -0.600743 0.393402 -0.765753 -0.508780 0.393402 -0.823482 -0.408793 0.393402 -0.868224 -0.302361 0.393402 -0.899274 -0.191159 0.393402 -0.916141 -0.076943 0.393402 -0.918561 0.038486 0.393402 -0.906494 0.153309 0.393402 -0.880131 0.265714 0.393402 -0.839888 0.373928 0.393402 -0.786400 0.476246 0.393402 -0.720510 0.571052 0.393402 -0.643256 0.656853 0.393402 -0.555858 0.732295 0.393402 -0.459694 0.796188 0.393402 -0.356281 0.847526 0.393401 -0.247248 0.885496 0.393402 -0.134316 0.909502 0.393402 -0.019266 0.919165 0.393402 0.000000 0.000000 1.000000 -0.000001 0.000000 1.000000 0.000000 0.000000 1.000000 0.000001 0.000000 1.000000 0.000000 0.000000 1.000000 -0.000000 0.000000 1.000000 0.000000 0.000000 1.000000 0.000001 0.000000 1.000000 -0.000001 0.000000 1.000000 -0.000001 0.000000 1.000000 -0.000001 0.000000 1.000000 0.000000 0.000000 1.000000 -0.000001 0.000000 1.000000 -0.000001 0.000000 1.000000 -0.000001 0.000000 1.000000 0.000001 0.000000 1.000000 -0.000000 0.000000 1.000000 0.000000 0.000000 1.000000 -0.000001 0.000000 1.000000 -0.000000 0.000000 1.000000 0.000000 0.000000 1.000000 -0.000001 0.000000 1.000000 -0.000001 0.000000 1.000000 0.000001 0.000000 1.000000 0.000000 0.000000 1.000000 0.000001 0.000000 1.000000 0.000001 0.000000 1.000000 0.000001 0.000000 1.000000 0.000001 0.000000 1.000000 -0.000001 0.000000 1.000000 0.000001 0.000000 1.000000 -0.000001 0.000000 1.000000
</float_array>
          <technique_common>
            <accessor source="#mesh-a6519613-9632-45fc-9ec9-8956a334f117-mesh-normals-array" count="516" stride="3">
              <param name="X" type="float" />
              <param name="Y" type="float" />
              <param name="Z" type="float" />
            </accessor>
          </technique_common>
        </source>
        <vertices id="mesh-a6519613-9632-45fc-9ec9-8956a334f117-mesh-vertices">
          <input semantic="POSITION" source="#mesh-a6519613-9632-45fc-9ec9-8956a334f117-mesh-positions" />
        </vertices>
        <triangles material="Material-塑胶_236-material" count="968">
          <input semantic="VERTEX" source="#mesh-a6519613-9632-45fc-9ec9-8956a334f117-mesh-vertices" offset="0" />
          <input semantic="NORMAL" source="#mesh-a6519613-9632-45fc-9ec9-8956a334f117-mesh-normals" offset="1" />
          <p>0 0 1 0 2 0 2 0 1 0 3 0 2 1 3 1 4 1 5 2 6 2 7 2 7 0 6 0 8 0 7 0 8 0 9 0 10 3 11 3 12 3 13 0 14 0 15 0 15 4 14 4 16 4 15 0 16 0 0 0 0 0 16 0 17 0 0 0 17 0 1 0 8 5 18 5 9 5 9 0 18 0 19 0 9 0 19 0 20 0 20 6 19 6 21 6 20 7 21 7 13 7 13 0 21 0 22 0 13 8 22 8 14 8 23 0 24 0 25 0 25 9 24 9 26 9 25 0 26 0 5 0 5 10 26 10 27 10 5 0 27 0 6 0 12 11 28 11 10 11 10 12 28 12 29 12 10 0 29 0 30 0 30 13 29 13 31 13 30 0 31 0 32 0 33 0 34 0 35 0 35 14 34 14 36 14 35 0 36 0 37 0 3 15 38 15 4 15 4 16 38 16 39 16 4 0 39 0 40 0 40 17 39 17 41 17 40 0 41 0 33 0 33 18 41 18 42 18 33 0 42 0 34 0 43 0 44 0 45 0 45 0 44 0 46 0 45 0 46 0 11 0 11 19 46 19 47 19 11 12 47 12 12 12 48 0 49 0 50 0 50 0 49 0 51 0 50 0 51 0 23 0 23 20 51 20 52 20 23 0 52 0 24 0 53 0 54 0 55 0 55 0 54 0 56 0 55 0 56 0 48 0 48 0 56 0 57 0 48 8 57 8 49 8 36 0 58 0 37 0 37 21 58 21 59 21 37 0 59 0 60 0 60 22 59 22 61 22 60 0 61 0 43 0 43 23 61 23 62 23 43 24 62 24 44 24 31 25 63 25 32 25 32 24 63 24 64 24 32 26 64 26 65 26 65 0 64 0 66 0 65 0 66 0 67 0 66 27 68 27 67 27 67 21 68 21 69 21 67 28 69 28 70 28 70 0 69 0 71 0 70 29 71 29 72 29 71 0 73 0 72 0 72 0 73 0 74 0 72 0 74 0 75 0 75 0 74 0 76 0 75 0 76 0 77 0 77 30 76 30 78 30 77 0 78 0 79 0 79 16 78 16 80 16 79 31 80 31 81 31 81 32 80 32 82 32 81 0 82 0 53 0 53 33 82 33 83 33 53 0 83 0 54 0 84 34 85 35 86 36 86 36 85 35 87 37 86 36 87 37 88 38 88 38 87 37 89 39 88 38 89 39 90 40 90 40 89 39 91 41 90 40 91 41 92 42 92 42 91 41 93 43 92 42 93 43 94 44 94 44 93 43 95 45 94 44 95 45 96 46 96 46 95 45 97 47 96 46 97 47 98 48 98 48 97 47 99 49 98 48 99 49 100 50 100 50 99 49 101 51 100 50 101 51 102 52 102 52 101 51 103 53 102 52 103 53 104 54 104 54 103 53 105 55 104 54 105 55 106 56 106 56 105 55 107 57 106 56 107 57 108 58 108 58 107 57 109 59 108 58 109 59 110 60 110 60 109 59 111 61 110 60 111 61 112 62 112 62 111 61 113 63 112 62 113 63 114 64 114 64 113 63 115 65 114 64 115 65 116 66 116 66 115 65 117 67 116 66 117 67 118 68 118 68 117 67 119 69 118 68 119 69 120 70 120 70 119 69 121 71 120 70 121 71 122 72 122 72 121 71 123 73 122 72 123 73 124 74 124 74 123 73 125 75 124 74 125 75 126 76 126 76 125 75 127 77 126 76 127 77 128 78 128 78 127 77 129 79 128 78 129 79 130 80 130 80 129 79 131 81 130 80 131 81 132 82 132 82 131 81 133 83 132 82 133 83 134 84 134 84 133 83 135 85 134 84 135 85 136 86 136 86 135 85 137 87 136 86 137 87 138 88 138 88 137 87 139 89 138 88 139 89 140 90 140 90 139 89 141 91 140 90 141 91 142 92 142 92 141 91 143 93 142 92 143 93 144 94 144 94 143 93 145 95 144 94 145 95 146 96 146 96 145 95 147 97 146 96 147 97 148 98 148 98 147 97 149 99 148 98 149 99 150 100 150 100 149 99 151 101 150 100 151 101 152 102 152 102 151 101 153 103 152 102 153 103 154 104 154 104 153 103 155 105 154 104 155 105 156 106 156 106 155 105 157 107 156 106 157 107 158 108 158 108 157 107 159 109 158 108 159 109 160 110 160 110 159 109 161 111 160 110 161 111 162 112 162 112 161 111 163 113 162 112 163 113 164 114 164 114 163 113 165 115 164 114 165 115 166 116 166 116 165 115 167 117 166 116 167 117 168 118 168 118 167 117 169 119 168 118 169 119 170 120 170 120 169 119 171 121 170 120 171 121 172 122 172 122 171 121 173 123 172 122 173 123 174 124 174 124 173 123 175 125 174 124 175 125 176 126 176 126 175 125 177 127 176 126 177 127 178 128 178 128 177 127 179 129 178 128 179 129 180 130 180 130 179 129 181 131 180 130 181 131 182 132 182 132 181 131 183 133 182 132 183 133 84 34 84 34 183 133 85 35 183 133 184 134 85 35 85 35 184 134 185 135 85 35 185 135 87 37 87 37 185 135 186 136 87 37 186 136 89 39 89 39 186 136 187 137 89 39 187 137 91 41 91 41 187 137 188 138 91 41 188 138 93 43 93 43 188 138 189 139 93 43 189 139 95 45 95 45 189 139 190 140 95 45 190 140 97 47 97 47 190 140 191 141 97 47 191 141 99 49 99 49 191 141 192 142 99 49 192 142 101 51 101 51 192 142 193 143 101 51 193 143 103 53 103 53 193 143 194 144 103 53 194 144 105 55 105 55 194 144 195 145 105 55 195 145 107 57 107 57 195 145 196 146 107 57 196 146 109 59 109 59 196 146 197 147 109 59 197 147 111 61 111 61 197 147 198 148 111 61 198 148 113 63 113 63 198 148 199 149 113 63 199 149 115 65 115 65 199 149 200 150 115 65 200 150 117 67 117 67 200 150 201 151 117 67 201 151 119 69 119 69 201 151 202 152 119 69 202 152 121 71 121 71 202 152 203 153 121 71 203 153 123 73 123 73 203 153 204 154 123 73 204 154 125 75 125 75 204 154 205 155 125 75 205 155 127 77 127 77 205 155 206 156 127 77 206 156 129 79 129 79 206 156 207 157 129 79 207 157 131 81 131 81 207 157 208 158 131 81 208 158 133 83 133 83 208 158 209 159 133 83 209 159 135 85 135 85 209 159 210 160 135 85 210 160 137 87 137 87 210 160 211 161 137 87 211 161 139 89 139 89 211 161 212 162 139 89 212 162 141 91 141 91 212 162 213 163 141 91 213 163 143 93 143 93 213 163 214 164 143 93 214 164 145 95 145 95 214 164 215 165 145 95 215 165 147 97 147 97 215 165 216 166 147 97 216 166 149 99 149 99 216 166 217 167 149 99 217 167 151 101 151 101 217 167 218 168 151 101 218 168 153 103 153 103 218 168 219 169 153 103 219 169 155 105 155 105 219 169 220 170 155 105 220 170 157 107 157 107 220 170 221 171 157 107 221 171 159 109 159 109 221 171 222 172 159 109 222 172 161 111 161 111 222 172 223 173 161 111 223 173 163 113 163 113 223 173 224 174 163 113 224 174 165 115 165 115 224 174 225 175 165 115 225 175 167 117 167 117 225 175 226 176 167 117 226 176 169 119 169 119 226 176 227 177 169 119 227 177 171 121 171 121 227 177 228 178 171 121 228 178 173 123 173 123 228 178 229 179 173 123 229 179 175 125 175 125 229 179 230 180 175 125 230 180 177 127 177 127 230 180 231 181 177 127 231 181 179 129 179 129 231 181 232 182 179 129 232 182 181 131 181 131 232 182 233 183 181 131 233 183 183 133 183 133 233 183 184 134 233 183 234 184 184 134 184 134 234 184 235 185 184 134 235 185 185 135 185 135 235 185 236 186 185 135 236 186 186 136 186 136 236 186 237 187 186 136 237 187 187 137 187 137 237 187 238 188 187 137 238 188 188 138 188 138 238 188 239 189 188 138 239 189 189 139 189 139 239 189 240 190 189 139 240 190 190 140 190 140 240 190 241 191 190 140 241 191 191 141 191 141 241 191 242 192 191 141 242 192 192 142 192 142 242 192 243 193 192 142 243 193 193 143 193 143 243 193 244 194 193 143 244 194 194 144 194 144 244 194 245 195 194 144 245 195 195 145 195 145 245 195 246 196 195 145 246 196 196 146 196 146 246 196 247 197 196 146 247 197 197 147 197 147 247 197 248 198 197 147 248 198 198 148 198 148 248 198 249 199 198 148 249 199 199 149 199 149 249 199 250 200 199 149 250 200 200 150 200 150 250 200 251 201 200 150 251 201 201 151 201 151 251 201 252 202 201 151 252 202 202 152 202 152 252 202 253 203 202 152 253 203 203 153 203 153 253 203 254 204 203 153 254 204 204 154 204 154 254 204 255 205 204 154 255 205 205 155 205 155 255 205 256 206 205 155 256 206 206 156 206 156 256 206 257 207 206 156 257 207 207 157 207 157 257 207 258 208 207 157 258 208 208 158 208 158 258 208 259 209 208 158 259 209 209 159 209 159 259 209 260 210 209 159 260 210 210 160 210 160 260 210 261 211 210 160 261 211 211 161 211 161 261 211 262 212 211 161 262 212 212 162 212 162 262 212 263 213 212 162 263 213 213 163 213 163 263 213 264 214 213 163 264 214 214 164 214 164 264 214 265 215 214 164 265 215 215 165 215 165 265 215 266 216 215 165 266 216 216 166 216 166 266 216 267 217 216 166 267 217 217 167 217 167 267 217 268 218 217 167 268 218 218 168 218 168 268 218 269 219 218 168 269 219 219 169 219 169 269 219 270 220 219 169 270 220 220 170 220 170 270 220 271 221 220 170 271 221 221 171 221 171 271 221 272 222 221 171 272 222 222 172 222 172 272 222 273 223 222 172 273 223 223 173 223 173 273 223 274 224 223 173 274 224 224 174 224 174 274 224 275 225 224 174 275 225 225 175 225 175 275 225 276 226 225 175 276 226 226 176 226 176 276 226 277 227 226 176 277 227 227 177 227 177 277 227 278 228 227 177 278 228 228 178 228 178 278 228 279 229 228 178 279 229 229 179 229 179 279 229 280 230 229 179 280 230 230 180 230 180 280 230 281 231 230 180 281 231 231 181 231 181 281 231 282 232 231 181 282 232 232 182 232 182 282 232 283 233 232 182 283 233 233 183 233 183 283 233 234 184 283 233 284 234 234 184 234 184 284 234 285 235 234 184 285 235 235 185 235 185 285 235 286 236 235 185 286 236 236 186 236 186 286 236 287 237 236 186 287 237 237 187 237 187 287 237 288 238 237 187 288 238 238 188 238 188 288 238 289 239 238 188 289 239 239 189 239 189 289 239 290 240 239 189 290 240 240 190 240 190 290 240 291 241 240 190 291 241 241 191 241 191 291 241 292 242 241 191 292 242 242 192 242 192 292 242 293 243 242 192 293 243 243 193 243 193 293 243 294 244 243 193 294 244 244 194 244 194 294 244 295 245 244 194 295 245 245 195 245 195 295 245 296 246 245 195 296 246 246 196 246 196 296 246 297 247 246 196 297 247 247 197 247 197 297 247 298 248 247 197 298 248 248 198 248 198 298 248 299 249 248 198 299 249 249 199 249 199 299 249 300 250 249 199 300 250 250 200 250 200 300 250 301 251 250 200 301 251 251 201 251 201 301 251 302 252 251 201 302 252 252 202 252 202 302 252 303 253 252 202 303 253 253 203 253 203 303 253 304 254 253 203 304 254 254 204 254 204 304 254 305 255 254 204 305 255 255 205 255 205 305 255 306 256 255 205 306 256 256 206 256 206 306 256 307 257 256 206 307 257 257 207 257 207 307 257 308 258 257 207 308 258 258 208 258 208 308 258 309 259 258 208 309 259 259 209 259 209 309 259 310 260 259 209 310 260 260 210 260 210 310 260 311 261 260 210 311 261 261 211 261 211 311 261 312 262 261 211 312 262 262 212 262 212 312 262 313 263 262 212 313 263 263 213 263 213 313 263 314 264 263 213 314 264 264 214 264 214 314 264 315 265 264 214 315 265 265 215 265 215 315 265 316 266 265 215 316 266 266 216 266 216 316 266 317 267 266 216 317 267 267 217 267 217 317 267 318 268 267 217 318 268 268 218 268 218 318 268 319 269 268 218 319 269 269 219 269 219 319 269 320 270 269 219 320 270 270 220 270 220 320 270 321 271 270 220 321 271 271 221 271 221 321 271 322 272 271 221 322 272 272 222 272 222 322 272 323 273 272 222 323 273 273 223 273 223 323 273 324 274 273 223 324 274 274 224 274 224 324 274 325 275 274 224 325 275 275 225 275 225 325 275 326 276 275 225 326 276 276 226 276 226 326 276 327 277 276 226 327 277 277 227 277 227 327 277 328 278 277 227 328 278 278 228 278 228 328 278 329 279 278 228 329 279 279 229 279 229 329 279 330 280 279 229 330 280 280 230 280 230 330 280 331 281 280 230 331 281 281 231 281 231 331 281 332 282 281 231 332 282 282 232 282 232 332 282 333 283 282 232 333 283 283 233 283 233 333 283 284 234 333 283 334 284 284 234 284 234 334 284 335 285 284 234 335 285 285 235 285 235 335 285 336 286 285 235 336 286 286 236 286 236 336 286 337 287 286 236 337 287 287 237 287 237 337 287 338 288 287 237 338 288 288 238 288 238 338 288 339 289 288 238 339 289 289 239 289 239 339 289 340 290 289 239 340 290 290 240 290 240 340 290 341 291 290 240 341 291 291 241 291 241 341 291 342 292 291 241 342 292 292 242 292 242 342 292 343 293 292 242 343 293 293 243 293 243 343 293 344 294 293 243 344 294 294 244 294 244 344 294 345 295 294 244 345 295 295 245 295 245 345 295 346 296 295 245 346 296 296 246 296 246 346 296 347 297 296 246 347 297 297 247 297 247 347 297 348 298 297 247 348 298 298 248 298 248 348 298 349 299 298 248 349 299 299 249 299 249 349 299 350 300 299 249 350 300 300 250 300 250 350 300 351 301 300 250 351 301 301 251 301 251 351 301 352 302 301 251 352 302 302 252 302 252 352 302 353 303 302 252 353 303 303 253 303 253 353 303 354 304 303 253 354 304 304 254 304 254 354 304 355 305 304 254 355 305 305 255 305 255 355 305 356 306 305 255 356 306 306 256 306 256 356 306 357 307 306 256 357 307 307 257 307 257 357 307 358 308 307 257 358 308 308 258 308 258 358 308 359 309 308 258 359 309 309 259 309 259 359 309 360 310 309 259 360 310 310 260 310 260 360 310 361 311 310 260 361 311 311 261 311 261 361 311 362 312 311 261 362 312 312 262 312 262 362 312 363 313 312 262 363 313 313 263 313 263 363 313 364 314 313 263 364 314 314 264 314 264 364 314 365 315 314 264 365 315 315 265 315 265 365 315 366 316 315 265 366 316 316 266 316 266 366 316 367 317 316 266 367 317 317 267 317 267 367 317 368 318 317 267 368 318 318 268 318 268 368 318 369 319 318 268 369 319 319 269 319 269 369 319 370 320 319 269 370 320 320 270 320 270 370 320 371 321 320 270 371 321 321 271 321 271 371 321 372 322 321 271 372 322 322 272 322 272 372 322 373 323 322 272 373 323 323 273 323 273 373 323 374 324 323 273 374 324 324 274 324 274 374 324 375 325 324 274 375 325 325 275 325 275 375 325 376 326 325 275 376 326 326 276 326 276 376 326 377 327 326 276 377 327 327 277 327 277 377 327 378 328 327 277 378 328 328 278 328 278 378 328 379 329 328 278 379 329 329 279 329 279 379 329 380 330 329 279 380 330 330 280 330 280 380 330 381 331 330 280 381 331 331 281 331 281 381 331 382 332 331 281 382 332 332 282 332 282 382 332 383 333 332 282 383 333 333 283 333 283 383 333 334 284 383 333 384 334 334 284 334 284 384 334 385 335 334 284 385 335 335 285 335 285 385 335 386 336 335 285 386 336 336 286 336 286 386 336 387 337 336 286 387 337 337 287 337 287 387 337 388 338 337 287 388 338 338 288 338 288 388 338 389 339 338 288 389 339 339 289 339 289 389 339 390 340 339 289 390 340 340 290 340 290 390 340 391 341 340 290 391 341 341 291 341 291 391 341 392 342 341 291 392 342 342 292 342 292 392 342 393 343 342 292 393 343 343 293 343 293 393 343 394 344 343 293 394 344 344 294 344 294 394 344 395 345 344 294 395 345 345 295 345 295 395 345 396 346 345 295 396 346 346 296 346 296 396 346 397 347 346 296 397 347 347 297 347 297 397 347 398 348 347 297 398 348 348 298 348 298 398 348 399 349 348 298 399 349 349 299 349 299 399 349 400 350 349 299 400 350 350 300 350 300 400 350 401 351 350 300 401 351 351 301 351 301 401 351 402 352 351 301 402 352 352 302 352 302 402 352 403 353 352 302 403 353 353 303 353 303 403 353 404 354 353 303 404 354 354 304 354 304 404 354 405 355 354 304 405 355 355 305 355 305 405 355 406 356 355 305 406 356 356 306 356 306 406 356 407 357 356 306 407 357 357 307 357 307 407 357 408 358 357 307 408 358 358 308 358 308 408 358 409 359 358 308 409 359 359 309 359 309 409 359 410 360 359 309 410 360 360 310 360 310 410 360 411 361 360 310 411 361 361 311 361 311 411 361 412 362 361 311 412 362 362 312 362 312 412 362 413 363 362 312 413 363 363 313 363 313 413 363 414 364 363 313 414 364 364 314 364 314 414 364 415 365 364 314 415 365 365 315 365 315 415 365 416 366 365 315 416 366 366 316 366 316 416 366 417 367 366 316 417 367 367 317 367 317 417 367 418 368 367 317 418 368 368 318 368 318 418 368 419 369 368 318 419 369 369 319 369 319 419 369 420 370 369 319 420 370 370 320 370 320 420 370 421 371 370 320 421 371 371 321 371 321 421 371 422 372 371 321 422 372 372 322 372 322 422 372 423 373 372 322 423 373 373 323 373 323 423 373 424 374 373 323 424 374 374 324 374 324 424 374 425 375 374 324 425 375 375 325 375 325 425 375 426 376 375 325 426 376 376 326 376 326 426 376 427 377 376 326 427 377 377 327 377 327 427 377 428 378 377 327 428 378 378 328 378 328 428 378 429 379 378 328 429 379 379 329 379 329 429 379 430 380 379 329 430 380 380 330 380 330 430 380 431 381 380 330 431 381 381 331 381 331 431 381 432 382 381 331 432 382 382 332 382 332 432 382 433 383 382 332 433 383 383 333 383 333 433 383 384 334 433 383 434 384 384 334 384 334 434 384 435 385 384 334 435 385 385 335 385 335 435 385 436 386 385 335 436 386 386 336 386 336 436 386 437 387 386 336 437 387 387 337 387 337 437 387 438 388 387 337 438 388 388 338 388 338 438 388 439 389 388 338 439 389 389 339 389 339 439 389 440 390 389 339 440 390 390 340 390 340 440 390 441 391 390 340 441 391 391 341 391 341 441 391 442 392 391 341 442 392 392 342 392 342 442 392 443 393 392 342 443 393 393 343 393 343 443 393 444 394 393 343 444 394 394 344 394 344 444 394 445 395 394 344 445 395 395 345 395 345 445 395 446 396 395 345 446 396 396 346 396 346 446 396 447 397 396 346 447 397 397 347 397 347 447 397 448 398 397 347 448 398 398 348 398 348 448 398 449 399 398 348 449 399 399 349 399 349 449 399 450 400 399 349 450 400 400 350 400 350 450 400 451 401 400 350 451 401 401 351 401 351 451 401 452 402 401 351 452 402 402 352 402 352 452 402 453 403 402 352 453 403 403 353 403 353 453 403 454 404 403 353 454 404 404 354 404 354 454 404 455 405 404 354 455 405 405 355 405 355 455 405 456 406 405 355 456 406 406 356 406 356 456 406 457 407 406 356 457 407 407 357 407 357 457 407 458 408 407 357 458 408 408 358 408 358 458 408 459 409 408 358 459 409 409 359 409 359 459 409 460 410 409 359 460 410 410 360 410 360 460 410 461 411 410 360 461 411 411 361 411 361 461 411 462 412 411 361 462 412 412 362 412 362 462 412 463 413 412 362 463 413 413 363 413 363 463 413 464 414 413 363 464 414 414 364 414 364 464 414 465 415 414 364 465 415 415 365 415 365 465 415 466 416 415 365 466 416 416 366 416 366 466 416 467 417 416 366 467 417 417 367 417 367 467 417 468 418 417 367 468 418 418 368 418 368 468 418 469 419 418 368 469 419 419 369 419 369 469 419 470 420 419 369 470 420 420 370 420 370 470 420 471 421 420 370 471 421 421 371 421 371 471 421 472 422 421 371 472 422 422 372 422 372 472 422 473 423 422 372 473 423 423 373 423 373 473 423 474 424 423 373 474 424 424 374 424 374 474 424 475 425 424 374 475 425 425 375 425 375 475 425 476 426 425 375 476 426 426 376 426 376 476 426 477 427 426 376 477 427 427 377 427 377 477 427 478 428 427 377 478 428 428 378 428 378 478 428 479 429 428 378 479 429 429 379 429 379 479 429 480 430 429 379 480 430 430 380 430 380 480 430 481 431 430 380 481 431 431 381 431 381 481 431 482 432 431 381 482 432 432 382 432 382 482 432 483 433 432 382 483 433 433 383 433 383 483 433 434 384 483 433 484 434 434 384 434 384 484 434 485 435 434 384 485 435 435 385 435 385 485 435 486 436 435 385 486 436 436 386 436 386 486 436 487 437 436 386 487 437 437 387 437 387 487 437 488 438 437 387 488 438 438 388 438 388 488 438 489 439 438 388 489 439 439 389 439 389 489 439 490 440 439 389 490 440 440 390 440 390 490 440 491 441 440 390 491 441 441 391 441 391 491 441 492 442 441 391 492 442 442 392 442 392 492 442 493 443 442 392 493 443 443 393 443 393 493 443 494 444 443 393 494 444 444 394 444 394 494 444 495 445 444 394 495 445 445 395 445 395 495 445 496 446 445 395 496 446 446 396 446 396 496 446 497 447 446 396 497 447 447 397 447 397 497 447 498 448 447 397 498 448 448 398 448 398 498 448 499 449 448 398 499 449 449 399 449 399 499 449 500 450 449 399 500 450 450 400 450 400 500 450 501 451 450 400 501 451 451 401 451 401 501 451 502 452 451 401 502 452 452 402 452 402 502 452 503 453 452 402 503 453 453 403 453 403 503 453 504 454 453 403 504 454 454 404 454 404 504 454 505 455 454 404 505 455 455 405 455 405 505 455 506 456 455 405 506 456 456 406 456 406 506 456 507 457 456 406 507 457 457 407 457 407 507 457 508 458 457 407 508 458 458 408 458 408 508 458 509 459 458 408 509 459 459 409 459 409 509 459 510 460 459 409 510 460 460 410 460 410 510 460 511 461 460 410 511 461 461 411 461 411 511 461 512 462 461 411 512 462 462 412 462 412 512 462 513 463 462 412 513 463 463 413 463 413 513 463 514 464 463 413 514 464 464 414 464 414 514 464 515 465 464 414 515 465 465 415 465 415 515 465 516 466 465 415 516 466 466 416 466 416 516 466 517 467 466 416 517 467 467 417 467 417 517 467 518 468 467 417 518 468 468 418 468 418 518 468 519 469 468 418 519 469 469 419 469 419 519 469 520 470 469 419 520 470 470 420 470 420 520 470 521 471 470 420 521 471 471 421 471 421 521 471 522 472 471 421 522 472 472 422 472 422 522 472 523 473 472 422 523 473 473 423 473 423 523 473 524 474 473 423 524 474 474 424 474 424 524 474 525 475 474 424 525 475 475 425 475 425 525 475 526 476 475 425 526 476 476 426 476 426 526 476 527 477 476 426 527 477 477 427 477 427 527 477 528 478 477 427 528 478 478 428 478 428 528 478 529 479 478 428 529 479 479 429 479 429 529 479 530 480 479 429 530 480 480 430 480 430 530 480 531 481 480 430 531 481 481 431 481 431 531 481 532 482 481 431 532 482 482 432 482 432 532 482 533 483 482 432 533 483 483 433 483 433 533 483 484 434 534 484 535 484 536 484 537 485 538 485 539 485 539 486 538 486 540 486 539 486 540 486 541 486 542 486 543 486 544 486 544 486 543 486 545 486 544 486 545 486 546 486 547 486 548 486 549 486 549 486 548 486 550 486 549 486 550 486 542 486 542 486 550 486 551 486 542 487 551 487 543 487 552 486 553 486 554 486 554 486 553 486 555 486 554 486 555 486 556 486 557 486 558 486 559 486 559 486 558 486 560 486 559 488 560 488 561 488 536 489 560 489 562 489 536 490 562 490 534 490 563 486 564 486 565 486 565 491 564 491 566 491 565 486 566 486 557 486 557 486 566 486 567 486 557 486 567 486 558 486 545 492 568 492 546 492 546 486 568 486 569 486 546 486 569 486 570 486 570 493 569 493 571 493 570 486 571 486 537 486 537 494 571 494 572 494 537 486 572 486 538 486 573 495 574 495 575 495 576 486 577 486 578 486 578 496 577 496 579 496 578 486 579 486 580 486 540 497 581 497 541 497 541 486 581 486 582 486 541 486 582 486 583 486 583 498 582 498 584 498 583 499 584 499 563 499 563 486 584 486 585 486 563 487 585 487 564 487 555 486 586 486 556 486 556 490 586 490 587 490 556 500 587 500 588 500 588 501 587 501 589 501 588 486 589 486 547 486 547 502 589 502 590 502 547 486 590 486 548 486 591 503 592 503 593 503 593 486 592 486 594 486 593 486 594 486 595 486 535 486 534 486 596 486 596 504 534 504 597 504 596 486 597 486 598 486 594 505 599 505 595 505 595 506 599 506 600 506 595 507 600 507 601 507 601 486 600 486 602 486 601 508 602 508 552 508 552 486 602 486 603 486 552 486 603 486 553 486 575 509 604 509 573 509 573 510 604 510 605 510 573 486 605 486 606 486 606 511 605 511 607 511 606 486 607 486 591 486 591 486 607 486 608 486 591 512 608 512 592 512 579 513 609 513 580 513 580 512 609 512 610 512 580 486 610 486 611 486 611 486 610 486 612 486 611 486 612 486 574 486 574 514 612 514 613 514 574 510 613 510 575 510 597 486 614 486 598 486 598 486 614 486 615 486 598 486 615 486 616 486 616 515 615 515 617 515 616 486 617 486 576 486 576 486 617 486 618 486 576 506 618 506 577 506</p>
        </triangles>
      </mesh>
    </geometry>
    <geometry id="mesh-a97c9fdc-13f3-4152-9519-a62a5999c1b6-mesh" name="mesh-a97c9fdc-13f3-4152-9519-a62a5999c1b6">
      <mesh>
        <source id="mesh-a97c9fdc-13f3-4152-9519-a62a5999c1b6-mesh-positions">
          <float_array id="mesh-a97c9fdc-13f3-4152-9519-a62a5999c1b6-mesh-positions-array" count="3156">
-0.006000 0.003606 -0.068000 -0.006000 0.003606 -0.045000 -0.003447 0.006093 -0.045000 -0.003447 0.006093 -0.068000 -0.003447 0.006093 -0.068000 -0.003447 0.006093 -0.045000 -0.000000 0.007000 -0.045000 -0.000000 0.007000 -0.068000 -0.000000 0.007000 -0.068000 -0.000000 0.007000 -0.045000 0.003446 0.006093 -0.045000 0.003446 0.006093 -0.068000 0.003446 0.006093 -0.068000 0.003446 0.006093 -0.045000 0.006000 0.003606 -0.045000 0.006000 0.003606 -0.068000 0.044078 0.009059 -0.028500 0.045000 0.000000 -0.028500 0.044769 0.004553 -0.032000 0.044078 0.009059 -0.032000 0.042936 0.013471 -0.032000 0.041353 0.017746 -0.028500 0.041353 0.017746 -0.032000 0.039345 0.021839 -0.032000 0.036934 0.025707 -0.028500 0.036934 0.025707 -0.032000 0.034144 0.029312 -0.032000 0.031003 0.032616 -0.028500 0.031003 0.032616 -0.032000 0.027544 0.035585 -0.032000 0.023803 0.038189 -0.028500 0.023803 0.038189 -0.032000 0.019817 0.040401 -0.032000 0.015628 0.042199 -0.028500 0.015628 0.042199 -0.032000 0.011279 0.043564 -0.032000 0.006814 0.044481 -0.028500 0.006814 0.044481 -0.032000 0.002279 0.044942 -0.032000 -0.002280 0.044942 -0.028500 -0.002280 0.044942 -0.032000 -0.006815 0.044481 -0.032000 -0.011280 0.043564 -0.028500 -0.011280 0.043564 -0.032000 -0.015629 0.042199 -0.032000 -0.019818 0.040401 -0.028500 -0.019818 0.040401 -0.032000 -0.023804 0.038189 -0.032000 -0.027545 0.035585 -0.028500 -0.027545 0.035585 -0.032000 -0.031004 0.032616 -0.032000 -0.034145 0.029312 -0.028500 -0.034145 0.029312 -0.032000 -0.036935 0.025707 -0.032000 -0.039346 0.021839 -0.028500 -0.039346 0.021839 -0.032000 -0.041354 0.017746 -0.032000 -0.042937 0.013471 -0.028500 -0.042937 0.013471 -0.032000 -0.044079 0.009059 -0.032000 -0.044770 0.004553 -0.028500 -0.044770 0.004553 -0.032000 -0.045000 0.000000 -0.032000 -0.044770 -0.004552 -0.028500 -0.044770 -0.004552 -0.032000 -0.044079 -0.009058 -0.032000 -0.042937 -0.013471 -0.028500 -0.042937 -0.013471 -0.032000 -0.041354 -0.017746 -0.032000 -0.039346 -0.021838 -0.028500 -0.039346 -0.021838 -0.032000 -0.036935 -0.025707 -0.032000 -0.034145 -0.029312 -0.028500 -0.034145 -0.029312 -0.032000 -0.031004 -0.032616 -0.032000 -0.027545 -0.035585 -0.028500 -0.027545 -0.035585 -0.032000 -0.023804 -0.038189 -0.032000 -0.019818 -0.040401 -0.028500 -0.019818 -0.040401 -0.032000 -0.015629 -0.042199 -0.032000 -0.011280 -0.043563 -0.028500 -0.011280 -0.043563 -0.032000 -0.006815 -0.044481 -0.032000 -0.002280 -0.044942 -0.028500 -0.002280 -0.044942 -0.032000 0.002279 -0.044942 -0.032000 0.006814 -0.044481 -0.028500 0.006814 -0.044481 -0.032000 0.011279 -0.043563 -0.032000 0.015628 -0.042199 -0.028500 0.015628 -0.042199 -0.032000 0.023803 -0.038189 -0.028500 0.019817 -0.040401 -0.032000 0.023803 -0.038189 -0.032000 0.031003 -0.032616 -0.028500 0.027544 -0.035585 -0.032000 0.031003 -0.032616 -0.032000 0.036934 -0.025707 -0.028500 0.034144 -0.029312 -0.032000 0.036934 -0.025707 -0.032000 0.039345 -0.021838 -0.032000 0.041353 -0.017746 -0.028500 0.041353 -0.017746 -0.032000 0.042936 -0.013471 -0.032000 0.044078 -0.009058 -0.028500 0.044078 -0.009058 -0.032000 0.044769 -0.004552 -0.032000 0.045000 0.000000 -0.032000 0.021108 0.006198 -0.040000 0.036810 0.003743 -0.040000 0.022000 0.000000 -0.040000 0.036810 -0.003743 -0.040000 0.021108 -0.006198 -0.040000 0.035303 -0.011076 -0.040000 0.018507 -0.011894 -0.040000 0.032350 -0.017956 -0.040000 0.028074 -0.024101 -0.040000 0.014406 -0.016626 -0.040000 0.022647 -0.029259 -0.040000 0.009139 -0.020012 -0.040000 0.014406 0.016627 -0.040000 0.028074 0.024101 -0.040000 0.018507 0.011894 -0.040000 0.032350 0.017956 -0.040000 0.035303 0.011077 -0.040000 0.003130 0.021776 -0.040000 0.009274 0.035819 -0.040000 0.009139 0.020012 -0.040000 0.016294 0.033219 -0.040000 0.022647 0.029259 -0.040000 -0.018508 -0.011894 -0.040000 -0.034002 -0.014591 -0.040000 -0.021109 -0.006198 -0.040000 -0.036243 -0.007448 -0.040000 -0.022000 0.000000 -0.040000 -0.037000 0.000000 -0.040000 -0.021109 0.006198 -0.040000 -0.014407 0.016627 -0.040000 -0.019572 0.031400 -0.040000 -0.009140 0.020012 -0.040000 -0.012851 0.034697 -0.040000 -0.003131 0.021776 -0.040000 -0.005603 0.036573 -0.040000 0.001874 0.036953 -0.040000 -0.036243 0.007448 -0.040000 -0.034002 0.014591 -0.040000 -0.018508 0.011894 -0.040000 -0.030369 0.021137 -0.040000 -0.025492 0.026817 -0.040000 -0.009140 -0.020012 -0.040000 -0.019572 -0.031400 -0.040000 -0.014407 -0.016626 -0.040000 -0.025492 -0.026817 -0.040000 -0.030369 -0.021137 -0.040000 0.016294 -0.033219 -0.040000 0.009274 -0.035819 -0.040000 0.003130 -0.021776 -0.040000 0.001874 -0.036952 -0.040000 -0.003131 -0.021776 -0.040000 -0.005603 -0.036573 -0.040000 -0.012851 -0.034697 -0.040000 0.009000 0.000000 -0.042500 0.008108 0.003905 -0.042500 0.021108 0.006198 -0.042500 -0.002003 -0.008774 -0.042500 -0.009140 -0.020012 -0.042500 -0.005612 -0.007036 -0.042500 -0.014407 -0.016626 -0.042500 -0.008109 -0.003905 -0.042500 0.002002 0.008774 -0.042500 0.009139 0.020012 -0.042500 0.005611 0.007037 -0.042500 0.014406 0.016627 -0.042500 0.018507 0.011894 -0.042500 0.005611 -0.007036 -0.042500 0.009139 -0.020012 -0.042500 0.002002 -0.008774 -0.042500 0.003130 -0.021776 -0.042500 -0.003131 -0.021776 -0.042500 0.022000 0.000000 -0.042500 0.021108 -0.006198 -0.042500 0.008108 -0.003905 -0.042500 0.018507 -0.011894 -0.042500 0.014406 -0.016626 -0.042500 -0.009000 0.000000 -0.042500 -0.021109 0.006198 -0.042500 -0.008109 0.003905 -0.042500 -0.018508 0.011894 -0.042500 -0.005612 0.007037 -0.042500 -0.014407 0.016627 -0.042500 -0.009140 0.020012 -0.042500 -0.002003 0.008774 -0.042500 -0.003131 0.021776 -0.042500 0.003130 0.021776 -0.042500 -0.018508 -0.011894 -0.042500 -0.021109 -0.006198 -0.042500 -0.022000 0.000000 -0.042500 -0.022000 0.000000 -0.040000 -0.021109 -0.006198 -0.042500 -0.021109 -0.006198 -0.040000 -0.018508 -0.011894 -0.042500 -0.018508 -0.011894 -0.040000 -0.014407 -0.016626 -0.042500 -0.014407 -0.016626 -0.040000 -0.009140 -0.020012 -0.042500 -0.009140 -0.020012 -0.040000 -0.003131 -0.021776 -0.042500 -0.003131 -0.021776 -0.040000 0.003130 -0.021776 -0.042500 0.003130 -0.021776 -0.040000 0.009139 -0.020012 -0.042500 0.009139 -0.020012 -0.040000 0.014406 -0.016626 -0.042500 0.014406 -0.016626 -0.040000 0.018507 -0.011894 -0.042500 0.018507 -0.011894 -0.040000 0.021108 -0.006198 -0.042500 0.021108 -0.006198 -0.040000 0.022000 0.000000 -0.042500 0.022000 0.000000 -0.040000 0.021108 0.006198 -0.042500 0.021108 0.006198 -0.040000 0.018507 0.011894 -0.042500 0.018507 0.011894 -0.040000 0.014406 0.016627 -0.042500 0.014406 0.016627 -0.040000 0.009139 0.020012 -0.042500 0.009139 0.020012 -0.040000 0.003130 0.021776 -0.042500 0.003130 0.021776 -0.040000 -0.003131 0.021776 -0.042500 -0.003131 0.021776 -0.040000 -0.009140 0.020012 -0.042500 -0.009140 0.020012 -0.040000 -0.014407 0.016627 -0.042500 -0.014407 0.016627 -0.040000 -0.018508 0.011894 -0.042500 -0.018508 0.011894 -0.040000 -0.021109 0.006198 -0.042500 -0.018508 0.011894 -0.040000 -0.021109 0.006198 -0.040000 -0.022000 0.000000 -0.042500 -0.036243 0.007448 -0.040000 -0.037000 0.000000 -0.040000 -0.044770 0.004553 -0.032000 -0.044079 0.009059 -0.032000 -0.042937 0.013471 -0.032000 -0.034002 0.014591 -0.040000 -0.041354 0.017746 -0.032000 -0.039346 0.021839 -0.032000 -0.030369 0.021137 -0.040000 -0.036935 0.025707 -0.032000 -0.034145 0.029312 -0.032000 -0.025492 0.026817 -0.040000 -0.031004 0.032616 -0.032000 -0.027545 0.035585 -0.032000 -0.019572 0.031400 -0.040000 -0.023804 0.038189 -0.032000 -0.019818 0.040401 -0.032000 -0.012851 0.034697 -0.040000 -0.015629 0.042199 -0.032000 -0.011280 0.043564 -0.032000 -0.005603 0.036573 -0.040000 -0.006815 0.044481 -0.032000 -0.002280 0.044942 -0.032000 0.001874 0.036953 -0.040000 0.002279 0.044942 -0.032000 0.006814 0.044481 -0.032000 0.009274 0.035819 -0.040000 0.011279 0.043564 -0.032000 0.015628 0.042199 -0.032000 0.016294 0.033219 -0.040000 0.019817 0.040401 -0.032000 0.023803 0.038189 -0.032000 0.022647 0.029259 -0.040000 0.027544 0.035585 -0.032000 0.031003 0.032616 -0.032000 0.028074 0.024101 -0.040000 0.034144 0.029312 -0.032000 0.036934 0.025707 -0.032000 0.032350 0.017956 -0.040000 0.039345 0.021839 -0.032000 0.041353 0.017746 -0.032000 0.035303 0.011077 -0.040000 0.042936 0.013471 -0.032000 0.044078 0.009059 -0.032000 0.036810 0.003743 -0.040000 0.044769 0.004553 -0.032000 0.036810 0.003743 -0.040000 0.045000 0.000000 -0.032000 0.036810 -0.003743 -0.040000 0.044769 -0.004552 -0.032000 0.044078 -0.009058 -0.032000 0.035303 -0.011076 -0.040000 0.042936 -0.013471 -0.032000 0.041353 -0.017746 -0.032000 0.032350 -0.017956 -0.040000 0.039345 -0.021838 -0.032000 0.036934 -0.025707 -0.032000 0.028074 -0.024101 -0.040000 0.034144 -0.029312 -0.032000 0.031003 -0.032616 -0.032000 0.022647 -0.029259 -0.040000 0.027544 -0.035585 -0.032000 0.023803 -0.038189 -0.032000 0.016294 -0.033219 -0.040000 0.019817 -0.040401 -0.032000 0.015628 -0.042199 -0.032000 0.009274 -0.035819 -0.040000 0.011279 -0.043563 -0.032000 0.006814 -0.044481 -0.032000 0.001874 -0.036952 -0.040000 0.002279 -0.044942 -0.032000 -0.002280 -0.044942 -0.032000 -0.005603 -0.036573 -0.040000 -0.006815 -0.044481 -0.032000 -0.011280 -0.043563 -0.032000 -0.012851 -0.034697 -0.040000 -0.015629 -0.042199 -0.032000 -0.019818 -0.040401 -0.032000 -0.019572 -0.031400 -0.040000 -0.023804 -0.038189 -0.032000 -0.027545 -0.035585 -0.032000 -0.025492 -0.026817 -0.040000 -0.031004 -0.032616 -0.032000 -0.034145 -0.029312 -0.032000 -0.030369 -0.021137 -0.040000 -0.036935 -0.025707 -0.032000 -0.039346 -0.021838 -0.032000 -0.034002 -0.014591 -0.040000 -0.041354 -0.017746 -0.032000 -0.042937 -0.013471 -0.032000 -0.036243 -0.007448 -0.040000 -0.044079 -0.009058 -0.032000 -0.044770 -0.004552 -0.032000 -0.045000 0.000000 -0.032000 -0.044770 0.004553 -0.028500 -0.050570 0.009747 -0.028500 -0.042937 0.013471 -0.028500 -0.047811 0.019141 -0.028500 -0.039346 0.021839 -0.028500 -0.043325 0.027843 -0.028500 -0.034145 0.029312 -0.028500 -0.037273 0.035539 -0.028500 -0.027545 0.035585 -0.028500 -0.029873 0.041951 -0.028500 -0.019818 0.040401 -0.028500 -0.021394 0.046846 -0.028500 -0.011280 0.043564 -0.028500 -0.012142 0.050048 -0.028500 -0.002280 0.044942 -0.028500 -0.002451 0.051442 -0.028500 0.006814 0.044481 -0.028500 0.007329 0.050976 -0.028500 0.015628 0.042199 -0.028500 0.016844 0.048668 -0.028500 0.023803 0.038189 -0.028500 0.025750 0.044600 -0.028500 0.031003 0.032616 -0.028500 0.033725 0.038921 -0.028500 0.036934 0.025707 -0.028500 0.040481 0.031835 -0.028500 0.041353 0.017746 -0.028500 0.045775 0.023599 -0.028500 0.044078 0.009059 -0.028500 0.049413 0.014509 -0.028500 0.045000 0.000000 -0.028500 0.051266 0.004895 -0.028500 0.051500 0.000000 -0.028500 0.051266 -0.004895 -0.028500 0.044078 -0.009058 -0.028500 0.049413 -0.014509 -0.028500 0.041353 -0.017746 -0.028500 0.045775 -0.023599 -0.028500 0.036934 -0.025707 -0.028500 0.040481 -0.031835 -0.028500 0.031003 -0.032616 -0.028500 0.033725 -0.038921 -0.028500 0.023803 -0.038189 -0.028500 0.025750 -0.044600 -0.028500 0.015628 -0.042199 -0.028500 0.016844 -0.048667 -0.028500 0.006814 -0.044481 -0.028500 0.007329 -0.050976 -0.028500 -0.002280 -0.044942 -0.028500 -0.002451 -0.051442 -0.028500 -0.011280 -0.043563 -0.028500 -0.012142 -0.050048 -0.028500 -0.019818 -0.040401 -0.028500 -0.021394 -0.046846 -0.028500 -0.027545 -0.035585 -0.028500 -0.029873 -0.041950 -0.028500 -0.034145 -0.029312 -0.028500 -0.037273 -0.035539 -0.028500 -0.039346 -0.021838 -0.028500 -0.043325 -0.027843 -0.028500 -0.042937 -0.013471 -0.028500 -0.047811 -0.019140 -0.028500 -0.044770 -0.004552 -0.028500 -0.050570 -0.009746 -0.028500 -0.044770 0.004553 -0.028500 -0.051500 0.000000 -0.028500 0.051266 -0.004895 -0.028500 0.051500 0.000000 -0.028500 0.051266 0.004895 -0.025500 0.007329 -0.050976 -0.025500 0.016844 -0.048667 -0.028500 0.016844 -0.048667 -0.025500 0.025750 -0.044600 -0.028500 0.025750 -0.044600 -0.025500 0.033725 -0.038921 -0.028500 0.033725 -0.038921 -0.025500 0.040481 -0.031835 -0.028500 0.040481 -0.031835 -0.025500 0.045775 -0.023599 -0.028500 0.045775 -0.023599 -0.025500 0.049413 -0.014509 -0.028500 0.049413 -0.014509 -0.025500 0.051266 -0.004895 -0.025500 -0.000000 -0.051500 -0.025500 -0.002451 -0.051442 -0.028500 0.007329 -0.050976 -0.028500 0.051266 0.004895 -0.028500 0.051266 0.004895 -0.025500 0.049413 0.014509 -0.028500 0.049413 0.014509 -0.025500 0.045775 0.023599 -0.028500 0.045775 0.023599 -0.025500 0.040481 0.031835 -0.028500 0.040481 0.031835 -0.025500 0.033725 0.038921 -0.028500 0.033725 0.038921 -0.025500 0.025750 0.044600 -0.028500 0.025750 0.044600 -0.025500 0.016844 0.048668 -0.028500 0.016844 0.048668 -0.025500 0.007329 0.050976 -0.028500 0.007329 0.050976 -0.025500 -0.002451 0.051442 -0.028500 -0.002451 0.051442 -0.025500 -0.012142 0.050048 -0.028500 -0.012142 0.050048 -0.025500 -0.021394 0.046846 -0.028500 -0.021394 0.046846 -0.025500 -0.029873 0.041951 -0.028500 -0.029873 0.041951 -0.025500 -0.037273 0.035539 -0.028500 -0.037273 0.035539 -0.025500 -0.043325 0.027843 -0.028500 -0.043325 0.027843 -0.025500 -0.047811 0.019141 -0.028500 -0.047811 0.019141 -0.025500 -0.050570 0.009747 -0.028500 -0.050570 0.009747 -0.025500 -0.051500 0.000000 -0.028500 -0.051500 0.000000 -0.025500 -0.050570 -0.009746 -0.028500 -0.050570 -0.009746 -0.025500 -0.047811 -0.019140 -0.028500 -0.047811 -0.019140 -0.025500 -0.043325 -0.027843 -0.028500 -0.043325 -0.027843 -0.025500 -0.037273 -0.035539 -0.028500 -0.037273 -0.035539 -0.025500 -0.029873 -0.041950 -0.028500 -0.029873 -0.041950 -0.025500 -0.021394 -0.046846 -0.028500 -0.021394 -0.046846 -0.025500 -0.012142 -0.050048 -0.028500 -0.012142 -0.050048 -0.025500 -0.002451 -0.051442 -0.025500 0.007329 -0.050976 0.028500 0.016844 -0.048667 0.025500 0.016844 -0.048667 0.028500 0.025750 -0.044600 0.025500 0.025750 -0.044600 0.028500 0.033725 -0.038921 0.025500 0.033725 -0.038921 0.028500 0.040481 -0.031835 0.025500 0.040481 -0.031835 0.028500 0.045775 -0.023599 0.025500 0.045775 -0.023599 0.028500 0.049413 -0.014509 0.025500 0.049413 -0.014509 0.028500 0.051266 -0.004895 0.025500 0.051266 -0.004895 0.028500 0.051500 0.000000 0.028500 0.051266 0.004895 0.025500 0.051266 0.004895 0.028500 0.049413 0.014509 0.025500 0.049413 0.014509 0.028500 0.045775 0.023599 0.025500 0.045775 0.023599 0.028500 0.040481 0.031835 0.025500 0.040481 0.031835 0.028500 0.033725 0.038921 0.025500 0.033725 0.038921 0.028500 0.025750 0.044600 0.025500 0.025750 0.044600 0.028500 0.016844 0.048668 0.025500 0.016844 0.048668 0.028500 0.007329 0.050976 0.025500 0.007329 0.050976 0.028500 -0.002451 0.051442 0.025500 -0.002451 0.051442 0.028500 -0.012142 0.050048 0.025500 -0.012142 0.050048 0.028500 -0.021394 0.046846 0.025500 -0.021394 0.046846 0.028500 -0.029873 0.041951 0.025500 -0.029873 0.041951 0.028500 -0.037273 0.035539 0.025500 -0.037273 0.035539 0.028500 -0.043325 0.027843 0.025500 -0.043325 0.027843 0.028500 -0.047811 0.019141 0.025500 -0.047811 0.019141 0.028500 -0.050570 0.009747 0.025500 -0.050570 0.009747 0.028500 -0.051500 0.000000 0.025500 -0.051500 0.000000 0.028500 -0.050570 -0.009746 0.025500 -0.050570 -0.009746 0.028500 -0.047811 -0.019140 0.025500 -0.047811 -0.019140 0.028500 -0.043325 -0.027843 0.025500 -0.043325 -0.027843 0.028500 -0.037273 -0.035539 0.025500 -0.037273 -0.035539 0.028500 -0.029873 -0.041950 0.025500 -0.029873 -0.041950 0.028500 -0.021394 -0.046846 0.025500 -0.021394 -0.046846 0.028500 -0.012142 -0.050048 0.025500 -0.012142 -0.050048 0.028500 -0.002451 -0.051442 0.025500 -0.002451 -0.051442 0.028500 -0.000000 -0.051500 0.025500 0.007329 -0.050976 0.025500 -0.044770 0.004553 0.028500 -0.042937 0.013471 0.028500 -0.047811 0.019141 0.028500 -0.043325 0.027843 0.028500 -0.039346 0.021839 0.028500 -0.037273 0.035539 0.028500 -0.034145 0.029312 0.028500 -0.029873 0.041951 0.028500 -0.027545 0.035585 0.028500 -0.021394 0.046846 0.028500 -0.019818 0.040401 0.028500 -0.012142 0.050048 0.028500 -0.011280 0.043564 0.028500 -0.002451 0.051442 0.028500 -0.002280 0.044942 0.028500 0.007329 0.050976 0.028500 0.006814 0.044481 0.028500 0.016844 0.048668 0.028500 0.015628 0.042199 0.028500 0.025750 0.044600 0.028500 0.023803 0.038189 0.028500 0.033725 0.038921 0.028500 0.031003 0.032616 0.028500 0.040481 0.031835 0.028500 0.036934 0.025707 0.028500 0.045775 0.023599 0.028500 0.041353 0.017746 0.028500 0.049413 0.014509 0.028500 0.044078 0.009059 0.028500 0.051266 0.004895 0.028500 0.045000 0.000000 0.028500 0.051500 0.000000 0.028500 -0.050570 0.009747 0.028500 -0.051500 0.000000 0.028500 -0.044770 -0.004552 0.028500 -0.050570 -0.009746 0.028500 -0.042937 -0.013471 0.028500 -0.047811 -0.019140 0.028500 -0.039346 -0.021838 0.028500 -0.043325 -0.027843 0.028500 -0.034145 -0.029312 0.028500 -0.037273 -0.035539 0.028500 -0.027545 -0.035585 0.028500 -0.029873 -0.041950 0.028500 -0.019818 -0.040401 0.028500 -0.021394 -0.046846 0.028500 -0.011280 -0.043563 0.028500 -0.012142 -0.050048 0.028500 -0.002280 -0.044942 0.028500 -0.002451 -0.051442 0.028500 0.006814 -0.044481 0.028500 0.007329 -0.050976 0.028500 0.015628 -0.042199 0.028500 0.016844 -0.048667 0.028500 0.023803 -0.038189 0.028500 0.025750 -0.044600 0.028500 0.031003 -0.032616 0.028500 0.033725 -0.038921 0.028500 0.036934 -0.025707 0.028500 0.040481 -0.031835 0.028500 0.041353 -0.017746 0.028500 0.045775 -0.023599 0.028500 0.044078 -0.009058 0.028500 0.049413 -0.014509 0.028500 0.051266 -0.004895 0.028500 -0.009000 0.000000 0.042500 -0.008109 0.003905 0.042500 -0.021109 0.006198 0.042500 0.005611 0.007037 0.042500 0.009139 0.020012 0.042500 0.002002 0.008774 0.042500 0.003130 0.021776 0.042500 -0.002003 0.008774 0.042500 -0.003131 0.021776 0.042500 -0.009140 0.020012 0.042500 -0.005612 0.007037 0.042500 -0.014407 0.016627 0.042500 -0.018508 0.011894 0.042500 0.009000 0.000000 0.042500 0.021108 0.006198 0.042500 0.008108 0.003905 0.042500 0.018507 0.011894 0.042500 0.014406 0.016627 0.042500 -0.005612 -0.007036 0.042500 -0.009140 -0.020012 0.042500 -0.002003 -0.008774 0.042500 -0.003131 -0.021776 0.042500 0.002002 -0.008774 0.042500 -0.022000 0.000000 0.042500 -0.021109 -0.006198 0.042500 -0.008109 -0.003905 0.042500 -0.018508 -0.011894 0.042500 -0.014407 -0.016626 0.042500 0.008108 -0.003905 0.042500 0.021108 -0.006198 0.042500 0.022000 0.000000 0.042500 0.003130 -0.021776 0.042500 0.009139 -0.020012 0.042500 0.005611 -0.007036 0.042500 0.014406 -0.016626 0.042500 0.018507 -0.011894 0.042500 -0.022000 0.000000 0.042500 -0.021109 -0.006198 0.040000 -0.021109 -0.006198 0.042500 -0.018508 -0.011894 0.040000 -0.018508 -0.011894 0.042500 -0.014407 -0.016626 0.040000 -0.014407 -0.016626 0.042500 -0.009140 -0.020012 0.040000 -0.009140 -0.020012 0.042500 -0.003131 -0.021776 0.040000 -0.003131 -0.021776 0.042500 0.003130 -0.021776 0.040000 0.003130 -0.021776 0.042500 0.009139 -0.020012 0.040000 0.009139 -0.020012 0.042500 0.014406 -0.016626 0.040000 0.014406 -0.016626 0.042500 0.018507 -0.011894 0.040000 0.018507 -0.011894 0.042500 0.021108 -0.006198 0.040000 0.021108 -0.006198 0.042500 0.022000 0.000000 0.040000 0.022000 0.000000 0.042500 0.021108 0.006198 0.040000 0.021108 0.006198 0.042500 0.018507 0.011894 0.040000 0.018507 0.011894 0.042500 0.014406 0.016627 0.040000 0.014406 0.016627 0.042500 0.009139 0.020012 0.040000 0.009139 0.020012 0.042500 0.003130 0.021776 0.040000 0.003130 0.021776 0.042500 -0.003131 0.021776 0.040000 -0.003131 0.021776 0.042500 -0.009140 0.020012 0.040000 -0.009140 0.020012 0.042500 -0.014407 0.016627 0.040000 -0.014407 0.016627 0.042500 -0.018508 0.011894 0.040000 -0.018508 0.011894 0.042500 -0.021109 0.006198 0.040000 -0.021109 0.006198 0.042500 -0.022000 0.000000 0.040000 -0.036811 0.003743 0.040000 -0.022000 0.000000 0.040000 -0.021109 0.006198 0.040000 -0.014407 0.016627 0.040000 -0.028074 0.024101 0.040000 -0.018508 0.011894 0.040000 -0.032351 0.017956 0.040000 -0.035304 0.011077 0.040000 -0.003131 0.021776 0.040000 -0.009275 0.035819 0.040000 -0.009140 0.020012 0.040000 -0.016295 0.033219 0.040000 -0.022648 0.029259 0.040000 0.014406 0.016627 0.040000 0.019571 0.031400 0.040000 0.009139 0.020012 0.040000 0.012850 0.034697 0.040000 0.003130 0.021776 0.040000 0.005602 0.036573 0.040000 -0.001874 0.036953 0.040000 0.018507 -0.011894 0.040000 0.034001 -0.014591 0.040000 0.021108 -0.006198 0.040000 0.036242 -0.007448 0.040000 0.022000 0.000000 0.040000 0.037000 0.000000 0.040000 0.021108 0.006198 0.040000 -0.009140 -0.020012 0.040000 -0.009275 -0.035819 0.040000 -0.003131 -0.021776 0.040000 -0.001874 -0.036952 0.040000 0.003130 -0.021776 0.040000 0.005602 -0.036573 0.040000 0.009139 -0.020012 0.040000 0.036242 0.007448 0.040000 0.034001 0.014591 0.040000 0.018507 0.011894 0.040000 0.030368 0.021137 0.040000 0.025491 0.026817 0.040000 0.012850 -0.034697 0.040000 0.019571 -0.031400 0.040000 0.014406 -0.016626 0.040000 0.025491 -0.026817 0.040000 0.030368 -0.021137 0.040000 -0.018508 -0.011894 0.040000 -0.028074 -0.024101 0.040000 -0.014407 -0.016626 0.040000 -0.022648 -0.029259 0.040000 -0.016295 -0.033219 0.040000 -0.037000 0.000000 0.040000 -0.036811 -0.003743 0.040000 -0.021109 -0.006198 0.040000 -0.035304 -0.011076 0.040000 -0.032351 -0.017956 0.040000 -0.036811 -0.003743 0.040000 -0.037000 0.000000 0.040000 -0.045000 0.000000 0.032000 -0.044770 0.004553 0.032000 -0.036811 0.003743 0.040000 -0.035304 0.011077 0.040000 -0.042937 0.013471 0.032000 -0.032351 0.017956 0.040000 -0.039346 0.021839 0.032000 -0.028074 0.024101 0.040000 -0.034145 0.029312 0.032000 -0.022648 0.029259 0.040000 -0.027545 0.035585 0.032000 -0.016295 0.033219 0.040000 -0.019818 0.040401 0.032000 -0.009275 0.035819 0.040000 -0.011280 0.043564 0.032000 -0.001874 0.036953 0.040000 -0.002280 0.044942 0.032000 0.005602 0.036573 0.040000 0.006814 0.044481 0.032000 0.012850 0.034697 0.040000 0.015628 0.042199 0.032000 0.019571 0.031400 0.040000 0.023803 0.038189 0.032000 0.025491 0.026817 0.040000 0.031003 0.032616 0.032000 0.030368 0.021137 0.040000 0.036934 0.025707 0.032000 0.034001 0.014591 0.040000 0.041353 0.017746 0.032000 0.036242 0.007448 0.040000 0.044078 0.009059 0.032000 0.037000 0.000000 0.040000 0.045000 0.000000 0.032000 0.036242 -0.007448 0.040000 0.044078 -0.009058 0.032000 0.034001 -0.014591 0.040000 0.041353 -0.017746 0.032000 0.030368 -0.021137 0.040000 0.036934 -0.025707 0.032000 0.025491 -0.026817 0.040000 0.031003 -0.032616 0.032000 0.019571 -0.031400 0.040000 0.023803 -0.038189 0.032000 0.012850 -0.034697 0.040000 0.015628 -0.042199 0.032000 0.005602 -0.036573 0.040000 0.006814 -0.044481 0.032000 -0.001874 -0.036952 0.040000 -0.002280 -0.044942 0.032000 -0.009275 -0.035819 0.040000 -0.011280 -0.043563 0.032000 -0.016295 -0.033219 0.040000 -0.019818 -0.040401 0.032000 -0.022648 -0.029259 0.040000 -0.027545 -0.035585 0.032000 -0.028074 -0.024101 0.040000 -0.034145 -0.029312 0.032000 -0.032351 -0.017956 0.040000 -0.039346 -0.021838 0.032000 -0.035304 -0.011076 0.040000 -0.042937 -0.013471 0.032000 -0.044770 -0.004552 0.032000 -0.045000 0.000000 0.032000 -0.044770 0.004553 0.032000 -0.044770 0.004553 0.028500 -0.042937 0.013471 0.032000 -0.042937 0.013471 0.028500 -0.039346 0.021839 0.032000 -0.039346 0.021839 0.028500 -0.034145 0.029312 0.032000 -0.034145 0.029312 0.028500 -0.027545 0.035585 0.032000 -0.027545 0.035585 0.028500 -0.019818 0.040401 0.032000 -0.019818 0.040401 0.028500 -0.011280 0.043564 0.032000 -0.011280 0.043564 0.028500 -0.002280 0.044942 0.032000 -0.002280 0.044942 0.028500 0.006814 0.044481 0.032000 0.006814 0.044481 0.028500 0.015628 0.042199 0.032000 0.015628 0.042199 0.028500 0.023803 0.038189 0.032000 0.023803 0.038189 0.028500 0.031003 0.032616 0.032000 0.031003 0.032616 0.028500 0.036934 0.025707 0.032000 0.036934 0.025707 0.028500 0.041353 0.017746 0.032000 0.041353 0.017746 0.028500 0.044078 0.009059 0.032000 0.044078 0.009059 0.028500 0.045000 0.000000 0.032000 0.045000 0.000000 0.028500 0.044078 -0.009058 0.032000 0.044078 -0.009058 0.028500 0.041353 -0.017746 0.032000 0.041353 -0.017746 0.028500 0.036934 -0.025707 0.032000 0.036934 -0.025707 0.028500 0.031003 -0.032616 0.032000 0.031003 -0.032616 0.028500 0.023803 -0.038189 0.032000 0.023803 -0.038189 0.028500 0.015628 -0.042199 0.032000 0.015628 -0.042199 0.028500 0.006814 -0.044481 0.032000 0.006814 -0.044481 0.028500 -0.002280 -0.044942 0.032000 -0.002280 -0.044942 0.028500 -0.011280 -0.043563 0.032000 -0.011280 -0.043563 0.028500 -0.019818 -0.040401 0.032000 -0.019818 -0.040401 0.028500 -0.027545 -0.035585 0.032000 -0.027545 -0.035585 0.028500 -0.034145 -0.029312 0.032000 -0.034145 -0.029312 0.028500 -0.039346 -0.021838 0.032000 -0.039346 -0.021838 0.028500 -0.042937 -0.013471 0.032000 -0.042937 -0.013471 0.028500 -0.044770 -0.004552 0.032000 -0.044770 -0.004552 0.028500 0.009000 0.000000 0.045000 0.008108 0.003905 0.045000 -0.000000 0.000000 0.045000 0.008108 -0.003905 0.045000 -0.002003 -0.008774 0.045000 0.002002 -0.008774 0.045000 0.005611 -0.007036 0.045000 -0.009000 0.000000 0.045000 -0.008109 -0.003905 0.045000 -0.005612 -0.007036 0.045000 -0.002003 0.008774 0.045000 -0.005612 0.007037 0.045000 -0.008109 0.003905 0.045000 0.005611 0.007037 0.045000 0.002002 0.008774 0.045000 -0.009000 0.000000 0.045000 -0.008109 -0.003905 0.042500 -0.008109 -0.003905 0.045000 -0.009000 0.000000 0.042500 -0.008109 -0.003905 0.045000 -0.008109 -0.003905 0.042500 -0.005612 -0.007036 0.042500 -0.005612 -0.007036 0.045000 -0.005612 -0.007036 0.045000 -0.005612 -0.007036 0.042500 -0.002003 -0.008774 0.042500 -0.002003 -0.008774 0.045000 -0.002003 -0.008774 0.045000 -0.002003 -0.008774 0.042500 0.002002 -0.008774 0.042500 0.002002 -0.008774 0.045000 0.002002 -0.008774 0.045000 0.002002 -0.008774 0.042500 0.005611 -0.007036 0.042500 0.005611 -0.007036 0.045000 0.005611 -0.007036 0.045000 0.005611 -0.007036 0.042500 0.008108 -0.003905 0.042500 0.008108 -0.003905 0.045000 0.008108 -0.003905 0.045000 0.008108 -0.003905 0.042500 0.009000 0.000000 0.042500 0.009000 0.000000 0.045000 0.009000 0.000000 0.045000 0.009000 0.000000 0.042500 0.008108 0.003905 0.042500 0.008108 0.003905 0.045000 0.008108 0.003905 0.045000 0.008108 0.003905 0.042500 0.005611 0.007037 0.042500 0.005611 0.007037 0.045000 0.005611 0.007037 0.045000 0.005611 0.007037 0.042500 0.002002 0.008774 0.042500 0.002002 0.008774 0.045000 0.002002 0.008774 0.045000 0.002002 0.008774 0.042500 -0.002003 0.008774 0.042500 -0.002003 0.008774 0.045000 -0.002003 0.008774 0.045000 -0.002003 0.008774 0.042500 -0.005612 0.007037 0.042500 -0.005612 0.007037 0.045000 -0.005612 0.007037 0.045000 -0.005612 0.007037 0.042500 -0.008109 0.003905 0.042500 -0.008109 0.003905 0.045000 -0.008109 0.003905 0.045000 -0.008109 0.003905 0.042500 -0.009000 0.000000 0.042500 -0.009000 0.000000 0.045000 -0.009000 0.000000 -0.042500 -0.008109 -0.003905 -0.045000 -0.008109 -0.003905 -0.042500 -0.009000 0.000000 -0.045000 -0.008109 -0.003905 -0.042500 -0.008109 -0.003905 -0.045000 -0.005612 -0.007036 -0.045000 -0.005612 -0.007036 -0.042500 -0.005612 -0.007036 -0.042500 -0.005612 -0.007036 -0.045000 -0.002003 -0.008774 -0.045000 -0.002003 -0.008774 -0.042500 -0.002003 -0.008774 -0.042500 -0.002003 -0.008774 -0.045000 0.002002 -0.008774 -0.045000 0.002002 -0.008774 -0.042500 0.002002 -0.008774 -0.042500 0.002002 -0.008774 -0.045000 0.005611 -0.007036 -0.045000 0.005611 -0.007036 -0.042500 0.005611 -0.007036 -0.042500 0.005611 -0.007036 -0.045000 0.008108 -0.003905 -0.045000 0.008108 -0.003905 -0.042500 0.008108 -0.003905 -0.042500 0.008108 -0.003905 -0.045000 0.009000 0.000000 -0.045000 0.009000 0.000000 -0.042500 0.009000 0.000000 -0.042500 0.009000 0.000000 -0.045000 0.008108 0.003905 -0.045000 0.008108 0.003905 -0.042500 0.008108 0.003905 -0.042500 0.008108 0.003905 -0.045000 0.005611 0.007037 -0.045000 0.005611 0.007037 -0.042500 0.005611 0.007037 -0.042500 0.005611 0.007037 -0.045000 0.002002 0.008774 -0.045000 0.002002 0.008774 -0.042500 0.002002 0.008774 -0.042500 0.002002 0.008774 -0.045000 -0.002003 0.008774 -0.045000 -0.002003 0.008774 -0.042500 -0.002003 0.008774 -0.042500 -0.002003 0.008774 -0.045000 -0.005612 0.007037 -0.045000 -0.005612 0.007037 -0.042500 -0.005612 0.007037 -0.042500 -0.005612 0.007037 -0.045000 -0.008109 0.003905 -0.045000 -0.008109 0.003905 -0.042500 -0.008109 0.003905 -0.042500 -0.008109 0.003905 -0.045000 -0.009000 0.000000 -0.045000 -0.009000 0.000000 -0.042500 -0.000000 0.007000 -0.045000 0.002002 0.008774 -0.045000 0.003446 0.006093 -0.045000 0.005611 0.007037 -0.045000 0.006000 0.003606 -0.045000 -0.000000 -0.007000 -0.045000 -0.002003 -0.008774 -0.045000 -0.003447 -0.006092 -0.045000 -0.005612 -0.007036 -0.045000 -0.006000 -0.003605 -0.045000 -0.008109 -0.003905 -0.045000 -0.009000 0.000000 -0.045000 -0.006000 0.003606 -0.045000 -0.008109 0.003905 -0.045000 -0.003447 0.006093 -0.045000 -0.005612 0.007037 -0.045000 -0.002003 0.008774 -0.045000 0.008108 0.003905 -0.045000 0.009000 0.000000 -0.045000 0.006000 -0.003605 -0.045000 0.008108 -0.003905 -0.045000 0.003446 -0.006092 -0.045000 0.005611 -0.007036 -0.045000 0.002002 -0.008774 -0.045000 0.006000 0.003606 -0.068000 0.006000 -0.003605 -0.068000 0.003446 0.006093 -0.068000 0.003446 -0.006092 -0.068000 -0.000000 0.007000 -0.068000 -0.003447 0.006093 -0.068000 -0.006000 -0.003605 -0.068000 -0.006000 0.003606 -0.068000 -0.003447 -0.006092 -0.068000 -0.003447 0.006093 -0.068000 -0.000000 -0.007000 -0.068000 0.006000 -0.003605 -0.068000 0.006000 -0.003605 -0.045000 0.003446 -0.006092 -0.045000 0.003446 -0.006092 -0.068000 0.003446 -0.006092 -0.068000 0.003446 -0.006092 -0.045000 -0.000000 -0.007000 -0.045000 -0.000000 -0.007000 -0.068000 -0.000000 -0.007000 -0.068000 -0.000000 -0.007000 -0.045000 -0.003447 -0.006092 -0.045000 -0.003447 -0.006092 -0.068000 -0.003447 -0.006092 -0.068000 -0.003447 -0.006092 -0.045000 -0.006000 -0.003605 -0.045000 -0.006000 -0.003605 -0.068000 0.006000 -0.003605 -0.068000 0.006000 0.003606 -0.068000 0.006000 -0.003605 -0.045000 0.006000 0.003606 -0.045000 -0.006000 0.003606 -0.068000 -0.006000 -0.003605 -0.068000 -0.006000 0.003606 -0.045000 -0.006000 -0.003605 -0.045000
</float_array>
          <technique_common>
            <accessor source="#mesh-a97c9fdc-13f3-4152-9519-a62a5999c1b6-mesh-positions-array" count="1052" stride="3">
              <param name="X" type="float" />
              <param name="Y" type="float" />
              <param name="Z" type="float" />
            </accessor>
          </technique_common>
        </source>
        <source id="mesh-a97c9fdc-13f3-4152-9519-a62a5999c1b6-mesh-normals">
          <float_array id="mesh-a97c9fdc-13f3-4152-9519-a62a5999c1b6-mesh-normals-array" count="2151">
-0.697765 0.716327 0.000000 -0.697765 0.716327 0.000000 -0.254591 0.967049 0.000000 -0.254591 0.967049 0.000000 0.254591 0.967049 0.000000 0.697765 0.716327 0.000000 0.697765 0.716327 0.000000 0.978996 0.201189 0.033025 0.999455 0.000000 0.033025 0.994630 0.101143 0.021949 0.979530 0.201298 0.000000 0.953908 0.299291 0.021999 0.918456 0.394141 0.033025 0.918958 0.394356 0.000000 0.874135 0.485185 0.021999 0.820316 0.570956 0.033025 0.820763 0.571268 0.000000 0.758575 0.651214 0.021998 0.688591 0.724397 0.033025 0.688967 0.724793 0.000000 0.611958 0.790586 0.021949 0.528675 0.848182 0.033026 0.528964 0.848644 0.000000 0.440287 0.897587 0.021999 0.347116 0.937241 0.033026 0.347305 0.937752 0.000000 0.250593 0.967843 0.021998 0.151345 0.987929 0.033026 0.151428 0.988468 0.000000 0.050636 0.998476 0.021950 -0.050621 0.998172 0.033026 -0.050649 0.998717 0.000000 -0.151391 0.988229 0.021999 -0.250516 0.967549 0.033026 -0.250652 0.968077 0.000000 -0.347221 0.937527 0.021950 -0.440154 0.897315 0.033026 -0.440394 0.897805 0.000000 -0.528836 0.848439 0.021998 -0.611772 0.790345 0.033025 -0.612106 0.790776 0.000000 -0.688801 0.724617 0.021999 -0.758344 0.651017 0.033026 -0.758758 0.651373 0.000000 -0.820565 0.571130 0.021999 -0.873870 0.485037 0.033026 -0.874347 0.485302 0.000000 -0.918735 0.394261 0.021999 -0.953619 0.299200 0.033026 -0.954139 0.299364 0.000000 -0.979293 0.201249 0.021999 -0.994327 0.101113 0.033026 -0.994869 0.101168 0.000000 -0.999758 -0.000001 0.022000 -0.994327 -0.101113 0.033026 -0.994869 -0.101168 0.000000 -0.979293 -0.201251 0.021999 -0.953619 -0.299200 0.033026 -0.954139 -0.299364 0.000000 -0.918735 -0.394261 0.021999 -0.873870 -0.485037 0.033026 -0.874347 -0.485302 0.000000 -0.820565 -0.571130 0.021999 -0.758344 -0.651017 0.033026 -0.758758 -0.651373 0.000000 -0.688801 -0.724617 0.021999 -0.611771 -0.790343 0.033076 -0.612106 -0.790776 0.000000 -0.528835 -0.848439 0.021998 -0.440154 -0.897315 0.033026 -0.440394 -0.897805 0.000000 -0.347221 -0.937527 0.021950 -0.250516 -0.967549 0.033026 -0.250652 -0.968077 0.000000 -0.151390 -0.988229 0.021999 -0.050621 -0.998172 0.033026 -0.050649 -0.998717 0.000000 0.050638 -0.998476 0.021950 0.151345 -0.987929 0.033026 0.151428 -0.988468 0.000000 0.250592 -0.967843 0.021998 0.331366 -0.943245 0.022025 0.378378 -0.924620 0.043691 0.485173 -0.873801 0.032845 0.439638 -0.895780 0.065550 0.556758 -0.829525 0.043691 0.651136 -0.758250 0.032845 0.610958 -0.788945 0.065548 0.712343 -0.700471 0.043691 0.802466 -0.595388 0.039521 0.757265 -0.649811 0.065547 0.820763 -0.571268 0.000000 0.874135 -0.485185 0.021999 0.918456 -0.394141 0.033025 0.918958 -0.394356 0.000000 0.953909 -0.299290 0.021999 0.978996 -0.201189 0.033025 0.979530 -0.201298 0.000000 0.994630 -0.101143 0.021949 1.000000 0.000000 0.000000 0.000000 0.000000 -1.000000 0.000000 0.000000 -1.000000 -0.000000 0.000000 -1.000000 -0.000001 0.000000 -1.000000 0.000001 0.000000 -1.000000 -0.000001 0.000000 -1.000000 -0.000001 0.000000 -1.000000 0.000001 0.000000 -1.000000 0.000000 0.000000 -1.000000 -0.000001 0.000000 -1.000000 0.000001 0.000000 -1.000000 -0.000001 0.000000 -1.000000 0.000000 0.000000 -1.000000 -0.000000 0.000000 -1.000000 0.000000 0.000000 -1.000000 0.000000 0.000000 -1.000000 -0.000000 0.000000 -1.000000 0.000000 0.000000 -1.000000 -0.000001 0.000000 -1.000000 0.000000 0.000000 -1.000000 0.000000 0.000000 -1.000000 0.000000 0.000000 -1.000000 -0.000001 0.000000 -1.000000 0.000000 0.000000 -1.000000 -0.000000 0.000000 -1.000000 0.000000 0.000000 -1.000000 -0.000002 0.000000 -1.000000 0.000000 0.000000 -1.000000 0.000002 0.000000 -1.000000 -0.000000 0.000000 -1.000000 -0.000000 0.000000 -1.000000 -0.000000 0.000000 -1.000000 0.000001 0.000000 -1.000000 -0.000001 0.000000 -1.000000 0.000001 0.000000 -1.000000 0.000000 0.000000 -1.000000 -0.000000 0.000000 -1.000000 0.000000 0.000000 -1.000000 -0.000001 0.000000 -1.000000 -0.998855 -0.047834 0.000000 -0.971871 -0.235513 0.000000 -0.944918 -0.327306 -0.000018 -0.866152 -0.499781 0.000000 -0.814430 -0.580263 0.000000 -0.690299 -0.723525 0.000000 -0.617961 -0.786209 0.000000 -0.458451 -0.888720 0.000000 -0.371428 -0.928462 -0.000018 -0.189499 -0.981881 0.000000 -0.094804 -0.995496 0.000000 0.094805 -0.995496 0.000018 0.189499 -0.981881 0.000000 0.371428 -0.928462 0.000000 0.458450 -0.888720 0.000002 0.617961 -0.786209 0.000000 0.690262 -0.723560 0.000000 0.814430 -0.580262 0.000000 0.866151 -0.499782 0.000000 0.944918 -0.327307 0.000000 0.971883 -0.235464 -0.000017 0.998855 -0.047834 0.000000 0.998855 0.047834 0.000000 0.971871 0.235513 0.000000 0.944918 0.327306 -0.000018 0.866152 0.499781 0.000000 0.814430 0.580263 0.000000 0.690299 0.723525 0.000000 0.617961 0.786209 0.000000 0.458451 0.888720 0.000000 0.371428 0.928462 -0.000018 0.189499 0.981881 0.000000 0.094804 0.995496 0.000000 -0.094805 0.995496 0.000018 -0.189499 0.981881 0.000000 -0.371428 0.928462 0.000000 -0.458450 0.888720 0.000002 -0.617961 0.786209 0.000000 -0.690262 0.723560 0.000000 -0.814430 0.580262 0.000000 -0.841257 0.540635 -0.000001 -0.944893 0.327379 0.000003 -0.909632 0.415416 0.000000 -0.944906 0.327343 0.000024 -0.971883 0.235464 -0.000017 -0.998855 0.047834 0.000000 -0.687641 0.141313 -0.712166 -0.702012 -0.000000 -0.712166 -0.700748 0.071259 -0.709841 -0.692632 0.142340 -0.707107 -0.672059 0.210860 -0.709841 -0.645151 0.276856 -0.712131 -0.649801 0.278852 -0.707107 -0.615857 0.341829 -0.709841 -0.576185 0.401037 -0.712166 -0.580367 0.403948 -0.707107 -0.534388 0.458757 -0.709909 -0.483687 0.508838 -0.712131 -0.487173 0.512506 -0.707107 -0.431145 0.556992 -0.709841 -0.371357 0.595788 -0.712131 -0.374034 0.600082 -0.707107 -0.310227 0.632441 -0.709773 -0.243824 0.658345 -0.712131 -0.245582 0.663091 -0.707107 -0.176568 0.681943 -0.709773 -0.106309 0.693951 -0.712131 -0.107075 0.698953 -0.707107 -0.035675 0.703458 -0.709841 0.035558 0.701145 -0.712131 0.035815 0.706199 -0.707107 0.106660 0.696239 -0.709841 0.175970 0.679635 -0.712131 0.177237 0.684534 -0.707107 0.244605 0.660452 -0.709910 0.309162 0.630269 -0.712166 0.311406 0.634844 -0.707107 0.372582 0.597753 -0.709841 0.429727 0.555161 -0.712131 0.432824 0.559163 -0.707107 0.485282 0.510516 -0.709841 0.532683 0.457294 -0.712131 0.536523 0.460590 -0.707107 0.578114 0.402379 -0.709841 0.613832 0.340705 -0.712131 0.618256 0.343161 -0.707107 0.647311 0.277783 -0.709807 0.669817 0.210156 -0.712166 0.674678 0.211682 -0.707107 0.689913 0.141812 -0.709866 0.684464 0.140661 -0.715349 0.689921 0.141774 -0.709866 0.703479 0.071538 -0.707107 0.702312 0.047689 -0.710270 0.704397 0.000000 -0.709807 0.698410 -0.071021 -0.712166 0.703479 -0.071538 -0.707107 0.689944 -0.141787 -0.709841 0.669850 -0.210166 -0.712131 0.674678 -0.211682 -0.707107 0.647279 -0.277769 -0.709841 0.613801 -0.340687 -0.712166 0.618256 -0.343161 -0.707107 0.578115 -0.402379 -0.709841 0.532657 -0.457271 -0.712166 0.536523 -0.460590 -0.707107 0.485283 -0.510516 -0.709841 0.429727 -0.555161 -0.712131 0.432824 -0.559163 -0.707107 0.372582 -0.597753 -0.709841 0.309162 -0.630269 -0.712166 0.311406 -0.634844 -0.707107 0.244629 -0.660517 -0.709841 0.175970 -0.679635 -0.712131 0.177238 -0.684534 -0.707107 0.106660 -0.696239 -0.709841 0.035559 -0.701145 -0.712131 0.035815 -0.706199 -0.707107 -0.035679 -0.703527 -0.709772 -0.106304 -0.693916 -0.712166 -0.107076 -0.698953 -0.707107 -0.176567 -0.681943 -0.709773 -0.243824 -0.658346 -0.712131 -0.245582 -0.663091 -0.707107 -0.310197 -0.632379 -0.709841 -0.371357 -0.595788 -0.712131 -0.374034 -0.600082 -0.707107 -0.431144 -0.556992 -0.709841 -0.483687 -0.508838 -0.712131 -0.487173 -0.512506 -0.707107 -0.534441 -0.458802 -0.709841 -0.576185 -0.401037 -0.712166 -0.580367 -0.403948 -0.707107 -0.615857 -0.341829 -0.709841 -0.645119 -0.276842 -0.712166 -0.649801 -0.278852 -0.707107 -0.671994 -0.210839 -0.709910 -0.687641 -0.141314 -0.712166 -0.692632 -0.142340 -0.707107 -0.700714 -0.071256 -0.709875 -0.707106 0.000000 -0.707107 -0.000000 0.000000 -1.000000 0.000000 0.000000 -1.000000 0.000000 0.000000 -1.000000 0.000000 0.000000 -1.000000 0.000000 0.000000 -1.000000 0.000000 0.000000 -1.000000 -0.000000 0.000000 -1.000000 -0.000000 0.000000 -1.000000 0.000001 0.000000 -1.000000 -0.000000 0.000000 -1.000000 0.000001 0.000000 -1.000000 -0.000000 0.000000 -1.000000 0.000001 0.000000 -1.000000 0.000000 0.000000 -1.000000 0.000000 0.000000 -1.000000 -0.000000 0.000000 -1.000000 -0.000000 0.000000 -1.000000 -0.000000 0.000000 -1.000000 0.000000 0.000000 -1.000000 0.000000 0.000000 -1.000000 0.000000 0.000000 -1.000000 0.000000 0.000000 -1.000000 0.000000 0.000000 -1.000000 -0.000000 0.000000 -1.000000 -0.000001 0.000000 -1.000000 -0.000002 0.000000 -1.000000 0.000001 0.000000 -1.000000 0.993511 -0.106997 0.038565 0.997027 0.000277 0.077051 0.998683 0.000195 0.051315 0.148237 -0.988761 -0.019458 0.296855 -0.954923 0.000000 0.356950 -0.934124 0.000000 0.472211 -0.881486 0.000000 0.527283 -0.849690 -0.000012 0.630500 -0.776189 0.000012 0.678559 -0.734546 0.000000 0.766001 -0.642839 0.000000 0.805311 -0.592853 0.000000 0.873816 -0.486256 0.000012 0.902956 -0.429734 -0.000011 0.950050 -0.312098 0.000000 0.967966 -0.251082 0.000001 0.995472 -0.095056 0.000000 0.023701 -0.998967 -0.038782 -0.038114 -0.999152 -0.015558 0.142315 -0.989822 0.000000 0.992930 0.118698 0.000003 0.981929 0.189251 0.000000 0.992926 0.118738 0.000003 0.967966 0.251083 0.000000 0.950050 0.312099 0.000000 0.902956 0.429734 0.000011 0.873816 0.486256 -0.000012 0.805311 0.592853 0.000000 0.766001 0.642839 0.000000 0.678559 0.734546 0.000000 0.630500 0.776189 -0.000012 0.527283 0.849690 0.000000 0.472211 0.881486 0.000000 0.356949 0.934124 0.000012 0.296855 0.954923 0.000000 0.173715 0.984796 0.000000 0.110771 0.993846 -0.000012 -0.015798 0.999875 0.000015 -0.079318 0.996849 0.000000 -0.204740 0.978816 0.000000 -0.266540 0.963824 0.000000 -0.386282 0.922381 0.000000 -0.444128 0.895964 -0.000011 -0.553863 0.832608 -0.000001 -0.605664 0.795721 0.000000 -0.701427 0.712742 0.000000 -0.745310 0.666718 0.000000 -0.823638 0.567116 0.000015 -0.858018 0.513619 0.000000 -0.916081 0.400993 0.000000 -0.939716 0.341956 -0.000015 -0.975415 0.220377 0.000000 -0.987450 0.157934 -0.000012 -0.999494 0.031796 0.000000 -0.999494 -0.031796 0.000000 -0.987450 -0.157934 0.000012 -0.975415 -0.220377 0.000001 -0.939716 -0.341956 0.000011 -0.916081 -0.400993 -0.000012 -0.858019 -0.513618 0.000000 -0.823638 -0.567116 0.000000 -0.745310 -0.666718 0.000015 -0.701426 -0.712742 -0.000015 -0.605664 -0.795721 0.000000 -0.553863 -0.832607 0.000000 -0.444127 -0.895964 0.000000 -0.386282 -0.922381 0.000000 -0.266539 -0.963824 0.000000 -0.204740 -0.978816 0.000000 -0.083203 -0.996533 0.000000 0.148229 -0.988845 0.014616 0.296855 -0.954923 0.000000 0.356949 -0.934124 -0.000012 0.472211 -0.881486 0.000000 0.527283 -0.849690 0.000000 0.950050 -0.312099 0.000000 0.967966 -0.251083 0.000000 0.994071 -0.106980 -0.019433 0.992928 -0.118718 0.000000 0.999665 0.000001 -0.025901 0.996516 0.079270 -0.025929 0.989817 0.142345 0.000001 0.967966 0.251082 -0.000001 0.950050 0.312098 0.000000 0.527283 0.849690 0.000012 0.472211 0.881486 0.000000 0.356950 0.934124 0.000000 0.296855 0.954923 0.000000 0.173715 0.984796 0.000000 0.110770 0.993846 0.000000 -0.204740 0.978816 0.000000 -0.266539 0.963824 0.000000 -0.386282 0.922381 0.000000 -0.444127 0.895964 0.000000 -0.553863 0.832607 0.000000 -0.605664 0.795721 0.000000 -0.701426 0.712742 0.000015 -0.745310 0.666718 -0.000015 -0.823638 0.567116 0.000000 -0.858019 0.513618 0.000000 -0.916081 0.400993 0.000012 -0.939716 0.341956 -0.000011 -0.975415 0.220377 -0.000001 -0.987450 0.157934 -0.000012 -0.999494 0.031796 0.000000 -0.999494 -0.031796 0.000000 -0.987450 -0.157934 0.000012 -0.975415 -0.220377 0.000000 -0.939716 -0.341956 0.000015 -0.916081 -0.400993 0.000000 -0.858018 -0.513619 0.000000 -0.823638 -0.567116 -0.000015 -0.745310 -0.666718 0.000000 -0.701427 -0.712742 0.000000 -0.605664 -0.795721 0.000000 -0.553863 -0.832608 0.000001 -0.444128 -0.895964 0.000011 -0.386282 -0.922381 0.000000 -0.266540 -0.963824 0.000000 -0.204740 -0.978816 0.000000 -0.102975 -0.994684 0.000000 -0.039680 -0.999023 0.019463 0.031718 -0.999308 0.019426 0.154083 -0.988058 0.000000 -0.000002 0.000000 1.000000 0.000001 0.000000 1.000000 -0.000001 0.000000 1.000000 0.000000 0.000000 1.000000 0.000001 0.000000 1.000000 0.000001 0.000000 1.000000 -0.000000 0.000000 1.000000 -0.000000 0.000000 1.000000 0.000000 0.000000 1.000000 0.000000 0.000000 1.000000 -0.000000 0.000000 1.000000 0.000000 0.000000 1.000000 0.000000 0.000000 1.000000 0.000000 0.000000 1.000000 0.000000 0.000000 1.000000 0.000000 0.000000 1.000000 0.000000 0.000000 1.000000 0.000001 0.000000 1.000000 -0.000000 0.000000 1.000000 0.000000 0.000000 1.000000 0.000000 0.000000 1.000000 0.000000 0.000000 1.000000 0.000000 0.000000 1.000000 0.000000 0.000000 1.000000 -0.000000 0.000000 1.000000 -0.000000 0.000000 1.000000 0.000001 0.000000 1.000000 -0.000000 0.000000 1.000000 0.000001 0.000000 1.000000 -0.000000 0.000000 1.000000 0.000001 0.000000 1.000000 -0.000001 0.000000 1.000000 0.000001 0.000000 1.000000 -0.000002 0.000000 1.000000 0.000000 0.000000 1.000000 0.000000 0.000000 1.000000 0.000000 0.000000 1.000000 0.000000 0.000000 1.000000 -0.000000 0.000000 1.000000 -0.000000 0.000000 1.000000 -0.000001 0.000000 1.000000 0.000002 0.000000 1.000000 -0.000000 0.000000 1.000000 -0.971883 -0.235464 0.000017 -0.944918 -0.327307 0.000000 -0.866151 -0.499782 0.000000 -0.814430 -0.580262 0.000000 -0.690262 -0.723560 0.000000 -0.617961 -0.786209 0.000000 -0.458450 -0.888720 -0.000002 -0.371428 -0.928462 0.000000 -0.189499 -0.981881 0.000000 -0.094805 -0.995496 -0.000018 0.094804 -0.995496 0.000000 0.189499 -0.981881 0.000000 0.371428 -0.928462 0.000018 0.458451 -0.888720 0.000000 0.617961 -0.786209 0.000000 0.690299 -0.723525 0.000000 0.814430 -0.580263 0.000000 0.866152 -0.499781 0.000000 0.944918 -0.327306 0.000018 0.971871 -0.235513 0.000000 0.971883 0.235464 0.000017 0.944918 0.327307 0.000000 0.866151 0.499782 0.000000 0.814430 0.580262 0.000000 0.690262 0.723560 0.000000 0.617961 0.786209 0.000000 0.458450 0.888720 -0.000002 0.371428 0.928462 0.000000 0.189499 0.981881 0.000000 0.094805 0.995496 -0.000018 -0.094804 0.995496 0.000000 -0.189499 0.981881 0.000000 -0.371428 0.928462 0.000018 -0.458451 0.888720 0.000000 -0.617961 0.786209 0.000000 -0.690299 0.723525 0.000000 -0.814430 0.580263 0.000000 -0.866152 0.499781 0.000000 -0.944918 0.327306 0.000018 -0.971871 0.235513 0.000000 -0.000001 0.000000 1.000000 0.000001 0.000000 1.000000 0.000001 0.000000 1.000000 -0.000001 0.000000 1.000000 -0.000000 0.000000 1.000000 0.000001 0.000000 1.000000 -0.000000 0.000000 1.000000 0.000000 0.000000 1.000000 -0.000000 0.000000 1.000000 -0.000000 0.000000 1.000000 -0.000001 0.000000 1.000000 0.000001 0.000000 1.000000 -0.000000 0.000000 1.000000 0.000000 0.000000 1.000000 -0.000000 0.000000 1.000000 0.000001 0.000000 1.000000 -0.000000 0.000000 1.000000 -0.000000 0.000000 1.000000 -0.000000 0.000000 1.000000 0.000001 0.000000 1.000000 0.000001 0.000000 1.000000 -0.000000 0.000000 1.000000 0.000000 0.000000 1.000000 -0.701535 -0.089505 0.706992 -0.707056 0.011953 0.707056 -0.707056 -0.011947 0.707056 -0.701553 0.089354 0.706994 -0.701547 0.089405 0.706993 -0.681656 0.188768 0.706903 -0.667310 0.234490 0.706903 -0.629703 0.322120 0.706903 -0.606448 0.364018 0.706903 -0.551971 0.442284 0.706904 -0.520757 0.478644 0.706903 -0.451641 0.544342 0.706903 -0.413747 0.573673 0.706903 -0.332821 0.624114 0.706903 -0.289798 0.645217 0.706903 -0.200374 0.678334 0.706904 -0.153985 0.690345 0.706903 -0.059725 0.704784 0.706904 -0.011867 0.707211 0.706903 0.083370 0.702380 0.706904 0.130736 0.695123 0.706903 0.223051 0.671219 0.706904 0.267987 0.654577 0.706904 0.353601 0.612580 0.706903 0.394267 0.587232 0.706903 0.469674 0.528861 0.706903 0.504405 0.495846 0.706903 0.566519 0.423491 0.706903 0.593893 0.384160 0.706903 0.640170 0.300782 0.706904 0.659067 0.256747 0.706903 0.687613 0.165760 0.706903 0.697258 0.118822 0.706904 0.706904 0.023952 0.706904 0.706904 -0.023968 0.706904 0.697255 -0.118837 0.706904 0.687609 -0.165776 0.706904 0.659061 -0.256761 0.706904 0.640163 -0.300797 0.706903 0.593884 -0.384174 0.706903 0.566509 -0.423504 0.706903 0.504394 -0.495857 0.706903 0.469662 -0.528872 0.706904 0.394253 -0.587241 0.706904 0.353587 -0.612588 0.706903 0.267972 -0.654582 0.706904 0.223036 -0.671225 0.706903 0.130720 -0.695126 0.706904 0.083353 -0.702382 0.706903 -0.011883 -0.707210 0.706904 -0.059741 -0.704783 0.706903 -0.154000 -0.690341 0.706904 -0.200390 -0.678330 0.706903 -0.289813 -0.645210 0.706904 -0.332835 -0.624107 0.706903 -0.413760 -0.573664 0.706904 -0.451653 -0.544332 0.706903 -0.520768 -0.478631 0.706903 -0.551981 -0.442272 0.706903 -0.606456 -0.364004 0.706903 -0.629711 -0.322106 0.706903 -0.667315 -0.234475 0.706903 -0.681660 -0.188753 0.706903 -0.701564 -0.089258 0.706995 -0.999758 0.000001 -0.022000 -0.991987 0.126339 0.000000 -0.993364 0.113815 -0.016541 -0.963734 0.266866 0.000000 -0.943449 0.331517 0.000000 -0.890287 0.455401 0.000001 -0.857403 0.514646 0.000000 -0.780391 0.625292 0.000000 -0.736255 0.676705 0.000000 -0.638546 0.769584 0.000000 -0.584964 0.811060 0.000000 -0.470558 0.882369 0.000000 -0.409724 0.912210 0.000000 -0.283307 0.959029 0.000000 -0.217711 0.976013 0.000000 -0.084456 0.996427 0.000000 -0.016784 0.999859 0.000000 0.117852 0.993031 -0.000013 0.184830 0.982771 0.000015 0.315335 0.948980 -0.000012 0.378877 0.925447 0.000000 0.499909 0.866078 0.000000 0.557412 0.830236 0.000000 0.664016 0.747719 0.000000 0.713127 0.701035 0.000000 0.800938 0.598747 0.000000 0.839647 0.543133 0.000000 0.905070 0.425263 0.000000 0.931791 0.362996 0.000015 0.972148 0.234370 0.000000 0.985787 0.167997 0.000000 0.999426 0.033880 0.000000 0.999426 -0.033880 0.000000 0.985787 -0.167998 -0.000013 0.972148 -0.234370 0.000000 0.931791 -0.362996 -0.000013 0.905070 -0.425263 0.000000 0.839647 -0.543133 -0.000013 0.800938 -0.598747 0.000000 0.713127 -0.701035 0.000000 0.664016 -0.747719 0.000000 0.557412 -0.830236 0.000000 0.499909 -0.866078 0.000000 0.378877 -0.925447 0.000000 0.315335 -0.948980 0.000013 0.184830 -0.982771 -0.000012 0.117852 -0.993031 -0.000001 -0.016784 -0.999859 0.000000 -0.084456 -0.996427 0.000000 -0.217711 -0.976013 0.000000 -0.283307 -0.959029 -0.000001 -0.409724 -0.912210 0.000000 -0.470559 -0.882369 0.000000 -0.584963 -0.811060 0.000001 -0.638546 -0.769584 0.000000 -0.736255 -0.676705 0.000000 -0.780391 -0.625292 0.000000 -0.857403 -0.514645 0.000000 -0.890287 -0.455401 0.000000 -0.943449 -0.331517 0.000000 -0.963734 -0.266866 0.000000 -0.988464 -0.151456 0.000001 -0.996192 -0.084362 -0.022026 -0.000001 0.000000 1.000000 0.000001 0.000000 1.000000 -0.974928 -0.222521 0.000000 -0.974928 -0.222521 0.000000 -0.781832 -0.623490 0.000000 -0.781832 -0.623490 0.000000 -0.433884 -0.900969 0.000000 -0.433884 -0.900969 0.000000 0.000000 -1.000000 0.000000 0.433884 -0.900969 0.000000 0.433884 -0.900969 0.000000 0.781832 -0.623490 0.000000 0.781832 -0.623490 0.000000 0.974928 -0.222521 0.000000 0.974928 -0.222520 0.000000 0.974928 0.222521 0.000000 0.974928 0.222521 0.000000 0.781832 0.623490 0.000000 0.781832 0.623490 0.000000 0.433884 0.900969 0.000000 0.433884 0.900969 0.000000 0.000000 1.000000 0.000000 -0.433884 0.900969 0.000000 -0.433884 0.900969 0.000000 -0.781832 0.623490 0.000000 -0.781832 0.623490 0.000000 -0.974928 0.222521 0.000000 -0.974928 0.222520 0.000000 -0.974928 -0.222521 0.000000 -0.974928 -0.222520 0.000000 0.974928 -0.222521 0.000000 0.974928 -0.222521 0.000000 0.974928 0.222520 0.000000 0.974928 0.222521 0.000000 -0.974928 0.222521 0.000000 -0.974928 0.222521 0.000000 0.000001 0.000000 -1.000000 -0.000001 0.000000 -1.000000 0.000006 0.000000 -1.000000 -0.000002 0.000000 -1.000000 0.000003 0.000000 -1.000000 -0.000002 0.000000 -1.000000 -0.000006 0.000000 -1.000000 0.000002 0.000000 -1.000000 -0.000003 0.000000 -1.000000 0.000002 0.000000 -1.000000 0.697765 -0.716327 0.000000 0.697765 -0.716327 0.000000 0.254591 -0.967049 0.000000 -0.254591 -0.967049 0.000000 -0.697765 -0.716327 0.000000 -0.697765 -0.716327 0.000000 -1.000000 0.000000 0.000000
</float_array>
          <technique_common>
            <accessor source="#mesh-a97c9fdc-13f3-4152-9519-a62a5999c1b6-mesh-normals-array" count="717" stride="3">
              <param name="X" type="float" />
              <param name="Y" type="float" />
              <param name="Z" type="float" />
            </accessor>
          </technique_common>
        </source>
        <vertices id="mesh-a97c9fdc-13f3-4152-9519-a62a5999c1b6-mesh-vertices">
          <input semantic="POSITION" source="#mesh-a97c9fdc-13f3-4152-9519-a62a5999c1b6-mesh-positions" />
        </vertices>
        <triangles material="Material-塑胶__1__030-material" count="968">
          <input semantic="VERTEX" source="#mesh-a97c9fdc-13f3-4152-9519-a62a5999c1b6-mesh-vertices" offset="0" />
          <input semantic="NORMAL" source="#mesh-a97c9fdc-13f3-4152-9519-a62a5999c1b6-mesh-normals" offset="1" />
          <p>0 0 1 0 2 0 0 1 2 1 3 1 4 2 5 2 6 2 4 3 6 3 7 3 8 4 9 4 10 4 8 4 10 4 11 4 12 5 13 5 14 5 12 6 14 6 15 6 16 7 17 8 18 9 18 9 19 10 16 7 16 7 19 10 20 11 16 7 20 11 21 12 20 11 22 13 21 12 21 12 22 13 23 14 21 12 23 14 24 15 23 14 25 16 24 15 24 15 25 16 26 17 24 15 26 17 27 18 26 17 28 19 27 18 27 18 28 19 29 20 27 18 29 20 30 21 29 20 31 22 30 21 30 21 31 22 32 23 30 21 32 23 33 24 32 23 34 25 33 24 33 24 34 25 35 26 33 24 35 26 36 27 35 26 37 28 36 27 36 27 37 28 38 29 36 27 38 29 39 30 38 29 40 31 39 30 39 30 40 31 41 32 39 30 41 32 42 33 41 32 43 34 42 33 42 33 43 34 44 35 42 33 44 35 45 36 44 35 46 37 45 36 45 36 46 37 47 38 45 36 47 38 48 39 47 38 49 40 48 39 48 39 49 40 50 41 48 39 50 41 51 42 50 41 52 43 51 42 51 42 52 43 53 44 51 42 53 44 54 45 53 44 55 46 54 45 54 45 55 46 56 47 54 45 56 47 57 48 56 47 58 49 57 48 57 48 58 49 59 50 57 48 59 50 60 51 59 50 61 52 60 51 60 51 61 52 62 53 60 51 62 53 63 54 62 53 64 55 63 54 63 54 64 55 65 56 63 54 65 56 66 57 65 56 67 58 66 57 66 57 67 58 68 59 66 57 68 59 69 60 68 59 70 61 69 60 69 60 70 61 71 62 69 60 71 62 72 63 71 62 73 64 72 63 72 63 73 64 74 65 72 63 74 65 75 66 74 65 76 67 75 66 75 66 76 67 77 68 75 66 77 68 78 69 77 68 79 70 78 69 78 69 79 70 80 71 78 69 80 71 81 72 80 71 82 73 81 72 81 72 82 73 83 74 81 72 83 74 84 75 83 74 85 76 84 75 84 75 85 76 86 77 84 75 86 77 87 78 86 77 88 79 87 78 87 78 88 79 89 80 87 78 89 80 90 81 90 81 89 80 91 82 90 81 91 82 92 83 91 82 93 84 92 83 92 83 93 84 94 85 92 83 94 85 95 86 94 85 96 87 95 86 95 86 96 87 97 88 95 86 97 88 98 89 98 89 97 88 99 90 99 90 100 91 98 89 98 89 100 91 101 92 98 89 101 92 102 93 101 92 103 94 102 93 102 93 103 94 104 95 102 93 104 95 105 96 104 95 106 97 105 96 105 96 106 97 107 98 105 96 107 98 17 8 17 8 107 98 108 99 17 8 108 99 18 9 109 100 110 100 111 100 111 101 110 101 112 101 111 100 112 100 113 100 113 101 112 101 114 101 113 102 114 102 115 102 114 101 116 101 115 101 115 103 116 103 117 103 115 104 117 104 118 104 118 101 117 101 119 101 118 105 119 105 120 105 121 104 122 104 123 104 123 103 122 103 124 103 123 106 124 106 109 106 109 107 124 107 125 107 109 101 125 101 110 101 126 101 127 101 128 101 128 108 127 108 129 108 128 109 129 109 121 109 121 101 129 101 130 101 121 101 130 101 122 101 131 110 132 110 133 110 133 111 132 111 134 111 133 101 134 101 135 101 135 101 134 101 136 101 135 101 136 101 137 101 138 101 139 101 140 101 140 112 139 112 141 112 140 101 141 101 142 101 142 113 141 113 143 113 142 101 143 101 126 101 126 114 143 114 144 114 126 115 144 115 127 115 136 116 145 116 137 116 137 111 145 111 146 111 137 117 146 117 147 117 147 118 146 118 148 118 147 119 148 119 138 119 138 101 148 101 149 101 138 120 149 120 139 120 150 101 151 101 152 101 152 120 151 120 153 120 152 101 153 101 131 101 131 121 153 121 154 121 131 118 154 118 132 118 119 122 155 122 120 122 120 108 155 108 156 108 120 101 156 101 157 101 157 115 156 115 158 115 157 101 158 101 159 101 159 123 158 123 160 123 159 101 160 101 150 101 150 124 160 124 161 124 150 112 161 112 151 112 162 125 163 125 164 125 165 126 166 126 167 126 167 127 166 127 168 127 167 101 168 101 169 101 170 128 171 128 172 128 172 129 171 129 173 129 172 101 173 101 163 101 163 130 173 130 174 130 163 131 174 131 164 131 175 132 176 132 177 132 177 133 176 133 178 133 177 101 178 101 165 101 165 101 178 101 179 101 165 134 179 134 166 134 164 135 180 135 162 135 162 101 180 101 181 101 162 125 181 125 182 125 182 131 181 131 183 131 182 101 183 101 175 101 175 101 183 101 184 101 175 129 184 129 176 129 185 136 186 136 187 136 187 137 186 137 188 137 187 101 188 101 189 101 188 101 190 101 189 101 189 127 190 127 191 127 189 138 191 138 192 138 192 134 191 134 193 134 192 101 193 101 170 101 170 101 193 101 194 101 170 133 194 133 171 133 168 101 195 101 169 101 169 137 195 137 196 137 169 101 196 101 185 101 185 101 196 101 197 101 185 101 197 101 186 101 198 139 199 140 200 141 200 141 199 140 201 142 200 141 201 142 202 143 202 143 201 142 203 144 202 143 203 144 204 145 204 145 203 144 205 146 204 145 205 146 206 147 206 147 205 146 207 148 206 147 207 148 208 149 208 149 207 148 209 150 208 149 209 150 210 151 210 151 209 150 211 152 210 151 211 152 212 153 212 153 211 152 213 154 212 153 213 154 214 155 214 155 213 154 215 156 214 155 215 156 216 157 216 157 215 156 217 158 216 157 217 158 218 159 218 159 217 158 219 160 218 159 219 160 220 161 220 161 219 160 221 162 220 161 221 162 222 163 222 163 221 162 223 164 222 163 223 164 224 165 224 165 223 164 225 166 224 165 225 166 226 167 226 167 225 166 227 168 226 167 227 168 228 169 228 169 227 168 229 170 228 169 229 170 230 171 230 171 229 170 231 172 230 171 231 172 232 173 232 173 231 172 233 174 232 173 233 174 234 175 234 175 233 174 235 176 234 175 235 176 236 177 236 177 235 176 237 178 236 177 237 178 238 179 238 179 237 178 239 180 240 181 239 182 241 183 241 183 239 182 242 184 241 183 242 184 198 139 198 139 242 184 199 140 243 185 244 186 245 187 245 187 246 188 243 185 243 185 246 188 247 189 243 185 247 189 248 190 247 189 249 191 248 190 248 190 249 191 250 192 248 190 250 192 251 193 250 192 252 194 251 193 251 193 252 194 253 195 251 193 253 195 254 196 253 195 255 197 254 196 254 196 255 197 256 198 254 196 256 198 257 199 256 198 258 200 257 199 257 199 258 200 259 201 257 199 259 201 260 202 259 201 261 203 260 202 260 202 261 203 262 204 260 202 262 204 263 205 262 204 264 206 263 205 263 205 264 206 265 207 263 205 265 207 266 208 265 207 267 209 266 208 266 208 267 209 268 210 266 208 268 210 269 211 268 210 270 212 269 211 269 211 270 212 271 213 269 211 271 213 272 214 271 213 273 215 272 214 272 214 273 215 274 216 272 214 274 216 275 217 274 216 276 218 275 217 275 217 276 218 277 219 275 217 277 219 278 220 277 219 279 221 278 220 278 220 279 221 280 222 278 220 280 222 281 223 280 222 282 224 281 223 281 223 282 224 283 225 281 223 283 225 284 226 283 225 285 227 284 226 284 226 285 227 286 228 284 226 286 228 287 229 286 230 288 231 289 232 289 232 288 231 290 233 289 232 290 233 291 234 290 233 292 235 291 234 291 234 292 235 293 236 291 234 293 236 294 237 293 236 295 238 294 237 294 237 295 238 296 239 294 237 296 239 297 240 296 239 298 241 297 240 297 240 298 241 299 242 297 240 299 242 300 243 299 242 301 244 300 243 300 243 301 244 302 245 300 243 302 245 303 246 302 245 304 247 303 246 303 246 304 247 305 248 303 246 305 248 306 249 305 248 307 250 306 249 306 249 307 250 308 251 306 249 308 251 309 252 308 251 310 253 309 252 309 252 310 253 311 254 309 252 311 254 312 255 311 254 313 256 312 255 312 255 313 256 314 257 312 255 314 257 315 258 314 257 316 259 315 258 315 258 316 259 317 260 315 258 317 260 318 261 317 260 319 262 318 261 318 261 319 262 320 263 318 261 320 263 321 264 320 263 322 265 321 264 321 264 322 265 323 266 321 264 323 266 324 267 323 266 325 268 324 267 324 267 325 268 326 269 324 267 326 269 327 270 326 269 328 271 327 270 327 270 328 271 329 272 327 270 329 272 330 273 329 272 331 274 330 273 330 273 331 274 332 275 330 273 332 275 333 276 332 275 334 277 333 276 333 276 334 277 335 278 333 276 335 278 244 186 244 186 335 278 336 279 244 186 336 279 245 187 337 280 338 280 339 280 339 101 338 101 340 101 339 101 340 101 341 101 341 101 340 101 342 101 341 281 342 281 343 281 343 101 342 101 344 101 343 282 344 282 345 282 345 101 344 101 346 101 345 101 346 101 347 101 347 101 346 101 348 101 347 101 348 101 349 101 349 101 348 101 350 101 349 101 350 101 351 101 351 283 350 283 352 283 351 101 352 101 353 101 353 284 352 284 354 284 353 101 354 101 355 101 355 285 354 285 356 285 355 101 356 101 357 101 357 286 356 286 358 286 357 101 358 101 359 101 359 287 358 287 360 287 359 288 360 288 361 288 361 289 360 289 362 289 361 101 362 101 363 101 363 101 362 101 364 101 363 101 364 101 365 101 365 290 364 290 366 290 365 101 366 101 367 101 367 101 366 101 368 101 368 101 369 101 367 101 367 101 369 101 370 101 367 291 370 291 371 291 371 101 370 101 372 101 371 101 372 101 373 101 373 292 372 292 374 292 373 293 374 293 375 293 375 294 374 294 376 294 375 295 376 295 377 295 377 101 376 101 378 101 377 296 378 296 379 296 379 101 378 101 380 101 379 101 380 101 381 101 381 297 380 297 382 297 381 298 382 298 383 298 383 299 382 299 384 299 383 101 384 101 385 101 385 300 384 300 386 300 385 101 386 101 387 101 387 301 386 301 388 301 387 101 388 101 389 101 389 302 388 302 390 302 389 101 390 101 391 101 391 101 390 101 392 101 391 101 392 101 393 101 393 303 392 303 394 303 393 101 394 101 395 101 395 101 394 101 396 101 395 304 396 304 397 304 397 101 396 101 398 101 397 305 398 305 399 305 399 306 398 306 400 306 399 101 400 101 401 101 337 101 400 101 402 101 337 101 402 101 338 101 403 307 404 308 405 309 406 310 407 311 408 312 408 312 407 311 409 313 408 312 409 313 410 314 410 314 409 313 411 315 410 314 411 315 412 316 412 316 411 315 413 317 412 316 413 317 414 318 414 318 413 317 415 319 414 318 415 319 416 320 416 320 415 319 417 321 416 320 417 321 418 322 418 322 417 321 403 307 418 322 403 307 419 323 419 323 403 307 405 309 420 324 421 325 406 310 406 310 421 325 422 326 406 310 422 326 407 311 404 308 423 327 405 309 424 328 423 329 425 330 424 328 425 330 426 331 426 331 425 330 427 332 426 331 427 332 428 333 428 333 427 332 429 334 428 333 429 334 430 335 430 335 429 334 431 336 430 335 431 336 432 337 432 337 431 336 433 338 432 337 433 338 434 339 434 339 433 338 435 340 434 339 435 340 436 341 436 341 435 340 437 342 436 341 437 342 438 343 438 343 437 342 439 344 438 343 439 344 440 345 440 345 439 344 441 346 440 345 441 346 442 347 442 347 441 346 443 348 442 347 443 348 444 349 444 349 443 348 445 350 444 349 445 350 446 351 446 351 445 350 447 352 446 351 447 352 448 353 448 353 447 352 449 354 448 353 449 354 450 355 450 355 449 354 451 356 450 355 451 356 452 357 452 357 451 356 453 358 452 357 453 358 454 359 454 359 453 358 455 360 454 359 455 360 456 361 456 361 455 360 457 362 456 361 457 362 458 363 458 363 457 362 459 364 458 363 459 364 460 365 460 365 459 364 461 366 460 365 461 366 462 367 462 367 461 366 463 368 462 367 463 368 464 369 464 369 463 368 465 370 464 369 465 370 466 371 466 371 465 370 467 372 466 371 467 372 468 373 468 373 467 372 469 374 468 373 469 374 470 375 470 375 469 374 421 325 470 375 421 325 471 376 471 376 421 325 420 324 472 377 473 378 474 379 474 379 473 378 475 380 474 379 475 380 476 381 476 381 475 380 477 315 476 381 477 315 478 316 478 316 477 315 479 317 478 316 479 317 480 318 480 318 479 317 481 319 480 318 481 319 482 320 482 320 481 319 483 382 482 320 483 382 484 383 484 383 483 382 485 384 484 383 485 384 486 385 486 385 485 384 487 386 487 386 485 384 488 387 487 386 488 387 489 388 489 388 488 387 490 389 489 388 490 389 491 390 491 390 490 389 492 332 491 390 492 332 493 333 493 333 492 332 494 334 493 333 494 334 495 335 495 335 494 334 496 336 495 335 496 336 497 337 497 337 496 336 498 391 497 337 498 391 499 392 499 392 498 391 500 393 499 392 500 393 501 394 501 394 500 393 502 395 501 394 502 395 503 396 503 396 502 395 504 344 503 396 504 344 505 345 505 345 504 344 506 397 505 345 506 397 507 398 507 398 506 397 508 399 507 398 508 399 509 400 509 400 508 399 510 401 509 400 510 401 511 402 511 402 510 401 512 403 511 402 512 403 513 404 513 404 512 403 514 405 513 404 514 405 515 406 515 406 514 405 516 407 515 406 516 407 517 408 517 408 516 407 518 409 517 408 518 409 519 410 519 410 518 409 520 411 519 410 520 411 521 412 521 412 520 411 522 413 521 412 522 413 523 414 523 414 522 413 524 415 523 414 524 415 525 416 525 416 524 415 526 417 525 416 526 417 527 418 527 418 526 417 528 419 527 418 528 419 529 420 529 420 528 419 530 421 529 420 530 421 531 422 531 422 530 421 532 423 531 422 532 423 533 424 533 424 532 423 534 425 533 424 534 425 535 426 535 426 534 425 536 427 535 426 536 427 537 428 537 428 536 427 538 429 537 428 538 429 472 377 472 377 538 429 539 430 472 377 539 430 473 378 540 431 541 431 542 431 542 432 541 432 543 432 543 433 541 433 544 433 543 434 544 434 545 434 545 435 544 435 546 435 545 434 546 434 547 434 547 436 546 436 548 436 547 434 548 434 549 434 549 434 548 434 550 434 549 434 550 434 551 434 551 437 550 437 552 437 551 434 552 434 553 434 553 438 552 438 554 438 553 434 554 434 555 434 555 434 554 434 556 434 555 439 556 439 557 439 557 440 556 440 558 440 557 441 558 441 559 441 559 434 558 434 560 434 559 442 560 442 561 442 561 434 560 434 562 434 561 443 562 443 563 443 563 434 562 434 564 434 563 444 564 444 565 444 565 434 564 434 566 434 565 445 566 445 567 445 567 434 566 434 568 434 567 446 568 446 569 446 569 434 568 434 570 434 569 447 570 447 571 447 542 448 572 448 540 448 540 434 572 434 573 434 540 434 573 434 574 434 574 434 573 434 575 434 574 449 575 449 576 449 576 434 575 434 577 434 576 434 577 434 578 434 578 434 577 434 579 434 578 450 579 450 580 450 580 434 579 434 581 434 580 451 581 451 582 451 582 434 581 434 583 434 582 434 583 434 584 434 584 434 583 434 585 434 584 434 585 434 586 434 586 434 585 434 587 434 586 434 587 434 588 434 588 452 587 452 589 452 588 434 589 434 590 434 590 453 589 453 591 453 590 434 591 434 592 434 592 454 591 454 593 454 592 434 593 434 594 434 594 455 593 455 595 455 594 434 595 434 596 434 596 456 595 456 597 456 596 457 597 457 598 457 598 458 597 458 599 458 598 434 599 434 600 434 600 434 599 434 601 434 600 434 601 434 602 434 602 459 601 459 603 459 602 434 603 434 570 434 570 434 603 434 604 434 570 434 604 434 571 434 605 460 606 460 607 460 608 461 609 461 610 461 610 462 609 462 611 462 610 434 611 434 612 434 611 434 613 434 612 434 612 463 613 463 614 463 612 464 614 464 615 464 615 465 614 465 616 465 615 434 616 434 606 434 606 466 616 466 617 466 606 467 617 467 607 467 618 468 619 468 620 468 620 469 619 469 621 469 620 434 621 434 608 434 608 434 621 434 622 434 608 470 622 470 609 470 623 471 624 471 625 471 625 463 624 463 626 463 625 434 626 434 627 434 607 434 628 434 605 434 605 434 628 434 629 434 605 460 629 460 630 460 630 467 629 467 631 467 630 434 631 434 623 434 623 434 631 434 632 434 623 465 632 465 624 465 633 434 634 434 618 434 618 434 634 434 635 434 618 434 635 434 619 434 626 434 636 434 627 434 627 462 636 462 637 462 627 472 637 472 638 472 638 470 637 470 639 470 638 434 639 434 633 434 633 473 639 473 640 473 633 469 640 469 634 469 641 139 642 474 643 475 643 475 642 474 644 476 643 475 644 476 645 477 645 477 644 476 646 478 645 477 646 478 647 479 647 479 646 478 648 480 647 479 648 480 649 481 649 481 648 480 650 482 649 481 650 482 651 483 651 483 650 482 652 484 651 483 652 484 653 485 653 485 652 484 654 486 653 485 654 486 655 487 655 487 654 486 656 488 655 487 656 488 657 489 657 489 656 488 658 490 657 489 658 490 659 491 659 491 658 490 660 492 659 491 660 492 661 493 661 493 660 492 662 160 661 493 662 160 663 161 663 161 662 160 664 494 663 161 664 494 665 495 665 495 664 494 666 496 665 495 666 496 667 497 667 497 666 496 668 498 667 497 668 498 669 499 669 499 668 498 670 500 669 499 670 500 671 501 671 501 670 500 672 502 671 501 672 502 673 503 673 503 672 502 674 504 673 503 674 504 675 505 675 505 674 504 676 506 675 505 676 506 677 507 677 507 676 506 678 508 677 507 678 508 679 509 679 509 678 508 680 510 679 509 680 510 681 511 681 511 680 510 682 512 681 511 682 512 683 513 683 513 682 512 684 184 683 513 684 184 641 139 641 139 684 184 642 474 685 434 686 434 687 434 688 514 689 514 690 514 690 515 689 515 691 515 690 516 691 516 687 516 687 517 691 517 692 517 687 434 692 434 685 434 693 434 694 434 695 434 695 518 694 518 696 518 695 519 696 519 688 519 688 434 696 434 697 434 688 434 697 434 689 434 698 434 699 434 700 434 700 520 699 520 701 520 700 434 701 434 702 434 702 521 701 521 703 521 702 434 703 434 693 434 693 522 703 522 704 522 693 523 704 523 694 523 705 524 706 524 707 524 707 525 706 525 708 525 707 434 708 434 709 434 709 434 708 434 710 434 709 434 710 434 711 434 712 434 713 434 714 434 714 523 713 523 715 523 714 434 715 434 716 434 716 526 715 526 717 526 716 434 717 434 718 434 710 527 719 527 711 527 711 525 719 525 720 525 711 528 720 528 721 528 721 529 720 529 722 529 721 530 722 530 698 530 698 434 722 434 723 434 698 531 723 531 699 531 717 434 724 434 718 434 718 520 724 520 725 520 718 434 725 434 726 434 726 531 725 531 727 531 726 434 727 434 705 434 705 532 727 532 728 532 705 529 728 529 706 529 729 514 730 514 731 514 731 434 730 434 732 434 731 533 732 533 712 533 712 534 732 534 733 534 712 518 733 518 713 518 685 434 734 434 686 434 686 434 734 434 735 434 686 535 735 535 736 535 736 434 735 434 737 434 736 536 737 536 729 536 729 434 737 434 738 434 729 515 738 515 730 515 739 537 740 538 741 539 741 539 740 538 742 540 740 538 743 541 742 540 742 540 743 541 744 542 742 540 744 542 745 543 745 543 744 542 746 544 745 543 746 544 747 545 747 545 746 544 748 546 747 545 748 546 749 547 749 547 748 546 750 548 749 547 750 548 751 549 751 549 750 548 752 550 751 549 752 550 753 551 753 551 752 550 754 552 753 551 754 552 755 553 755 553 754 552 756 554 755 553 756 554 757 555 757 555 756 554 758 556 757 555 758 556 759 557 759 557 758 556 760 558 759 557 760 558 761 559 761 559 760 558 762 560 761 559 762 560 763 561 763 561 762 560 764 562 763 561 764 562 765 563 765 563 764 562 766 564 765 563 766 564 767 565 767 565 766 564 768 566 767 565 768 566 769 567 769 567 768 566 770 568 769 567 770 568 771 569 771 569 770 568 772 570 771 569 772 570 773 571 773 571 772 570 774 572 773 571 774 572 775 573 775 573 774 572 776 574 775 573 776 574 777 575 777 575 776 574 778 576 777 575 778 576 779 577 779 577 778 576 780 578 779 577 780 578 781 579 781 579 780 578 782 580 781 579 782 580 783 581 783 581 782 580 784 582 783 581 784 582 785 583 785 583 784 582 786 584 785 583 786 584 787 585 787 585 786 584 788 586 787 585 788 586 789 587 789 587 788 586 790 588 789 587 790 588 791 589 791 589 790 588 792 590 791 589 792 590 793 591 793 591 792 590 794 592 793 591 794 592 795 593 795 593 794 592 796 594 795 593 796 594 797 595 797 595 796 594 798 596 797 595 798 596 799 597 799 597 798 596 800 598 799 597 800 598 801 599 801 599 800 598 739 537 801 599 739 537 802 600 802 600 739 537 741 539 803 601 804 602 805 603 805 603 804 602 806 604 805 603 806 604 807 605 807 605 806 604 808 606 807 605 808 606 809 607 809 607 808 606 810 608 809 607 810 608 811 609 811 609 810 608 812 610 811 609 812 610 813 611 813 611 812 610 814 612 813 611 814 612 815 613 815 613 814 612 816 614 815 613 816 614 817 615 817 615 816 614 818 616 817 615 818 616 819 617 819 617 818 616 820 618 819 617 820 618 821 619 821 619 820 618 822 620 821 619 822 620 823 621 823 621 822 620 824 622 823 621 824 622 825 623 825 623 824 622 826 624 825 623 826 624 827 625 827 625 826 624 828 626 827 625 828 626 829 627 829 627 828 626 830 628 829 627 830 628 831 629 831 629 830 628 832 630 831 629 832 630 833 631 833 631 832 630 834 632 833 631 834 632 835 633 835 633 834 632 836 634 835 633 836 634 837 635 837 635 836 634 838 636 837 635 838 636 839 637 839 637 838 636 840 638 839 637 840 638 841 639 841 639 840 638 842 640 841 639 842 640 843 641 843 641 842 640 844 642 843 641 844 642 845 643 845 643 844 642 846 644 845 643 846 644 847 645 847 645 846 644 848 646 847 645 848 646 849 647 849 647 848 646 850 648 849 647 850 648 851 649 851 649 850 648 852 650 851 649 852 650 853 651 853 651 852 650 854 652 853 651 854 652 855 653 855 653 854 652 856 654 855 653 856 654 857 655 857 655 856 654 858 656 857 655 858 656 859 657 859 657 858 656 860 658 859 657 860 658 861 659 861 659 860 658 862 660 861 659 862 660 863 661 863 661 862 660 864 662 863 661 864 662 865 663 865 663 864 662 803 601 865 663 803 601 805 603 866 434 867 434 868 434 866 434 868 434 869 434 870 434 871 434 868 434 868 434 871 434 872 434 868 664 872 664 869 664 873 434 874 434 868 434 868 665 874 665 875 665 868 434 875 434 870 434 876 434 877 434 868 434 868 665 877 665 878 665 868 434 878 434 873 434 867 434 879 434 868 434 868 434 879 434 880 434 868 434 880 434 876 434 881 666 882 666 883 666 881 667 884 667 882 667 885 668 886 668 887 668 885 669 887 669 888 669 889 670 890 670 891 670 889 671 891 671 892 671 893 672 894 672 895 672 893 672 895 672 896 672 897 673 898 673 899 673 897 674 899 674 900 674 901 675 902 675 903 675 901 676 903 676 904 676 905 677 906 677 907 677 905 678 907 678 908 678 909 679 910 679 911 679 909 680 911 680 912 680 913 681 914 681 915 681 913 682 915 682 916 682 917 683 918 683 919 683 917 684 919 684 920 684 921 685 922 685 923 685 921 685 923 685 924 685 925 686 926 686 927 686 925 687 927 687 928 687 929 688 930 688 931 688 929 689 931 689 932 689 933 690 934 690 935 690 933 691 935 691 936 691 937 692 938 692 939 692 937 693 940 693 938 693 941 668 942 668 943 668 941 669 943 669 944 669 945 670 946 670 947 670 945 671 947 671 948 671 949 672 950 672 951 672 949 672 951 672 952 672 953 673 954 673 955 673 953 674 955 674 956 674 957 675 958 675 959 675 957 676 959 676 960 676 961 694 962 694 963 694 961 695 963 695 964 695 965 696 966 696 967 696 965 697 967 697 968 697 969 681 970 681 971 681 969 682 971 682 972 682 973 683 974 683 975 683 973 684 975 684 976 684 977 685 978 685 979 685 977 685 979 685 980 685 981 686 982 686 983 686 981 687 983 687 984 687 985 688 986 688 987 688 985 689 987 689 988 689 989 698 990 698 991 698 989 699 991 699 992 699 993 101 994 101 995 101 995 101 994 101 996 101 995 101 996 101 997 101 998 101 999 101 1000 101 1000 101 999 101 1001 101 1000 101 1001 101 1002 101 1001 700 1003 700 1002 700 1002 101 1003 101 1004 101 1002 101 1004 101 1005 101 1005 101 1004 101 1006 101 1005 101 1006 101 1007 101 1007 101 1006 101 1008 101 1007 101 1008 101 993 101 993 101 1008 101 1009 101 993 101 1009 101 994 101 996 701 1010 701 997 701 997 101 1010 101 1011 101 997 101 1011 101 1012 101 1012 101 1011 101 1013 101 1012 101 1013 101 1014 101 1014 101 1013 101 1015 101 1014 101 1015 101 998 101 998 101 1015 101 1016 101 998 101 1016 101 999 101 1017 702 1018 702 1019 702 1019 703 1018 703 1020 703 1019 704 1020 704 1021 704 1021 705 1020 705 1022 705 1023 706 1024 706 1025 706 1025 707 1024 707 1026 707 1025 708 1022 708 1027 708 1027 709 1022 709 1020 709 1028 710 1029 710 1030 710 1028 711 1030 711 1031 711 1032 712 1033 712 1034 712 1032 712 1034 712 1035 712 1036 713 1037 713 1038 713 1036 713 1038 713 1039 713 1040 714 1041 714 1042 714 1040 715 1042 715 1043 715 1044 99 1045 99 1046 99 1046 99 1045 99 1047 99 1048 716 1049 716 1050 716 1050 716 1049 716 1051 716</p>
        </triangles>
      </mesh>
    </geometry>
  </library_geometries>
  <library_visual_scenes>
    <visual_scene id="Scene" name="Scene">
      <node id="Mesh_001" name="Mesh.001" type="NODE">
        <matrix sid="transform">1.0 0.0 0.0 0.0 0.0 1.0 0.0 0.0 0.0 0.0 1.0 0.0 0.0 0.0 0.0 1.0</matrix>
        <instance_geometry url="#mesh-a6519613-9632-45fc-9ec9-8956a334f117-mesh" name="Mesh.001">
          <bind_material>
            <technique_common>
              <instance_material symbol="Material-塑胶_236-material" target="#Material-塑胶_236-material" />
            </technique_common>
          </bind_material>
        </instance_geometry>
      </node>
      <node id="Mesh" name="Mesh" type="NODE">
        <matrix sid="transform">1.0 0.0 0.0 0.0 0.0 1.0 0.0 0.0 0.0 0.0 1.0 0.0 0.0 0.0 0.0 1.0</matrix>
        <instance_geometry url="#mesh-a97c9fdc-13f3-4152-9519-a62a5999c1b6-mesh" name="Mesh">
          <bind_material>
            <technique_common>
              <instance_material symbol="Material-塑胶__1__030-material" target="#Material-塑胶__1__030-material" />
            </technique_common>
          </bind_material>
        </instance_geometry>
      </node>
    </visual_scene>
  </library_visual_scenes>
  <scene>
    <instance_visual_scene url="#Scene" />
  </scene>
</COLLADA>