<?xml version='1.0' encoding='utf-8'?>
<COLLADA xmlns="http://www.collada.org/2005/11/COLLADASchema" version="1.4.1">
  <asset>
    <contributor>
      <author>Blender User</author>
      <authoring_tool>Blender 4.5.4 LTS commit date:2025-10-27, commit time:12:46, hash:b3efe983cc58</authoring_tool>
    </contributor>
    <created>2025-11-05T19:57:32</created>
    <modified>2025-11-05T19:57:32</modified>
    <unit name="meter" meter="1" />
    <up_axis>Z_UP</up_axis>
  </asset>
  <library_effects>
    <effect id="Material-塑胶_235-effect">
      <profile_COMMON>
        <technique sid="common">
          <lambert>
            <emission>
              <color sid="emission">0 0 0 1</color>
            </emission>
            <diffuse>
              <color sid="diffuse">0.172549 0.172549 0.172549 1</color>
            </diffuse>
            <reflectivity>
              <float sid="specular">0.492424</float>
            </reflectivity>
            <index_of_refraction>
              <float sid="ior">1.5</float>
            </index_of_refraction>
          </lambert>
        </technique>
      </profile_COMMON>
    </effect>
    <effect id="Material-塑胶__1__029-effect">
      <profile_COMMON>
        <technique sid="common">
          <lambert>
            <emission>
              <color sid="emission">0 0 0 1</color>
            </emission>
            <diffuse>
              <color sid="diffuse">0.760784 0.760784 0.760784 1</color>
            </diffuse>
            <index_of_refraction>
              <float sid="ior">1.5</float>
            </index_of_refraction>
          </lambert>
        </technique>
      </profile_COMMON>
    </effect>
  </library_effects>
  <library_images />
  <library_materials>
    <material id="Material-塑胶_235-material" name="Material-塑胶.235">
      <instance_effect url="#Material-塑胶_235-effect" />
    </material>
    <material id="Material-塑胶__1__029-material" name="Material-塑胶__1_.029">
      <instance_effect url="#Material-塑胶__1__029-effect" />
    </material>
  </library_materials>
  <library_geometries>
    <geometry id="mesh-be766562-2921-44dc-980a-85dcb51ea853-mesh" name="mesh-be766562-2921-44dc-980a-85dcb51ea853">
      <mesh>
        <source id="mesh-be766562-2921-44dc-980a-85dcb51ea853-mesh-positions">
          <float_array id="mesh-be766562-2921-44dc-980a-85dcb51ea853-mesh-positions-array" count="1854">
0.021394 0.046846 0.025500 0.020063 0.050673 0.025500 0.012142 0.050049 0.025500 0.013554 0.052788 0.025500 0.002451 0.051442 0.025500 0.051500 0.000000 0.025500 0.054393 0.003422 0.025500 0.050570 0.009747 0.025500 0.053535 0.010213 0.025500 0.047811 0.019141 0.025500 -0.051266 -0.004895 0.025500 -0.051266 0.004896 0.025500 -0.054392 0.003422 0.025500 0.037273 0.035539 0.025500 0.037308 0.039729 0.025500 0.029873 0.041951 0.025500 0.032035 0.044092 0.025500 0.026256 0.047759 0.025500 0.051833 0.016842 0.025500 0.049314 0.023205 0.025500 0.043325 0.027843 0.025500 0.046016 0.029203 0.025500 0.041993 0.034740 0.025500 0.047811 -0.019140 0.025500 0.051833 -0.016841 0.025500 0.050570 -0.009746 0.025500 0.053535 -0.010212 0.025500 0.054393 -0.003422 0.025500 -0.054392 -0.003422 0.025500 -0.053534 -0.010212 0.025500 -0.049413 -0.014509 0.025500 -0.051832 -0.016841 0.025500 -0.045775 -0.023598 0.025500 -0.016844 0.048668 0.025500 -0.020062 0.050673 0.025500 -0.025750 0.044601 0.025500 -0.026255 0.047759 0.025500 -0.033725 0.038921 0.025500 0.006831 0.054071 0.025500 0.000000 0.054500 0.025500 -0.007329 0.050976 0.025500 -0.006830 0.054071 0.025500 -0.013553 0.052788 0.025500 -0.045775 0.023599 0.025500 -0.049313 0.023205 0.025500 -0.049413 0.014509 0.025500 -0.051832 0.016842 0.025500 -0.053534 0.010213 0.025500 0.037273 -0.035539 0.025500 0.041993 -0.034739 0.025500 0.043325 -0.027843 0.025500 0.046016 -0.029202 0.025500 0.049314 -0.023205 0.025500 0.021394 -0.046846 0.025500 0.026256 -0.047758 0.025500 0.029873 -0.041950 0.025500 0.032035 -0.044091 0.025500 0.037308 -0.039728 0.025500 -0.032034 0.044092 0.025500 -0.037307 0.039729 0.025500 -0.040481 0.031835 0.025500 -0.041993 0.034740 0.025500 -0.046015 0.029203 0.025500 -0.049313 -0.023205 0.025500 -0.046015 -0.029202 0.025500 -0.040481 -0.031835 0.025500 -0.041993 -0.034739 0.025500 -0.033725 -0.038921 0.025500 -0.037307 -0.039728 0.025500 -0.032034 -0.044091 0.025500 -0.025750 -0.044600 0.025500 -0.026255 -0.047758 0.025500 -0.016844 -0.048667 0.025500 -0.020062 -0.050672 0.025500 -0.013553 -0.052788 0.025500 -0.007329 -0.050976 0.025500 -0.006830 -0.054070 0.025500 0.000000 -0.051500 0.025500 0.000000 -0.054500 0.025500 0.002451 -0.051441 0.025500 0.006831 -0.054070 0.025500 0.012142 -0.050048 0.025500 0.013554 -0.052788 0.025500 0.020063 -0.050672 0.025500 0.000000 0.054500 0.025500 -0.007156 0.056649 0.019428 -0.006830 0.054071 0.025500 -0.014199 0.055305 0.019428 -0.013553 0.052788 0.025500 -0.021019 0.053089 0.019428 -0.020062 0.050673 0.025500 -0.027507 0.050036 0.019428 -0.026255 0.047759 0.025500 -0.033561 0.046194 0.019428 -0.032034 0.044092 0.025500 -0.039086 0.041623 0.019428 -0.037307 0.039729 0.025500 -0.043995 0.036396 0.019428 -0.041993 0.034740 0.025500 -0.048209 0.030595 0.019428 -0.046015 0.029203 0.025500 -0.051664 0.024312 0.019428 -0.049313 0.023205 0.025500 -0.054303 0.017645 0.019428 -0.051832 0.016842 0.025500 -0.056087 0.010699 0.019428 -0.053534 0.010213 0.025500 -0.056985 0.003585 0.019428 -0.054392 0.003422 0.025500 -0.056985 -0.003585 0.019428 -0.054392 -0.003422 0.025500 -0.056087 -0.010699 0.019428 -0.053534 -0.010212 0.025500 -0.054303 -0.017644 0.019428 -0.051832 -0.016841 0.025500 -0.051664 -0.024311 0.019428 -0.049313 -0.023205 0.025500 -0.048209 -0.030595 0.019428 -0.046015 -0.029202 0.025500 -0.043995 -0.036396 0.019428 -0.041993 -0.034739 0.025500 -0.039086 -0.041623 0.019428 -0.037307 -0.039728 0.025500 -0.033561 -0.046193 0.019428 -0.032034 -0.044091 0.025500 -0.027507 -0.050036 0.019428 -0.026255 -0.047758 0.025500 -0.021019 -0.053089 0.019428 -0.020062 -0.050672 0.025500 -0.014199 -0.055304 0.019428 -0.013553 -0.052788 0.025500 -0.007156 -0.056648 0.019428 -0.006830 -0.054070 0.025500 0.000000 -0.057098 0.019428 0.000000 -0.054500 0.025500 0.007157 -0.056648 0.019428 0.006831 -0.054070 0.025500 0.014200 -0.055304 0.019428 0.013554 -0.052788 0.025500 0.021020 -0.053089 0.019428 0.020063 -0.050672 0.025500 0.027508 -0.050036 0.019428 0.026256 -0.047758 0.025500 0.033562 -0.046193 0.019428 0.032035 -0.044091 0.025500 0.039087 -0.041623 0.019428 0.037308 -0.039728 0.025500 0.043996 -0.036396 0.019428 0.041993 -0.034739 0.025500 0.048210 -0.030595 0.019428 0.046016 -0.029202 0.025500 0.051665 -0.024311 0.019428 0.049314 -0.023205 0.025500 0.054304 -0.017644 0.019428 0.051833 -0.016841 0.025500 0.056088 -0.010699 0.019428 0.053535 -0.010212 0.025500 0.056986 -0.003585 0.019428 0.054393 -0.003422 0.025500 0.056986 0.003585 0.019428 0.054393 0.003422 0.025500 0.056088 0.010699 0.019428 0.053535 0.010213 0.025500 0.054304 0.017645 0.019428 0.051833 0.016842 0.025500 0.051665 0.024312 0.019428 0.049314 0.023205 0.025500 0.048210 0.030595 0.019428 0.046016 0.029203 0.025500 0.043996 0.036396 0.019428 0.041993 0.034740 0.025500 0.039087 0.041623 0.019428 0.037308 0.039729 0.025500 0.033562 0.046194 0.019428 0.032035 0.044092 0.025500 0.027508 0.050036 0.019428 0.026256 0.047759 0.025500 0.021020 0.053089 0.019428 0.020063 0.050673 0.025500 0.014200 0.055305 0.019428 0.013554 0.052788 0.025500 0.007157 0.056649 0.019428 0.006831 0.054071 0.025500 0.000000 0.057099 0.019428 -0.007392 0.058515 0.013098 -0.014667 0.057127 0.013098 -0.021711 0.054838 0.013098 -0.028413 0.051685 0.013098 -0.034667 0.047716 0.013098 -0.040374 0.042995 0.013098 -0.045444 0.037595 0.013098 -0.049798 0.031603 0.013098 -0.053366 0.025113 0.013098 -0.056093 0.018226 0.013098 -0.057935 0.011052 0.013098 -0.058863 0.003704 0.013098 -0.058863 -0.003703 0.013098 -0.057935 -0.011051 0.013098 -0.056093 -0.018225 0.013098 -0.053366 -0.025112 0.013098 -0.049798 -0.031603 0.013098 -0.045444 -0.037595 0.013098 -0.040374 -0.042994 0.013098 -0.034667 -0.047715 0.013098 -0.028413 -0.051684 0.013098 -0.021711 -0.054838 0.013098 -0.014667 -0.057127 0.013098 -0.007392 -0.058514 0.013098 0.000000 -0.058979 0.013098 0.007393 -0.058514 0.013098 0.014668 -0.057127 0.013098 0.021712 -0.054838 0.013098 0.028414 -0.051684 0.013098 0.034668 -0.047715 0.013098 0.040375 -0.042994 0.013098 0.045445 -0.037595 0.013098 0.049799 -0.031603 0.013098 0.053367 -0.025112 0.013098 0.056094 -0.018225 0.013098 0.057935 -0.011051 0.013098 0.058864 -0.003703 0.013098 0.058864 0.003704 0.013098 0.057935 0.011052 0.013098 0.056094 0.018226 0.013098 0.053367 0.025113 0.013098 0.049799 0.031603 0.013098 0.045445 0.037595 0.013098 0.040375 0.042995 0.013098 0.034668 0.047716 0.013098 0.028414 0.051685 0.013098 0.021712 0.054838 0.013098 0.014668 0.057127 0.013098 0.007393 0.058515 0.013098 0.000000 0.058980 0.013098 -0.007534 0.059645 0.006593 -0.014950 0.058230 0.006593 -0.022131 0.055897 0.006593 -0.028962 0.052683 0.006593 -0.035336 0.048637 0.006593 -0.041154 0.043825 0.006593 -0.046322 0.038321 0.006593 -0.050759 0.032213 0.006593 -0.054397 0.025598 0.006593 -0.057176 0.018578 0.006593 -0.059053 0.011265 0.006593 -0.060000 0.003775 0.006593 -0.060000 -0.003775 0.006593 -0.059053 -0.011265 0.006593 -0.057176 -0.018577 0.006593 -0.054397 -0.025597 0.006593 -0.050759 -0.032213 0.006593 -0.046322 -0.038321 0.006593 -0.041154 -0.043824 0.006593 -0.035336 -0.048637 0.006593 -0.028962 -0.052682 0.006593 -0.022131 -0.055897 0.006593 -0.014950 -0.058230 0.006593 -0.007534 -0.059644 0.006593 0.000000 -0.060118 0.006593 0.007535 -0.059644 0.006593 0.014951 -0.058230 0.006593 0.022132 -0.055897 0.006593 0.028963 -0.052682 0.006593 0.035337 -0.048637 0.006593 0.041154 -0.043824 0.006593 0.046323 -0.038321 0.006593 0.050760 -0.032213 0.006593 0.054397 -0.025597 0.006593 0.057177 -0.018577 0.006593 0.059054 -0.011265 0.006593 0.060000 -0.003775 0.006593 0.060000 0.003775 0.006593 0.059054 0.011265 0.006593 0.057177 0.018578 0.006593 0.054397 0.025598 0.006593 0.050760 0.032213 0.006593 0.046323 0.038321 0.006593 0.041154 0.043825 0.006593 0.035337 0.048637 0.006593 0.028963 0.052683 0.006593 0.022132 0.055897 0.006593 0.014951 0.058230 0.006593 0.007535 0.059645 0.006593 0.000000 0.060119 0.006593 -0.007582 0.060023 -0.000000 -0.015045 0.058600 -0.000000 -0.022271 0.056252 -0.000000 -0.029146 0.053017 -0.000000 -0.035561 0.048946 -0.000000 -0.041415 0.044103 -0.000000 -0.046616 0.038564 -0.000000 -0.051081 0.032418 -0.000000 -0.054742 0.025760 -0.000000 -0.057538 0.018696 -0.000000 -0.059428 0.011337 -0.000000 -0.060380 0.003799 -0.000000 -0.060380 -0.003799 -0.000000 -0.059428 -0.011336 -0.000000 -0.057538 -0.018695 -0.000000 -0.054742 -0.025759 -0.000000 -0.051081 -0.032417 -0.000000 -0.046616 -0.038564 -0.000000 -0.041415 -0.044102 -0.000000 -0.035561 -0.048945 -0.000000 -0.029146 -0.053016 -0.000000 -0.022271 -0.056251 -0.000000 -0.015045 -0.058599 -0.000000 -0.007582 -0.060023 -0.000000 0.000000 -0.060500 -0.000000 0.007583 -0.060023 -0.000000 0.015046 -0.058599 -0.000000 0.022272 -0.056251 -0.000000 0.029147 -0.053016 -0.000000 0.035561 -0.048945 -0.000000 0.041416 -0.044102 -0.000000 0.046616 -0.038564 -0.000000 0.051082 -0.032417 -0.000000 0.054742 -0.025759 -0.000000 0.057539 -0.018695 -0.000000 0.059429 -0.011336 -0.000000 0.060381 -0.003799 -0.000000 0.060381 0.003799 -0.000000 0.059429 0.011337 -0.000000 0.057539 0.018696 -0.000000 0.054742 0.025760 -0.000000 0.051082 0.032418 -0.000000 0.046616 0.038564 -0.000000 0.041416 0.044103 -0.000000 0.035561 0.048946 -0.000000 0.029147 0.053017 -0.000000 0.022272 0.056252 -0.000000 0.015046 0.058600 -0.000000 0.007583 0.060023 -0.000000 0.000000 0.060500 -0.000000 -0.007534 0.059645 -0.006593 -0.014950 0.058230 -0.006593 -0.022131 0.055897 -0.006593 -0.028962 0.052683 -0.006593 -0.035336 0.048637 -0.006593 -0.041154 0.043825 -0.006593 -0.046322 0.038321 -0.006593 -0.050759 0.032213 -0.006593 -0.054397 0.025598 -0.006593 -0.057176 0.018578 -0.006593 -0.059053 0.011265 -0.006593 -0.060000 0.003775 -0.006593 -0.060000 -0.003775 -0.006593 -0.059053 -0.011265 -0.006593 -0.057176 -0.018577 -0.006593 -0.054397 -0.025597 -0.006593 -0.050759 -0.032213 -0.006593 -0.046322 -0.038321 -0.006593 -0.041154 -0.043824 -0.006593 -0.035336 -0.048637 -0.006593 -0.028962 -0.052682 -0.006593 -0.022131 -0.055897 -0.006593 -0.014950 -0.058230 -0.006593 -0.007534 -0.059644 -0.006593 0.000000 -0.060118 -0.006593 0.007535 -0.059644 -0.006593 0.014951 -0.058230 -0.006593 0.022132 -0.055897 -0.006593 0.028963 -0.052682 -0.006593 0.035337 -0.048637 -0.006593 0.041154 -0.043824 -0.006593 0.046323 -0.038321 -0.006593 0.050760 -0.032213 -0.006593 0.054397 -0.025597 -0.006593 0.057177 -0.018577 -0.006593 0.059054 -0.011265 -0.006593 0.060000 -0.003775 -0.006593 0.060000 0.003775 -0.006593 0.059054 0.011265 -0.006593 0.057177 0.018578 -0.006593 0.054397 0.025598 -0.006593 0.050760 0.032213 -0.006593 0.046323 0.038321 -0.006593 0.041154 0.043825 -0.006593 0.035337 0.048637 -0.006593 0.028963 0.052683 -0.006593 0.022132 0.055897 -0.006593 0.014951 0.058230 -0.006593 0.007535 0.059645 -0.006593 0.000000 0.060119 -0.006593 -0.007392 0.058515 -0.013098 -0.014667 0.057127 -0.013098 -0.021711 0.054838 -0.013098 -0.028413 0.051685 -0.013098 -0.034667 0.047716 -0.013098 -0.040374 0.042995 -0.013098 -0.045444 0.037595 -0.013098 -0.049798 0.031603 -0.013098 -0.053366 0.025113 -0.013098 -0.056093 0.018226 -0.013098 -0.057935 0.011052 -0.013098 -0.058863 0.003704 -0.013098 -0.058863 -0.003703 -0.013098 -0.057935 -0.011051 -0.013098 -0.056093 -0.018225 -0.013098 -0.053366 -0.025112 -0.013098 -0.049798 -0.031603 -0.013098 -0.045444 -0.037595 -0.013098 -0.040374 -0.042994 -0.013098 -0.034667 -0.047715 -0.013098 -0.028413 -0.051684 -0.013098 -0.021711 -0.054838 -0.013098 -0.014667 -0.057127 -0.013098 -0.007392 -0.058514 -0.013098 0.000000 -0.058979 -0.013098 0.007393 -0.058514 -0.013098 0.014668 -0.057127 -0.013098 0.021712 -0.054838 -0.013098 0.028414 -0.051684 -0.013098 0.034668 -0.047715 -0.013098 0.040375 -0.042994 -0.013098 0.045445 -0.037595 -0.013098 0.049799 -0.031603 -0.013098 0.053367 -0.025112 -0.013098 0.056094 -0.018225 -0.013098 0.057935 -0.011051 -0.013098 0.058864 -0.003703 -0.013098 0.058864 0.003704 -0.013098 0.057935 0.011052 -0.013098 0.056094 0.018226 -0.013098 0.053367 0.025113 -0.013098 0.049799 0.031603 -0.013098 0.045445 0.037595 -0.013098 0.040375 0.042995 -0.013098 0.034668 0.047716 -0.013098 0.028414 0.051685 -0.013098 0.021712 0.054838 -0.013098 0.014668 0.057127 -0.013098 0.007393 0.058515 -0.013098 0.000000 0.058980 -0.013098 -0.007156 0.056649 -0.019429 -0.014199 0.055305 -0.019429 -0.021019 0.053089 -0.019429 -0.027507 0.050036 -0.019429 -0.033561 0.046194 -0.019429 -0.039086 0.041623 -0.019429 -0.043995 0.036396 -0.019429 -0.048209 0.030595 -0.019429 -0.051664 0.024312 -0.019429 -0.054303 0.017645 -0.019429 -0.056087 0.010699 -0.019429 -0.056985 0.003585 -0.019429 -0.056985 -0.003585 -0.019429 -0.056087 -0.010699 -0.019429 -0.054303 -0.017644 -0.019429 -0.051664 -0.024311 -0.019429 -0.048209 -0.030595 -0.019429 -0.043995 -0.036396 -0.019429 -0.039086 -0.041623 -0.019429 -0.033561 -0.046193 -0.019429 -0.027507 -0.050036 -0.019429 -0.021019 -0.053089 -0.019429 -0.014199 -0.055304 -0.019429 -0.007156 -0.056648 -0.019429 0.000000 -0.057098 -0.019429 0.007157 -0.056648 -0.019429 0.014200 -0.055304 -0.019429 0.021020 -0.053089 -0.019429 0.027508 -0.050036 -0.019429 0.033562 -0.046193 -0.019429 0.039087 -0.041623 -0.019429 0.043996 -0.036396 -0.019429 0.048210 -0.030595 -0.019429 0.051665 -0.024311 -0.019429 0.054304 -0.017644 -0.019429 0.056088 -0.010699 -0.019429 0.056986 -0.003585 -0.019429 0.056986 0.003585 -0.019429 0.056088 0.010699 -0.019429 0.054304 0.017645 -0.019429 0.051665 0.024312 -0.019429 0.048210 0.030595 -0.019429 0.043996 0.036396 -0.019429 0.039087 0.041623 -0.019429 0.033562 0.046194 -0.019429 0.027508 0.050036 -0.019429 0.021020 0.053089 -0.019429 0.014200 0.055305 -0.019429 0.007157 0.056649 -0.019429 0.000000 0.057099 -0.019429 -0.006830 0.054071 -0.025500 -0.013553 0.052788 -0.025500 -0.020062 0.050673 -0.025500 -0.026255 0.047759 -0.025500 -0.032034 0.044092 -0.025500 -0.037307 0.039729 -0.025500 -0.041993 0.034740 -0.025500 -0.046015 0.029203 -0.025500 -0.049313 0.023205 -0.025500 -0.051832 0.016842 -0.025500 -0.053534 0.010213 -0.025500 -0.054392 0.003422 -0.025500 -0.054392 -0.003422 -0.025500 -0.053534 -0.010212 -0.025500 -0.051832 -0.016841 -0.025500 -0.049313 -0.023205 -0.025500 -0.046015 -0.029202 -0.025500 -0.041993 -0.034739 -0.025500 -0.037307 -0.039728 -0.025500 -0.032034 -0.044091 -0.025500 -0.026255 -0.047758 -0.025500 -0.020062 -0.050672 -0.025500 -0.013553 -0.052788 -0.025500 -0.006830 -0.054070 -0.025500 0.000000 -0.054500 -0.025500 0.006831 -0.054070 -0.025500 0.013554 -0.052788 -0.025500 0.020063 -0.050672 -0.025500 0.026256 -0.047758 -0.025500 0.032035 -0.044091 -0.025500 0.037308 -0.039728 -0.025500 0.041993 -0.034739 -0.025500 0.046016 -0.029202 -0.025500 0.049314 -0.023205 -0.025500 0.051833 -0.016841 -0.025500 0.053535 -0.010212 -0.025500 0.054393 -0.003422 -0.025500 0.054393 0.003422 -0.025500 0.053535 0.010213 -0.025500 0.051833 0.016842 -0.025500 0.049314 0.023205 -0.025500 0.046016 0.029203 -0.025500 0.041993 0.034740 -0.025500 0.037308 0.039729 -0.025500 0.032035 0.044092 -0.025500 0.026256 0.047759 -0.025500 0.020063 0.050673 -0.025500 0.013554 0.052788 -0.025500 0.006831 0.054071 -0.025500 0.000000 0.054500 -0.025500 0.000000 -0.054500 -0.025500 0.000000 -0.051500 -0.025500 0.002451 -0.051441 -0.025500 0.051500 0.000000 -0.025500 0.054393 -0.003422 -0.025500 0.050570 -0.009746 -0.025500 0.053535 -0.010212 -0.025500 0.047811 -0.019140 -0.025500 0.037273 0.035539 -0.025500 0.041993 0.034740 -0.025500 0.043325 0.027843 -0.025500 0.046016 0.029203 -0.025500 0.047811 0.019141 -0.025500 0.021394 0.046846 -0.025500 0.026256 0.047759 -0.025500 0.029873 0.041951 -0.025500 0.032035 0.044092 -0.025500 0.037308 0.039729 -0.025500 -0.016844 0.048668 -0.025500 -0.013553 0.052788 -0.025500 -0.007329 0.050976 -0.025500 -0.006830 0.054071 -0.025500 0.002451 0.051442 -0.025500 0.021394 -0.046846 -0.025500 0.020063 -0.050672 -0.025500 0.012142 -0.050048 -0.025500 0.013554 -0.052788 -0.025500 0.006831 -0.054070 -0.025500 0.037273 -0.035539 -0.025500 0.037308 -0.039728 -0.025500 0.029873 -0.041950 -0.025500 0.032035 -0.044091 -0.025500 0.026256 -0.047758 -0.025500 0.049314 0.023205 -0.025500 0.051833 0.016842 -0.025500 0.050570 0.009747 -0.025500 0.053535 0.010213 -0.025500 0.054393 0.003422 -0.025500 -0.051266 0.004896 -0.025500 -0.051266 -0.004895 -0.025500 -0.054392 -0.003422 -0.025500 -0.033725 -0.038921 -0.025500 -0.037307 -0.039728 -0.025500 -0.040481 -0.031835 -0.025500 -0.041993 -0.034739 -0.025500 -0.045775 -0.023598 -0.025500 0.051833 -0.016841 -0.025500 0.049314 -0.023205 -0.025500 0.043325 -0.027843 -0.025500 0.046016 -0.029202 -0.025500 0.041993 -0.034739 -0.025500 0.000000 0.054500 -0.025500 0.006831 0.054071 -0.025500 0.012142 0.050049 -0.025500 0.013554 0.052788 -0.025500 0.020063 0.050673 -0.025500 -0.045775 0.023599 -0.025500 -0.046015 0.029203 -0.025500 -0.040481 0.031835 -0.025500 -0.041993 0.034740 -0.025500 -0.033725 0.038921 -0.025500 -0.007329 -0.050976 -0.025500 -0.006830 -0.054070 -0.025500 -0.016844 -0.048667 -0.025500 -0.037307 0.039729 -0.025500 -0.032034 0.044092 -0.025500 -0.025750 0.044601 -0.025500 -0.026255 0.047759 -0.025500 -0.020062 0.050673 -0.025500 -0.054392 0.003422 -0.025500 -0.053534 0.010213 -0.025500 -0.049413 0.014509 -0.025500 -0.051832 0.016842 -0.025500 -0.049313 0.023205 -0.025500 -0.046015 -0.029202 -0.025500 -0.049313 -0.023205 -0.025500 -0.049413 -0.014509 -0.025500 -0.051832 -0.016841 -0.025500 -0.053534 -0.010212 -0.025500 -0.013553 -0.052788 -0.025500 -0.020062 -0.050672 -0.025500 -0.025750 -0.044600 -0.025500 -0.026255 -0.047758 -0.025500 -0.032034 -0.044091 -0.025500
</float_array>
          <technique_common>
            <accessor source="#mesh-be766562-2921-44dc-980a-85dcb51ea853-mesh-positions-array" count="618" stride="3">
              <param name="X" type="float" />
              <param name="Y" type="float" />
              <param name="Z" type="float" />
            </accessor>
          </technique_common>
        </source>
        <source id="mesh-be766562-2921-44dc-980a-85dcb51ea853-mesh-normals">
          <float_array id="mesh-be766562-2921-44dc-980a-85dcb51ea853-mesh-normals-array" count="1548">
0.000000 0.000000 1.000000 -0.000000 0.000000 1.000000 0.000001 0.000000 1.000000 -0.000000 0.000000 1.000000 -0.000001 0.000000 1.000000 0.000001 0.000000 1.000000 0.000001 0.000000 1.000000 -0.000001 0.000000 1.000000 -0.000001 0.000000 1.000000 0.000001 0.000000 1.000000 0.000001 0.000000 1.000000 -0.000001 0.000000 1.000000 -0.000001 0.000000 1.000000 -0.000001 0.000000 1.000000 0.000001 0.000000 1.000000 0.000001 0.000000 1.000000 0.000000 0.000000 1.000000 0.000000 0.000000 1.000000 0.000000 0.000000 1.000000 -0.000001 0.000000 1.000000 0.000001 0.000000 1.000000 0.000001 0.000000 1.000000 0.000001 0.000000 1.000000 0.000001 0.000000 1.000000 -0.000001 0.000000 1.000000 -0.000000 0.000000 1.000000 0.000000 0.000000 1.000000 0.000001 0.000000 1.000000 -0.000001 0.000000 1.000000 -0.000000 0.000000 1.000000 0.000000 0.000000 1.000000 0.000000 0.000000 1.000000 -0.000000 0.000000 1.000000 0.000001 0.000000 1.000000 -0.019266 0.919165 0.393402 -0.118270 0.933065 0.339709 -0.134316 0.909502 0.393402 -0.234338 0.910823 0.339834 -0.247248 0.885496 0.393402 -0.346566 0.874383 0.339626 -0.356281 0.847526 0.393402 -0.453422 0.824052 0.339626 -0.459695 0.796188 0.393402 -0.553149 0.760674 0.339709 -0.555858 0.732295 0.393402 -0.644124 0.685348 0.339709 -0.643256 0.656853 0.393402 -0.724945 0.599186 0.339751 -0.720509 0.571052 0.393402 -0.794326 0.503547 0.339834 -0.786400 0.476246 0.393402 -0.851185 0.400102 0.339709 -0.839889 0.373928 0.393402 -0.894619 0.290266 0.339709 -0.880131 0.265714 0.393402 -0.923966 0.175903 0.339626 -0.906494 0.153309 0.393402 -0.938699 0.058664 0.339709 -0.918561 0.038486 0.393402 -0.938650 -0.059450 0.339709 -0.916141 -0.076943 0.393402 -0.923836 -0.176585 0.339626 -0.899274 -0.191159 0.393402 -0.894440 -0.290962 0.339584 -0.868224 -0.302361 0.393402 -0.850897 -0.400785 0.339626 -0.823482 -0.408793 0.393402 -0.793956 -0.504271 0.339626 -0.765753 -0.508780 0.393402 -0.724493 -0.599803 0.339626 -0.695948 -0.600743 0.393402 -0.643469 -0.685901 0.339834 -0.615167 -0.683231 0.393402 -0.552594 -0.761132 0.339584 -0.524685 -0.754944 0.393403 -0.452732 -0.824380 0.339751 -0.425928 -0.814752 0.393402 -0.345921 -0.874639 0.339626 -0.320454 -0.861710 0.393403 -0.233519 -0.911080 0.339709 -0.209926 -0.895079 0.393402 -0.117539 -0.933188 0.339626 -0.096087 -0.914332 0.393402 0.000348 -0.940561 0.339626 0.019266 -0.919165 0.393402 0.118270 -0.933065 0.339709 0.134316 -0.909502 0.393402 0.234338 -0.910823 0.339834 0.247248 -0.885496 0.393402 0.346566 -0.874383 0.339626 0.356281 -0.847526 0.393402 0.453422 -0.824052 0.339626 0.459695 -0.796188 0.393402 0.553149 -0.760674 0.339709 0.555858 -0.732295 0.393402 0.644124 -0.685348 0.339709 0.643256 -0.656853 0.393402 0.724945 -0.599186 0.339751 0.720509 -0.571052 0.393402 0.794326 -0.503547 0.339834 0.786400 -0.476246 0.393402 0.851185 -0.400102 0.339709 0.839889 -0.373928 0.393402 0.894619 -0.290266 0.339709 0.880131 -0.265714 0.393402 0.923966 -0.175903 0.339626 0.906494 -0.153309 0.393402 0.938699 -0.058664 0.339709 0.918561 -0.038486 0.393402 0.938650 0.059450 0.339709 0.916141 0.076943 0.393402 0.923836 0.176585 0.339626 0.899274 0.191159 0.393402 0.894440 0.290962 0.339584 0.868224 0.302361 0.393402 0.850897 0.400785 0.339626 0.823482 0.408793 0.393402 0.793956 0.504271 0.339626 0.765753 0.508780 0.393402 0.724493 0.599803 0.339626 0.695948 0.600743 0.393402 0.643469 0.685901 0.339834 0.615167 0.683231 0.393402 0.552594 0.761132 0.339584 0.524685 0.754944 0.393403 0.452732 0.824380 0.339751 0.425928 0.814752 0.393402 0.345921 0.874639 0.339626 0.320454 0.861710 0.393403 0.233519 0.911080 0.339709 0.209926 0.895079 0.393402 0.117539 0.933188 0.339626 0.096087 0.914332 0.393402 -0.000348 0.940561 0.339626 -0.122277 0.965705 0.229045 -0.242249 0.942843 0.228829 -0.358633 0.904921 0.229131 -0.469159 0.852917 0.228958 -0.572384 0.787347 0.229044 -0.666532 0.709446 0.228959 -0.750207 0.620264 0.229045 -0.822024 0.521397 0.228958 -0.880888 0.414335 0.228829 -0.925872 0.300663 0.228828 -0.956226 0.182127 0.229044 -0.971513 0.060844 0.229045 -0.971536 -0.061287 0.228829 -0.956194 -0.182569 0.228829 -0.925654 -0.301104 0.229131 -0.880750 -0.414629 0.228829 -0.821838 -0.521747 0.228829 -0.749898 -0.620670 0.228958 -0.666266 -0.709738 0.228829 -0.572058 -0.787646 0.228829 -0.468702 -0.853145 0.229045 -0.358130 -0.905164 0.228959 -0.241760 -0.942895 0.229130 -0.121677 -0.965761 0.229131 0.000232 -0.973436 0.228958 0.122277 -0.965705 0.229045 0.242249 -0.942843 0.228829 0.358633 -0.904921 0.229131 0.469159 -0.852917 0.228958 0.572384 -0.787347 0.229044 0.666532 -0.709446 0.228959 0.750207 -0.620264 0.229045 0.822024 -0.521397 0.228958 0.880888 -0.414335 0.228829 0.925872 -0.300663 0.228828 0.956226 -0.182127 0.229044 0.971513 -0.060844 0.229045 0.971536 0.061287 0.228829 0.956194 0.182569 0.228829 0.925654 0.301104 0.229131 0.880750 0.414629 0.228829 0.821838 0.521747 0.228829 0.749898 0.620670 0.228958 0.666266 0.709738 0.228829 0.572058 0.787646 0.228829 0.468702 0.853145 0.229045 0.358130 0.905164 0.228959 0.241760 0.942895 0.229130 0.121677 0.965761 0.229131 -0.000232 0.973436 0.228958 -0.124658 0.985474 0.115333 -0.247039 0.962154 0.115025 -0.365681 0.923605 0.115025 -0.478681 0.870381 0.115334 -0.583884 0.803647 0.115025 -0.680004 0.724130 0.115026 -0.765475 0.633045 0.115334 -0.838724 0.532270 0.115025 -0.898858 0.422791 0.115334 -0.944744 0.306966 0.115025 -0.975768 0.186138 0.115025 -0.991402 0.062374 0.115025 -0.991402 -0.062374 0.115025 -0.975702 -0.186291 0.115334 -0.944744 -0.306966 0.115025 -0.898720 -0.423085 0.115334 -0.838724 -0.532270 0.115025 -0.765268 -0.633295 0.115334 -0.680003 -0.724130 0.115025 -0.583884 -0.803647 0.115025 -0.478397 -0.870537 0.115334 -0.365517 -0.923632 0.115334 -0.247039 -0.962154 0.115025 -0.124501 -0.985530 0.115025 0.000000 -0.993363 0.115025 0.124658 -0.985474 0.115333 0.247039 -0.962154 0.115025 0.365681 -0.923605 0.115025 0.478681 -0.870381 0.115334 0.583884 -0.803647 0.115025 0.680004 -0.724130 0.115026 0.765475 -0.633045 0.115334 0.838724 -0.532270 0.115025 0.898858 -0.422791 0.115334 0.944744 -0.306966 0.115025 0.975768 -0.186138 0.115025 0.991402 -0.062374 0.115025 0.991402 0.062374 0.115025 0.975702 0.186291 0.115334 0.944744 0.306966 0.115025 0.898720 0.423085 0.115334 0.838724 0.532270 0.115025 0.765268 0.633295 0.115334 0.680003 0.724130 0.115025 0.583884 0.803647 0.115025 0.478397 0.870537 0.115334 0.365517 0.923632 0.115334 0.247039 0.962154 0.115025 0.124501 0.985530 0.115025 0.000000 0.993363 0.115025 -0.125333 0.992115 0.000000 -0.248690 0.968583 0.000000 -0.368124 0.929777 0.000000 -0.481754 0.876306 0.000000 -0.587785 0.809017 0.000000 -0.684547 0.728969 0.000000 -0.770513 0.637424 -0.000000 -0.844328 0.535827 0.000000 -0.904827 0.425779 0.000000 -0.951056 0.309017 0.000000 -0.982287 0.187382 0.000000 -0.998027 0.062791 0.000000 -0.998027 -0.062791 -0.000000 -0.982287 -0.187382 0.000000 -0.951056 -0.309017 0.000000 -0.904827 -0.425779 0.000000 -0.844328 -0.535827 0.000000 -0.770513 -0.637424 0.000000 -0.684547 -0.728969 0.000000 -0.587785 -0.809017 0.000000 -0.481754 -0.876307 0.000000 -0.368124 -0.929777 0.000000 -0.248690 -0.968583 -0.000000 -0.125333 -0.992115 0.000000 0.000000 -1.000000 0.000000 0.125333 -0.992115 0.000000 0.248690 -0.968583 0.000000 0.368124 -0.929777 0.000000 0.481754 -0.876306 0.000000 0.587785 -0.809017 0.000000 0.684547 -0.728969 0.000000 0.770513 -0.637424 -0.000000 0.844328 -0.535827 0.000000 0.904827 -0.425779 0.000000 0.951056 -0.309017 0.000000 0.982287 -0.187382 0.000000 0.998027 -0.062791 0.000000 0.998027 0.062791 -0.000000 0.982287 0.187382 0.000000 0.951056 0.309017 0.000000 0.904827 0.425779 0.000000 0.844328 0.535827 0.000000 0.770513 0.637424 0.000000 0.684547 0.728969 0.000000 0.587785 0.809017 0.000000 0.481754 0.876307 0.000000 0.368124 0.929777 0.000000 0.248690 0.968583 -0.000000 0.125333 0.992115 0.000000 0.000000 1.000000 0.000000 -0.124336 0.985514 -0.115333 -0.247039 0.962154 -0.115025 -0.365517 0.923632 -0.115334 -0.478397 0.870537 -0.115334 -0.583884 0.803647 -0.115025 -0.680003 0.724130 -0.115025 -0.765399 0.633193 -0.115025 -0.838724 0.532270 -0.115025 -0.898720 0.423085 -0.115334 -0.944744 0.306966 -0.115025 -0.975767 0.186138 -0.115025 -0.991402 0.062374 -0.115025 -0.991402 -0.062374 -0.115025 -0.975768 -0.186138 -0.115025 -0.944744 -0.306966 -0.115025 -0.898858 -0.422791 -0.115334 -0.838724 -0.532270 -0.115025 -0.765475 -0.633045 -0.115334 -0.680004 -0.724130 -0.115026 -0.583884 -0.803647 -0.115025 -0.478556 -0.870490 -0.115026 -0.365681 -0.923605 -0.115025 -0.247188 -0.962079 -0.115333 -0.124502 -0.985530 -0.115025 0.000000 -0.993363 -0.115025 0.124501 -0.985530 -0.115025 0.247039 -0.962154 -0.115025 0.365517 -0.923632 -0.115334 0.478397 -0.870537 -0.115334 0.583884 -0.803647 -0.115025 0.680003 -0.724130 -0.115025 0.765399 -0.633193 -0.115025 0.838724 -0.532270 -0.115025 0.898720 -0.423085 -0.115334 0.944744 -0.306966 -0.115025 0.975767 -0.186138 -0.115025 0.991402 -0.062374 -0.115025 0.991402 0.062374 -0.115025 0.975768 0.186138 -0.115025 0.944744 0.306966 -0.115025 0.898858 0.422791 -0.115334 0.838724 0.532270 -0.115025 0.765475 0.633045 -0.115334 0.680004 0.724130 -0.115026 0.583884 0.803647 -0.115025 0.478556 0.870490 -0.115026 0.365681 0.923605 -0.115025 0.247188 0.962079 -0.115333 0.124502 0.985530 -0.115025 0.000000 0.993363 -0.115025 -0.121677 0.965761 -0.229131 -0.241810 0.942904 -0.229044 -0.358079 0.905162 -0.229045 -0.468829 0.853134 -0.228829 -0.571984 0.787663 -0.228958 -0.666266 0.709738 -0.228829 -0.749898 0.620670 -0.228958 -0.821775 0.521789 -0.228958 -0.880693 0.414679 -0.228958 -0.925688 0.301066 -0.229045 -0.956194 0.182569 -0.228829 -0.971536 0.061287 -0.228829 -0.971530 -0.060891 -0.228958 -0.956209 -0.182053 -0.229174 -0.925872 -0.300664 -0.228828 -0.880890 -0.414259 -0.228958 -0.822012 -0.521472 -0.228829 -0.750221 -0.620216 -0.229131 -0.666502 -0.709515 -0.228829 -0.572384 -0.787347 -0.229044 -0.469190 -0.852877 -0.229045 -0.358597 -0.904957 -0.229045 -0.242109 -0.942952 -0.228527 -0.122277 -0.965705 -0.229045 -0.000278 -0.973416 -0.229045 0.121677 -0.965761 -0.229131 0.241810 -0.942904 -0.229044 0.358079 -0.905162 -0.229045 0.468829 -0.853134 -0.228829 0.571984 -0.787663 -0.228958 0.666266 -0.709738 -0.228829 0.749898 -0.620670 -0.228958 0.821775 -0.521789 -0.228958 0.880693 -0.414679 -0.228958 0.925688 -0.301066 -0.229045 0.956194 -0.182569 -0.228829 0.971536 -0.061287 -0.228829 0.971530 0.060891 -0.228958 0.956209 0.182053 -0.229174 0.925872 0.300664 -0.228828 0.880890 0.414259 -0.228958 0.822012 0.521472 -0.228829 0.750221 0.620216 -0.229131 0.666502 0.709515 -0.228829 0.572384 0.787347 -0.229044 0.469190 0.852877 -0.229045 0.358597 0.904957 -0.229045 0.242109 0.942952 -0.228527 0.122277 0.965705 -0.229045 0.000278 0.973416 -0.229045 -0.117539 0.933188 -0.339626 -0.233519 0.911080 -0.339710 -0.345948 0.874644 -0.339584 -0.452677 0.824376 -0.339835 -0.552566 0.761134 -0.339626 -0.643551 0.685886 -0.339709 -0.724493 0.599803 -0.339626 -0.793981 0.504259 -0.339584 -0.850897 0.400785 -0.339626 -0.894376 0.291014 -0.339709 -0.923836 0.176585 -0.339626 -0.938650 0.059450 -0.339709 -0.938699 -0.058664 -0.339709 -0.923965 -0.175903 -0.339626 -0.894619 -0.290266 -0.339709 -0.851185 -0.400102 -0.339709 -0.794327 -0.503602 -0.339751 -0.724945 -0.599186 -0.339751 -0.644111 -0.685401 -0.339626 -0.553149 -0.760674 -0.339709 -0.453409 -0.824076 -0.339585 -0.346518 -0.874451 -0.339501 -0.234301 -0.910864 -0.339751 -0.118291 -0.933047 -0.339751 -0.000347 -0.940561 -0.339626 0.117539 -0.933188 -0.339626 0.233519 -0.911080 -0.339710 0.345948 -0.874644 -0.339584 0.452677 -0.824376 -0.339835 0.552566 -0.761134 -0.339626 0.643551 -0.685886 -0.339709 0.724493 -0.599803 -0.339626 0.793981 -0.504259 -0.339584 0.850897 -0.400785 -0.339626 0.894376 -0.291014 -0.339709 0.923836 -0.176585 -0.339626 0.938650 -0.059450 -0.339709 0.938699 0.058664 -0.339709 0.923965 0.175903 -0.339626 0.894619 0.290266 -0.339709 0.851185 0.400102 -0.339709 0.794327 0.503602 -0.339751 0.724945 0.599186 -0.339751 0.644111 0.685401 -0.339626 0.553149 0.760674 -0.339709 0.453409 0.824076 -0.339585 0.346518 0.874451 -0.339501 0.234301 0.910864 -0.339751 0.118291 0.933047 -0.339751 0.000347 0.940561 -0.339626 -0.096087 0.914332 -0.393402 -0.209926 0.895079 -0.393402 -0.320454 0.861710 -0.393401 -0.425928 0.814752 -0.393402 -0.524685 0.754944 -0.393402 -0.615167 0.683231 -0.393402 -0.695948 0.600743 -0.393402 -0.765753 0.508780 -0.393402 -0.823482 0.408793 -0.393402 -0.868224 0.302361 -0.393402 -0.899274 0.191159 -0.393402 -0.916141 0.076943 -0.393402 -0.918561 -0.038486 -0.393402 -0.906494 -0.153309 -0.393402 -0.880131 -0.265714 -0.393402 -0.839888 -0.373928 -0.393402 -0.786400 -0.476246 -0.393402 -0.720510 -0.571052 -0.393402 -0.643256 -0.656853 -0.393402 -0.555858 -0.732295 -0.393402 -0.459694 -0.796188 -0.393402 -0.356281 -0.847526 -0.393401 -0.247248 -0.885496 -0.393402 -0.134316 -0.909502 -0.393402 -0.019266 -0.919165 -0.393402 0.096087 -0.914332 -0.393402 0.209926 -0.895079 -0.393402 0.320454 -0.861710 -0.393401 0.425928 -0.814752 -0.393402 0.524685 -0.754944 -0.393402 0.615167 -0.683231 -0.393402 0.695948 -0.600743 -0.393402 0.765753 -0.508780 -0.393402 0.823482 -0.408793 -0.393402 0.868224 -0.302361 -0.393402 0.899274 -0.191159 -0.393402 0.916141 -0.076943 -0.393402 0.918561 0.038486 -0.393402 0.906494 0.153309 -0.393402 0.880131 0.265714 -0.393402 0.839888 0.373928 -0.393402 0.786400 0.476246 -0.393402 0.720510 0.571052 -0.393402 0.643256 0.656853 -0.393402 0.555858 0.732295 -0.393402 0.459694 0.796188 -0.393402 0.356281 0.847526 -0.393401 0.247248 0.885496 -0.393402 0.134316 0.909502 -0.393402 0.019266 0.919165 -0.393402 -0.000000 0.000000 -1.000000 0.000001 0.000000 -1.000000 0.000000 0.000000 -1.000000 -0.000001 0.000000 -1.000000 -0.000000 0.000000 -1.000000 0.000000 0.000000 -1.000000 0.000000 0.000000 -1.000000 -0.000001 0.000000 -1.000000 0.000001 0.000000 -1.000000 0.000001 0.000000 -1.000000 0.000001 0.000000 -1.000000 -0.000000 0.000000 -1.000000 0.000001 0.000000 -1.000000 0.000001 0.000000 -1.000000 0.000001 0.000000 -1.000000 -0.000001 0.000000 -1.000000 0.000000 0.000000 -1.000000 -0.000000 0.000000 -1.000000 0.000001 0.000000 -1.000000 0.000000 0.000000 -1.000000 0.000000 0.000000 -1.000000 0.000001 0.000000 -1.000000 0.000001 0.000000 -1.000000 -0.000001 0.000000 -1.000000 -0.000000 0.000000 -1.000000 -0.000001 0.000000 -1.000000 -0.000001 0.000000 -1.000000 -0.000001 0.000000 -1.000000 -0.000001 0.000000 -1.000000 0.000001 0.000000 -1.000000 -0.000001 0.000000 -1.000000 0.000001 0.000000 -1.000000
</float_array>
          <technique_common>
            <accessor source="#mesh-be766562-2921-44dc-980a-85dcb51ea853-mesh-normals-array" count="516" stride="3">
              <param name="X" type="float" />
              <param name="Y" type="float" />
              <param name="Z" type="float" />
            </accessor>
          </technique_common>
        </source>
        <vertices id="mesh-be766562-2921-44dc-980a-85dcb51ea853-mesh-vertices">
          <input semantic="POSITION" source="#mesh-be766562-2921-44dc-980a-85dcb51ea853-mesh-positions" />
        </vertices>
        <triangles material="Material-塑胶_235-material" count="968">
          <input semantic="VERTEX" source="#mesh-be766562-2921-44dc-980a-85dcb51ea853-mesh-vertices" offset="0" />
          <input semantic="NORMAL" source="#mesh-be766562-2921-44dc-980a-85dcb51ea853-mesh-normals" offset="1" />
          <p>0 0 1 0 2 0 2 0 1 0 3 0 2 1 3 1 4 1 5 2 6 2 7 2 7 0 6 0 8 0 7 0 8 0 9 0 10 3 11 3 12 3 13 0 14 0 15 0 15 4 14 4 16 4 15 0 16 0 0 0 0 0 16 0 17 0 0 0 17 0 1 0 8 5 18 5 9 5 9 0 18 0 19 0 9 0 19 0 20 0 20 6 19 6 21 6 20 7 21 7 13 7 13 0 21 0 22 0 13 8 22 8 14 8 23 0 24 0 25 0 25 9 24 9 26 9 25 0 26 0 5 0 5 10 26 10 27 10 5 0 27 0 6 0 12 11 28 11 10 11 10 12 28 12 29 12 10 0 29 0 30 0 30 13 29 13 31 13 30 0 31 0 32 0 33 0 34 0 35 0 35 14 34 14 36 14 35 0 36 0 37 0 3 15 38 15 4 15 4 16 38 16 39 16 4 0 39 0 40 0 40 17 39 17 41 17 40 0 41 0 33 0 33 18 41 18 42 18 33 0 42 0 34 0 43 0 44 0 45 0 45 0 44 0 46 0 45 0 46 0 11 0 11 19 46 19 47 19 11 12 47 12 12 12 48 0 49 0 50 0 50 0 49 0 51 0 50 0 51 0 23 0 23 20 51 20 52 20 23 0 52 0 24 0 53 0 54 0 55 0 55 0 54 0 56 0 55 0 56 0 48 0 48 0 56 0 57 0 48 8 57 8 49 8 36 0 58 0 37 0 37 21 58 21 59 21 37 0 59 0 60 0 60 22 59 22 61 22 60 0 61 0 43 0 43 23 61 23 62 23 43 24 62 24 44 24 31 25 63 25 32 25 32 24 63 24 64 24 32 26 64 26 65 26 65 0 64 0 66 0 65 0 66 0 67 0 66 27 68 27 67 27 67 21 68 21 69 21 67 28 69 28 70 28 70 0 69 0 71 0 70 29 71 29 72 29 71 0 73 0 72 0 72 0 73 0 74 0 72 0 74 0 75 0 75 0 74 0 76 0 75 0 76 0 77 0 77 30 76 30 78 30 77 0 78 0 79 0 79 16 78 16 80 16 79 31 80 31 81 31 81 32 80 32 82 32 81 0 82 0 53 0 53 33 82 33 83 33 53 0 83 0 54 0 84 34 85 35 86 36 86 36 85 35 87 37 86 36 87 37 88 38 88 38 87 37 89 39 88 38 89 39 90 40 90 40 89 39 91 41 90 40 91 41 92 42 92 42 91 41 93 43 92 42 93 43 94 44 94 44 93 43 95 45 94 44 95 45 96 46 96 46 95 45 97 47 96 46 97 47 98 48 98 48 97 47 99 49 98 48 99 49 100 50 100 50 99 49 101 51 100 50 101 51 102 52 102 52 101 51 103 53 102 52 103 53 104 54 104 54 103 53 105 55 104 54 105 55 106 56 106 56 105 55 107 57 106 56 107 57 108 58 108 58 107 57 109 59 108 58 109 59 110 60 110 60 109 59 111 61 110 60 111 61 112 62 112 62 111 61 113 63 112 62 113 63 114 64 114 64 113 63 115 65 114 64 115 65 116 66 116 66 115 65 117 67 116 66 117 67 118 68 118 68 117 67 119 69 118 68 119 69 120 70 120 70 119 69 121 71 120 70 121 71 122 72 122 72 121 71 123 73 122 72 123 73 124 74 124 74 123 73 125 75 124 74 125 75 126 76 126 76 125 75 127 77 126 76 127 77 128 78 128 78 127 77 129 79 128 78 129 79 130 80 130 80 129 79 131 81 130 80 131 81 132 82 132 82 131 81 133 83 132 82 133 83 134 84 134 84 133 83 135 85 134 84 135 85 136 86 136 86 135 85 137 87 136 86 137 87 138 88 138 88 137 87 139 89 138 88 139 89 140 90 140 90 139 89 141 91 140 90 141 91 142 92 142 92 141 91 143 93 142 92 143 93 144 94 144 94 143 93 145 95 144 94 145 95 146 96 146 96 145 95 147 97 146 96 147 97 148 98 148 98 147 97 149 99 148 98 149 99 150 100 150 100 149 99 151 101 150 100 151 101 152 102 152 102 151 101 153 103 152 102 153 103 154 104 154 104 153 103 155 105 154 104 155 105 156 106 156 106 155 105 157 107 156 106 157 107 158 108 158 108 157 107 159 109 158 108 159 109 160 110 160 110 159 109 161 111 160 110 161 111 162 112 162 112 161 111 163 113 162 112 163 113 164 114 164 114 163 113 165 115 164 114 165 115 166 116 166 116 165 115 167 117 166 116 167 117 168 118 168 118 167 117 169 119 168 118 169 119 170 120 170 120 169 119 171 121 170 120 171 121 172 122 172 122 171 121 173 123 172 122 173 123 174 124 174 124 173 123 175 125 174 124 175 125 176 126 176 126 175 125 177 127 176 126 177 127 178 128 178 128 177 127 179 129 178 128 179 129 180 130 180 130 179 129 181 131 180 130 181 131 182 132 182 132 181 131 183 133 182 132 183 133 84 34 84 34 183 133 85 35 183 133 184 134 85 35 85 35 184 134 185 135 85 35 185 135 87 37 87 37 185 135 186 136 87 37 186 136 89 39 89 39 186 136 187 137 89 39 187 137 91 41 91 41 187 137 188 138 91 41 188 138 93 43 93 43 188 138 189 139 93 43 189 139 95 45 95 45 189 139 190 140 95 45 190 140 97 47 97 47 190 140 191 141 97 47 191 141 99 49 99 49 191 141 192 142 99 49 192 142 101 51 101 51 192 142 193 143 101 51 193 143 103 53 103 53 193 143 194 144 103 53 194 144 105 55 105 55 194 144 195 145 105 55 195 145 107 57 107 57 195 145 196 146 107 57 196 146 109 59 109 59 196 146 197 147 109 59 197 147 111 61 111 61 197 147 198 148 111 61 198 148 113 63 113 63 198 148 199 149 113 63 199 149 115 65 115 65 199 149 200 150 115 65 200 150 117 67 117 67 200 150 201 151 117 67 201 151 119 69 119 69 201 151 202 152 119 69 202 152 121 71 121 71 202 152 203 153 121 71 203 153 123 73 123 73 203 153 204 154 123 73 204 154 125 75 125 75 204 154 205 155 125 75 205 155 127 77 127 77 205 155 206 156 127 77 206 156 129 79 129 79 206 156 207 157 129 79 207 157 131 81 131 81 207 157 208 158 131 81 208 158 133 83 133 83 208 158 209 159 133 83 209 159 135 85 135 85 209 159 210 160 135 85 210 160 137 87 137 87 210 160 211 161 137 87 211 161 139 89 139 89 211 161 212 162 139 89 212 162 141 91 141 91 212 162 213 163 141 91 213 163 143 93 143 93 213 163 214 164 143 93 214 164 145 95 145 95 214 164 215 165 145 95 215 165 147 97 147 97 215 165 216 166 147 97 216 166 149 99 149 99 216 166 217 167 149 99 217 167 151 101 151 101 217 167 218 168 151 101 218 168 153 103 153 103 218 168 219 169 153 103 219 169 155 105 155 105 219 169 220 170 155 105 220 170 157 107 157 107 220 170 221 171 157 107 221 171 159 109 159 109 221 171 222 172 159 109 222 172 161 111 161 111 222 172 223 173 161 111 223 173 163 113 163 113 223 173 224 174 163 113 224 174 165 115 165 115 224 174 225 175 165 115 225 175 167 117 167 117 225 175 226 176 167 117 226 176 169 119 169 119 226 176 227 177 169 119 227 177 171 121 171 121 227 177 228 178 171 121 228 178 173 123 173 123 228 178 229 179 173 123 229 179 175 125 175 125 229 179 230 180 175 125 230 180 177 127 177 127 230 180 231 181 177 127 231 181 179 129 179 129 231 181 232 182 179 129 232 182 181 131 181 131 232 182 233 183 181 131 233 183 183 133 183 133 233 183 184 134 233 183 234 184 184 134 184 134 234 184 235 185 184 134 235 185 185 135 185 135 235 185 236 186 185 135 236 186 186 136 186 136 236 186 237 187 186 136 237 187 187 137 187 137 237 187 238 188 187 137 238 188 188 138 188 138 238 188 239 189 188 138 239 189 189 139 189 139 239 189 240 190 189 139 240 190 190 140 190 140 240 190 241 191 190 140 241 191 191 141 191 141 241 191 242 192 191 141 242 192 192 142 192 142 242 192 243 193 192 142 243 193 193 143 193 143 243 193 244 194 193 143 244 194 194 144 194 144 244 194 245 195 194 144 245 195 195 145 195 145 245 195 246 196 195 145 246 196 196 146 196 146 246 196 247 197 196 146 247 197 197 147 197 147 247 197 248 198 197 147 248 198 198 148 198 148 248 198 249 199 198 148 249 199 199 149 199 149 249 199 250 200 199 149 250 200 200 150 200 150 250 200 251 201 200 150 251 201 201 151 201 151 251 201 252 202 201 151 252 202 202 152 202 152 252 202 253 203 202 152 253 203 203 153 203 153 253 203 254 204 203 153 254 204 204 154 204 154 254 204 255 205 204 154 255 205 205 155 205 155 255 205 256 206 205 155 256 206 206 156 206 156 256 206 257 207 206 156 257 207 207 157 207 157 257 207 258 208 207 157 258 208 208 158 208 158 258 208 259 209 208 158 259 209 209 159 209 159 259 209 260 210 209 159 260 210 210 160 210 160 260 210 261 211 210 160 261 211 211 161 211 161 261 211 262 212 211 161 262 212 212 162 212 162 262 212 263 213 212 162 263 213 213 163 213 163 263 213 264 214 213 163 264 214 214 164 214 164 264 214 265 215 214 164 265 215 215 165 215 165 265 215 266 216 215 165 266 216 216 166 216 166 266 216 267 217 216 166 267 217 217 167 217 167 267 217 268 218 217 167 268 218 218 168 218 168 268 218 269 219 218 168 269 219 219 169 219 169 269 219 270 220 219 169 270 220 220 170 220 170 270 220 271 221 220 170 271 221 221 171 221 171 271 221 272 222 221 171 272 222 222 172 222 172 272 222 273 223 222 172 273 223 223 173 223 173 273 223 274 224 223 173 274 224 224 174 224 174 274 224 275 225 224 174 275 225 225 175 225 175 275 225 276 226 225 175 276 226 226 176 226 176 276 226 277 227 226 176 277 227 227 177 227 177 277 227 278 228 227 177 278 228 228 178 228 178 278 228 279 229 228 178 279 229 229 179 229 179 279 229 280 230 229 179 280 230 230 180 230 180 280 230 281 231 230 180 281 231 231 181 231 181 281 231 282 232 231 181 282 232 232 182 232 182 282 232 283 233 232 182 283 233 233 183 233 183 283 233 234 184 283 233 284 234 234 184 234 184 284 234 285 235 234 184 285 235 235 185 235 185 285 235 286 236 235 185 286 236 236 186 236 186 286 236 287 237 236 186 287 237 237 187 237 187 287 237 288 238 237 187 288 238 238 188 238 188 288 238 289 239 238 188 289 239 239 189 239 189 289 239 290 240 239 189 290 240 240 190 240 190 290 240 291 241 240 190 291 241 241 191 241 191 291 241 292 242 241 191 292 242 242 192 242 192 292 242 293 243 242 192 293 243 243 193 243 193 293 243 294 244 243 193 294 244 244 194 244 194 294 244 295 245 244 194 295 245 245 195 245 195 295 245 296 246 245 195 296 246 246 196 246 196 296 246 297 247 246 196 297 247 247 197 247 197 297 247 298 248 247 197 298 248 248 198 248 198 298 248 299 249 248 198 299 249 249 199 249 199 299 249 300 250 249 199 300 250 250 200 250 200 300 250 301 251 250 200 301 251 251 201 251 201 301 251 302 252 251 201 302 252 252 202 252 202 302 252 303 253 252 202 303 253 253 203 253 203 303 253 304 254 253 203 304 254 254 204 254 204 304 254 305 255 254 204 305 255 255 205 255 205 305 255 306 256 255 205 306 256 256 206 256 206 306 256 307 257 256 206 307 257 257 207 257 207 307 257 308 258 257 207 308 258 258 208 258 208 308 258 309 259 258 208 309 259 259 209 259 209 309 259 310 260 259 209 310 260 260 210 260 210 310 260 311 261 260 210 311 261 261 211 261 211 311 261 312 262 261 211 312 262 262 212 262 212 312 262 313 263 262 212 313 263 263 213 263 213 313 263 314 264 263 213 314 264 264 214 264 214 314 264 315 265 264 214 315 265 265 215 265 215 315 265 316 266 265 215 316 266 266 216 266 216 316 266 317 267 266 216 317 267 267 217 267 217 317 267 318 268 267 217 318 268 268 218 268 218 318 268 319 269 268 218 319 269 269 219 269 219 319 269 320 270 269 219 320 270 270 220 270 220 320 270 321 271 270 220 321 271 271 221 271 221 321 271 322 272 271 221 322 272 272 222 272 222 322 272 323 273 272 222 323 273 273 223 273 223 323 273 324 274 273 223 324 274 274 224 274 224 324 274 325 275 274 224 325 275 275 225 275 225 325 275 326 276 275 225 326 276 276 226 276 226 326 276 327 277 276 226 327 277 277 227 277 227 327 277 328 278 277 227 328 278 278 228 278 228 328 278 329 279 278 228 329 279 279 229 279 229 329 279 330 280 279 229 330 280 280 230 280 230 330 280 331 281 280 230 331 281 281 231 281 231 331 281 332 282 281 231 332 282 282 232 282 232 332 282 333 283 282 232 333 283 283 233 283 233 333 283 284 234 333 283 334 284 284 234 284 234 334 284 335 285 284 234 335 285 285 235 285 235 335 285 336 286 285 235 336 286 286 236 286 236 336 286 337 287 286 236 337 287 287 237 287 237 337 287 338 288 287 237 338 288 288 238 288 238 338 288 339 289 288 238 339 289 289 239 289 239 339 289 340 290 289 239 340 290 290 240 290 240 340 290 341 291 290 240 341 291 291 241 291 241 341 291 342 292 291 241 342 292 292 242 292 242 342 292 343 293 292 242 343 293 293 243 293 243 343 293 344 294 293 243 344 294 294 244 294 244 344 294 345 295 294 244 345 295 295 245 295 245 345 295 346 296 295 245 346 296 296 246 296 246 346 296 347 297 296 246 347 297 297 247 297 247 347 297 348 298 297 247 348 298 298 248 298 248 348 298 349 299 298 248 349 299 299 249 299 249 349 299 350 300 299 249 350 300 300 250 300 250 350 300 351 301 300 250 351 301 301 251 301 251 351 301 352 302 301 251 352 302 302 252 302 252 352 302 353 303 302 252 353 303 303 253 303 253 353 303 354 304 303 253 354 304 304 254 304 254 354 304 355 305 304 254 355 305 305 255 305 255 355 305 356 306 305 255 356 306 306 256 306 256 356 306 357 307 306 256 357 307 307 257 307 257 357 307 358 308 307 257 358 308 308 258 308 258 358 308 359 309 308 258 359 309 309 259 309 259 359 309 360 310 309 259 360 310 310 260 310 260 360 310 361 311 310 260 361 311 311 261 311 261 361 311 362 312 311 261 362 312 312 262 312 262 362 312 363 313 312 262 363 313 313 263 313 263 363 313 364 314 313 263 364 314 314 264 314 264 364 314 365 315 314 264 365 315 315 265 315 265 365 315 366 316 315 265 366 316 316 266 316 266 366 316 367 317 316 266 367 317 317 267 317 267 367 317 368 318 317 267 368 318 318 268 318 268 368 318 369 319 318 268 369 319 319 269 319 269 369 319 370 320 319 269 370 320 320 270 320 270 370 320 371 321 320 270 371 321 321 271 321 271 371 321 372 322 321 271 372 322 322 272 322 272 372 322 373 323 322 272 373 323 323 273 323 273 373 323 374 324 323 273 374 324 324 274 324 274 374 324 375 325 324 274 375 325 325 275 325 275 375 325 376 326 325 275 376 326 326 276 326 276 376 326 377 327 326 276 377 327 327 277 327 277 377 327 378 328 327 277 378 328 328 278 328 278 378 328 379 329 328 278 379 329 329 279 329 279 379 329 380 330 329 279 380 330 330 280 330 280 380 330 381 331 330 280 381 331 331 281 331 281 381 331 382 332 331 281 382 332 332 282 332 282 382 332 383 333 332 282 383 333 333 283 333 283 383 333 334 284 383 333 384 334 334 284 334 284 384 334 385 335 334 284 385 335 335 285 335 285 385 335 386 336 335 285 386 336 336 286 336 286 386 336 387 337 336 286 387 337 337 287 337 287 387 337 388 338 337 287 388 338 338 288 338 288 388 338 389 339 338 288 389 339 339 289 339 289 389 339 390 340 339 289 390 340 340 290 340 290 390 340 391 341 340 290 391 341 341 291 341 291 391 341 392 342 341 291 392 342 342 292 342 292 392 342 393 343 342 292 393 343 343 293 343 293 393 343 394 344 343 293 394 344 344 294 344 294 394 344 395 345 344 294 395 345 345 295 345 295 395 345 396 346 345 295 396 346 346 296 346 296 396 346 397 347 346 296 397 347 347 297 347 297 397 347 398 348 347 297 398 348 348 298 348 298 398 348 399 349 348 298 399 349 349 299 349 299 399 349 400 350 349 299 400 350 350 300 350 300 400 350 401 351 350 300 401 351 351 301 351 301 401 351 402 352 351 301 402 352 352 302 352 302 402 352 403 353 352 302 403 353 353 303 353 303 403 353 404 354 353 303 404 354 354 304 354 304 404 354 405 355 354 304 405 355 355 305 355 305 405 355 406 356 355 305 406 356 356 306 356 306 406 356 407 357 356 306 407 357 357 307 357 307 407 357 408 358 357 307 408 358 358 308 358 308 408 358 409 359 358 308 409 359 359 309 359 309 409 359 410 360 359 309 410 360 360 310 360 310 410 360 411 361 360 310 411 361 361 311 361 311 411 361 412 362 361 311 412 362 362 312 362 312 412 362 413 363 362 312 413 363 363 313 363 313 413 363 414 364 363 313 414 364 364 314 364 314 414 364 415 365 364 314 415 365 365 315 365 315 415 365 416 366 365 315 416 366 366 316 366 316 416 366 417 367 366 316 417 367 367 317 367 317 417 367 418 368 367 317 418 368 368 318 368 318 418 368 419 369 368 318 419 369 369 319 369 319 419 369 420 370 369 319 420 370 370 320 370 320 420 370 421 371 370 320 421 371 371 321 371 321 421 371 422 372 371 321 422 372 372 322 372 322 422 372 423 373 372 322 423 373 373 323 373 323 423 373 424 374 373 323 424 374 374 324 374 324 424 374 425 375 374 324 425 375 375 325 375 325 425 375 426 376 375 325 426 376 376 326 376 326 426 376 427 377 376 326 427 377 377 327 377 327 427 377 428 378 377 327 428 378 378 328 378 328 428 378 429 379 378 328 429 379 379 329 379 329 429 379 430 380 379 329 430 380 380 330 380 330 430 380 431 381 380 330 431 381 381 331 381 331 431 381 432 382 381 331 432 382 382 332 382 332 432 382 433 383 382 332 433 383 383 333 383 333 433 383 384 334 433 383 434 384 384 334 384 334 434 384 435 385 384 334 435 385 385 335 385 335 435 385 436 386 385 335 436 386 386 336 386 336 436 386 437 387 386 336 437 387 387 337 387 337 437 387 438 388 387 337 438 388 388 338 388 338 438 388 439 389 388 338 439 389 389 339 389 339 439 389 440 390 389 339 440 390 390 340 390 340 440 390 441 391 390 340 441 391 391 341 391 341 441 391 442 392 391 341 442 392 392 342 392 342 442 392 443 393 392 342 443 393 393 343 393 343 443 393 444 394 393 343 444 394 394 344 394 344 444 394 445 395 394 344 445 395 395 345 395 345 445 395 446 396 395 345 446 396 396 346 396 346 446 396 447 397 396 346 447 397 397 347 397 347 447 397 448 398 397 347 448 398 398 348 398 348 448 398 449 399 398 348 449 399 399 349 399 349 449 399 450 400 399 349 450 400 400 350 400 350 450 400 451 401 400 350 451 401 401 351 401 351 451 401 452 402 401 351 452 402 402 352 402 352 452 402 453 403 402 352 453 403 403 353 403 353 453 403 454 404 403 353 454 404 404 354 404 354 454 404 455 405 404 354 455 405 405 355 405 355 455 405 456 406 405 355 456 406 406 356 406 356 456 406 457 407 406 356 457 407 407 357 407 357 457 407 458 408 407 357 458 408 408 358 408 358 458 408 459 409 408 358 459 409 409 359 409 359 459 409 460 410 409 359 460 410 410 360 410 360 460 410 461 411 410 360 461 411 411 361 411 361 461 411 462 412 411 361 462 412 412 362 412 362 462 412 463 413 412 362 463 413 413 363 413 363 463 413 464 414 413 363 464 414 414 364 414 364 464 414 465 415 414 364 465 415 415 365 415 365 465 415 466 416 415 365 466 416 416 366 416 366 466 416 467 417 416 366 467 417 417 367 417 367 467 417 468 418 417 367 468 418 418 368 418 368 468 418 469 419 418 368 469 419 419 369 419 369 469 419 470 420 419 369 470 420 420 370 420 370 470 420 471 421 420 370 471 421 421 371 421 371 471 421 472 422 421 371 472 422 422 372 422 372 472 422 473 423 422 372 473 423 423 373 423 373 473 423 474 424 423 373 474 424 424 374 424 374 474 424 475 425 424 374 475 425 425 375 425 375 475 425 476 426 425 375 476 426 426 376 426 376 476 426 477 427 426 376 477 427 427 377 427 377 477 427 478 428 427 377 478 428 428 378 428 378 478 428 479 429 428 378 479 429 429 379 429 379 479 429 480 430 429 379 480 430 430 380 430 380 480 430 481 431 430 380 481 431 431 381 431 381 481 431 482 432 431 381 482 432 432 382 432 382 482 432 483 433 432 382 483 433 433 383 433 383 483 433 434 384 483 433 484 434 434 384 434 384 484 434 485 435 434 384 485 435 435 385 435 385 485 435 486 436 435 385 486 436 436 386 436 386 486 436 487 437 436 386 487 437 437 387 437 387 487 437 488 438 437 387 488 438 438 388 438 388 488 438 489 439 438 388 489 439 439 389 439 389 489 439 490 440 439 389 490 440 440 390 440 390 490 440 491 441 440 390 491 441 441 391 441 391 491 441 492 442 441 391 492 442 442 392 442 392 492 442 493 443 442 392 493 443 443 393 443 393 493 443 494 444 443 393 494 444 444 394 444 394 494 444 495 445 444 394 495 445 445 395 445 395 495 445 496 446 445 395 496 446 446 396 446 396 496 446 497 447 446 396 497 447 447 397 447 397 497 447 498 448 447 397 498 448 448 398 448 398 498 448 499 449 448 398 499 449 449 399 449 399 499 449 500 450 449 399 500 450 450 400 450 400 500 450 501 451 450 400 501 451 451 401 451 401 501 451 502 452 451 401 502 452 452 402 452 402 502 452 503 453 452 402 503 453 453 403 453 403 503 453 504 454 453 403 504 454 454 404 454 404 504 454 505 455 454 404 505 455 455 405 455 405 505 455 506 456 455 405 506 456 456 406 456 406 506 456 507 457 456 406 507 457 457 407 457 407 507 457 508 458 457 407 508 458 458 408 458 408 508 458 509 459 458 408 509 459 459 409 459 409 509 459 510 460 459 409 510 460 460 410 460 410 510 460 511 461 460 410 511 461 461 411 461 411 511 461 512 462 461 411 512 462 462 412 462 412 512 462 513 463 462 412 513 463 463 413 463 413 513 463 514 464 463 413 514 464 464 414 464 414 514 464 515 465 464 414 515 465 465 415 465 415 515 465 516 466 465 415 516 466 466 416 466 416 516 466 517 467 466 416 517 467 467 417 467 417 517 467 518 468 467 417 518 468 468 418 468 418 518 468 519 469 468 418 519 469 469 419 469 419 519 469 520 470 469 419 520 470 470 420 470 420 520 470 521 471 470 420 521 471 471 421 471 421 521 471 522 472 471 421 522 472 472 422 472 422 522 472 523 473 472 422 523 473 473 423 473 423 523 473 524 474 473 423 524 474 474 424 474 424 524 474 525 475 474 424 525 475 475 425 475 425 525 475 526 476 475 425 526 476 476 426 476 426 526 476 527 477 476 426 527 477 477 427 477 427 527 477 528 478 477 427 528 478 478 428 478 428 528 478 529 479 478 428 529 479 479 429 479 429 529 479 530 480 479 429 530 480 480 430 480 430 530 480 531 481 480 430 531 481 481 431 481 431 531 481 532 482 481 431 532 482 482 432 482 432 532 482 533 483 482 432 533 483 483 433 483 433 533 483 484 434 534 484 535 484 536 484 537 485 538 485 539 485 539 486 538 486 540 486 539 486 540 486 541 486 542 486 543 486 544 486 544 486 543 486 545 486 544 486 545 486 546 486 547 486 548 486 549 486 549 486 548 486 550 486 549 486 550 486 542 486 542 486 550 486 551 486 542 487 551 487 543 487 552 486 553 486 554 486 554 486 553 486 555 486 554 486 555 486 556 486 557 486 558 486 559 486 559 486 558 486 560 486 559 488 560 488 536 488 536 489 560 489 561 489 536 490 561 490 534 490 562 486 563 486 564 486 564 491 563 491 565 491 564 486 565 486 557 486 557 486 565 486 566 486 557 486 566 486 558 486 545 492 567 492 546 492 546 486 567 486 568 486 546 486 568 486 569 486 569 493 568 493 570 493 569 486 570 486 537 486 537 494 570 494 571 494 537 486 571 486 538 486 572 495 573 495 574 495 575 486 576 486 577 486 577 496 576 496 578 496 577 486 578 486 579 486 540 497 580 497 541 497 541 486 580 486 581 486 541 486 581 486 582 486 582 498 581 498 583 498 582 499 583 499 562 499 562 486 583 486 584 486 562 487 584 487 563 487 555 486 585 486 556 486 556 490 585 490 586 490 556 500 586 500 587 500 587 501 586 501 588 501 587 486 588 486 547 486 547 502 588 502 589 502 547 486 589 486 548 486 590 503 591 503 592 503 592 486 591 486 593 486 592 486 593 486 594 486 535 486 534 486 595 486 595 504 534 504 596 504 595 486 596 486 597 486 593 505 598 505 594 505 594 506 598 506 599 506 594 507 599 507 600 507 600 486 599 486 601 486 600 508 601 508 552 508 552 486 601 486 602 486 552 486 602 486 553 486 574 509 603 509 572 509 572 510 603 510 604 510 572 486 604 486 605 486 605 511 604 511 606 511 605 486 606 486 590 486 590 486 606 486 607 486 590 512 607 512 591 512 578 513 608 513 579 513 579 512 608 512 609 512 579 486 609 486 610 486 610 486 609 486 611 486 610 486 611 486 573 486 573 514 611 514 612 514 573 510 612 510 574 510 596 486 613 486 597 486 597 486 613 486 614 486 597 486 614 486 615 486 615 515 614 515 616 515 615 486 616 486 575 486 575 486 616 486 617 486 575 506 617 506 576 506</p>
        </triangles>
      </mesh>
    </geometry>
    <geometry id="mesh-cf2dcf2e-1744-451f-b5f7-3d1f6036680a-mesh" name="mesh-cf2dcf2e-1744-451f-b5f7-3d1f6036680a">
      <mesh>
        <source id="mesh-cf2dcf2e-1744-451f-b5f7-3d1f6036680a-mesh-positions">
          <float_array id="mesh-cf2dcf2e-1744-451f-b5f7-3d1f6036680a-mesh-positions-array" count="3156">
0.006000 0.003606 0.068000 0.006000 0.003606 0.045000 0.003447 0.006093 0.045000 0.003447 0.006093 0.068000 0.003447 0.006093 0.068000 0.003447 0.006093 0.045000 0.000000 0.007000 0.045000 0.000000 0.007000 0.068000 0.000000 0.007000 0.068000 0.000000 0.007000 0.045000 -0.003446 0.006093 0.045000 -0.003446 0.006093 0.068000 -0.003446 0.006093 0.068000 -0.003446 0.006093 0.045000 -0.006000 0.003606 0.045000 -0.006000 0.003606 0.068000 -0.044078 0.009059 0.028500 -0.045000 0.000000 0.028500 -0.044769 0.004553 0.032000 -0.044078 0.009059 0.032000 -0.042936 0.013472 0.032000 -0.041353 0.017746 0.028500 -0.041353 0.017746 0.032000 -0.039345 0.021839 0.032000 -0.036934 0.025707 0.028500 -0.036934 0.025707 0.032000 -0.034144 0.029312 0.032000 -0.031003 0.032616 0.028500 -0.031003 0.032616 0.032000 -0.027544 0.035585 0.032000 -0.023803 0.038189 0.028500 -0.023803 0.038189 0.032000 -0.019817 0.040401 0.032000 -0.015628 0.042199 0.028500 -0.015628 0.042199 0.032000 -0.011279 0.043564 0.032000 -0.006814 0.044481 0.028500 -0.006814 0.044481 0.032000 -0.002279 0.044942 0.032000 0.002280 0.044942 0.028500 0.002280 0.044942 0.032000 0.006815 0.044481 0.032000 0.011280 0.043564 0.028500 0.011280 0.043564 0.032000 0.015629 0.042199 0.032000 0.019818 0.040401 0.028500 0.019818 0.040401 0.032000 0.023804 0.038189 0.032000 0.027545 0.035585 0.028500 0.027545 0.035585 0.032000 0.031004 0.032616 0.032000 0.034145 0.029312 0.028500 0.034145 0.029312 0.032000 0.036935 0.025707 0.032000 0.039346 0.021839 0.028500 0.039346 0.021839 0.032000 0.041354 0.017746 0.032000 0.042937 0.013472 0.028500 0.042937 0.013472 0.032000 0.044079 0.009059 0.032000 0.044770 0.004553 0.028500 0.044770 0.004553 0.032000 0.045000 0.000000 0.032000 0.044770 -0.004552 0.028500 0.044770 -0.004552 0.032000 0.044079 -0.009058 0.032000 0.042937 -0.013471 0.028500 0.042937 -0.013471 0.032000 0.041354 -0.017746 0.032000 0.039346 -0.021838 0.028500 0.039346 -0.021838 0.032000 0.036935 -0.025707 0.032000 0.034145 -0.029311 0.028500 0.034145 -0.029311 0.032000 0.031004 -0.032615 0.032000 0.027545 -0.035585 0.028500 0.027545 -0.035585 0.032000 0.023804 -0.038189 0.032000 0.019818 -0.040401 0.028500 0.019818 -0.040401 0.032000 0.015629 -0.042199 0.032000 0.011280 -0.043563 0.028500 0.011280 -0.043563 0.032000 0.006815 -0.044481 0.032000 0.002280 -0.044942 0.028500 0.002280 -0.044942 0.032000 -0.002279 -0.044942 0.032000 -0.006814 -0.044481 0.028500 -0.006814 -0.044481 0.032000 -0.011279 -0.043563 0.032000 -0.015628 -0.042199 0.028500 -0.015628 -0.042199 0.032000 -0.023803 -0.038189 0.028500 -0.019817 -0.040401 0.032000 -0.023803 -0.038189 0.032000 -0.031003 -0.032615 0.028500 -0.027544 -0.035585 0.032000 -0.031003 -0.032615 0.032000 -0.036934 -0.025707 0.028500 -0.034144 -0.029311 0.032000 -0.036934 -0.025707 0.032000 -0.039345 -0.021838 0.032000 -0.041353 -0.017746 0.028500 -0.041353 -0.017746 0.032000 -0.042936 -0.013471 0.032000 -0.044078 -0.009058 0.028500 -0.044078 -0.009058 0.032000 -0.044769 -0.004552 0.032000 -0.045000 0.000000 0.032000 -0.021108 0.006198 0.040000 -0.036810 0.003743 0.040000 -0.022000 0.000000 0.040000 -0.036810 -0.003743 0.040000 -0.021108 -0.006198 0.040000 -0.035303 -0.011076 0.040000 -0.018507 -0.011894 0.040000 -0.032350 -0.017956 0.040000 -0.028074 -0.024101 0.040000 -0.014406 -0.016626 0.040000 -0.022647 -0.029258 0.040000 -0.009139 -0.020012 0.040000 -0.014406 0.016627 0.040000 -0.028074 0.024101 0.040000 -0.018507 0.011894 0.040000 -0.032350 0.017956 0.040000 -0.035303 0.011077 0.040000 -0.003130 0.021776 0.040000 -0.009274 0.035819 0.040000 -0.009139 0.020012 0.040000 -0.016294 0.033219 0.040000 -0.022647 0.029259 0.040000 0.018508 -0.011894 0.040000 0.034002 -0.014591 0.040000 0.021109 -0.006198 0.040000 0.036243 -0.007448 0.040000 0.022000 0.000000 0.040000 0.037000 0.000000 0.040000 0.021109 0.006198 0.040000 0.014407 0.016627 0.040000 0.019572 0.031400 0.040000 0.009140 0.020012 0.040000 0.012851 0.034697 0.040000 0.003131 0.021776 0.040000 0.005603 0.036574 0.040000 -0.001874 0.036953 0.040000 0.036243 0.007448 0.040000 0.034002 0.014591 0.040000 0.018508 0.011894 0.040000 0.030369 0.021137 0.040000 0.025492 0.026818 0.040000 0.009140 -0.020012 0.040000 0.019572 -0.031400 0.040000 0.014407 -0.016626 0.040000 0.025492 -0.026817 0.040000 0.030369 -0.021137 0.040000 -0.016294 -0.033218 0.040000 -0.009274 -0.035819 0.040000 -0.003130 -0.021776 0.040000 -0.001874 -0.036952 0.040000 0.003131 -0.021776 0.040000 0.005603 -0.036573 0.040000 0.012851 -0.034697 0.040000 -0.008999 0.000000 0.042500 -0.008108 0.003905 0.042500 -0.021108 0.006198 0.042500 0.002003 -0.008774 0.042500 0.009140 -0.020012 0.042500 0.005612 -0.007036 0.042500 0.014407 -0.016626 0.042500 0.008109 -0.003905 0.042500 -0.002002 0.008775 0.042500 -0.009139 0.020012 0.042500 -0.005611 0.007037 0.042500 -0.014406 0.016627 0.042500 -0.018507 0.011894 0.042500 -0.005611 -0.007036 0.042500 -0.009139 -0.020012 0.042500 -0.002002 -0.008774 0.042500 -0.003130 -0.021776 0.042500 0.003131 -0.021776 0.042500 -0.022000 0.000000 0.042500 -0.021108 -0.006198 0.042500 -0.008108 -0.003905 0.042500 -0.018507 -0.011894 0.042500 -0.014406 -0.016626 0.042500 0.009000 0.000000 0.042500 0.021109 0.006198 0.042500 0.008109 0.003905 0.042500 0.018508 0.011894 0.042500 0.005612 0.007037 0.042500 0.014407 0.016627 0.042500 0.009140 0.020012 0.042500 0.002003 0.008775 0.042500 0.003131 0.021776 0.042500 -0.003130 0.021776 0.042500 0.018508 -0.011894 0.042500 0.021109 -0.006198 0.042500 0.022000 0.000000 0.042500 0.022000 0.000000 0.040000 0.021109 -0.006198 0.042500 0.021109 -0.006198 0.040000 0.018508 -0.011894 0.042500 0.018508 -0.011894 0.040000 0.014407 -0.016626 0.042500 0.014407 -0.016626 0.040000 0.009140 -0.020012 0.042500 0.009140 -0.020012 0.040000 0.003131 -0.021776 0.042500 0.003131 -0.021776 0.040000 -0.003130 -0.021776 0.042500 -0.003130 -0.021776 0.040000 -0.009139 -0.020012 0.042500 -0.009139 -0.020012 0.040000 -0.014406 -0.016626 0.042500 -0.014406 -0.016626 0.040000 -0.018507 -0.011894 0.042500 -0.018507 -0.011894 0.040000 -0.021108 -0.006198 0.042500 -0.021108 -0.006198 0.040000 -0.022000 0.000000 0.042500 -0.022000 0.000000 0.040000 -0.021108 0.006198 0.042500 -0.021108 0.006198 0.040000 -0.018507 0.011894 0.042500 -0.018507 0.011894 0.040000 -0.014406 0.016627 0.042500 -0.014406 0.016627 0.040000 -0.009139 0.020012 0.042500 -0.009139 0.020012 0.040000 -0.003130 0.021776 0.042500 -0.003130 0.021776 0.040000 0.003131 0.021776 0.042500 0.003131 0.021776 0.040000 0.009140 0.020012 0.042500 0.009140 0.020012 0.040000 0.014407 0.016627 0.042500 0.014407 0.016627 0.040000 0.018508 0.011894 0.042500 0.018508 0.011894 0.040000 0.021109 0.006198 0.042500 0.018508 0.011894 0.040000 0.021109 0.006198 0.040000 0.022000 0.000000 0.042500 0.036243 0.007448 0.040000 0.037000 0.000000 0.040000 0.044770 0.004553 0.032000 0.044079 0.009059 0.032000 0.042937 0.013472 0.032000 0.034002 0.014591 0.040000 0.041354 0.017746 0.032000 0.039346 0.021839 0.032000 0.030369 0.021137 0.040000 0.036935 0.025707 0.032000 0.034145 0.029312 0.032000 0.025492 0.026818 0.040000 0.031004 0.032616 0.032000 0.027545 0.035585 0.032000 0.019572 0.031400 0.040000 0.023804 0.038189 0.032000 0.019818 0.040401 0.032000 0.012851 0.034697 0.040000 0.015629 0.042199 0.032000 0.011280 0.043564 0.032000 0.005603 0.036574 0.040000 0.006815 0.044481 0.032000 0.002280 0.044942 0.032000 -0.001874 0.036953 0.040000 -0.002279 0.044942 0.032000 -0.006814 0.044481 0.032000 -0.009274 0.035819 0.040000 -0.011279 0.043564 0.032000 -0.015628 0.042199 0.032000 -0.016294 0.033219 0.040000 -0.019817 0.040401 0.032000 -0.023803 0.038189 0.032000 -0.022647 0.029259 0.040000 -0.027544 0.035585 0.032000 -0.031003 0.032616 0.032000 -0.028074 0.024101 0.040000 -0.034144 0.029312 0.032000 -0.036934 0.025707 0.032000 -0.032350 0.017956 0.040000 -0.039345 0.021839 0.032000 -0.041353 0.017746 0.032000 -0.035303 0.011077 0.040000 -0.042936 0.013472 0.032000 -0.044078 0.009059 0.032000 -0.036810 0.003743 0.040000 -0.044769 0.004553 0.032000 -0.036810 0.003743 0.040000 -0.045000 0.000000 0.032000 -0.036810 -0.003743 0.040000 -0.044769 -0.004552 0.032000 -0.044078 -0.009058 0.032000 -0.035303 -0.011076 0.040000 -0.042936 -0.013471 0.032000 -0.041353 -0.017746 0.032000 -0.032350 -0.017956 0.040000 -0.039345 -0.021838 0.032000 -0.036934 -0.025707 0.032000 -0.028074 -0.024101 0.040000 -0.034144 -0.029311 0.032000 -0.031003 -0.032615 0.032000 -0.022647 -0.029258 0.040000 -0.027544 -0.035585 0.032000 -0.023803 -0.038189 0.032000 -0.016294 -0.033218 0.040000 -0.019817 -0.040401 0.032000 -0.015628 -0.042199 0.032000 -0.009274 -0.035819 0.040000 -0.011279 -0.043563 0.032000 -0.006814 -0.044481 0.032000 -0.001874 -0.036952 0.040000 -0.002279 -0.044942 0.032000 0.002280 -0.044942 0.032000 0.005603 -0.036573 0.040000 0.006815 -0.044481 0.032000 0.011280 -0.043563 0.032000 0.012851 -0.034697 0.040000 0.015629 -0.042199 0.032000 0.019818 -0.040401 0.032000 0.019572 -0.031400 0.040000 0.023804 -0.038189 0.032000 0.027545 -0.035585 0.032000 0.025492 -0.026817 0.040000 0.031004 -0.032615 0.032000 0.034145 -0.029311 0.032000 0.030369 -0.021137 0.040000 0.036935 -0.025707 0.032000 0.039346 -0.021838 0.032000 0.034002 -0.014591 0.040000 0.041354 -0.017746 0.032000 0.042937 -0.013471 0.032000 0.036243 -0.007448 0.040000 0.044079 -0.009058 0.032000 0.044770 -0.004552 0.032000 0.045000 0.000000 0.032000 0.044770 0.004553 0.028500 0.050570 0.009747 0.028500 0.042937 0.013472 0.028500 0.047811 0.019141 0.028500 0.039346 0.021839 0.028500 0.043325 0.027843 0.028500 0.034145 0.029312 0.028500 0.037273 0.035539 0.028500 0.027545 0.035585 0.028500 0.029873 0.041951 0.028500 0.019818 0.040401 0.028500 0.021394 0.046846 0.028500 0.011280 0.043564 0.028500 0.012142 0.050049 0.028500 0.002280 0.044942 0.028500 0.002451 0.051442 0.028500 -0.006814 0.044481 0.028500 -0.007329 0.050976 0.028500 -0.015628 0.042199 0.028500 -0.016844 0.048668 0.028500 -0.023803 0.038189 0.028500 -0.025750 0.044601 0.028500 -0.031003 0.032616 0.028500 -0.033725 0.038921 0.028500 -0.036934 0.025707 0.028500 -0.040481 0.031835 0.028500 -0.041353 0.017746 0.028500 -0.045775 0.023599 0.028500 -0.044078 0.009059 0.028500 -0.049413 0.014509 0.028500 -0.045000 0.000000 0.028500 -0.051266 0.004896 0.028500 -0.051500 0.000000 0.028500 -0.051266 -0.004895 0.028500 -0.044078 -0.009058 0.028500 -0.049413 -0.014509 0.028500 -0.041353 -0.017746 0.028500 -0.045775 -0.023598 0.028500 -0.036934 -0.025707 0.028500 -0.040481 -0.031835 0.028500 -0.031003 -0.032615 0.028500 -0.033725 -0.038921 0.028500 -0.023803 -0.038189 0.028500 -0.025750 -0.044600 0.028500 -0.015628 -0.042199 0.028500 -0.016844 -0.048667 0.028500 -0.006814 -0.044481 0.028500 -0.007329 -0.050976 0.028500 0.002280 -0.044942 0.028500 0.002451 -0.051441 0.028500 0.011280 -0.043563 0.028500 0.012142 -0.050048 0.028500 0.019818 -0.040401 0.028500 0.021394 -0.046846 0.028500 0.027545 -0.035585 0.028500 0.029873 -0.041950 0.028500 0.034145 -0.029311 0.028500 0.037273 -0.035539 0.028500 0.039346 -0.021838 0.028500 0.043325 -0.027843 0.028500 0.042937 -0.013471 0.028500 0.047811 -0.019140 0.028500 0.044770 -0.004552 0.028500 0.050570 -0.009746 0.028500 0.044770 0.004553 0.028500 0.051500 0.000000 0.028500 -0.051266 -0.004895 0.028500 -0.051500 0.000000 0.028500 -0.051266 0.004896 0.025500 -0.007329 -0.050976 0.025500 -0.016844 -0.048667 0.028500 -0.016844 -0.048667 0.025500 -0.025750 -0.044600 0.028500 -0.025750 -0.044600 0.025500 -0.033725 -0.038921 0.028500 -0.033725 -0.038921 0.025500 -0.040481 -0.031835 0.028500 -0.040481 -0.031835 0.025500 -0.045775 -0.023598 0.028500 -0.045775 -0.023598 0.025500 -0.049413 -0.014509 0.028500 -0.049413 -0.014509 0.025500 -0.051266 -0.004895 0.025500 0.000000 -0.051500 0.025500 0.002451 -0.051441 0.028500 -0.007329 -0.050976 0.028500 -0.051266 0.004896 0.028500 -0.051266 0.004896 0.025500 -0.049413 0.014509 0.028500 -0.049413 0.014509 0.025500 -0.045775 0.023599 0.028500 -0.045775 0.023599 0.025500 -0.040481 0.031835 0.028500 -0.040481 0.031835 0.025500 -0.033725 0.038921 0.028500 -0.033725 0.038921 0.025500 -0.025750 0.044601 0.028500 -0.025750 0.044601 0.025500 -0.016844 0.048668 0.028500 -0.016844 0.048668 0.025500 -0.007329 0.050976 0.028500 -0.007329 0.050976 0.025500 0.002451 0.051442 0.028500 0.002451 0.051442 0.025500 0.012142 0.050049 0.028500 0.012142 0.050049 0.025500 0.021394 0.046846 0.028500 0.021394 0.046846 0.025500 0.029873 0.041951 0.028500 0.029873 0.041951 0.025500 0.037273 0.035539 0.028500 0.037273 0.035539 0.025500 0.043325 0.027843 0.028500 0.043325 0.027843 0.025500 0.047811 0.019141 0.028500 0.047811 0.019141 0.025500 0.050570 0.009747 0.028500 0.050570 0.009747 0.025500 0.051500 0.000000 0.028500 0.051500 0.000000 0.025500 0.050570 -0.009746 0.028500 0.050570 -0.009746 0.025500 0.047811 -0.019140 0.028500 0.047811 -0.019140 0.025500 0.043325 -0.027843 0.028500 0.043325 -0.027843 0.025500 0.037273 -0.035539 0.028500 0.037273 -0.035539 0.025500 0.029873 -0.041950 0.028500 0.029873 -0.041950 0.025500 0.021394 -0.046846 0.028500 0.021394 -0.046846 0.025500 0.012142 -0.050048 0.028500 0.012142 -0.050048 0.025500 0.002451 -0.051441 0.025500 -0.007329 -0.050976 -0.028500 -0.016844 -0.048667 -0.025500 -0.016844 -0.048667 -0.028500 -0.025750 -0.044600 -0.025500 -0.025750 -0.044600 -0.028500 -0.033725 -0.038921 -0.025500 -0.033725 -0.038921 -0.028500 -0.040481 -0.031835 -0.025500 -0.040481 -0.031835 -0.028500 -0.045775 -0.023598 -0.025500 -0.045775 -0.023598 -0.028500 -0.049413 -0.014509 -0.025500 -0.049413 -0.014509 -0.028500 -0.051266 -0.004895 -0.025500 -0.051266 -0.004895 -0.028500 -0.051500 0.000000 -0.028500 -0.051266 0.004896 -0.025500 -0.051266 0.004896 -0.028500 -0.049413 0.014509 -0.025500 -0.049413 0.014509 -0.028500 -0.045775 0.023599 -0.025500 -0.045775 0.023599 -0.028500 -0.040481 0.031835 -0.025500 -0.040481 0.031835 -0.028500 -0.033725 0.038921 -0.025500 -0.033725 0.038921 -0.028500 -0.025750 0.044601 -0.025500 -0.025750 0.044601 -0.028500 -0.016844 0.048668 -0.025500 -0.016844 0.048668 -0.028500 -0.007329 0.050976 -0.025500 -0.007329 0.050976 -0.028500 0.002451 0.051442 -0.025500 0.002451 0.051442 -0.028500 0.012142 0.050049 -0.025500 0.012142 0.050049 -0.028500 0.021394 0.046846 -0.025500 0.021394 0.046846 -0.028500 0.029873 0.041951 -0.025500 0.029873 0.041951 -0.028500 0.037273 0.035539 -0.025500 0.037273 0.035539 -0.028500 0.043325 0.027843 -0.025500 0.043325 0.027843 -0.028500 0.047811 0.019141 -0.025500 0.047811 0.019141 -0.028500 0.050570 0.009747 -0.025500 0.050570 0.009747 -0.028500 0.051500 0.000000 -0.025500 0.051500 0.000000 -0.028500 0.050570 -0.009746 -0.025500 0.050570 -0.009746 -0.028500 0.047811 -0.019140 -0.025500 0.047811 -0.019140 -0.028500 0.043325 -0.027843 -0.025500 0.043325 -0.027843 -0.028500 0.037273 -0.035539 -0.025500 0.037273 -0.035539 -0.028500 0.029873 -0.041950 -0.025500 0.029873 -0.041950 -0.028500 0.021394 -0.046846 -0.025500 0.021394 -0.046846 -0.028500 0.012142 -0.050048 -0.025500 0.012142 -0.050048 -0.028500 0.002451 -0.051441 -0.025500 0.002451 -0.051441 -0.028500 0.000000 -0.051500 -0.025500 -0.007329 -0.050976 -0.025500 0.044770 0.004553 -0.028500 0.042937 0.013472 -0.028500 0.047811 0.019141 -0.028500 0.043325 0.027843 -0.028500 0.039346 0.021839 -0.028500 0.037273 0.035539 -0.028500 0.034145 0.029312 -0.028500 0.029873 0.041951 -0.028500 0.027545 0.035585 -0.028500 0.021394 0.046846 -0.028500 0.019818 0.040401 -0.028500 0.012142 0.050049 -0.028500 0.011280 0.043564 -0.028500 0.002451 0.051442 -0.028500 0.002280 0.044942 -0.028500 -0.007329 0.050976 -0.028500 -0.006814 0.044481 -0.028500 -0.016844 0.048668 -0.028500 -0.015628 0.042199 -0.028500 -0.025750 0.044601 -0.028500 -0.023803 0.038189 -0.028500 -0.033725 0.038921 -0.028500 -0.031003 0.032616 -0.028500 -0.040481 0.031835 -0.028500 -0.036934 0.025707 -0.028500 -0.045775 0.023599 -0.028500 -0.041353 0.017746 -0.028500 -0.049413 0.014509 -0.028500 -0.044078 0.009059 -0.028500 -0.051266 0.004896 -0.028500 -0.045000 0.000000 -0.028500 -0.051500 0.000000 -0.028500 0.050570 0.009747 -0.028500 0.051500 0.000000 -0.028500 0.044770 -0.004552 -0.028500 0.050570 -0.009746 -0.028500 0.042937 -0.013471 -0.028500 0.047811 -0.019140 -0.028500 0.039346 -0.021838 -0.028500 0.043325 -0.027843 -0.028500 0.034145 -0.029311 -0.028500 0.037273 -0.035539 -0.028500 0.027545 -0.035585 -0.028500 0.029873 -0.041950 -0.028500 0.019818 -0.040401 -0.028500 0.021394 -0.046846 -0.028500 0.011280 -0.043563 -0.028500 0.012142 -0.050048 -0.028500 0.002280 -0.044942 -0.028500 0.002451 -0.051441 -0.028500 -0.006814 -0.044481 -0.028500 -0.007329 -0.050976 -0.028500 -0.015628 -0.042199 -0.028500 -0.016844 -0.048667 -0.028500 -0.023803 -0.038189 -0.028500 -0.025750 -0.044600 -0.028500 -0.031003 -0.032615 -0.028500 -0.033725 -0.038921 -0.028500 -0.036934 -0.025707 -0.028500 -0.040481 -0.031835 -0.028500 -0.041353 -0.017746 -0.028500 -0.045775 -0.023598 -0.028500 -0.044078 -0.009058 -0.028500 -0.049413 -0.014509 -0.028500 -0.051266 -0.004895 -0.028500 0.009000 0.000000 -0.042500 0.008109 0.003905 -0.042500 0.021109 0.006198 -0.042500 -0.005611 0.007037 -0.042500 -0.009139 0.020012 -0.042500 -0.002002 0.008775 -0.042500 -0.003130 0.021776 -0.042500 0.002003 0.008775 -0.042500 0.003131 0.021776 -0.042500 0.009140 0.020012 -0.042500 0.005612 0.007037 -0.042500 0.014407 0.016627 -0.042500 0.018508 0.011894 -0.042500 -0.008999 0.000000 -0.042500 -0.021108 0.006198 -0.042500 -0.008108 0.003905 -0.042500 -0.018507 0.011894 -0.042500 -0.014406 0.016627 -0.042500 0.005612 -0.007036 -0.042500 0.009140 -0.020012 -0.042500 0.002003 -0.008774 -0.042500 0.003131 -0.021776 -0.042500 -0.002002 -0.008774 -0.042500 0.022000 0.000000 -0.042500 0.021109 -0.006198 -0.042500 0.008109 -0.003905 -0.042500 0.018508 -0.011894 -0.042500 0.014407 -0.016626 -0.042500 -0.008108 -0.003905 -0.042500 -0.021108 -0.006198 -0.042500 -0.022000 0.000000 -0.042500 -0.003130 -0.021776 -0.042500 -0.009139 -0.020012 -0.042500 -0.005611 -0.007036 -0.042500 -0.014406 -0.016626 -0.042500 -0.018507 -0.011894 -0.042500 0.022000 0.000000 -0.042500 0.021109 -0.006198 -0.040000 0.021109 -0.006198 -0.042500 0.018508 -0.011894 -0.040000 0.018508 -0.011894 -0.042500 0.014407 -0.016626 -0.040000 0.014407 -0.016626 -0.042500 0.009140 -0.020012 -0.040000 0.009140 -0.020012 -0.042500 0.003131 -0.021776 -0.040000 0.003131 -0.021776 -0.042500 -0.003130 -0.021776 -0.040000 -0.003130 -0.021776 -0.042500 -0.009139 -0.020012 -0.040000 -0.009139 -0.020012 -0.042500 -0.014406 -0.016626 -0.040000 -0.014406 -0.016626 -0.042500 -0.018507 -0.011894 -0.040000 -0.018507 -0.011894 -0.042500 -0.021108 -0.006198 -0.040000 -0.021108 -0.006198 -0.042500 -0.022000 0.000000 -0.040000 -0.022000 0.000000 -0.042500 -0.021108 0.006198 -0.040000 -0.021108 0.006198 -0.042500 -0.018507 0.011894 -0.040000 -0.018507 0.011894 -0.042500 -0.014406 0.016627 -0.040000 -0.014406 0.016627 -0.042500 -0.009139 0.020012 -0.040000 -0.009139 0.020012 -0.042500 -0.003130 0.021776 -0.040000 -0.003130 0.021776 -0.042500 0.003131 0.021776 -0.040000 0.003131 0.021776 -0.042500 0.009140 0.020012 -0.040000 0.009140 0.020012 -0.042500 0.014407 0.016627 -0.040000 0.014407 0.016627 -0.042500 0.018508 0.011894 -0.040000 0.018508 0.011894 -0.042500 0.021109 0.006198 -0.040000 0.021109 0.006198 -0.042500 0.022000 0.000000 -0.040000 0.036811 0.003743 -0.040000 0.022000 0.000000 -0.040000 0.021109 0.006198 -0.040000 0.014407 0.016627 -0.040000 0.028074 0.024101 -0.040000 0.018508 0.011894 -0.040000 0.032351 0.017956 -0.040000 0.035304 0.011077 -0.040000 0.003131 0.021776 -0.040000 0.009275 0.035819 -0.040000 0.009140 0.020012 -0.040000 0.016295 0.033219 -0.040000 0.022648 0.029259 -0.040000 -0.014406 0.016627 -0.040000 -0.019571 0.031400 -0.040000 -0.009139 0.020012 -0.040000 -0.012850 0.034697 -0.040000 -0.003130 0.021776 -0.040000 -0.005602 0.036574 -0.040000 0.001874 0.036953 -0.040000 -0.018507 -0.011894 -0.040000 -0.034001 -0.014591 -0.040000 -0.021108 -0.006198 -0.040000 -0.036242 -0.007448 -0.040000 -0.022000 0.000000 -0.040000 -0.037000 0.000000 -0.040000 -0.021108 0.006198 -0.040000 0.009140 -0.020012 -0.040000 0.009275 -0.035819 -0.040000 0.003131 -0.021776 -0.040000 0.001874 -0.036952 -0.040000 -0.003130 -0.021776 -0.040000 -0.005602 -0.036573 -0.040000 -0.009139 -0.020012 -0.040000 -0.036242 0.007448 -0.040000 -0.034001 0.014591 -0.040000 -0.018507 0.011894 -0.040000 -0.030368 0.021137 -0.040000 -0.025491 0.026818 -0.040000 -0.012850 -0.034697 -0.040000 -0.019571 -0.031400 -0.040000 -0.014406 -0.016626 -0.040000 -0.025491 -0.026817 -0.040000 -0.030368 -0.021137 -0.040000 0.018508 -0.011894 -0.040000 0.028074 -0.024101 -0.040000 0.014407 -0.016626 -0.040000 0.022648 -0.029258 -0.040000 0.016295 -0.033218 -0.040000 0.037000 0.000000 -0.040000 0.036811 -0.003743 -0.040000 0.021109 -0.006198 -0.040000 0.035304 -0.011076 -0.040000 0.032351 -0.017956 -0.040000 0.036811 -0.003743 -0.040000 0.037000 0.000000 -0.040000 0.045000 0.000000 -0.032000 0.044770 0.004553 -0.032000 0.036811 0.003743 -0.040000 0.035304 0.011077 -0.040000 0.042937 0.013472 -0.032000 0.032351 0.017956 -0.040000 0.039346 0.021839 -0.032000 0.028074 0.024101 -0.040000 0.034145 0.029312 -0.032000 0.022648 0.029259 -0.040000 0.027545 0.035585 -0.032000 0.016295 0.033219 -0.040000 0.019818 0.040401 -0.032000 0.009275 0.035819 -0.040000 0.011280 0.043564 -0.032000 0.001874 0.036953 -0.040000 0.002280 0.044942 -0.032000 -0.005602 0.036574 -0.040000 -0.006814 0.044481 -0.032000 -0.012850 0.034697 -0.040000 -0.015628 0.042199 -0.032000 -0.019571 0.031400 -0.040000 -0.023803 0.038189 -0.032000 -0.025491 0.026818 -0.040000 -0.031003 0.032616 -0.032000 -0.030368 0.021137 -0.040000 -0.036934 0.025707 -0.032000 -0.034001 0.014591 -0.040000 -0.041353 0.017746 -0.032000 -0.036242 0.007448 -0.040000 -0.044078 0.009059 -0.032000 -0.037000 0.000000 -0.040000 -0.045000 0.000000 -0.032000 -0.036242 -0.007448 -0.040000 -0.044078 -0.009058 -0.032000 -0.034001 -0.014591 -0.040000 -0.041353 -0.017746 -0.032000 -0.030368 -0.021137 -0.040000 -0.036934 -0.025707 -0.032000 -0.025491 -0.026817 -0.040000 -0.031003 -0.032615 -0.032000 -0.019571 -0.031400 -0.040000 -0.023803 -0.038189 -0.032000 -0.012850 -0.034697 -0.040000 -0.015628 -0.042199 -0.032000 -0.005602 -0.036573 -0.040000 -0.006814 -0.044481 -0.032000 0.001874 -0.036952 -0.040000 0.002280 -0.044942 -0.032000 0.009275 -0.035819 -0.040000 0.011280 -0.043563 -0.032000 0.016295 -0.033218 -0.040000 0.019818 -0.040401 -0.032000 0.022648 -0.029258 -0.040000 0.027545 -0.035585 -0.032000 0.028074 -0.024101 -0.040000 0.034145 -0.029311 -0.032000 0.032351 -0.017956 -0.040000 0.039346 -0.021838 -0.032000 0.035304 -0.011076 -0.040000 0.042937 -0.013471 -0.032000 0.044770 -0.004552 -0.032000 0.045000 0.000000 -0.032000 0.044770 0.004553 -0.032000 0.044770 0.004553 -0.028500 0.042937 0.013472 -0.032000 0.042937 0.013472 -0.028500 0.039346 0.021839 -0.032000 0.039346 0.021839 -0.028500 0.034145 0.029312 -0.032000 0.034145 0.029312 -0.028500 0.027545 0.035585 -0.032000 0.027545 0.035585 -0.028500 0.019818 0.040401 -0.032000 0.019818 0.040401 -0.028500 0.011280 0.043564 -0.032000 0.011280 0.043564 -0.028500 0.002280 0.044942 -0.032000 0.002280 0.044942 -0.028500 -0.006814 0.044481 -0.032000 -0.006814 0.044481 -0.028500 -0.015628 0.042199 -0.032000 -0.015628 0.042199 -0.028500 -0.023803 0.038189 -0.032000 -0.023803 0.038189 -0.028500 -0.031003 0.032616 -0.032000 -0.031003 0.032616 -0.028500 -0.036934 0.025707 -0.032000 -0.036934 0.025707 -0.028500 -0.041353 0.017746 -0.032000 -0.041353 0.017746 -0.028500 -0.044078 0.009059 -0.032000 -0.044078 0.009059 -0.028500 -0.045000 0.000000 -0.032000 -0.045000 0.000000 -0.028500 -0.044078 -0.009058 -0.032000 -0.044078 -0.009058 -0.028500 -0.041353 -0.017746 -0.032000 -0.041353 -0.017746 -0.028500 -0.036934 -0.025707 -0.032000 -0.036934 -0.025707 -0.028500 -0.031003 -0.032615 -0.032000 -0.031003 -0.032615 -0.028500 -0.023803 -0.038189 -0.032000 -0.023803 -0.038189 -0.028500 -0.015628 -0.042199 -0.032000 -0.015628 -0.042199 -0.028500 -0.006814 -0.044481 -0.032000 -0.006814 -0.044481 -0.028500 0.002280 -0.044942 -0.032000 0.002280 -0.044942 -0.028500 0.011280 -0.043563 -0.032000 0.011280 -0.043563 -0.028500 0.019818 -0.040401 -0.032000 0.019818 -0.040401 -0.028500 0.027545 -0.035585 -0.032000 0.027545 -0.035585 -0.028500 0.034145 -0.029311 -0.032000 0.034145 -0.029311 -0.028500 0.039346 -0.021838 -0.032000 0.039346 -0.021838 -0.028500 0.042937 -0.013471 -0.032000 0.042937 -0.013471 -0.028500 0.044770 -0.004552 -0.032000 0.044770 -0.004552 -0.028500 -0.008999 0.000000 -0.045000 -0.008108 0.003905 -0.045000 0.000000 0.000000 -0.045000 -0.008108 -0.003905 -0.045000 0.002003 -0.008774 -0.045000 -0.002002 -0.008774 -0.045000 -0.005611 -0.007036 -0.045000 0.009000 0.000000 -0.045000 0.008109 -0.003905 -0.045000 0.005612 -0.007036 -0.045000 0.002003 0.008775 -0.045000 0.005612 0.007037 -0.045000 0.008109 0.003905 -0.045000 -0.005611 0.007037 -0.045000 -0.002002 0.008775 -0.045000 0.009000 0.000000 -0.045000 0.008109 -0.003905 -0.042500 0.008109 -0.003905 -0.045000 0.009000 0.000000 -0.042500 0.008109 -0.003905 -0.045000 0.008109 -0.003905 -0.042500 0.005612 -0.007036 -0.042500 0.005612 -0.007036 -0.045000 0.005612 -0.007036 -0.045000 0.005612 -0.007036 -0.042500 0.002003 -0.008774 -0.042500 0.002003 -0.008774 -0.045000 0.002003 -0.008774 -0.045000 0.002003 -0.008774 -0.042500 -0.002002 -0.008774 -0.042500 -0.002002 -0.008774 -0.045000 -0.002002 -0.008774 -0.045000 -0.002002 -0.008774 -0.042500 -0.005611 -0.007036 -0.042500 -0.005611 -0.007036 -0.045000 -0.005611 -0.007036 -0.045000 -0.005611 -0.007036 -0.042500 -0.008108 -0.003905 -0.042500 -0.008108 -0.003905 -0.045000 -0.008108 -0.003905 -0.045000 -0.008108 -0.003905 -0.042500 -0.008999 0.000000 -0.042500 -0.008999 0.000000 -0.045000 -0.008999 0.000000 -0.045000 -0.008999 0.000000 -0.042500 -0.008108 0.003905 -0.042500 -0.008108 0.003905 -0.045000 -0.008108 0.003905 -0.045000 -0.008108 0.003905 -0.042500 -0.005611 0.007037 -0.042500 -0.005611 0.007037 -0.045000 -0.005611 0.007037 -0.045000 -0.005611 0.007037 -0.042500 -0.002002 0.008775 -0.042500 -0.002002 0.008775 -0.045000 -0.002002 0.008775 -0.045000 -0.002002 0.008775 -0.042500 0.002003 0.008775 -0.042500 0.002003 0.008775 -0.045000 0.002003 0.008775 -0.045000 0.002003 0.008775 -0.042500 0.005612 0.007037 -0.042500 0.005612 0.007037 -0.045000 0.005612 0.007037 -0.045000 0.005612 0.007037 -0.042500 0.008109 0.003905 -0.042500 0.008109 0.003905 -0.045000 0.008109 0.003905 -0.045000 0.008109 0.003905 -0.042500 0.009000 0.000000 -0.042500 0.009000 0.000000 -0.045000 0.009000 0.000000 0.042500 0.008109 -0.003905 0.045000 0.008109 -0.003905 0.042500 0.009000 0.000000 0.045000 0.008109 -0.003905 0.042500 0.008109 -0.003905 0.045000 0.005612 -0.007036 0.045000 0.005612 -0.007036 0.042500 0.005612 -0.007036 0.042500 0.005612 -0.007036 0.045000 0.002003 -0.008774 0.045000 0.002003 -0.008774 0.042500 0.002003 -0.008774 0.042500 0.002003 -0.008774 0.045000 -0.002002 -0.008774 0.045000 -0.002002 -0.008774 0.042500 -0.002002 -0.008774 0.042500 -0.002002 -0.008774 0.045000 -0.005611 -0.007036 0.045000 -0.005611 -0.007036 0.042500 -0.005611 -0.007036 0.042500 -0.005611 -0.007036 0.045000 -0.008108 -0.003905 0.045000 -0.008108 -0.003905 0.042500 -0.008108 -0.003905 0.042500 -0.008108 -0.003905 0.045000 -0.008999 0.000000 0.045000 -0.008999 0.000000 0.042500 -0.008999 0.000000 0.042500 -0.008999 0.000000 0.045000 -0.008108 0.003905 0.045000 -0.008108 0.003905 0.042500 -0.008108 0.003905 0.042500 -0.008108 0.003905 0.045000 -0.005611 0.007037 0.045000 -0.005611 0.007037 0.042500 -0.005611 0.007037 0.042500 -0.005611 0.007037 0.045000 -0.002002 0.008775 0.045000 -0.002002 0.008775 0.042500 -0.002002 0.008775 0.042500 -0.002002 0.008775 0.045000 0.002003 0.008775 0.045000 0.002003 0.008775 0.042500 0.002003 0.008775 0.042500 0.002003 0.008775 0.045000 0.005612 0.007037 0.045000 0.005612 0.007037 0.042500 0.005612 0.007037 0.042500 0.005612 0.007037 0.045000 0.008109 0.003905 0.045000 0.008109 0.003905 0.042500 0.008109 0.003905 0.042500 0.008109 0.003905 0.045000 0.009000 0.000000 0.045000 0.009000 0.000000 0.042500 0.000000 0.007000 0.045000 -0.002002 0.008775 0.045000 -0.003446 0.006093 0.045000 -0.005611 0.007037 0.045000 -0.006000 0.003606 0.045000 0.000000 -0.007000 0.045000 0.002003 -0.008774 0.045000 0.003447 -0.006092 0.045000 0.005612 -0.007036 0.045000 0.006000 -0.003605 0.045000 0.008109 -0.003905 0.045000 0.009000 0.000000 0.045000 0.006000 0.003606 0.045000 0.008109 0.003905 0.045000 0.003447 0.006093 0.045000 0.005612 0.007037 0.045000 0.002003 0.008775 0.045000 -0.008108 0.003905 0.045000 -0.008999 0.000000 0.045000 -0.006000 -0.003605 0.045000 -0.008108 -0.003905 0.045000 -0.003446 -0.006092 0.045000 -0.005611 -0.007036 0.045000 -0.002002 -0.008774 0.045000 -0.006000 0.003606 0.068000 -0.006000 -0.003605 0.068000 -0.003446 0.006093 0.068000 -0.003446 -0.006092 0.068000 0.000000 0.007000 0.068000 0.003447 0.006093 0.068000 0.006000 -0.003605 0.068000 0.006000 0.003606 0.068000 0.003447 -0.006092 0.068000 0.003447 0.006093 0.068000 0.000000 -0.007000 0.068000 -0.006000 -0.003605 0.068000 -0.006000 -0.003605 0.045000 -0.003446 -0.006092 0.045000 -0.003446 -0.006092 0.068000 -0.003446 -0.006092 0.068000 -0.003446 -0.006092 0.045000 0.000000 -0.007000 0.045000 0.000000 -0.007000 0.068000 0.000000 -0.007000 0.068000 0.000000 -0.007000 0.045000 0.003447 -0.006092 0.045000 0.003447 -0.006092 0.068000 0.003447 -0.006092 0.068000 0.003447 -0.006092 0.045000 0.006000 -0.003605 0.045000 0.006000 -0.003605 0.068000 -0.006000 -0.003605 0.068000 -0.006000 0.003606 0.068000 -0.006000 -0.003605 0.045000 -0.006000 0.003606 0.045000 0.006000 0.003606 0.068000 0.006000 -0.003605 0.068000 0.006000 0.003606 0.045000 0.006000 -0.003605 0.045000
</float_array>
          <technique_common>
            <accessor source="#mesh-cf2dcf2e-1744-451f-b5f7-3d1f6036680a-mesh-positions-array" count="1052" stride="3">
              <param name="X" type="float" />
              <param name="Y" type="float" />
              <param name="Z" type="float" />
            </accessor>
          </technique_common>
        </source>
        <source id="mesh-cf2dcf2e-1744-451f-b5f7-3d1f6036680a-mesh-normals">
          <float_array id="mesh-cf2dcf2e-1744-451f-b5f7-3d1f6036680a-mesh-normals-array" count="2145">
0.697765 0.716327 0.000000 0.697765 0.716327 0.000000 0.254591 0.967049 0.000000 -0.254591 0.967049 0.000000 -0.697765 0.716327 0.000000 -0.697765 0.716327 0.000000 -0.978996 0.201189 -0.033025 -0.999455 0.000000 -0.033025 -0.994630 0.101143 -0.021949 -0.979530 0.201298 0.000000 -0.953908 0.299291 -0.021999 -0.918456 0.394141 -0.033025 -0.918958 0.394356 0.000000 -0.874135 0.485185 -0.021999 -0.820316 0.570956 -0.033025 -0.820763 0.571268 0.000000 -0.758575 0.651214 -0.021998 -0.688591 0.724397 -0.033025 -0.688967 0.724793 0.000000 -0.611958 0.790586 -0.021949 -0.528675 0.848182 -0.033026 -0.528964 0.848644 0.000000 -0.440287 0.897587 -0.021999 -0.347116 0.937241 -0.033026 -0.347305 0.937752 0.000000 -0.250593 0.967843 -0.021998 -0.151345 0.987929 -0.033026 -0.151428 0.988468 0.000000 -0.050636 0.998476 -0.021950 0.050621 0.998172 -0.033026 0.050649 0.998717 0.000000 0.151391 0.988229 -0.021999 0.250516 0.967549 -0.033026 0.250652 0.968077 0.000000 0.347221 0.937527 -0.021950 0.440154 0.897315 -0.033026 0.440394 0.897805 0.000000 0.528836 0.848439 -0.021998 0.611772 0.790345 -0.033025 0.612106 0.790776 0.000000 0.688801 0.724617 -0.021999 0.758344 0.651017 -0.033026 0.758758 0.651373 0.000000 0.820565 0.571130 -0.021999 0.873870 0.485037 -0.033026 0.874347 0.485302 0.000000 0.918735 0.394261 -0.021999 0.953619 0.299200 -0.033026 0.954139 0.299364 0.000000 0.979293 0.201249 -0.021999 0.994327 0.101113 -0.033026 0.994869 0.101168 0.000000 0.999758 -0.000001 -0.022000 0.994327 -0.101113 -0.033026 0.994869 -0.101168 0.000000 0.979293 -0.201251 -0.021999 0.953619 -0.299200 -0.033026 0.954139 -0.299364 0.000000 0.918735 -0.394261 -0.021999 0.873870 -0.485037 -0.033026 0.874347 -0.485302 0.000000 0.820565 -0.571130 -0.021999 0.758344 -0.651017 -0.033026 0.758758 -0.651373 0.000000 0.688801 -0.724617 -0.021999 0.611771 -0.790343 -0.033076 0.612106 -0.790776 0.000000 0.528835 -0.848439 -0.021998 0.440154 -0.897315 -0.033026 0.440394 -0.897805 0.000000 0.347221 -0.937527 -0.021950 0.250516 -0.967549 -0.033026 0.250652 -0.968077 0.000000 0.151390 -0.988229 -0.021999 0.050621 -0.998172 -0.033026 0.050649 -0.998717 0.000000 -0.050638 -0.998476 -0.021950 -0.151345 -0.987929 -0.033026 -0.151428 -0.988468 0.000000 -0.250592 -0.967843 -0.021998 -0.331366 -0.943245 -0.022025 -0.378378 -0.924620 -0.043691 -0.485173 -0.873801 -0.032845 -0.439638 -0.895780 -0.065550 -0.556758 -0.829525 -0.043691 -0.651136 -0.758250 -0.032845 -0.610958 -0.788945 -0.065548 -0.712343 -0.700471 -0.043691 -0.802466 -0.595388 -0.039521 -0.757265 -0.649811 -0.065547 -0.820763 -0.571268 0.000000 -0.874135 -0.485185 -0.021999 -0.918456 -0.394141 -0.033025 -0.918958 -0.394356 0.000000 -0.953909 -0.299290 -0.021999 -0.978996 -0.201189 -0.033025 -0.979530 -0.201298 0.000000 -0.994630 -0.101143 -0.021949 -1.000000 0.000000 0.000000 -0.000000 0.000000 1.000000 0.000000 0.000000 1.000000 0.000000 0.000000 1.000000 0.000001 0.000000 1.000000 -0.000001 0.000000 1.000000 0.000001 0.000000 1.000000 0.000001 0.000000 1.000000 -0.000001 0.000000 1.000000 -0.000000 0.000000 1.000000 0.000001 0.000000 1.000000 -0.000001 0.000000 1.000000 0.000001 0.000000 1.000000 -0.000000 0.000000 1.000000 0.000000 0.000000 1.000000 -0.000000 0.000000 1.000000 -0.000000 0.000000 1.000000 0.000000 0.000000 1.000000 -0.000000 0.000000 1.000000 0.000001 0.000000 1.000000 -0.000000 0.000000 1.000000 -0.000000 0.000000 1.000000 -0.000000 0.000000 1.000000 0.000001 0.000000 1.000000 -0.000000 0.000000 1.000000 0.000000 0.000000 1.000000 -0.000000 0.000000 1.000000 0.000002 0.000000 1.000000 -0.000000 0.000000 1.000000 -0.000002 0.000000 1.000000 0.000000 0.000000 1.000000 0.000000 0.000000 1.000000 0.000000 0.000000 1.000000 -0.000001 0.000000 1.000000 0.000001 0.000000 1.000000 -0.000001 0.000000 1.000000 0.000000 0.000000 1.000000 -0.000000 0.000000 1.000000 0.000001 0.000000 1.000000 0.998855 -0.047834 0.000000 0.971871 -0.235513 0.000000 0.944918 -0.327306 0.000018 0.866152 -0.499781 0.000000 0.814430 -0.580263 0.000000 0.690299 -0.723525 0.000000 0.617961 -0.786209 0.000000 0.458451 -0.888720 0.000000 0.371428 -0.928462 0.000018 0.189499 -0.981881 0.000000 0.094804 -0.995496 0.000000 -0.094805 -0.995496 -0.000018 -0.189499 -0.981881 0.000000 -0.371428 -0.928462 0.000000 -0.458450 -0.888720 -0.000002 -0.617961 -0.786209 0.000000 -0.690262 -0.723560 0.000000 -0.814430 -0.580262 0.000000 -0.866151 -0.499782 0.000000 -0.944918 -0.327307 0.000000 -0.971883 -0.235464 0.000017 -0.998855 -0.047834 0.000000 -0.998855 0.047834 0.000000 -0.971871 0.235513 0.000000 -0.944918 0.327306 0.000018 -0.866152 0.499781 0.000000 -0.814430 0.580263 0.000000 -0.690299 0.723525 0.000000 -0.617961 0.786209 0.000000 -0.458451 0.888720 0.000000 -0.371428 0.928462 0.000018 -0.189499 0.981881 0.000000 -0.094804 0.995496 0.000000 0.094805 0.995496 -0.000018 0.189499 0.981881 0.000000 0.371428 0.928462 0.000000 0.458450 0.888720 -0.000002 0.617961 0.786209 0.000000 0.690262 0.723560 0.000000 0.814430 0.580262 0.000000 0.841257 0.540635 0.000001 0.944893 0.327379 -0.000003 0.909632 0.415416 0.000000 0.944906 0.327343 -0.000024 0.971883 0.235464 0.000017 0.998855 0.047834 0.000000 0.687641 0.141313 0.712166 0.702012 -0.000000 0.712166 0.700748 0.071259 0.709841 0.692632 0.142340 0.707107 0.672059 0.210860 0.709841 0.645151 0.276856 0.712131 0.649801 0.278852 0.707107 0.615857 0.341829 0.709841 0.576185 0.401037 0.712166 0.580367 0.403948 0.707107 0.534388 0.458757 0.709909 0.483687 0.508838 0.712131 0.487173 0.512506 0.707107 0.431145 0.556992 0.709841 0.371357 0.595788 0.712131 0.374034 0.600082 0.707107 0.310227 0.632441 0.709773 0.243824 0.658345 0.712131 0.245582 0.663091 0.707107 0.176568 0.681943 0.709773 0.106309 0.693951 0.712131 0.107075 0.698953 0.707107 0.035675 0.703458 0.709841 -0.035558 0.701145 0.712131 -0.035815 0.706199 0.707107 -0.106660 0.696239 0.709841 -0.175970 0.679635 0.712131 -0.177237 0.684534 0.707107 -0.244605 0.660452 0.709910 -0.309162 0.630269 0.712166 -0.311406 0.634844 0.707107 -0.372582 0.597753 0.709841 -0.429727 0.555161 0.712131 -0.432824 0.559163 0.707107 -0.485282 0.510516 0.709841 -0.532683 0.457294 0.712131 -0.536523 0.460590 0.707107 -0.578114 0.402379 0.709841 -0.613832 0.340705 0.712131 -0.618256 0.343161 0.707107 -0.647311 0.277783 0.709807 -0.669817 0.210156 0.712166 -0.674678 0.211682 0.707107 -0.689913 0.141812 0.709866 -0.684464 0.140661 0.715349 -0.689921 0.141774 0.709866 -0.703479 0.071538 0.707107 -0.702312 0.047689 0.710270 -0.704397 0.000000 0.709807 -0.698410 -0.071021 0.712166 -0.703479 -0.071538 0.707107 -0.689944 -0.141787 0.709841 -0.669850 -0.210166 0.712131 -0.674678 -0.211682 0.707107 -0.647279 -0.277769 0.709841 -0.613801 -0.340687 0.712166 -0.618256 -0.343161 0.707107 -0.578115 -0.402379 0.709841 -0.532657 -0.457271 0.712166 -0.536523 -0.460590 0.707107 -0.485283 -0.510516 0.709841 -0.429727 -0.555161 0.712131 -0.432824 -0.559163 0.707107 -0.372582 -0.597753 0.709841 -0.309162 -0.630269 0.712166 -0.311406 -0.634844 0.707107 -0.244629 -0.660517 0.709841 -0.175970 -0.679635 0.712131 -0.177238 -0.684534 0.707107 -0.106660 -0.696239 0.709841 -0.035559 -0.701145 0.712131 -0.035815 -0.706199 0.707107 0.035679 -0.703527 0.709772 0.106304 -0.693916 0.712166 0.107076 -0.698953 0.707107 0.176567 -0.681943 0.709773 0.243824 -0.658346 0.712131 0.245582 -0.663091 0.707107 0.310197 -0.632379 0.709841 0.371357 -0.595788 0.712131 0.374034 -0.600082 0.707107 0.431144 -0.556992 0.709841 0.483687 -0.508838 0.712131 0.487173 -0.512506 0.707107 0.534441 -0.458802 0.709841 0.576185 -0.401037 0.712166 0.580367 -0.403948 0.707107 0.615857 -0.341829 0.709841 0.645119 -0.276842 0.712166 0.649801 -0.278852 0.707107 0.671994 -0.210839 0.709910 0.687641 -0.141314 0.712166 0.692632 -0.142340 0.707107 0.700714 -0.071256 0.709875 0.707106 0.000000 0.707107 0.000000 0.000000 1.000000 -0.000000 0.000000 1.000000 -0.000000 0.000000 1.000000 0.000000 0.000000 1.000000 0.000000 0.000000 1.000000 -0.000000 0.000000 1.000000 0.000000 0.000000 1.000000 0.000000 0.000000 1.000000 -0.000001 0.000000 1.000000 0.000000 0.000000 1.000000 -0.000001 0.000000 1.000000 0.000000 0.000000 1.000000 -0.000001 0.000000 1.000000 0.000000 0.000000 1.000000 -0.000000 0.000000 1.000000 0.000000 0.000000 1.000000 0.000000 0.000000 1.000000 0.000000 0.000000 1.000000 -0.000000 0.000000 1.000000 -0.000000 0.000000 1.000000 0.000000 0.000000 1.000000 0.000000 0.000000 1.000000 -0.000000 0.000000 1.000000 0.000000 0.000000 1.000000 0.000001 0.000000 1.000000 0.000002 0.000000 1.000000 -0.000001 0.000000 1.000000 -0.993511 -0.106997 -0.038565 -0.997027 0.000277 -0.077051 -0.998683 0.000195 -0.051315 -0.148237 -0.988761 0.019458 -0.296855 -0.954923 0.000000 -0.356950 -0.934124 0.000000 -0.472211 -0.881486 0.000000 -0.527283 -0.849690 0.000012 -0.630500 -0.776189 -0.000012 -0.678559 -0.734546 0.000000 -0.766001 -0.642839 0.000000 -0.805311 -0.592853 0.000000 -0.873816 -0.486256 -0.000012 -0.902956 -0.429734 0.000011 -0.950050 -0.312098 0.000000 -0.967966 -0.251082 -0.000001 -0.995472 -0.095056 0.000000 -0.023701 -0.998967 0.038782 0.038114 -0.999152 0.015558 -0.142315 -0.989822 0.000000 -0.992930 0.118698 -0.000003 -0.981929 0.189251 0.000000 -0.992926 0.118738 -0.000003 -0.967966 0.251083 0.000000 -0.950050 0.312099 0.000000 -0.902956 0.429734 -0.000011 -0.873816 0.486256 0.000012 -0.805311 0.592853 0.000000 -0.766001 0.642839 0.000000 -0.678559 0.734546 0.000000 -0.630500 0.776189 0.000012 -0.527283 0.849690 0.000000 -0.472211 0.881486 0.000000 -0.356949 0.934124 -0.000012 -0.296855 0.954923 0.000000 -0.173715 0.984796 0.000000 -0.110771 0.993846 0.000012 0.015798 0.999875 -0.000015 0.079318 0.996849 0.000000 0.204740 0.978816 0.000000 0.266540 0.963824 0.000000 0.386282 0.922381 0.000000 0.444128 0.895964 0.000011 0.553863 0.832608 0.000001 0.605664 0.795721 0.000000 0.701427 0.712742 0.000000 0.745310 0.666718 0.000000 0.823638 0.567116 -0.000015 0.858018 0.513619 0.000000 0.916081 0.400993 0.000000 0.939716 0.341956 0.000015 0.975415 0.220377 0.000000 0.987450 0.157934 0.000012 0.999494 0.031796 0.000000 0.999494 -0.031796 0.000000 0.987450 -0.157934 -0.000012 0.975415 -0.220377 -0.000001 0.939716 -0.341956 -0.000011 0.916081 -0.400993 0.000012 0.858019 -0.513618 0.000000 0.823638 -0.567116 0.000000 0.745310 -0.666718 -0.000015 0.701426 -0.712742 0.000015 0.605664 -0.795721 0.000000 0.553863 -0.832607 0.000000 0.444127 -0.895964 0.000000 0.386282 -0.922381 0.000000 0.266539 -0.963824 0.000000 0.204740 -0.978816 0.000000 0.083203 -0.996533 0.000000 -0.148229 -0.988845 -0.014616 -0.296855 -0.954923 0.000000 -0.356949 -0.934124 0.000012 -0.472211 -0.881486 0.000000 -0.527283 -0.849690 0.000000 -0.950050 -0.312099 0.000000 -0.967966 -0.251083 0.000000 -0.994071 -0.106980 0.019433 -0.992928 -0.118718 0.000000 -0.999665 0.000001 0.025901 -0.996516 0.079270 0.025929 -0.989817 0.142345 -0.000001 -0.967966 0.251082 0.000001 -0.950050 0.312098 0.000000 -0.527283 0.849690 -0.000012 -0.472211 0.881486 0.000000 -0.356950 0.934124 0.000000 -0.296855 0.954923 0.000000 -0.173715 0.984796 0.000000 -0.110770 0.993846 0.000000 0.204740 0.978816 0.000000 0.266539 0.963824 0.000000 0.386282 0.922381 0.000000 0.444127 0.895964 0.000000 0.553863 0.832607 0.000000 0.605664 0.795721 0.000000 0.701426 0.712742 -0.000015 0.745310 0.666718 0.000015 0.823638 0.567116 0.000000 0.858019 0.513618 0.000000 0.916081 0.400993 -0.000012 0.939716 0.341956 0.000011 0.975415 0.220377 0.000001 0.987450 0.157934 0.000012 0.999494 0.031796 0.000000 0.999494 -0.031796 0.000000 0.987450 -0.157934 -0.000012 0.975415 -0.220377 0.000000 0.939716 -0.341956 -0.000015 0.916081 -0.400993 0.000000 0.858018 -0.513619 0.000000 0.823638 -0.567116 0.000015 0.745310 -0.666718 0.000000 0.701427 -0.712742 0.000000 0.605664 -0.795721 0.000000 0.553863 -0.832608 -0.000001 0.444128 -0.895964 -0.000011 0.386282 -0.922381 0.000000 0.266540 -0.963824 0.000000 0.204740 -0.978816 0.000000 0.102975 -0.994684 0.000000 0.039680 -0.999023 -0.019463 -0.031718 -0.999308 -0.019426 -0.154083 -0.988058 0.000000 0.000002 0.000000 -1.000000 -0.000001 0.000000 -1.000000 0.000001 0.000000 -1.000000 0.000000 0.000000 -1.000000 -0.000001 0.000000 -1.000000 -0.000001 0.000000 -1.000000 0.000000 0.000000 -1.000000 0.000000 0.000000 -1.000000 -0.000000 0.000000 -1.000000 -0.000000 0.000000 -1.000000 0.000000 0.000000 -1.000000 0.000000 0.000000 -1.000000 0.000000 0.000000 -1.000000 -0.000000 0.000000 -1.000000 -0.000000 0.000000 -1.000000 -0.000000 0.000000 -1.000000 0.000000 0.000000 -1.000000 -0.000001 0.000000 -1.000000 0.000000 0.000000 -1.000000 -0.000000 0.000000 -1.000000 -0.000000 0.000000 -1.000000 0.000000 0.000000 -1.000000 0.000000 0.000000 -1.000000 -0.000000 0.000000 -1.000000 0.000000 0.000000 -1.000000 0.000000 0.000000 -1.000000 -0.000001 0.000000 -1.000000 0.000000 0.000000 -1.000000 -0.000001 0.000000 -1.000000 0.000000 0.000000 -1.000000 -0.000001 0.000000 -1.000000 0.000001 0.000000 -1.000000 -0.000001 0.000000 -1.000000 0.000002 0.000000 -1.000000 -0.000000 0.000000 -1.000000 -0.000000 0.000000 -1.000000 -0.000000 0.000000 -1.000000 -0.000000 0.000000 -1.000000 0.000000 0.000000 -1.000000 0.000000 0.000000 -1.000000 0.000001 0.000000 -1.000000 -0.000002 0.000000 -1.000000 0.000000 0.000000 -1.000000 0.971883 -0.235464 -0.000017 0.944918 -0.327307 0.000000 0.866151 -0.499782 0.000000 0.814430 -0.580262 0.000000 0.690262 -0.723560 0.000000 0.617961 -0.786209 0.000000 0.458450 -0.888720 0.000002 0.371428 -0.928462 0.000000 0.189499 -0.981881 0.000000 0.094805 -0.995496 0.000018 -0.094804 -0.995496 0.000000 -0.189499 -0.981881 0.000000 -0.371428 -0.928462 -0.000018 -0.458451 -0.888720 0.000000 -0.617961 -0.786209 0.000000 -0.690299 -0.723525 0.000000 -0.814430 -0.580263 0.000000 -0.866152 -0.499781 0.000000 -0.944918 -0.327306 -0.000018 -0.971871 -0.235513 0.000000 -0.971883 0.235464 -0.000017 -0.944918 0.327307 0.000000 -0.866151 0.499782 0.000000 -0.814430 0.580262 0.000000 -0.690262 0.723560 0.000000 -0.617961 0.786209 0.000000 -0.458450 0.888720 0.000002 -0.371428 0.928462 0.000000 -0.189499 0.981881 0.000000 -0.094805 0.995496 0.000018 0.094804 0.995496 0.000000 0.189499 0.981881 0.000000 0.371428 0.928462 -0.000018 0.458451 0.888720 0.000000 0.617961 0.786209 0.000000 0.690299 0.723525 0.000000 0.814430 0.580263 0.000000 0.866152 0.499781 0.000000 0.944918 0.327306 -0.000018 0.971871 0.235513 0.000000 0.000001 0.000000 -1.000000 -0.000001 0.000000 -1.000000 -0.000001 0.000000 -1.000000 0.000001 0.000000 -1.000000 0.000000 0.000000 -1.000000 -0.000001 0.000000 -1.000000 0.000000 0.000000 -1.000000 -0.000000 0.000000 -1.000000 0.000000 0.000000 -1.000000 0.000000 0.000000 -1.000000 0.000001 0.000000 -1.000000 -0.000001 0.000000 -1.000000 0.000000 0.000000 -1.000000 -0.000000 0.000000 -1.000000 0.000000 0.000000 -1.000000 -0.000001 0.000000 -1.000000 0.000000 0.000000 -1.000000 0.000000 0.000000 -1.000000 0.000000 0.000000 -1.000000 -0.000001 0.000000 -1.000000 -0.000001 0.000000 -1.000000 0.000000 0.000000 -1.000000 -0.000000 0.000000 -1.000000 0.701535 -0.089505 -0.706992 0.707056 0.011953 -0.707056 0.707056 -0.011947 -0.707056 0.701553 0.089354 -0.706994 0.701547 0.089405 -0.706993 0.681656 0.188768 -0.706903 0.667310 0.234490 -0.706903 0.629703 0.322120 -0.706903 0.606448 0.364018 -0.706903 0.551971 0.442284 -0.706904 0.520757 0.478644 -0.706903 0.451641 0.544342 -0.706903 0.413747 0.573673 -0.706903 0.332821 0.624114 -0.706903 0.289798 0.645217 -0.706903 0.200374 0.678334 -0.706904 0.153985 0.690345 -0.706903 0.059725 0.704784 -0.706904 0.011867 0.707211 -0.706903 -0.083370 0.702380 -0.706904 -0.130736 0.695123 -0.706903 -0.223051 0.671219 -0.706904 -0.267987 0.654577 -0.706904 -0.353601 0.612580 -0.706903 -0.394267 0.587232 -0.706903 -0.469674 0.528861 -0.706903 -0.504405 0.495846 -0.706903 -0.566519 0.423491 -0.706903 -0.593893 0.384160 -0.706903 -0.640170 0.300782 -0.706904 -0.659067 0.256747 -0.706903 -0.687613 0.165760 -0.706903 -0.697258 0.118822 -0.706904 -0.706904 0.023952 -0.706904 -0.706904 -0.023968 -0.706904 -0.697255 -0.118837 -0.706904 -0.687609 -0.165776 -0.706904 -0.659061 -0.256761 -0.706904 -0.640163 -0.300797 -0.706903 -0.593884 -0.384174 -0.706903 -0.566509 -0.423504 -0.706903 -0.504394 -0.495857 -0.706903 -0.469662 -0.528872 -0.706904 -0.394253 -0.587241 -0.706904 -0.353587 -0.612588 -0.706903 -0.267972 -0.654582 -0.706904 -0.223036 -0.671225 -0.706903 -0.130720 -0.695126 -0.706904 -0.083353 -0.702382 -0.706903 0.011883 -0.707210 -0.706904 0.059741 -0.704783 -0.706903 0.154000 -0.690341 -0.706904 0.200390 -0.678330 -0.706903 0.289813 -0.645210 -0.706904 0.332835 -0.624107 -0.706903 0.413760 -0.573664 -0.706904 0.451653 -0.544332 -0.706903 0.520768 -0.478631 -0.706903 0.551981 -0.442272 -0.706903 0.606456 -0.364004 -0.706903 0.629711 -0.322106 -0.706903 0.667315 -0.234475 -0.706903 0.681660 -0.188753 -0.706903 0.701564 -0.089258 -0.706995 0.999758 0.000001 0.022000 0.991987 0.126339 0.000000 0.993364 0.113815 0.016541 0.963734 0.266866 0.000000 0.943449 0.331517 0.000000 0.890287 0.455401 -0.000001 0.857403 0.514646 0.000000 0.780391 0.625292 0.000000 0.736255 0.676705 0.000000 0.638546 0.769584 0.000000 0.584964 0.811060 0.000000 0.470558 0.882369 0.000000 0.409724 0.912210 0.000000 0.283307 0.959029 0.000000 0.217711 0.976013 0.000000 0.084456 0.996427 0.000000 0.016784 0.999859 0.000000 -0.117852 0.993031 0.000013 -0.184830 0.982771 -0.000015 -0.315335 0.948980 0.000012 -0.378877 0.925447 0.000000 -0.499909 0.866078 0.000000 -0.557412 0.830236 0.000000 -0.664016 0.747719 0.000000 -0.713127 0.701035 0.000000 -0.800938 0.598747 0.000000 -0.839647 0.543133 0.000000 -0.905070 0.425263 0.000000 -0.931791 0.362996 -0.000015 -0.972148 0.234370 0.000000 -0.985787 0.167997 0.000000 -0.999426 0.033880 0.000000 -0.999426 -0.033880 0.000000 -0.985787 -0.167998 0.000013 -0.972148 -0.234370 0.000000 -0.931791 -0.362996 0.000013 -0.905070 -0.425263 0.000000 -0.839647 -0.543133 0.000013 -0.800938 -0.598747 0.000000 -0.713127 -0.701035 0.000000 -0.664016 -0.747719 0.000000 -0.557412 -0.830236 0.000000 -0.499909 -0.866078 0.000000 -0.378877 -0.925447 0.000000 -0.315335 -0.948980 -0.000013 -0.184830 -0.982771 0.000012 -0.117852 -0.993031 0.000001 0.016784 -0.999859 0.000000 0.084456 -0.996427 0.000000 0.217711 -0.976013 0.000000 0.283307 -0.959029 0.000001 0.409724 -0.912210 0.000000 0.470559 -0.882369 0.000000 0.584963 -0.811060 -0.000001 0.638546 -0.769584 0.000000 0.736255 -0.676705 0.000000 0.780391 -0.625292 0.000000 0.857403 -0.514645 0.000000 0.890287 -0.455401 0.000000 0.943449 -0.331517 0.000000 0.963734 -0.266866 0.000000 0.988464 -0.151456 -0.000001 0.996192 -0.084362 0.022026 0.000001 0.000000 -1.000000 -0.000001 0.000000 -1.000000 0.974928 -0.222521 0.000000 0.974928 -0.222521 0.000000 0.781832 -0.623490 0.000000 0.781832 -0.623490 0.000000 0.433884 -0.900969 0.000000 0.433884 -0.900969 0.000000 0.000000 -1.000000 0.000000 -0.433884 -0.900969 0.000000 -0.433884 -0.900969 0.000000 -0.781832 -0.623490 0.000000 -0.781832 -0.623490 0.000000 -0.974928 -0.222521 0.000000 -0.974928 -0.222520 0.000000 -0.974928 0.222521 0.000000 -0.974928 0.222521 0.000000 -0.781832 0.623490 0.000000 -0.781832 0.623490 0.000000 -0.433884 0.900969 0.000000 -0.433884 0.900969 0.000000 0.000000 1.000000 0.000000 0.433884 0.900969 0.000000 0.433884 0.900969 0.000000 0.781832 0.623490 0.000000 0.781832 0.623490 0.000000 0.974928 0.222521 0.000000 0.974928 0.222520 0.000000 0.974928 -0.222521 0.000000 0.974928 -0.222520 0.000000 -0.974928 -0.222521 0.000000 -0.974928 -0.222521 0.000000 -0.974928 0.222520 0.000000 -0.974928 0.222521 0.000000 0.974928 0.222521 0.000000 0.974928 0.222521 0.000000 -0.000001 0.000000 1.000000 0.000001 0.000000 1.000000 -0.000006 0.000000 1.000000 0.000002 0.000000 1.000000 -0.000003 0.000000 1.000000 0.000002 0.000000 1.000000 0.000006 0.000000 1.000000 -0.000002 0.000000 1.000000 0.000003 0.000000 1.000000 -0.000002 0.000000 1.000000 -0.697765 -0.716327 0.000000 -0.697765 -0.716327 0.000000 -0.254591 -0.967049 0.000000 0.254591 -0.967049 0.000000 0.697765 -0.716327 0.000000 0.697765 -0.716327 0.000000 1.000000 0.000000 0.000000
</float_array>
          <technique_common>
            <accessor source="#mesh-cf2dcf2e-1744-451f-b5f7-3d1f6036680a-mesh-normals-array" count="715" stride="3">
              <param name="X" type="float" />
              <param name="Y" type="float" />
              <param name="Z" type="float" />
            </accessor>
          </technique_common>
        </source>
        <vertices id="mesh-cf2dcf2e-1744-451f-b5f7-3d1f6036680a-mesh-vertices">
          <input semantic="POSITION" source="#mesh-cf2dcf2e-1744-451f-b5f7-3d1f6036680a-mesh-positions" />
        </vertices>
        <triangles material="Material-塑胶__1__029-material" count="968">
          <input semantic="VERTEX" source="#mesh-cf2dcf2e-1744-451f-b5f7-3d1f6036680a-mesh-vertices" offset="0" />
          <input semantic="NORMAL" source="#mesh-cf2dcf2e-1744-451f-b5f7-3d1f6036680a-mesh-normals" offset="1" />
          <p>0 0 1 0 2 0 0 1 2 1 3 1 4 2 5 2 6 2 4 2 6 2 7 2 8 3 9 3 10 3 8 3 10 3 11 3 12 4 13 4 14 4 12 5 14 5 15 5 16 6 17 7 18 8 18 8 19 9 16 6 16 6 19 9 20 10 16 6 20 10 21 11 20 10 22 12 21 11 21 11 22 12 23 13 21 11 23 13 24 14 23 13 25 15 24 14 24 14 25 15 26 16 24 14 26 16 27 17 26 16 28 18 27 17 27 17 28 18 29 19 27 17 29 19 30 20 29 19 31 21 30 20 30 20 31 21 32 22 30 20 32 22 33 23 32 22 34 24 33 23 33 23 34 24 35 25 33 23 35 25 36 26 35 25 37 27 36 26 36 26 37 27 38 28 36 26 38 28 39 29 38 28 40 30 39 29 39 29 40 30 41 31 39 29 41 31 42 32 41 31 43 33 42 32 42 32 43 33 44 34 42 32 44 34 45 35 44 34 46 36 45 35 45 35 46 36 47 37 45 35 47 37 48 38 47 37 49 39 48 38 48 38 49 39 50 40 48 38 50 40 51 41 50 40 52 42 51 41 51 41 52 42 53 43 51 41 53 43 54 44 53 43 55 45 54 44 54 44 55 45 56 46 54 44 56 46 57 47 56 46 58 48 57 47 57 47 58 48 59 49 57 47 59 49 60 50 59 49 61 51 60 50 60 50 61 51 62 52 60 50 62 52 63 53 62 52 64 54 63 53 63 53 64 54 65 55 63 53 65 55 66 56 65 55 67 57 66 56 66 56 67 57 68 58 66 56 68 58 69 59 68 58 70 60 69 59 69 59 70 60 71 61 69 59 71 61 72 62 71 61 73 63 72 62 72 62 73 63 74 64 72 62 74 64 75 65 74 64 76 66 75 65 75 65 76 66 77 67 75 65 77 67 78 68 77 67 79 69 78 68 78 68 79 69 80 70 78 68 80 70 81 71 80 70 82 72 81 71 81 71 82 72 83 73 81 71 83 73 84 74 83 73 85 75 84 74 84 74 85 75 86 76 84 74 86 76 87 77 86 76 88 78 87 77 87 77 88 78 89 79 87 77 89 79 90 80 90 80 89 79 91 81 90 80 91 81 92 82 91 81 93 83 92 82 92 82 93 83 94 84 92 82 94 84 95 85 94 84 96 86 95 85 95 85 96 86 97 87 95 85 97 87 98 88 98 88 97 87 99 89 99 89 100 90 98 88 98 88 100 90 101 91 98 88 101 91 102 92 101 91 103 93 102 92 102 92 103 93 104 94 102 92 104 94 105 95 104 94 106 96 105 95 105 95 106 96 107 97 105 95 107 97 17 7 17 7 107 97 108 98 17 7 108 98 18 8 109 99 110 99 111 99 111 100 110 100 112 100 111 99 112 99 113 99 113 100 112 100 114 100 113 101 114 101 115 101 114 100 116 100 115 100 115 102 116 102 117 102 115 103 117 103 118 103 118 100 117 100 119 100 118 104 119 104 120 104 121 103 122 103 123 103 123 102 122 102 124 102 123 105 124 105 109 105 109 106 124 106 125 106 109 100 125 100 110 100 126 100 127 100 128 100 128 107 127 107 129 107 128 108 129 108 121 108 121 100 129 100 130 100 121 100 130 100 122 100 131 109 132 109 133 109 133 110 132 110 134 110 133 100 134 100 135 100 135 100 134 100 136 100 135 100 136 100 137 100 138 100 139 100 140 100 140 111 139 111 141 111 140 100 141 100 142 100 142 112 141 112 143 112 142 100 143 100 126 100 126 113 143 113 144 113 126 114 144 114 127 114 136 115 145 115 137 115 137 110 145 110 146 110 137 116 146 116 147 116 147 117 146 117 148 117 147 118 148 118 138 118 138 100 148 100 149 100 138 119 149 119 139 119 150 100 151 100 152 100 152 119 151 119 153 119 152 100 153 100 131 100 131 120 153 120 154 120 131 117 154 117 132 117 119 121 155 121 120 121 120 107 155 107 156 107 120 100 156 100 157 100 157 114 156 114 158 114 157 100 158 100 159 100 159 122 158 122 160 122 159 100 160 100 150 100 150 123 160 123 161 123 150 111 161 111 151 111 162 124 163 124 164 124 165 125 166 125 167 125 167 126 166 126 168 126 167 100 168 100 169 100 170 127 171 127 172 127 172 128 171 128 173 128 172 100 173 100 163 100 163 129 173 129 174 129 163 130 174 130 164 130 175 131 176 131 177 131 177 132 176 132 178 132 177 100 178 100 165 100 165 100 178 100 179 100 165 133 179 133 166 133 164 100 180 100 162 100 162 100 180 100 181 100 162 124 181 124 182 124 182 130 181 130 183 130 182 100 183 100 175 100 175 100 183 100 184 100 175 128 184 128 176 128 185 134 186 134 187 134 187 135 186 135 188 135 187 100 188 100 189 100 188 100 190 100 189 100 189 126 190 126 191 126 189 136 191 136 192 136 192 133 191 133 193 133 192 100 193 100 170 100 170 100 193 100 194 100 170 132 194 132 171 132 168 100 195 100 169 100 169 135 195 135 196 135 169 100 196 100 185 100 185 100 196 100 197 100 185 100 197 100 186 100 198 137 199 138 200 139 200 139 199 138 201 140 200 139 201 140 202 141 202 141 201 140 203 142 202 141 203 142 204 143 204 143 203 142 205 144 204 143 205 144 206 145 206 145 205 144 207 146 206 145 207 146 208 147 208 147 207 146 209 148 208 147 209 148 210 149 210 149 209 148 211 150 210 149 211 150 212 151 212 151 211 150 213 152 212 151 213 152 214 153 214 153 213 152 215 154 214 153 215 154 216 155 216 155 215 154 217 156 216 155 217 156 218 157 218 157 217 156 219 158 218 157 219 158 220 159 220 159 219 158 221 160 220 159 221 160 222 161 222 161 221 160 223 162 222 161 223 162 224 163 224 163 223 162 225 164 224 163 225 164 226 165 226 165 225 164 227 166 226 165 227 166 228 167 228 167 227 166 229 168 228 167 229 168 230 169 230 169 229 168 231 170 230 169 231 170 232 171 232 171 231 170 233 172 232 171 233 172 234 173 234 173 233 172 235 174 234 173 235 174 236 175 236 175 235 174 237 176 236 175 237 176 238 177 238 177 237 176 239 178 240 179 239 180 241 181 241 181 239 180 242 182 241 181 242 182 198 137 198 137 242 182 199 138 243 183 244 184 245 185 245 185 246 186 243 183 243 183 246 186 247 187 243 183 247 187 248 188 247 187 249 189 248 188 248 188 249 189 250 190 248 188 250 190 251 191 250 190 252 192 251 191 251 191 252 192 253 193 251 191 253 193 254 194 253 193 255 195 254 194 254 194 255 195 256 196 254 194 256 196 257 197 256 196 258 198 257 197 257 197 258 198 259 199 257 197 259 199 260 200 259 199 261 201 260 200 260 200 261 201 262 202 260 200 262 202 263 203 262 202 264 204 263 203 263 203 264 204 265 205 263 203 265 205 266 206 265 205 267 207 266 206 266 206 267 207 268 208 266 206 268 208 269 209 268 208 270 210 269 209 269 209 270 210 271 211 269 209 271 211 272 212 271 211 273 213 272 212 272 212 273 213 274 214 272 212 274 214 275 215 274 214 276 216 275 215 275 215 276 216 277 217 275 215 277 217 278 218 277 217 279 219 278 218 278 218 279 219 280 220 278 218 280 220 281 221 280 220 282 222 281 221 281 221 282 222 283 223 281 221 283 223 284 224 283 223 285 225 284 224 284 224 285 225 286 226 284 224 286 226 287 227 286 228 288 229 289 230 289 230 288 229 290 231 289 230 290 231 291 232 290 231 292 233 291 232 291 232 292 233 293 234 291 232 293 234 294 235 293 234 295 236 294 235 294 235 295 236 296 237 294 235 296 237 297 238 296 237 298 239 297 238 297 238 298 239 299 240 297 238 299 240 300 241 299 240 301 242 300 241 300 241 301 242 302 243 300 241 302 243 303 244 302 243 304 245 303 244 303 244 304 245 305 246 303 244 305 246 306 247 305 246 307 248 306 247 306 247 307 248 308 249 306 247 308 249 309 250 308 249 310 251 309 250 309 250 310 251 311 252 309 250 311 252 312 253 311 252 313 254 312 253 312 253 313 254 314 255 312 253 314 255 315 256 314 255 316 257 315 256 315 256 316 257 317 258 315 256 317 258 318 259 317 258 319 260 318 259 318 259 319 260 320 261 318 259 320 261 321 262 320 261 322 263 321 262 321 262 322 263 323 264 321 262 323 264 324 265 323 264 325 266 324 265 324 265 325 266 326 267 324 265 326 267 327 268 326 267 328 269 327 268 327 268 328 269 329 270 327 268 329 270 330 271 329 270 331 272 330 271 330 271 331 272 332 273 330 271 332 273 333 274 332 273 334 275 333 274 333 274 334 275 335 276 333 274 335 276 244 184 244 184 335 276 336 277 244 184 336 277 245 185 337 278 338 278 339 278 339 100 338 100 340 100 339 100 340 100 341 100 341 100 340 100 342 100 341 279 342 279 343 279 343 100 342 100 344 100 343 280 344 280 345 280 345 100 344 100 346 100 345 100 346 100 347 100 347 100 346 100 348 100 347 100 348 100 349 100 349 100 348 100 350 100 349 100 350 100 351 100 351 281 350 281 352 281 351 100 352 100 353 100 353 282 352 282 354 282 353 100 354 100 355 100 355 283 354 283 356 283 355 100 356 100 357 100 357 284 356 284 358 284 357 100 358 100 359 100 359 285 358 285 360 285 359 286 360 286 361 286 361 287 360 287 362 287 361 100 362 100 363 100 363 100 362 100 364 100 363 100 364 100 365 100 365 288 364 288 366 288 365 100 366 100 367 100 367 100 366 100 368 100 368 100 369 100 367 100 367 100 369 100 370 100 367 289 370 289 371 289 371 100 370 100 372 100 371 100 372 100 373 100 373 290 372 290 374 290 373 291 374 291 375 291 375 292 374 292 376 292 375 293 376 293 377 293 377 100 376 100 378 100 377 294 378 294 379 294 379 100 378 100 380 100 379 100 380 100 381 100 381 295 380 295 382 295 381 296 382 296 383 296 383 297 382 297 384 297 383 100 384 100 385 100 385 298 384 298 386 298 385 100 386 100 387 100 387 299 386 299 388 299 387 100 388 100 389 100 389 300 388 300 390 300 389 100 390 100 391 100 391 100 390 100 392 100 391 100 392 100 393 100 393 301 392 301 394 301 393 100 394 100 395 100 395 100 394 100 396 100 395 302 396 302 397 302 397 100 396 100 398 100 397 303 398 303 399 303 399 304 398 304 400 304 399 100 400 100 401 100 337 100 400 100 402 100 337 100 402 100 338 100 403 305 404 306 405 307 406 308 407 309 408 310 408 310 407 309 409 311 408 310 409 311 410 312 410 312 409 311 411 313 410 312 411 313 412 314 412 314 411 313 413 315 412 314 413 315 414 316 414 316 413 315 415 317 414 316 415 317 416 318 416 318 415 317 417 319 416 318 417 319 418 320 418 320 417 319 403 305 418 320 403 305 419 321 419 321 403 305 405 307 420 322 421 323 406 308 406 308 421 323 422 324 406 308 422 324 407 309 404 306 423 325 405 307 424 326 423 327 425 328 424 326 425 328 426 329 426 329 425 328 427 330 426 329 427 330 428 331 428 331 427 330 429 332 428 331 429 332 430 333 430 333 429 332 431 334 430 333 431 334 432 335 432 335 431 334 433 336 432 335 433 336 434 337 434 337 433 336 435 338 434 337 435 338 436 339 436 339 435 338 437 340 436 339 437 340 438 341 438 341 437 340 439 342 438 341 439 342 440 343 440 343 439 342 441 344 440 343 441 344 442 345 442 345 441 344 443 346 442 345 443 346 444 347 444 347 443 346 445 348 444 347 445 348 446 349 446 349 445 348 447 350 446 349 447 350 448 351 448 351 447 350 449 352 448 351 449 352 450 353 450 353 449 352 451 354 450 353 451 354 452 355 452 355 451 354 453 356 452 355 453 356 454 357 454 357 453 356 455 358 454 357 455 358 456 359 456 359 455 358 457 360 456 359 457 360 458 361 458 361 457 360 459 362 458 361 459 362 460 363 460 363 459 362 461 364 460 363 461 364 462 365 462 365 461 364 463 366 462 365 463 366 464 367 464 367 463 366 465 368 464 367 465 368 466 369 466 369 465 368 467 370 466 369 467 370 468 371 468 371 467 370 469 372 468 371 469 372 470 373 470 373 469 372 421 323 470 373 421 323 471 374 471 374 421 323 420 322 472 375 473 376 474 377 474 377 473 376 475 378 474 377 475 378 476 379 476 379 475 378 477 313 476 379 477 313 478 314 478 314 477 313 479 315 478 314 479 315 480 316 480 316 479 315 481 317 480 316 481 317 482 318 482 318 481 317 483 380 482 318 483 380 484 381 484 381 483 380 485 382 484 381 485 382 486 383 486 383 485 382 487 384 487 384 485 382 488 385 487 384 488 385 489 386 489 386 488 385 490 387 489 386 490 387 491 388 491 388 490 387 492 330 491 388 492 330 493 331 493 331 492 330 494 332 493 331 494 332 495 333 495 333 494 332 496 334 495 333 496 334 497 335 497 335 496 334 498 389 497 335 498 389 499 390 499 390 498 389 500 391 499 390 500 391 501 392 501 392 500 391 502 393 501 392 502 393 503 394 503 394 502 393 504 342 503 394 504 342 505 343 505 343 504 342 506 395 505 343 506 395 507 396 507 396 506 395 508 397 507 396 508 397 509 398 509 398 508 397 510 399 509 398 510 399 511 400 511 400 510 399 512 401 511 400 512 401 513 402 513 402 512 401 514 403 513 402 514 403 515 404 515 404 514 403 516 405 515 404 516 405 517 406 517 406 516 405 518 407 517 406 518 407 519 408 519 408 518 407 520 409 519 408 520 409 521 410 521 410 520 409 522 411 521 410 522 411 523 412 523 412 522 411 524 413 523 412 524 413 525 414 525 414 524 413 526 415 525 414 526 415 527 416 527 416 526 415 528 417 527 416 528 417 529 418 529 418 528 417 530 419 529 418 530 419 531 420 531 420 530 419 532 421 531 420 532 421 533 422 533 422 532 421 534 423 533 422 534 423 535 424 535 424 534 423 536 425 535 424 536 425 537 426 537 426 536 425 538 427 537 426 538 427 472 375 472 375 538 427 539 428 472 375 539 428 473 376 540 429 541 429 542 429 542 430 541 430 543 430 543 431 541 431 544 431 543 432 544 432 545 432 545 433 544 433 546 433 545 432 546 432 547 432 547 434 546 434 548 434 547 432 548 432 549 432 549 432 548 432 550 432 549 432 550 432 551 432 551 435 550 435 552 435 551 432 552 432 553 432 553 436 552 436 554 436 553 432 554 432 555 432 555 432 554 432 556 432 555 437 556 437 557 437 557 438 556 438 558 438 557 439 558 439 559 439 559 432 558 432 560 432 559 440 560 440 561 440 561 432 560 432 562 432 561 441 562 441 563 441 563 432 562 432 564 432 563 442 564 442 565 442 565 432 564 432 566 432 565 443 566 443 567 443 567 432 566 432 568 432 567 444 568 444 569 444 569 432 568 432 570 432 569 445 570 445 571 445 542 446 572 446 540 446 540 432 572 432 573 432 540 432 573 432 574 432 574 432 573 432 575 432 574 447 575 447 576 447 576 432 575 432 577 432 576 432 577 432 578 432 578 432 577 432 579 432 578 448 579 448 580 448 580 432 579 432 581 432 580 449 581 449 582 449 582 432 581 432 583 432 582 432 583 432 584 432 584 432 583 432 585 432 584 432 585 432 586 432 586 432 585 432 587 432 586 432 587 432 588 432 588 450 587 450 589 450 588 432 589 432 590 432 590 451 589 451 591 451 590 432 591 432 592 432 592 452 591 452 593 452 592 432 593 432 594 432 594 453 593 453 595 453 594 432 595 432 596 432 596 454 595 454 597 454 596 455 597 455 598 455 598 456 597 456 599 456 598 432 599 432 600 432 600 432 599 432 601 432 600 432 601 432 602 432 602 457 601 457 603 457 602 432 603 432 570 432 570 432 603 432 604 432 570 432 604 432 571 432 605 458 606 458 607 458 608 459 609 459 610 459 610 460 609 460 611 460 610 432 611 432 612 432 611 432 613 432 612 432 612 461 613 461 614 461 612 462 614 462 615 462 615 463 614 463 616 463 615 432 616 432 606 432 606 464 616 464 617 464 606 465 617 465 607 465 618 466 619 466 620 466 620 467 619 467 621 467 620 432 621 432 608 432 608 432 621 432 622 432 608 468 622 468 609 468 623 469 624 469 625 469 625 461 624 461 626 461 625 432 626 432 627 432 607 432 628 432 605 432 605 432 628 432 629 432 605 458 629 458 630 458 630 465 629 465 631 465 630 432 631 432 623 432 623 432 631 432 632 432 623 463 632 463 624 463 633 432 634 432 618 432 618 432 634 432 635 432 618 432 635 432 619 432 626 432 636 432 627 432 627 460 636 460 637 460 627 470 637 470 638 470 638 468 637 468 639 468 638 432 639 432 633 432 633 471 639 471 640 471 633 467 640 467 634 467 641 137 642 472 643 473 643 473 642 472 644 474 643 473 644 474 645 475 645 475 644 474 646 476 645 475 646 476 647 477 647 477 646 476 648 478 647 477 648 478 649 479 649 479 648 478 650 480 649 479 650 480 651 481 651 481 650 480 652 482 651 481 652 482 653 483 653 483 652 482 654 484 653 483 654 484 655 485 655 485 654 484 656 486 655 485 656 486 657 487 657 487 656 486 658 488 657 487 658 488 659 489 659 489 658 488 660 490 659 489 660 490 661 491 661 491 660 490 662 158 661 491 662 158 663 159 663 159 662 158 664 492 663 159 664 492 665 493 665 493 664 492 666 494 665 493 666 494 667 495 667 495 666 494 668 496 667 495 668 496 669 497 669 497 668 496 670 498 669 497 670 498 671 499 671 499 670 498 672 500 671 499 672 500 673 501 673 501 672 500 674 502 673 501 674 502 675 503 675 503 674 502 676 504 675 503 676 504 677 505 677 505 676 504 678 506 677 505 678 506 679 507 679 507 678 506 680 508 679 507 680 508 681 509 681 509 680 508 682 510 681 509 682 510 683 511 683 511 682 510 684 182 683 511 684 182 641 137 641 137 684 182 642 472 685 432 686 432 687 432 688 512 689 512 690 512 690 513 689 513 691 513 690 514 691 514 687 514 687 515 691 515 692 515 687 432 692 432 685 432 693 432 694 432 695 432 695 516 694 516 696 516 695 517 696 517 688 517 688 432 696 432 697 432 688 432 697 432 689 432 698 432 699 432 700 432 700 518 699 518 701 518 700 432 701 432 702 432 702 519 701 519 703 519 702 432 703 432 693 432 693 520 703 520 704 520 693 521 704 521 694 521 705 522 706 522 707 522 707 523 706 523 708 523 707 432 708 432 709 432 709 432 708 432 710 432 709 432 710 432 711 432 712 432 713 432 714 432 714 521 713 521 715 521 714 432 715 432 716 432 716 524 715 524 717 524 716 432 717 432 718 432 710 525 719 525 711 525 711 523 719 523 720 523 711 526 720 526 721 526 721 527 720 527 722 527 721 528 722 528 698 528 698 432 722 432 723 432 698 529 723 529 699 529 717 432 724 432 718 432 718 518 724 518 725 518 718 432 725 432 726 432 726 529 725 529 727 529 726 432 727 432 705 432 705 530 727 530 728 530 705 527 728 527 706 527 729 512 730 512 731 512 731 432 730 432 732 432 731 531 732 531 712 531 712 532 732 532 733 532 712 516 733 516 713 516 685 432 734 432 686 432 686 432 734 432 735 432 686 533 735 533 736 533 736 432 735 432 737 432 736 534 737 534 729 534 729 432 737 432 738 432 729 513 738 513 730 513 739 535 740 536 741 537 741 537 740 536 742 538 740 536 743 539 742 538 742 538 743 539 744 540 742 538 744 540 745 541 745 541 744 540 746 542 745 541 746 542 747 543 747 543 746 542 748 544 747 543 748 544 749 545 749 545 748 544 750 546 749 545 750 546 751 547 751 547 750 546 752 548 751 547 752 548 753 549 753 549 752 548 754 550 753 549 754 550 755 551 755 551 754 550 756 552 755 551 756 552 757 553 757 553 756 552 758 554 757 553 758 554 759 555 759 555 758 554 760 556 759 555 760 556 761 557 761 557 760 556 762 558 761 557 762 558 763 559 763 559 762 558 764 560 763 559 764 560 765 561 765 561 764 560 766 562 765 561 766 562 767 563 767 563 766 562 768 564 767 563 768 564 769 565 769 565 768 564 770 566 769 565 770 566 771 567 771 567 770 566 772 568 771 567 772 568 773 569 773 569 772 568 774 570 773 569 774 570 775 571 775 571 774 570 776 572 775 571 776 572 777 573 777 573 776 572 778 574 777 573 778 574 779 575 779 575 778 574 780 576 779 575 780 576 781 577 781 577 780 576 782 578 781 577 782 578 783 579 783 579 782 578 784 580 783 579 784 580 785 581 785 581 784 580 786 582 785 581 786 582 787 583 787 583 786 582 788 584 787 583 788 584 789 585 789 585 788 584 790 586 789 585 790 586 791 587 791 587 790 586 792 588 791 587 792 588 793 589 793 589 792 588 794 590 793 589 794 590 795 591 795 591 794 590 796 592 795 591 796 592 797 593 797 593 796 592 798 594 797 593 798 594 799 595 799 595 798 594 800 596 799 595 800 596 801 597 801 597 800 596 739 535 801 597 739 535 802 598 802 598 739 535 741 537 803 599 804 600 805 601 805 601 804 600 806 602 805 601 806 602 807 603 807 603 806 602 808 604 807 603 808 604 809 605 809 605 808 604 810 606 809 605 810 606 811 607 811 607 810 606 812 608 811 607 812 608 813 609 813 609 812 608 814 610 813 609 814 610 815 611 815 611 814 610 816 612 815 611 816 612 817 613 817 613 816 612 818 614 817 613 818 614 819 615 819 615 818 614 820 616 819 615 820 616 821 617 821 617 820 616 822 618 821 617 822 618 823 619 823 619 822 618 824 620 823 619 824 620 825 621 825 621 824 620 826 622 825 621 826 622 827 623 827 623 826 622 828 624 827 623 828 624 829 625 829 625 828 624 830 626 829 625 830 626 831 627 831 627 830 626 832 628 831 627 832 628 833 629 833 629 832 628 834 630 833 629 834 630 835 631 835 631 834 630 836 632 835 631 836 632 837 633 837 633 836 632 838 634 837 633 838 634 839 635 839 635 838 634 840 636 839 635 840 636 841 637 841 637 840 636 842 638 841 637 842 638 843 639 843 639 842 638 844 640 843 639 844 640 845 641 845 641 844 640 846 642 845 641 846 642 847 643 847 643 846 642 848 644 847 643 848 644 849 645 849 645 848 644 850 646 849 645 850 646 851 647 851 647 850 646 852 648 851 647 852 648 853 649 853 649 852 648 854 650 853 649 854 650 855 651 855 651 854 650 856 652 855 651 856 652 857 653 857 653 856 652 858 654 857 653 858 654 859 655 859 655 858 654 860 656 859 655 860 656 861 657 861 657 860 656 862 658 861 657 862 658 863 659 863 659 862 658 864 660 863 659 864 660 865 661 865 661 864 660 803 599 865 661 803 599 805 601 866 432 867 432 868 432 866 432 868 432 869 432 870 432 871 432 868 432 868 432 871 432 872 432 868 662 872 662 869 662 873 432 874 432 868 432 868 663 874 663 875 663 868 432 875 432 870 432 876 432 877 432 868 432 868 663 877 663 878 663 868 432 878 432 873 432 867 432 879 432 868 432 868 432 879 432 880 432 868 432 880 432 876 432 881 664 882 664 883 664 881 665 884 665 882 665 885 666 886 666 887 666 885 667 887 667 888 667 889 668 890 668 891 668 889 669 891 669 892 669 893 670 894 670 895 670 893 670 895 670 896 670 897 671 898 671 899 671 897 672 899 672 900 672 901 673 902 673 903 673 901 674 903 674 904 674 905 675 906 675 907 675 905 676 907 676 908 676 909 677 910 677 911 677 909 678 911 678 912 678 913 679 914 679 915 679 913 680 915 680 916 680 917 681 918 681 919 681 917 682 919 682 920 682 921 683 922 683 923 683 921 683 923 683 924 683 925 684 926 684 927 684 925 685 927 685 928 685 929 686 930 686 931 686 929 687 931 687 932 687 933 688 934 688 935 688 933 689 935 689 936 689 937 690 938 690 939 690 937 691 940 691 938 691 941 666 942 666 943 666 941 667 943 667 944 667 945 668 946 668 947 668 945 669 947 669 948 669 949 670 950 670 951 670 949 670 951 670 952 670 953 671 954 671 955 671 953 672 955 672 956 672 957 673 958 673 959 673 957 674 959 674 960 674 961 692 962 692 963 692 961 693 963 693 964 693 965 694 966 694 967 694 965 695 967 695 968 695 969 679 970 679 971 679 969 680 971 680 972 680 973 681 974 681 975 681 973 682 975 682 976 682 977 683 978 683 979 683 977 683 979 683 980 683 981 684 982 684 983 684 981 685 983 685 984 685 985 686 986 686 987 686 985 687 987 687 988 687 989 696 990 696 991 696 989 697 991 697 992 697 993 100 994 100 995 100 995 100 994 100 996 100 995 100 996 100 997 100 998 100 999 100 1000 100 1000 100 999 100 1001 100 1000 100 1001 100 1002 100 1001 698 1003 698 1002 698 1002 100 1003 100 1004 100 1002 100 1004 100 1005 100 1005 100 1004 100 1006 100 1005 100 1006 100 1007 100 1007 100 1006 100 1008 100 1007 100 1008 100 993 100 993 100 1008 100 1009 100 993 100 1009 100 994 100 996 699 1010 699 997 699 997 100 1010 100 1011 100 997 100 1011 100 1012 100 1012 100 1011 100 1013 100 1012 100 1013 100 1014 100 1014 100 1013 100 1015 100 1014 100 1015 100 998 100 998 100 1015 100 1016 100 998 100 1016 100 999 100 1017 700 1018 700 1019 700 1019 701 1018 701 1020 701 1019 702 1020 702 1021 702 1021 703 1020 703 1022 703 1023 704 1024 704 1025 704 1025 705 1024 705 1026 705 1025 706 1022 706 1027 706 1027 707 1022 707 1020 707 1028 708 1029 708 1030 708 1028 709 1030 709 1031 709 1032 710 1033 710 1034 710 1032 710 1034 710 1035 710 1036 711 1037 711 1038 711 1036 711 1038 711 1039 711 1040 712 1041 712 1042 712 1040 713 1042 713 1043 713 1044 98 1045 98 1046 98 1046 98 1045 98 1047 98 1048 714 1049 714 1050 714 1050 714 1049 714 1051 714</p>
        </triangles>
      </mesh>
    </geometry>
  </library_geometries>
  <library_visual_scenes>
    <visual_scene id="Scene" name="Scene">
      <node id="Mesh_001" name="Mesh.001" type="NODE">
        <matrix sid="transform">1.0 0.0 0.0 0.0 0.0 1.0 0.0 0.0 0.0 0.0 1.0 0.0 0.0 0.0 0.0 1.0</matrix>
        <instance_geometry url="#mesh-be766562-2921-44dc-980a-85dcb51ea853-mesh" name="Mesh.001">
          <bind_material>
            <technique_common>
              <instance_material symbol="Material-塑胶_235-material" target="#Material-塑胶_235-material" />
            </technique_common>
          </bind_material>
        </instance_geometry>
      </node>
      <node id="Mesh" name="Mesh" type="NODE">
        <matrix sid="transform">1.0 0.0 0.0 0.0 0.0 1.0 0.0 0.0 0.0 0.0 1.0 0.0 0.0 0.0 0.0 1.0</matrix>
        <instance_geometry url="#mesh-cf2dcf2e-1744-451f-b5f7-3d1f6036680a-mesh" name="Mesh">
          <bind_material>
            <technique_common>
              <instance_material symbol="Material-塑胶__1__029-material" target="#Material-塑胶__1__029-material" />
            </technique_common>
          </bind_material>
        </instance_geometry>
      </node>
    </visual_scene>
  </library_visual_scenes>
  <scene>
    <instance_visual_scene url="#Scene" />
  </scene>
</COLLADA>